profile,coordinate_source,match_id,team_id,match_period,start_event_id,start_type,start_ts,end_ts,duration_s,in_play_duration_s,start_x,max_x,end_x,progression_x,directness,pass_count,action_count,start_zone,success_primary_shot,success_primary_shot_box,goal_count,success_secondary_box_entry,success_secondary_final_third_entry,start_goal_distance_m,min_goal_distance_m,progression_goal_m,avg_progress_speed_mps,required_speed_mps,speed_ratio,progress_fraction,time_fraction,scaled_ratio_to_max,scaled_distance_factor,scaled_max_duration_s,scaled_max_passes,required_min_duration_s,tracking_start_x_m_raw,tracking_start_y_m_raw,tracking_attacking_left,tracking_start_dt_s
balanced_v2_scaled_tracking_coords,tracking,5544194,3148,1H,2218717200,duel,1713.021,1721.324,8.303000000000111,8.303000000000111,36.76698690101239,69.93787511665286,69.93787511665286,33.170888215640474,0.9675547202925913,1,4,middle_third,0,0,0,0,0,75.2948248690204,39.58987226053477,35.704952608485634,4.300247212873077,3.4722222222222223,1.2384711973074463,0.47420194775134167,0.34092701685078214,0.6814633909757564,1.4325991797818074,24.354186056290725,8,3.4747573299855374,15.733013098987612,-31.836560358962103,1,0.00567999999998392
balanced_v2_scaled_tracking_coords,tracking,5544194,8664,1H,2218717234,interception,2084.571,2104.198,19.626999999999953,19.626999999999953,18.44374743753078,94.00110136886791,94.00110136886791,75.55735393133713,0.8753099354005197,6,8,defensive_third,0,0,0,1,1,86.58407336193176,13.368705026110137,73.21536833582162,3.730339243685831,3.4722222222222223,1.0743377021815192,0.8455985667222267,0.7000455368307541,0.7845064919554425,1.6492204449891763,28.036747564815997,9,3.7365178937495602,-34.05625256246922,-2.1947442416876157,0,0.004320000000006985
balanced_v2_scaled_tracking_coords,tracking,5544194,3148,1H,2218717485,duel,2803.775,2808.221,4.445999999999913,3.4856799999997747,57.202145258007505,87.65686408422509,77.26460264514384,30.454718826217587,0.9195964903191001,3,3,middle_third,0,0,0,0,1,59.00847604346808,30.021789838292438,28.98668620517564,6.519722493291995,3.3851454581850464,1.9259800129202007,0.491229195341748,0.23268342174321682,0.5346541314011597,1.1239709722565348,19.107506528361093,6,3.1828264963141786,-4.702145258007505,34.602967026483896,1,0.00032000000010157237
balanced_v2_scaled_tracking_coords,tracking,5544194,3148,2H,2218718127,interception,4829.251,4837.488,8.23700000000008,6.324319999999716,73.14346781440312,109.6879252238355,109.6879252238355,36.54445740943238,0.8385995952571128,3,4,attacking_third,0,0,0,1,1,43.066934660322126,7.075193968526707,35.99174069179542,4.369520540463163,3.089935781214757,1.4141137065137834,0.8357163326266374,0.5906571786053613,0.39021367923420336,0.8203225649585166,13.945483604294783,5,2.955093316937098,20.643467814403124,-28.98141159682332,0,0.004320000000006985
balanced_v2_scaled_tracking_coords,tracking,5544194,3148,2H,2218718141,interception,4917.148,4926.32,9.17199999999957,9.17199999999957,28.952240259220954,87.28157088934685,87.28157088934685,58.329330630125895,1.0000000000000004,3,5,defensive_third,0,0,0,0,1,76.08455904911837,23.44732293834934,52.637236110769024,5.738904940119002,3.4722222222222223,1.6528046227542725,0.6918254737704096,0.3713845746324486,0.6910494012577543,1.4527512681393442,24.69677155836885,8,3.586396567725415,-23.547759740779046,-2.3660862426224654,0,0.012680000000727887
balanced_v2_scaled_tracking_coords,tracking,5544194,3148,2H,2218718172,duel,5108.694,5115.46,6.765999999999622,3.3213200000000143,68.22438494211848,106.80830857630988,106.80830857630988,38.58392363419141,0.9726776454866253,0,4,middle_third,1,0,0,1,1,40.24835752254325,3.0780787154677274,37.170278807075526,5.493685901134733,3.1810299084792875,1.727014853425577,0.9235228738528353,0.5191516197473516,0.36467558687140045,0.7666353813817762,13.032801483490196,4,3.0253659293983075,15.724384942118476,16.35495094388797,0,0.0013199999993958045
balanced_v2_scaled_tracking_coords,tracking,5544195,6697,2H,2219332147,interception,2964.293,2976.83,12.536999999999807,12.536999999999807,21.634889089629343,76.74648019359226,76.74648019359226,55.11159110396292,0.7611405686290846,4,5,defensive_third,0,0,0,0,1,83.86038552107982,28.25467928286025,55.60570623821957,4.435327928389601,3.4722222222222223,1.277374443376205,0.663074774730699,0.4615236966349983,0.7600961482826375,1.5979040591246616,27.164369005119248,8,3.690930155862438,30.865110910370657,-9.1006891302655,1,0.012999999999919964
balanced_v2_scaled_tracking_coords,tracking,5544195,10451,2H,2219332781,interception,4566.285,4575.214,8.929000000000087,8.929000000000087,46.27864540035103,91.08350224922363,86.83371503572467,44.804856848872596,0.8853176578057247,2,4,middle_third,0,0,0,1,1,59.007825680014946,14.610610872308506,44.39721480770644,4.972249390492329,3.4722222222222223,1.4320078244617906,0.7523953695305046,0.4673084056800948,0.5346482386967476,1.123958584381237,19.10729593448103,6,3.3388764942806994,-6.2213545996489685,5.80740953139324,0,0.03499999999985448
balanced_v2_scaled_tracking_coords,tracking,5544195,6697,2H,2219332692,interception,4685.294,4693.226,7.931999999999789,7.931999999999789,26.429122600998344,59.56788470908559,59.56788470908559,33.13876210808725,0.7885388434203537,3,3,defensive_third,0,0,0,0,0,79.09725701647257,45.67533295952533,33.42192405694724,4.213555730830576,3.4722222222222223,1.2135040504792058,0.42254213758622355,0.309693196413108,0.7166711984767088,1.5066144193613822,25.6124451291435,8,3.6224411057000236,26.070877399001656,9.110065437798518,1,0.02599999999983993
balanced_v2_scaled_tracking_coords,tracking,5544195,10451,2H,2219332899,duel,4862.454,4868.358,5.904000000000451,5.904000000000451,85.76706080760212,98.53617774987154,98.53617774987154,12.76911694226942,0.8751570995226587,1,2,attacking_third,0,0,0,1,1,28.509231381229018,6.509186280354739,22.000045100874278,3.726294901909315,3.088235294117647,1.2066097777611116,0.771681453164658,0.6416847754017652,0.257450372118717,0.5412223118892623,9.200779302117459,3,2.7747562741771126,33.26706080760212,-21.044484407321058,0,0.013999999999214197
balanced_v2_scaled_tracking_coords,tracking,5544196,1598,1H,2219389934,duel,846.67,853.146,6.475999999999999,6.475999999999999,51.78813063018617,98.19694803649364,98.19694803649364,46.40881740630747,1.0000000000000002,1,4,middle_third,1,1,0,1,1,55.035230085056504,10.409069787364439,44.62616029769207,6.89100684028599,3.4722222222222223,1.9846099700023652,0.8108653353265298,0.36339289821804954,0.4986540088904063,1.0482900968582192,17.820931646589727,6,3.260169562425912,-0.711869369813833,-14.048968242720772,0,0.009999999999990905
balanced_v2_scaled_tracking_coords,tracking,5544196,1598,2H,2219390869,interception,3460.468,3468.608,8.140000000000327,8.140000000000327,61.205315089293606,84.0343997245222,82.8879276762714,22.829084635228597,0.8279696332643158,2,3,middle_third,0,0,0,0,1,53.869967409622745,23.90336366871207,29.966603740910674,3.681400950971679,3.3110126835316,1.1118655537873128,0.5562766265115239,0.46664656584938335,0.4880959917145468,1.0260946173261476,17.44360849454451,6,3.1256383558672343,8.705315089293606,-31.368757742151075,0,0.012000000000170985
balanced_v2_scaled_tracking_coords,tracking,5544196,9598,2H,2219391444,duel,4259.663,4265.912,6.249000000000706,6.249000000000706,75.41898351162453,92.13506857283343,92.13506857283343,16.7160850612089,0.9055525750469096,1,2,attacking_third,0,0,0,1,1,42.30122330650045,18.486012619390692,23.815210687109754,3.8110434768934334,3.088235294117647,1.2340521734702545,0.5629910632738147,0.4562133395791834,0.38327584985389596,0.8057375867904847,13.69753897543824,5,2.9225859498339353,-22.918983511624532,30.238335879159678,1,0.01700000000073487
balanced_v2_scaled_tracking_coords,tracking,5544196,9598,2H,2219391598,interception,4627.792,4631.226,3.433999999999287,3.433999999999287,92.00496149252109,100.17457932718757,100.10137828444056,8.169617834666482,0.9556420731468563,1,2,attacking_third,0,0,0,1,1,16.853914133964086,5.659894391933498,11.194019742030587,3.259761136293801,3.0882352941176467,1.055541701276088,0.6641792317828621,0.6292306888301128,0.1527071266061237,0.32102693588503023,5.457457910045514,2,2.6856434072496986,-39.50496149252109,10.732352762753123,1,0.007999999999810825
balanced_v2_scaled_tracking_coords,tracking,5544196,1598,2H,2219391398,duel,4994.716,5005.359,10.643000000000029,10.643000000000029,46.842986692583054,92.87334439491353,88.3985941907275,46.03035770233048,0.8605809123536081,1,3,middle_third,0,0,0,1,1,58.25744473307511,18.527889626686093,39.729555106389014,3.7329282257247867,3.4722222222222223,1.0750833290087385,0.6819652885296038,0.5641869187000861,0.5278493125033215,1.1096656139633354,18.864315437376703,6,3.330814475820242,-5.657013307416946,-3.4193084078843583,0,0.0039999999999054126
balanced_v2_scaled_tracking_coords,tracking,5544196,1598,2H,2219391449,duel,5259.818,5274.83,15.011999999999716,14.42199999999957,34.44987293544115,109.5051988065861,109.5051988065861,75.05532587114494,0.7618045511304193,4,8,defensive_third,1,1,0,1,1,71.20173341328169,14.142377910846085,57.0593555024356,3.8009163004554143,3.4722222222222223,1.0946638945311593,0.8013759323981848,0.6499472629546972,0.6462928435450278,1.3586622697893358,23.097258586418707,7,3.5078589580651265,-18.05012706455885,-9.610744624150328,0,0.018000000000029104
balanced_v2_scaled_tracking_coords,tracking,5544197,8731,1H,2219456923,duel,430.295,441.682,11.387,10.103853999999956,58.65901374052024,105.30050878023587,105.30050878023587,46.641495039715636,0.9112547783941801,2,6,middle_third,1,0,0,1,1,48.44703653088177,4.523833505008766,43.923203025873,3.857311234378941,3.3639268508781583,1.1466691772361173,0.9066231119807479,0.7216846845453683,0.44150003485458916,0.9281387616445346,15.778358947957088,5,3.1620140894211395,6.159013740520237,-14.128989387896794,0,0.016145999999992
balanced_v2_scaled_tracking_coords,tracking,5544197,3757,1H,2219457103,duel,1069.159,1076.87,7.710999999999785,6.6798539999999775,69.60772314142693,108.52528727965006,107.89109903107504,38.91756413822313,0.9943231700914206,1,2,middle_third,0,0,0,1,1,48.885175111525896,9.22414690548124,39.661028206044655,5.143435119445695,3.154767372593623,1.6303690611638133,0.8113099342604908,0.48741283638532223,0.44267260988048873,0.9306037950455673,15.820264515774644,5,3.0056039551224725,-17.10772314142693,-33.721611534009824,1,0.00014600000008613279
balanced_v2_scaled_tracking_coords,tracking,5544197,8731,2H,2219458017,interception,3892.511,3898.548,6.036999999999807,6.036999999999807,23.410705148036726,54.44809638016345,54.44809638016345,31.037391232126723,0.4596896725127801,3,3,defensive_third,0,0,0,0,0,82.5801786385428,50.57559257820607,32.004586060336734,5.301405675060089,3.4722222222222223,1.5268048344173055,0.387557723753811,0.22576454517241795,0.7482286722405548,1.5729557835912915,26.740248321051954,8,3.665561355028047,29.089294851963274,-12.754327482585708,1,0.0019440000000940927
balanced_v2_scaled_tracking_coords,tracking,5544197,8731,2H,2219458129,duel,4302.79,4312.342,9.55199999999968,9.55199999999968,34.72043262747974,87.32255389655342,87.32255389655342,52.60212126907368,0.8164416334829869,3,3,defensive_third,0,0,0,0,1,77.51399155372873,23.560844235348792,53.95314731837993,5.648361318926062,3.4722222222222223,1.626728059850706,0.6960439816982251,0.38056127594672634,0.7023258115506475,1.4764569819757853,25.099768693588352,8,3.503993819607432,17.779567372520262,32.69864364959065,1,0.002943999999843072
balanced_v2_scaled_tracking_coords,tracking,5544198,12046,1H,2220250128,duel,287.977,297.64,9.663000000000011,9.663000000000011,25.649012995219348,91.600527011768,91.600527011768,65.95151401654864,1.0,4,5,defensive_third,0,0,0,0,1,82.24363102108109,31.84474919282335,50.398881828257736,5.2156557827028545,3.4722222222222223,1.502108865418422,0.6127998144359561,0.36250352694468974,0.745879470102382,1.5680171983336606,26.65629237167223,8,3.6335855286397236,-26.850987004780652,21.62026144381383,0,0.016999999999995907
balanced_v2_scaled_tracking_coords,tracking,5544198,7712,1H,2220250711,interception,877.548,886.301,8.753000000000043,8.753000000000043,20.97170934767459,54.05866458680754,54.05866458680754,33.08695523913295,0.5173652584621569,8,9,defensive_third,0,0,0,0,0,85.29365876497509,54.30852360975399,30.9851351552211,3.5399446081595967,3.4722222222222223,1.019504047149964,0.3632759527950372,0.31692067054945017,0.7728145191789381,1.624641119332859,27.618899028658603,9,3.7004041521760773,31.52829065232541,14.637438148949862,1,0.011999999999943611
balanced_v2_scaled_tracking_coords,tracking,5544198,12046,1H,2220250221,interception,935.643,939.502,3.8589999999999236,3.8589999999999236,43.20271704531363,62.30511457998752,62.30511457998752,19.102397534673884,1.0,3,4,middle_third,0,0,0,0,0,68.25988335853691,44.70600859132306,23.55387476721385,6.10362134418614,3.4722222222222223,1.7578429471256083,0.34506174942457013,0.17416598986287574,0.6199837927691804,1.3033543470726805,22.15702390023557,7,3.382818327924091,-9.297282954686366,-28.99150730023355,0,0.0030000000000427463
balanced_v2_scaled_tracking_coords,tracking,5544198,12046,1H,2220250425,interception,1853.486,1865.123,11.636999999999944,11.636999999999944,30.686015090828327,101.00754668394578,99.86683737824444,70.32153159311744,0.9446589137385732,2,4,defensive_third,0,0,0,1,1,74.36593045429461,20.32013269243062,54.045797761863994,4.644306759634292,3.4722222222222223,1.337560346774676,0.7267548113995642,0.4820696254862916,0.6754608414181693,1.4199803836928702,24.139666522778793,8,3.5616283558453095,-21.813984909171673,2.779075251299865,0,0.0060000000000854925
balanced_v2_scaled_tracking_coords,tracking,5544198,12046,2H,2220250827,interception,3830.607,3835.013,4.405999999999949,4.405999999999949,46.10506486125947,73.74950060505086,71.32024908794779,27.644435743791384,0.8894752063145928,1,2,middle_third,0,0,0,0,1,60.96807989994864,32.32520842916221,28.64287147078643,6.500878681522188,3.4722222222222223,1.8722530602783902,0.46980110769095357,0.22288808098063914,0.5531291649404513,1.1628099153976084,19.767768561759343,6,3.3413562162677217,-6.394935138740529,-15.763672848992655,0,0.006999999999607098
balanced_v2_scaled_tracking_coords,tracking,5544198,12046,2H,2220250899,duel,4144.695,4148.429,3.7340000000003783,3.7340000000003783,42.36722110809217,62.44687319372534,62.44687319372534,20.07965208563317,0.9652877955944535,1,2,middle_third,0,0,0,0,0,62.81255316360953,43.204131063953064,19.608422099656465,5.2513181841602785,3.4722222222222223,1.5123796370381601,0.3121736199543089,0.18370462935568121,0.5687522442787615,1.195653368093845,20.326107257595364,6,3.3947539841701118,-10.132778891907833,4.748878099999871,0,0.014999999999417923
balanced_v2_scaled_tracking_coords,tracking,5544198,7712,2H,2220251632,duel,4185.098,4200.077,14.97900000000027,14.97900000000027,14.092322551573872,99.03458223991501,99.03458223991501,84.94225968834114,0.9156488089241156,4,8,defensive_third,0,0,0,1,1,91.0211061121849,15.102613651461164,75.91849246072373,5.068328490601666,3.4722222222222223,1.4596786052932798,0.8340756963242463,0.5086505432067612,0.8240094997492146,1.7322652237897525,29.448508804425792,9,3.7986811064060877,38.40767744842613,4.542679695789744,1,0.018000000000029104
balanced_v2_scaled_tracking_coords,tracking,5544199,17322,1H,2220315340,duel,1321.544,1327.329,5.7849999999998545,5.7849999999998545,54.53967835441006,84.24234503131446,84.24234503131446,29.7026666769044,0.9901614323277492,3,5,middle_third,0,0,0,0,1,56.978526305174896,20.783249510076928,36.19527679509797,6.256746204857196,3.43225972877128,1.822923292316534,0.6352441725368149,0.31385897455289125,0.5157482015604582,1.0842261819398897,18.431845092978126,6,3.220861737794142,2.039678354410057,26.463340668424962,0,0.0064020000002074084
balanced_v2_scaled_tracking_coords,tracking,5544199,2413,2H,2220316011,interception,2891.711,2906.017,14.30600000000004,14.30600000000004,18.205892201132265,77.3988387643126,73.43101705515927,59.192946563180335,0.7028259415944598,2,4,defensive_third,0,0,0,0,1,86.8918715898702,27.61957970965125,59.27229188021896,4.143177120104767,3.4722222222222223,1.1932350105901728,0.6821385107226633,0.5080222267350597,0.7879604461091139,1.6564814834441821,28.160185218551096,9,3.7399158256981107,-34.294107798867735,-4.120703797777566,0,0.006635999999616615
balanced_v2_scaled_tracking_coords,tracking,5544199,17322,2H,2220316406,duel,3880.942,3885.707,4.764999999999873,4.764999999999873,78.78671114663531,100.67225715115242,100.30963126125468,21.88554600451711,0.9564653369540698,1,4,attacking_third,0,0,0,1,1,29.22513881174305,5.141522337130762,24.08361647461229,5.054274181450773,3.0882352941176476,1.6366221158983452,0.8240719275877373,0.5035199754314712,0.26479825025409115,0.5566693106998676,9.463378281897748,3,2.874475555048067,-26.286711146635316,-12.921773332469385,1,0.0023639999999431893
balanced_v2_scaled_tracking_coords,tracking,5544200,664,1H,2220208287,duel,614.373,624.831,10.45799999999997,10.45799999999997,20.215120760017058,62.630906362540856,57.82566671658635,42.4157856025238,0.782580226256341,0,2,defensive_third,0,0,0,0,0,84.8322923245483,47.66952866739947,37.16276365714884,3.553524924187124,3.4722222222222223,1.0234151781658918,0.43807331664424304,0.37813458154843543,0.7738755954861359,1.6268717557360866,27.65681984751347,9,3.7112125605711848,32.28487923998294,2.8358549502977866,1,0.013000000000033651
balanced_v2_scaled_tracking_coords,tracking,5544200,13869,1H,2220208803,duel,1220.263,1229.813,9.550000000000182,9.550000000000182,17.462051332743194,54.51388133699447,54.195803613061834,37.05183000425128,0.9689453048165122,1,5,defensive_third,0,0,0,0,0,92.28199218272854,58.2559163792088,34.026075803519745,3.5629398747140417,3.4722222222222223,1.026126683917644,0.3687184790738409,0.31959265682545507,0.836133241910539,1.7577522320519723,29.881787944883527,9,3.7505421238179544,-35.037948667256806,-29.207424130550805,0,0.01700000000005275
balanced_v2_scaled_tracking_coords,tracking,5544200,664,1H,2220208484,duel,1358.96,1368.364,9.403999999999996,9.403999999999996,42.68846003275428,103.79127748874649,103.79127748874649,61.10281745599221,0.7262799793163704,3,4,middle_third,1,0,0,1,1,63.24824124185495,2.8696370923015926,60.378604149553354,6.420523622878921,3.4722222222222223,1.8491108033891293,0.9546289819929001,0.4591711031905146,0.5730690868699058,1.204728404606761,20.480382878314938,7,3.390164856674939,9.811539967245722,-10.844906965862833,1,0.0
balanced_v2_scaled_tracking_coords,tracking,5544200,13869,1H,2220208926,interception,1508.154,1517.413,9.259000000000015,9.259000000000015,32.06331265860948,92.07569416742231,92.07569416742231,60.01238150881283,0.9999999999999997,1,2,defensive_third,0,0,0,1,1,76.97396418279021,16.659844574307996,60.314119608482216,6.514107312720825,3.4722222222222223,1.8760629060635976,0.7835651995946858,0.37147587358672585,0.697432821859992,1.4661707463388611,24.92490268776064,8,3.541952676305579,-20.436687341390517,24.60143901640133,0,0.0060000000000854925
balanced_v2_scaled_tracking_coords,tracking,5544200,664,1H,2220208679,duel,1900.05,1910.216,10.16599999999994,10.16599999999994,22.903152306089112,85.52282599326,85.3783721921514,62.61967368717089,0.9936432260074486,0,4,defensive_third,0,0,0,0,1,83.48602862838659,19.533779959733344,63.95224866865325,6.290797626269292,3.4722222222222223,1.811749716365556,0.7660233660570657,0.37450061301529186,0.7595676902628232,1.5967931138622156,27.145482935657665,8,3.6728121099130124,29.596847693910888,15.166561075688264,1,0.009999999999990905
balanced_v2_scaled_tracking_coords,tracking,5544200,13869,1H,2220209252,interception,2082.491,2092.028,9.536999999999807,9.536999999999807,68.19603920623719,97.00495944512213,97.00495944512213,28.808920238884937,0.6935544906898163,4,5,middle_third,0,0,0,1,1,45.847440509833774,9.996327021396219,35.851113488437555,3.759160479022573,3.181807110764421,1.1814545471046625,0.7819654290351908,0.642908867344883,0.4150794926624423,0.872596457281472,14.834139773785022,5,3.0257708684823257,15.696039206237188,-27.33964650821069,0,0.010999999999967258
balanced_v2_scaled_tracking_coords,tracking,5544200,664,1H,2220208915,duel,2619.913,2624.022,4.108999999999924,4.108999999999924,58.06382806875814,71.27220941311823,62.357715843000975,13.208381344360092,0.5230115714338615,2,4,middle_third,0,0,0,0,1,50.913730142374575,35.50667189364296,15.407058248731616,3.74958828151178,3.3691883690970714,1.112905504454372,0.302611067891657,0.24923647880530925,0.46131061147235924,0.96978533604523,16.48635071276891,5,3.170516741874884,-5.563828068758141,-19.728245777347894,1,0.007000000000061846
balanced_v2_scaled_tracking_coords,tracking,5544200,664,2H,2220209096,duel,3075.62,3083.527,7.907000000000153,7.907000000000153,68.5119112260675,101.08399510383043,101.08399510383043,32.572083877762935,0.9954806243637389,2,4,middle_third,0,0,0,1,1,42.590692029483556,3.9339548409764302,38.65673718850712,4.888925912293711,3.173698607451146,1.540450596290268,0.9076334604224524,0.5728720725825472,0.386209540794753,0.8119049074290701,13.802383426294192,5,3.021258411056179,-16.011911226067497,21.96784980775167,1,0.01999999999998181
balanced_v2_scaled_tracking_coords,tracking,5544200,664,2H,2220209123,interception,3218.368,3227.911,9.54300000000012,6.592000000000098,49.02289304763994,107.57613965542627,107.57613965542627,58.553246607786335,0.9956719887518852,3,5,middle_third,1,1,0,1,1,56.21151274442684,4.960454185447515,51.251058558979324,5.370539511576934,3.4722222222222223,1.5467153793341568,0.9117537681648796,0.5175871188444113,0.5159057576185793,1.0845574024905795,18.43747584233985,6,3.2996729564622864,3.47710695236006,5.128124633908932,1,0.007999999999810825
balanced_v2_scaled_tracking_coords,tracking,5544200,13869,2H,2220209763,duel,3521.49,3531.105,9.615000000000236,9.615000000000236,44.341916323598184,88.30221969462886,80.77142685288395,43.960303371030676,0.8153988362857144,2,3,middle_third,0,0,0,0,1,61.38157791564278,22.134825683915956,39.24675223172682,4.081825505119694,3.4722222222222223,1.175565745474472,0.6393897577162967,0.4826721929205337,0.5573986589058939,1.1717854137647599,19.920352034000917,6,3.366544052520026,-8.158083676401816,9.396541497847014,0,0.009999999999763531
balanced_v2_scaled_tracking_coords,tracking,5544200,664,2H,2220209215,interception,3532.076,3538.688,6.61200000000008,6.61200000000008,23.353691670042544,80.55067170125957,80.55067170125957,57.19698003121703,0.9971173799573293,3,3,defensive_third,0,0,0,0,1,82.5275168177003,28.746175951867354,53.781340865832945,8.133899102515471,3.4722222222222223,2.3425629415244558,0.6516776820588651,0.24742549578720177,0.7477515228212102,1.5719527012895296,26.723195921922002,8,3.6663758332851066,29.146308329957456,12.02794114490613,1,0.0039999999999054126
balanced_v2_scaled_tracking_coords,tracking,5544200,664,2H,2220209225,interception,3592.597,3598.228,5.630999999999858,5.630999999999858,12.91696437335871,56.385008899616416,56.385008899616416,43.46804452625771,1.0,0,2,defensive_third,0,0,0,0,0,94.63057593225824,51.98083574810477,42.64974018415347,7.574096995942914,3.4722222222222223,2.181339934831559,0.45069724836805913,0.18376568851937078,0.8574128967808442,1.8024871606144426,30.642281730445525,10,3.815471937523447,39.58303562664129,-21.809641240827446,1,0.0029999999997016857
balanced_v2_scaled_tracking_coords,tracking,5544200,13869,2H,2220210011,interception,3726.609,3731.914,5.305000000000291,5.305000000000291,84.62640241995463,97.22528653369945,83.305376092571,12.598884113744816,0.5743347528875271,2,2,attacking_third,0,0,0,1,1,26.96185537025493,7.962809444736788,18.999045925518143,3.5813470170626016,3.088235294117647,1.1596742721916995,0.7046638914352467,0.6029434260166765,0.24619415294584118,0.5175590446205443,8.798503758549252,3,2.791051394000648,32.12640241995463,-17.659506410228857,0,0.008999999999559805
balanced_v2_scaled_tracking_coords,tracking,5544200,664,2H,2220209556,duel,4895.123,4902.252,7.129000000000815,7.129000000000815,44.71896109541473,96.52318714954282,96.52318714954282,51.804226054128094,0.9994717428241007,1,2,middle_third,0,0,0,1,1,65.0727017608386,13.62195518432209,51.45074657651651,7.217105705780702,3.4722222222222223,2.0785264432648423,0.790665596852167,0.33828361136008867,0.5896802290315353,1.2396490018847972,21.07403303204155,7,3.3611576986369327,7.781038904585273,24.50822031561905,1,0.0029999999997016857
balanced_v2_scaled_tracking_coords,tracking,5544200,13869,2H,2220209934,duel,5317.805,5331.161,13.355999999999767,9.914999999999964,52.10816012066416,107.8921979766582,107.8921979766582,55.784037855994036,0.8521052701635048,3,7,middle_third,1,1,0,1,1,58.51126964702674,3.698949004922416,54.81232064210432,4.103947337683833,3.4722222222222223,1.1819368332529439,0.9367822809650759,0.6998180983173787,0.5340232322017306,1.122644671111681,19.084959408898577,6,3.255597712561941,-0.39183987933584064,-25.020430649486663,0,0.005000000000109139
balanced_v2_scaled_tracking_coords,tracking,5544201,4418,1H,2220776400,interception,843.857,847.582,3.7250000000000227,3.7250000000000227,52.178690239876325,73.41979308108046,73.41979308108046,21.241102841204132,1.0,2,2,middle_third,0,0,0,0,1,57.33454915738181,43.00061888310204,14.333930274279766,3.8480349729609875,3.4722222222222223,1.1082340722127644,0.25000511009397686,0.19954222188071655,0.5223485383446124,1.0981016698802233,18.667728387963795,6,3.2545901394303383,0.3213097601236754,-22.297079681099397,1,0.016999999999939064
balanced_v2_scaled_tracking_coords,tracking,5544201,9109,1H,2220776295,interception,1173.047,1184.141,11.094000000000051,11.094000000000051,33.823392232586414,80.37462652563855,80.37462652563855,46.55123429305213,0.8538835845921507,5,7,defensive_third,0,0,0,0,1,72.5121440328757,24.90411032008047,47.608033712795226,4.2913316849463685,3.4722222222222223,1.235903525264554,0.656552558854288,0.46999516708963407,0.660486096266719,1.3884998846587369,23.604498039198525,7,3.5168086823916225,-18.676607767413586,13.85285309848733,0,0.007000000000061846
balanced_v2_scaled_tracking_coords,tracking,5544201,9109,1H,2220776576,interception,2024.622,2041.082,16.460000000000036,16.460000000000036,24.559066880342073,98.36652444968855,88.95761093396291,73.80745756934648,0.8135570529073274,5,8,defensive_third,0,0,0,1,1,82.1117139422393,9.024588371196943,73.08712557104236,4.440287094230997,3.4722222222222223,1.278802683138527,0.8900937766620582,0.6190633528479763,0.7439840856643865,1.5640326465188439,26.588554990820345,8,3.6491561874236846,-27.940933119657927,-16.479983172650876,0,0.018000000000029104
balanced_v2_scaled_tracking_coords,tracking,5544201,4418,2H,2220777381,interception,3267.948,3278.639,10.691000000000258,10.09100000000035,57.09127872415605,108.94828451598516,81.58746246260704,51.85700579182912,0.6628614378764203,1,4,middle_third,1,0,0,1,1,52.379273647929274,3.9560871555617987,48.42318649236748,4.529341174105912,3.3871985421452586,1.3371938838983102,0.924472279204311,0.6303318322307015,0.47458936297605436,0.997700450436748,16.960907657424716,5,3.184410303940628,-4.591278724156048,21.174105260864152,1,0.012000000000170985
balanced_v2_scaled_tracking_coords,tracking,5544201,4418,2H,2220777550,interception,3821.586,3829.35,7.764000000000124,3.0140000000005784,84.46649971498442,108.84304895930494,105.97413613689437,24.376549244320515,0.5982262358530968,0,3,attacking_third,1,1,0,1,1,33.913078324995716,4.458846901136118,29.454231423859596,3.793692867575879,3.0882352941176467,1.2284338809293325,0.8685213162188902,0.707015110623486,0.3072739486041543,0.6459633966665851,10.981377743331947,4,2.7933357183573655,-31.966499714984426,-26.990225036530532,1,0.014000000000578439
balanced_v2_scaled_tracking_coords,tracking,5544201,4418,2H,2220777572,interception,3908.056,3911.948,3.8919999999998254,3.8919999999998254,46.721947607568346,63.53199858444655,63.53199858444655,16.810050976878202,1.0,0,1,middle_third,0,0,0,0,0,58.27824550734322,43.80352911195324,14.474716395389983,3.7190946545196897,3.4722222222222223,1.0710992605016707,0.24837254912840723,0.20613905085299206,0.5283010452909818,1.1106152644209428,18.88045949515603,6,3.3325436056061664,5.778052392431654,-0.1500291943653025,1,0.016000000000076398
balanced_v2_scaled_tracking_coords,tracking,5544201,9109,2H,2220777294,interception,3963.584,3975.654,12.070000000000164,12.070000000000164,19.271023720746257,87.41352494297973,87.41352494297973,68.14250122223348,0.996121687721177,2,3,defensive_third,0,0,0,0,1,91.63479677651713,24.265250947138675,67.36954582937847,5.581569662748762,3.4722222222222223,1.6074920628716434,0.7351961067113206,0.4067777886920879,0.8302692420082218,1.7454247005050882,29.6722199085865,9,3.7246996611321963,-33.22897627925374,-32.36477415933474,0,0.016000000000531145
balanced_v2_scaled_tracking_coords,tracking,5544201,4418,2H,2220777682,duel,4087.795,4093.376,5.581000000000131,5.581000000000131,20.348140383229605,56.01131493381689,55.28248409907399,35.663174550587286,1.0,1,2,defensive_third,0,0,0,0,0,87.97170640537915,49.80720319977123,38.16450320560792,6.8382912032981595,3.4722222222222223,1.96942786654987,0.43382701967543397,0.1959202780158543,0.7970793253734992,1.6756515505786505,28.486076359837057,9,3.709312280239577,32.151859616770395,23.939168559012735,1,0.005000000000109139
balanced_v2_scaled_tracking_coords,tracking,5544201,4418,2H,2220777934,duel,4920.917,4933.804,12.886999999999716,12.886999999999716,62.13463141512156,103.09819793088816,74.65296568171024,40.9635665157666,0.588392782646895,4,7,middle_third,1,0,0,1,1,49.994085789904716,3.708484687157024,46.28560110274769,3.5916505860750143,3.2938031219421933,1.0904266141921668,0.9258215321159873,0.7960559255456903,0.4529780517210185,0.9522683007600898,16.188561112921526,5,3.1123624083554065,-9.63463141512156,25.728754148828685,1,0.0029999999997016857
balanced_v2_scaled_tracking_coords,tracking,5544202,5629,2H,2220757857,duel,3649.621,3660.7,11.078999999999724,9.09900000000016,49.14129229933757,110.40872456586905,110.40872456586905,61.26743226653148,0.9100894319564922,4,6,middle_third,0,0,0,1,1,60.81270308163634,3.5641774016594843,57.24852567997686,5.167300810540508,3.4722222222222223,1.4881826334356663,0.9413909064875006,0.5626219044662126,0.5510015700171265,1.158337201554978,19.691732426434626,6,3.297981538580892,-3.3587077006624284,-24.04141489403687,0,0.018998999999894295
balanced_v2_scaled_tracking_coords,tracking,5544202,5629,2H,2220757880,interception,3706.187,3711.986,5.798999999999978,5.798999999999978,100.27524123360337,104.29173329827617,73.35464453573465,4.0164920646728035,0.34339045645443805,1,2,attacking_third,0,0,0,1,1,21.823735450145346,0.9454802398382509,20.878255210307096,3.6003199190045136,3.0882352941176467,1.165817878534795,0.9566765166303391,0.8206054601192894,0.1977368524554153,0.41569019905038757,7.0667333838565884,3,2.5674965538056664,47.77524123360337,-21.306151308889383,0,0.012999999999919964
balanced_v2_scaled_tracking_coords,tracking,5544202,14496,2H,2220758801,duel,5366.67,5377.938,11.268000000000029,11.268000000000029,32.1577713609653,89.65902658912249,55.88710056290981,57.50125522815719,0.6956291682786746,4,4,defensive_third,0,0,0,0,1,74.00807723693868,33.67734046026894,40.33073677666974,3.5792276159628713,3.4722222222222223,1.030817553397307,0.5449504740887929,0.47019510022818634,0.6705600094236874,1.4096776616559747,23.964520248151572,8,3.5406032662719245,20.3422286390347,13.084541383146508,1,0.010000000000218279
balanced_v2_scaled_tracking_coords,tracking,5544203,11944,1H,2220695869,duel,458.423,463.40999999999997,4.986999999999966,4.986999999999966,74.25285284950665,103.58204692850202,95.52100643773224,29.32919407899537,0.7439469249348222,1,2,attacking_third,0,0,0,1,1,32.13978304308832,1.442112172110865,30.697670870977458,6.155538574489205,3.0882352941176467,1.9932220145965045,0.9551299966718042,0.4791889662452653,0.291206771272417,0.6121863436778728,10.407167842523839,4,2.939244959292762,21.75285284950665,-9.35834366555838,0,0.016999999999995907
balanced_v2_scaled_tracking_coords,tracking,5544203,11944,2H,2220697416,interception,3631.759,3635.854,4.0949999999998,4.0949999999998,78.4301965300859,94.41666300514252,88.97241018110972,15.98646647505663,0.8501505407308106,1,1,attacking_third,0,0,0,1,1,36.57382915277746,11.65735898687319,24.916470165904272,6.08460809912222,3.088235294117647,1.9702540511443378,0.6812650122529509,0.3457752120125155,0.3313820347315546,0.6966443648148088,11.84295420185175,4,2.879568620998773,25.930196530085894,25.133454248604487,0,0.0010000000002037268
balanced_v2_scaled_tracking_coords,tracking,5544204,4687,1H,2221660107,interception,257.79200000000003,261.981,4.1889999999999645,4.1889999999999645,72.84178249400688,85.14110652778433,85.14110652778433,12.299324033777452,1.0,0,2,attacking_third,0,0,0,0,1,39.625574663786615,21.77601778016317,17.849556883623446,4.261054400483074,3.0950521697935955,1.3767310425553303,0.45045547061645425,0.3261276671491828,0.35941121688524963,0.755568415460938,12.844663062835947,4,2.959403107228473,-20.34178249400688,23.152434305544745,1,0.03200000000003911
balanced_v2_scaled_tracking_coords,tracking,5544204,4687,1H,2221660115,interception,267.587,279.081,11.494000000000028,11.494000000000028,37.59320973583384,104.38506393762057,104.21109596682075,66.79185420178673,0.9403808739742642,2,5,middle_third,0,0,0,1,1,71.81142857871592,22.000522436405028,49.81090614231089,4.333644174552877,3.4722222222222223,1.2480895222712285,0.6936348033754932,0.494297038411919,0.6506569826196997,1.367836734832684,23.25322449215563,7,3.462954146630945,-14.906790264166162,-24.762994584636402,0,0.013000000000033651
balanced_v2_scaled_tracking_coords,tracking,5544204,4687,1H,2221660760,interception,1587.208,1600.033,12.824999999999818,6.311999999999898,59.716809097912986,107.20470224006638,105.54826737309257,47.487893142153396,0.9265115787435565,4,6,middle_third,0,0,0,1,1,50.13572195711889,1.563285088276437,48.57243686884245,3.7873245121904984,3.3472514283590646,1.13147296916598,0.9688189373314796,0.7809393589655177,0.45952481893715674,0.9660311726447157,16.422529934960167,5,3.1469027271726717,7.216809097912986,21.517974762664743,0,0.008000000000038199
balanced_v2_scaled_tracking_coords,tracking,5544204,15874,1H,2221660488,duel,2275.321,2285.645,10.32400000000007,10.32400000000007,13.289999583748028,59.1011622275297,59.1011622275297,45.81116264378167,0.7011269286691653,3,5,defensive_third,0,0,0,0,0,96.05269309986113,53.24868829572103,42.8040048041401,4.146067881067397,3.4722222222222223,1.1940675497474105,0.4456304495246056,0.3322135422231633,0.8695600411330814,1.828023365884089,31.076397220029513,10,3.8101428630893137,39.21000041625197,28.55513395848768,1,0.0009999999997489795
balanced_v2_scaled_tracking_coords,tracking,5544204,15874,2H,2221660761,duel,2897.429,2906.164,8.735000000000127,8.735000000000127,82.27266007404876,96.45189278145168,95.09309464319287,14.179232707402917,0.6109258760789907,2,3,attacking_third,0,0,0,1,1,37.58480730362372,10.533135243881173,27.051672059742547,3.0969286845726565,3.088235294117647,1.0028150026235267,0.7197501863242058,0.717729775124248,0.34054213648893744,0.7159010914975946,12.170318555459108,4,2.824676284656446,-29.77266007404875,-29.93469157918266,1,0.010999999999967258
balanced_v2_scaled_tracking_coords,tracking,5544204,4687,2H,2221661740,duel,4282.43,4293.153,10.722999999999956,10.722999999999956,26.229846405431424,99.8430460210808,89.63158649914068,73.61319961564936,0.8782669067571213,4,6,defensive_third,1,1,0,1,1,81.25414756805834,6.71293167850714,74.54121588955121,6.951526241681574,3.4722222222222223,2.0020395576042933,0.9173835197411382,0.4075502365105264,0.7362139916770614,1.547698048915397,26.31086683156175,8,3.6252879084938368,-26.270153594568576,-19.937386982748677,0,0.010000000000218279
balanced_v2_scaled_tracking_coords,tracking,5544204,4687,2H,2221661802,duel,5166.871,5184.02,17.149000000000342,17.149000000000342,46.61883384171067,102.52736273897034,102.52736273897034,55.90852889725967,0.7808399406939741,3,5,middle_third,0,0,0,1,1,62.535637400028726,2.762171951461515,59.77346544856721,3.485536500586974,3.4722222222222223,1.0038345121690484,0.9558304341923882,0.8468794636256519,0.5666124451528062,1.1911549980957852,20.24963496762835,6,3.334016659404133,-5.881166158289332,-22.413062776561446,0,0.009000000000014552
balanced_v2_scaled_tracking_coords,tracking,5544206,8664,1H,2222167221,interception,443.295,453.71,10.414999999999964,10.414999999999964,19.280251406373793,60.084352059141494,56.62078034116392,40.8041006527677,0.6821580646043347,4,4,defensive_third,0,0,0,0,0,85.7199016762167,45.54594091367554,40.17396076254116,3.8573174039886027,3.4722222222222223,1.1109074123487175,0.46866550214076563,0.3758943733160294,0.7752867465548501,1.6298383330905846,27.70725166253994,9,3.724567837051803,-33.21974859362621,-0.16200131411527252,0,0.015000000000043201
balanced_v2_scaled_tracking_coords,tracking,5544206,8664,1H,2222167304,interception,751.361,764.054,12.692999999999984,7.5190000000000055,59.45724642736883,107.13936618691297,106.00919606764649,47.682119759544136,0.8761761100611455,3,5,middle_third,1,1,1,1,1,47.96370447746239,2.8023527398041983,45.161351737658194,3.557973035346904,3.3484052030449885,1.0625873571428386,0.9415734716420623,0.8124789762841753,0.4371405139078071,0.91897400501152,15.622558085195841,5,3.1506107653233024,6.95724642736883,-15.045748376997963,0,0.0009999999999763531
balanced_v2_scaled_tracking_coords,tracking,5544206,8664,1H,2222167406,duel,1340.636,1353.02,12.384000000000015,12.384000000000015,22.93040006921602,97.02116169029628,95.50264832434785,74.09076162108026,0.9940296558982064,5,7,defensive_third,0,0,0,1,1,85.82487816244027,12.682122955286012,73.14275520715427,5.906230233135835,3.4722222222222223,1.7009943071431204,0.8522325550957075,0.4456132848795596,0.7776277030565555,1.6347595840464813,27.79091292879018,9,3.672422856154057,-29.56959993078398,-25.109569466615284,0,0.004000000000132786
balanced_v2_scaled_tracking_coords,tracking,5544206,6697,1H,2222168111,duel,2458.652,2470.599,11.947000000000116,11.947000000000116,53.75817275663534,103.64385697428787,83.37731199643781,49.88568421765253,0.6521448850007305,3,4,middle_third,0,0,0,1,1,56.68868357837164,8.919589811125201,47.76909376724644,3.9984174911899197,3.4489227267289753,1.1593235940609479,0.8426566071375791,0.6508379579465212,0.5136353437859119,1.0797844491118407,18.356335634901292,6,3.232026103476638,-1.2581727566353393,-24.24627778876406,1,0.027999999999792635
balanced_v2_scaled_tracking_coords,tracking,5544206,6697,1H,2222168177,duel,2590.242,2596.095,5.852999999999611,5.852999999999611,50.72832942086198,86.66063194992762,86.66063194992762,35.93230252906564,1.0,2,3,middle_third,0,0,0,0,1,56.59018167371355,18.59468716302062,37.995494510692936,6.49162728698026,3.4722222222222223,1.869588658650315,0.671414959043011,0.31834106013185737,0.5144637467811695,1.0815259505149248,18.385941158753724,6,3.275309579701972,1.7716705791380178,16.032293485756462,1,0.0020000000004074536
balanced_v2_scaled_tracking_coords,tracking,5544206,8664,2H,2222168297,interception,4495.377,4499.158,3.780999999999949,3.780999999999949,104.45178675513475,104.45178675513475,103.3914136043625,0.0,0.9966554140917262,2,3,attacking_third,0,0,0,1,1,15.418261242792237,3.1688289666379736,12.249432276154263,3.239733476898817,3.088235294117647,1.0490565544243788,0.7944755950921933,0.7516911051044399,0.14074603744649156,0.2958818631690174,5.029991673873296,2,2.5078316177837894,51.95178675513475,-15.408511997890763,0,0.016999999999825377
balanced_v2_scaled_tracking_coords,tracking,5544207,10451,1H,2222144139,interception,9.893,15.45,5.556999999999999,5.556999999999999,68.94061980367982,99.24510497672796,94.09797524084256,30.304485173048135,0.8940976179523512,1,3,middle_third,0,0,0,1,1,42.373473690226234,7.474338361319627,34.89913532890661,6.2802115042120965,3.175576588065234,1.9776602232851221,0.8236080804712587,0.3999678033988288,0.38876241768758163,0.8172716657776199,13.893618318219538,5,3.015134002804574,-16.44061980367983,-22.253817030647298,1,0.0129999999999999
balanced_v2_scaled_tracking_coords,tracking,5544207,3148,1H,2222144240,duel,231.934,247.547,15.613,15.613,30.13359484087685,103.67575241354476,103.23653290796824,73.5421575726679,0.9679017968997722,3,6,defensive_third,1,1,0,1,1,76.4357819855234,2.6446973829238414,73.79108460259957,4.726259181617855,3.4722222222222223,1.3611626443059421,0.9653997471573623,0.630764630796935,0.6926086915760917,1.4560292696588293,24.752497584200096,8,3.569520073701759,-22.36640515912315,15.409417454546585,0,0.014000000000010004
balanced_v2_scaled_tracking_coords,tracking,5544207,10451,1H,2222144431,duel,465.105,472.496,7.390999999999963,7.390999999999963,37.52486028396463,68.55518143184344,68.55518143184344,31.03032114787881,0.8206269791532305,3,4,middle_third,0,0,0,0,0,69.41113216065425,39.80933865423351,29.60179350642074,4.005113449657812,3.4722222222222223,1.1534726735014498,0.42647040301700395,0.32883986110461205,0.6289087782505727,1.322116803060081,22.475985652021375,7,3.463930567371934,14.975139716035372,-16.279151947362493,1,0.014999999999986358
balanced_v2_scaled_tracking_coords,tracking,5544207,10451,2H,2222145631,interception,3526.914,3550.028,23.113999999999578,21.95399999999927,6.480725479103867,110.0596375703968,101.14879816657061,103.57891209129293,0.8059735542588949,3,9,defensive_third,1,1,0,1,1,98.59916628996135,2.5544480642006335,96.04471822576072,4.15526166936759,3.4722222222222223,1.196715360777866,0.9740925997620661,0.7239561273602934,0.8933708366032818,1.8780793579040256,31.927349084368434,10,3.9074182074413732,46.01927452089613,3.9683927416217095,1,0.005999999999858119
balanced_v2_scaled_tracking_coords,tracking,5544207,3148,2H,2222145488,interception,4066.168,4072.845,6.67699999999968,6.67699999999968,20.995875486408153,61.680397744572744,61.60141330980548,40.68452225816459,0.7907918987457321,2,3,defensive_third,0,0,0,0,0,88.6843399579453,43.711493770858404,44.972846187086894,6.735486923332193,3.4722222222222223,1.9398202339196715,0.5071114720864283,0.2331545883932427,0.8013206230681127,1.6845677736347617,28.63765215179095,9,3.7000589216227406,-31.504124513591847,-28.42919658522505,0,0.008000000000265572
balanced_v2_scaled_tracking_coords,tracking,5544207,3148,2H,2222145959,interception,5268.157,5276.447,8.289999999999964,6.76299999999992,66.136750302184,109.98781710706103,108.60385200653343,43.851066804877036,0.7511472021933626,2,6,middle_third,1,1,0,1,1,42.49654365829127,5.270672267762138,37.225871390529136,4.4904549325125815,3.219689809218815,1.394685574882162,0.8759740954430819,0.6024365368179823,0.38504557583283444,0.8094579744436433,13.760785565541937,5,3.0551892813973716,13.636750302183998,17.193139498830945,0,0.0029999999997016857
balanced_v2_scaled_tracking_coords,tracking,5544207,10451,2H,2222146142,duel,5311.552,5321.527,9.975000000000364,9.975000000000364,8.044440780232627,55.98204247549257,55.98204247549257,47.93760169525994,0.9801751714862234,2,3,defensive_third,0,0,0,0,0,99.52707046928789,53.628199426099854,45.89887104318804,4.601390580770563,3.4722222222222223,1.325200487261922,0.46116971821602576,0.3095152596532068,0.9017782356124663,1.8957537232245312,32.22781329481703,10,3.8850794174252483,44.45555921976737,-22.477929010048527,1,0.007999999999810825
balanced_v2_scaled_tracking_coords,tracking,5544208,8731,1H,2222024294,interception,1155.136,1162.855,7.719000000000051,7.719000000000051,33.597670323436034,96.0154982217239,83.98821124411586,62.41782789828787,0.8384411092089853,3,4,defensive_third,0,0,0,1,1,71.40236671156725,8.98884816140609,62.413518550161164,8.085700032408441,3.4722222222222223,2.328681609333631,0.8741099409531212,0.3331208099155486,0.6483778763440806,1.3630455078580226,23.171773633586383,7,3.520033281093771,18.902329676563966,-0.0727239465491678,1,0.016000000000076398
balanced_v2_scaled_tracking_coords,tracking,5544208,8731,1H,2222024536,interception,1822.211,1829.924,7.712999999999965,7.712999999999965,52.43737529636868,99.65152239132598,91.27555497096009,47.214147094957305,0.8575227382324259,1,2,middle_third,0,0,0,1,1,55.24868549136327,6.2943789390220815,48.95430655234119,6.346986458231739,3.4722222222222223,1.8279320999707407,0.8860718787597933,0.42885033035918096,0.5032531394413683,1.0579585702381076,17.985295694047828,6,3.2508946386233046,0.06262470363132167,-17.017277478750245,1,0.010999999999967258
balanced_v2_scaled_tracking_coords,tracking,5544208,8731,1H,2222024621,interception,2088.909,2098.049,9.139999999999873,9.139999999999873,35.98899229003044,74.11705639547941,58.30221139189692,38.12806410544897,0.7218645376551853,2,3,middle_third,0,0,0,0,1,73.18263510917181,30.886083249045825,42.29655186012599,4.627631494543389,3.4722222222222223,1.3327578704284961,0.5779588531764287,0.38569901925678735,0.6630809814359451,1.3939549544604155,23.697234225827064,7,3.485871538713851,16.51100770996956,-24.355264243623182,1,0.010999999999967258
balanced_v2_scaled_tracking_coords,tracking,5544208,9598,2H,2222025182,duel,3316.185,3320.289,4.104000000000269,4.104000000000269,63.99584792440079,85.87225008326092,82.21289042216381,21.87640215886013,0.9231741180078148,3,3,middle_third,0,0,0,0,1,42.99380479126699,22.29431810746289,20.6994866838041,5.0437345720766915,3.261175278407586,1.5466002718319143,0.4814527763778802,0.2940385267634718,0.3905458474216662,0.8210208620045657,13.957354654077617,5,3.0857736010799885,-11.495847924400792,12.927751660312211,1,0.00832300000001851
balanced_v2_scaled_tracking_coords,tracking,5544208,8731,2H,2222025090,duel,3489.412,3499.802,10.390000000000327,10.390000000000327,21.29064935467429,71.63479579358551,71.63479579358551,50.344146438911224,0.7336592910039808,5,5,defensive_third,0,0,0,0,1,84.51625709268806,34.609959471235854,49.90629762145221,4.803301022276289,3.4722222222222223,1.3833506944155711,0.5904934664430361,0.37965198424125857,0.7657707681161204,1.6098334684321536,27.36716896334661,9,3.6958478663617957,-31.20935064532571,11.650850934384685,0,0.004677000000356202
balanced_v2_scaled_tracking_coords,tracking,5544208,8731,2H,2222025209,duel,3927.955,3933.883,5.927999999999884,5.927999999999884,75.61924928693617,96.03027366767947,87.46846919778457,20.4110243807433,0.7532141756768549,1,1,attacking_third,0,0,0,1,1,34.27944281948415,10.855174476673188,23.424268342810965,3.951462271054559,3.0882352941176467,1.2795211163414764,0.6833328203776056,0.5328761958177541,0.31127968990409766,0.6543844237924885,11.124535204472306,4,2.9197250101866263,23.119249286936167,-17.659322964119625,0,0.01832299999978204
balanced_v2_scaled_tracking_coords,tracking,5544208,9598,2H,2222025570,interception,4338.101,4357.307,19.20600000000013,19.20600000000013,15.889340708288884,94.7500925945346,93.75048698758243,78.86075188624572,0.7523296148021377,6,8,defensive_third,0,0,0,1,1,89.18054611647507,12.194211897550863,76.98633421892421,4.008452265902514,3.4722222222222223,1.154434252579924,0.8632637673958119,0.6677112452507994,0.8048540699160106,1.691995924762371,28.763930720960307,9,3.773009418453016,36.610659291711116,3.5299017308302894,1,0.0043230000001130975
balanced_v2_scaled_tracking_coords,tracking,5544208,8731,2H,2222025332,duel,4369.765,4377.982,8.216999999999643,8.216999999999643,62.56785889662203,101.64823447253174,93.41518298916054,39.08037557590971,0.838291621035775,0,3,middle_third,1,1,0,1,1,45.546283204935634,3.73806656151066,41.80821664342497,5.088014682174368,3.285780390803296,1.5484950535390067,0.9179281755068526,0.5571481935767203,0.41267814589124047,0.8675482515225835,14.74832027588392,5,3.106173444333971,10.067858896622027,-16.552260122630486,0,0.011676999999508553
balanced_v2_scaled_tracking_coords,tracking,5544208,8731,2H,2222025437,interception,4842.927,4847.383,4.456000000000131,4.456000000000131,39.059072278451126,87.56575216197261,87.56575216197261,48.506679883521485,0.9820739920389169,2,2,middle_third,0,0,0,0,1,69.58082220471947,24.935832035367934,44.64499016935153,10.019073197789547,3.4722222222222223,2.8854930809633896,0.6416278042532729,0.19777254758647073,0.6304462774235776,1.325348994375609,22.530932904385352,7,3.442013253164984,-13.440927721548874,-22.210017332416626,0,0.009677000000010594
balanced_v2_scaled_tracking_coords,tracking,5544208,8731,2H,2222025457,duel,4902.972,4914.896,11.923999999999978,11.923999999999978,60.954845504481376,103.49828187812807,102.95586671267384,42.54343637364669,0.9072050431003378,3,6,middle_third,0,0,0,1,1,45.612719209670736,1.51385808083969,44.09886112883105,3.6983278370371626,3.3156510091762708,1.1154152915375624,0.9668106153925872,0.8073212534816685,0.41328009813246164,0.8688136992318235,14.769832886941,5,3.129216492793123,8.454845504481376,-11.855147370073531,0,0.004677000000810949
balanced_v2_scaled_tracking_coords,tracking,5544208,9598,2H,2222025857,duel,5257.015,5262.743,5.7280000000000655,4.848000000000866,71.80264228275419,109.2486204888145,98.28067451715327,37.4459782060603,0.7146945017153647,1,4,attacking_third,1,1,0,1,1,33.21745534294403,4.577075280391107,28.64038006255292,5.000066351702618,3.1147658836527,1.605278386393207,0.8622087323325518,0.5325336207146772,0.300971164221491,0.6327134351036958,10.75612839676283,4,2.9742479673892257,-19.302642282754192,1.1553268168363076,1,0.001676999999290274
balanced_v2_scaled_tracking_coords,tracking,5544208,9598,2H,2222025866,duel,5290.964,5303.789,12.824999999999818,12.824999999999818,47.6605343401781,102.8403832500643,98.4560411135601,55.1798489098862,0.9212333776357209,0,7,middle_third,1,1,0,1,1,59.88567159775054,3.211795930605671,56.67387566714487,4.419015646561066,3.4722222222222223,1.272676506209587,0.9463678732338653,0.6613705180279883,0.5426020781808455,1.1406794590047722,19.391550803081127,6,3.3191352237117413,4.839465659821897,17.276554649574408,1,0.012677000000621774
balanced_v2_scaled_tracking_coords,tracking,5544209,3757,1H,2222757638,duel,755.723,767.055,11.331999999999994,11.331999999999994,19.110911661944613,94.92742612294005,94.51734826973384,75.81651446099544,0.9914136198702584,3,4,defensive_third,0,0,0,1,1,90.24622424124956,10.709872000493128,79.53635224075643,7.018739167027574,3.4722222222222223,2.0213968801039415,0.8813260932461495,0.3873770493569986,0.8185431707511305,1.7207736916799206,29.25315275855865,9,3.726986976257934,33.38908833805539,27.702806613403276,1,0.0029999999999290594
balanced_v2_scaled_tracking_coords,tracking,5544209,1598,1H,2222757422,interception,949.526,953.781,4.2549999999999955,4.2549999999999955,42.4448762761032,65.7081583104163,65.7081583104163,23.263282034313093,1.0,1,3,middle_third,0,0,0,0,0,62.742887378935826,40.88385663694782,21.859030741988008,5.137257518681088,3.4722222222222223,1.4795301653801534,0.3483905770859785,0.20840435754483358,0.5712966526293147,1.2010023235392921,20.417039500167967,7,3.3936446246270973,-10.055123723896799,-4.850403337227611,0,0.005999999999971806
balanced_v2_scaled_tracking_coords,tracking,5544209,1598,1H,2222757719,duel,1781.717,1794.763,13.045999999999822,13.045999999999822,33.413082776336395,89.57382883690558,89.57382883690558,56.16074606056918,0.8828984389922467,3,5,defensive_third,0,0,0,0,1,71.63615945125656,25.249224657969926,46.386934793286635,3.5556442429317237,3.4722222222222223,1.0240255419643365,0.6475351993827884,0.5624131438044528,0.6490689334209,1.3644982752620298,23.196470679454507,7,3.5226702460523374,-19.086917223663605,-2.655677566684197,0,0.0029999999999290594
balanced_v2_scaled_tracking_coords,tracking,5544209,3757,2H,2222758612,duel,3031.408,3040.301,8.893000000000029,8.893000000000029,18.30007567235004,86.65674117029472,86.65674117029472,68.35666549794468,1.0000000000000002,2,4,defensive_third,0,0,0,0,1,86.75676365408546,23.468742678572777,63.28802097551268,7.116610927191327,3.4722222222222223,2.049583947031102,0.7294880342454129,0.3165010912009417,0.7862162051600949,1.6528146714246421,28.097849414218917,9,3.7385703475378564,34.19992432764996,3.139930144225005,1,0.007999999999810825
balanced_v2_scaled_tracking_coords,tracking,5544209,1598,2H,2222758135,duel,3330.684,3336.451,5.766999999999825,5.766999999999825,60.43464794795999,85.40832810740567,85.40832810740567,24.973680159445678,1.0,1,2,middle_third,0,0,0,0,1,53.17976051896225,21.468690386416412,31.711070132545835,5.498711658149262,3.3286235898763703,1.6519475722256394,0.596299603892324,0.333735831554883,0.48352176130275343,1.0164784899995054,17.280134329991593,6,3.1366478864577143,7.934647947959988,29.017517559776003,0,0.0039999999999054126
balanced_v2_scaled_tracking_coords,tracking,5544209,1598,2H,2222758249,duel,3651.766,3655.362,3.5960000000000036,3.5960000000000036,88.83594738495881,89.31511092787792,78.64732882468041,0.47916354291911034,0.681205339367764,1,2,attacking_third,0,0,0,1,1,34.78903578508085,19.60677309315467,15.18226269192618,4.221986288077354,3.0882352941176467,1.3671193694726673,0.43640941317600523,0.3171078741024442,0.31730839867195915,0.667058212803539,11.339989617660164,4,2.730915037357731,36.33594738495881,30.805850319603508,0,0.005999999999858119
balanced_v2_scaled_tracking_coords,tracking,5544209,3757,2H,2222758876,duel,4075.597,4079.273,3.675999999999931,3.675999999999931,51.97154541075126,68.74569349240458,68.74569349240458,16.774148081653323,0.8632302349794992,2,3,middle_third,0,0,0,0,0,61.65290934493003,44.194684094079015,17.458225250851015,4.7492451716135315,3.4722222222222223,1.367782609424697,0.28316952819172475,0.18413328846596932,0.5586143704149572,1.1743411303796196,19.963799216453534,6,3.257549351274982,0.5284545892487387,31.449391640700227,1,0.003000000000156433
balanced_v2_scaled_tracking_coords,tracking,5544209,1598,2H,2222758541,duel,4803.858,4813.95,10.091999999999643,10.091999999999643,47.16147334641951,104.30429812789627,104.30429812789627,57.14282478147676,0.9698074722694068,3,7,middle_third,1,1,0,1,1,65.3689007496288,10.308103943604495,55.060796806024314,5.455885533692653,3.4722222222222223,1.5712950337034841,0.842308745819578,0.47736715126053064,0.5915529457956078,1.2435859008227321,21.140960313986447,7,3.3262646664797213,-5.338526653580487,30.459777079911163,0,0.018000000000029104
balanced_v2_scaled_tracking_coords,tracking,5544210,7712,1H,2222640715,interception,56.897,62.643,5.746000000000002,5.746000000000002,54.680668448656355,76.78603226540433,70.45092452942819,22.105363816747975,0.7919223071900735,2,2,middle_third,0,0,0,0,1,52.68869742717202,28.413629116360507,24.275068310811516,4.224689925306563,3.4341225161960827,1.230209436437398,0.4607262941803653,0.3360764908003188,0.4784057582150713,1.0057234268160227,17.097298255872385,6,3.2188475935906236,2.1806684486563555,-15.62253848764778,0,0.016999999999995907
balanced_v2_scaled_tracking_coords,tracking,5544210,7712,1H,2222641380,duel,2156.555,2161.792,5.23700000000008,5.23700000000008,47.80222037961689,74.2699906413385,74.2699906413385,26.467770261721604,0.9583349571691677,2,3,middle_third,0,0,0,0,1,58.11042163919973,30.773574626379208,27.33684701282052,5.219944054386119,3.4722222222222223,1.5033438876632021,0.4704293350778205,0.27831648401574205,0.5265171902418696,1.1068651740799949,18.816707959359913,6,3.3171111374340443,-4.697779620383109,10.25841652418432,0,0.005000000000109139
balanced_v2_scaled_tracking_coords,tracking,5544210,7712,2H,2222641854,interception,3186.316,3189.713,3.3970000000003893,3.3970000000003893,70.3691637650179,83.13950822701864,81.72901178427712,12.770344462000736,0.764639349038906,2,3,attacking_third,0,0,0,0,1,45.511055429920226,26.885819190791864,18.625236239128363,5.48284846603657,3.141311782129298,1.745400917294523,0.4092464141555288,0.23050960244753957,0.4123589599587283,0.8668772462841948,14.736913186831313,5,2.9947262319283157,17.869163765017902,29.528991652461187,0,0.00400000000036016
balanced_v2_scaled_tracking_coords,tracking,5544210,7712,2H,2222642370,duel,4967.505,4972.42,4.914999999999964,4.914999999999964,75.04892817250288,99.91916627310108,99.91916627310108,24.8702381005982,0.9999999999999999,1,1,attacking_third,0,0,0,1,1,39.0783961836043,13.57973598088886,25.49866020271544,5.187926796076424,3.088235294117647,1.6799001053961755,0.6525001712688925,0.3884160547242847,0.35407499683103816,0.7443504034972247,12.65395685945282,4,2.92787245467853,22.548928172502883,25.100883344353583,0,0.015000000000327418
balanced_v2_scaled_tracking_coords,tracking,5544210,7712,2H,2222642380,interception,5038.774,5044.714,5.9399999999996,5.9399999999996,76.17061375117768,93.91408670526036,93.91408670526036,17.743472954082677,0.9241984536214018,0,5,attacking_third,1,1,0,1,1,37.35289808179671,11.425772520983896,25.92712556081281,4.3648359529990834,3.088235294117647,1.4133754514473222,0.6941128236967495,0.48709935615353606,0.3412226094786681,0.7173316086168723,12.194637346486829,4,2.911848374983176,23.670613751177683,-23.750904901188648,0,0.014000000000123691
balanced_v2_scaled_tracking_coords,tracking,5544210,7712,2H,2222642388,duel,5088.37,5095.281,6.911000000000058,6.911000000000058,27.139442888551297,55.36123727946714,55.36123727946714,28.221794390915843,0.6405038536587692,1,2,defensive_third,0,0,0,0,0,80.69482944469337,50.48058488477072,30.214244559922648,4.371906317453681,3.4722222222222223,1.25910901942666,0.37442602912533435,0.2649974250438176,0.729739995128558,1.5340881583943284,26.079498692703584,8,3.612293673020696,-25.360557111448703,21.19880056519679,0,0.009999999999308784
balanced_v2_scaled_tracking_coords,tracking,5544211,17322,1H,2222601750,duel,2555.523,2570.554,15.030999999999949,15.030999999999949,8.187884249302655,94.67923128262552,90.58224212347531,86.49134703332287,0.9204173276983004,2,5,defensive_third,0,0,0,1,1,97.43664311946876,12.750729909722121,84.68591320974663,5.634083774183149,3.4722222222222223,1.622616126964747,0.8691382471573017,0.47640459707716665,0.8828376410756498,1.8559360594184524,31.550913010113693,10,3.883030225009962,-44.312115750697345,-11.014248329518214,0,0.01641699999981938
balanced_v2_scaled_tracking_coords,tracking,5544211,12046,1H,2222601580,interception,2573.926,2590.722,16.796000000000276,16.41341700000021,20.967268913616607,107.04109241412083,107.04109241412083,86.07382350050422,0.9566009592630624,3,5,defensive_third,1,1,0,1,1,85.89997234099938,6.829712805440104,79.07025953555927,4.707683944722432,3.4722222222222223,1.3558129760800604,0.9204922583871387,0.6038418707993426,0.778308103831204,1.6361899493523693,27.81522913899028,9,3.700467586948334,31.532731086383393,-17.813066955132527,1,0.013417000000117696
balanced_v2_scaled_tracking_coords,tracking,5544211,17322,2H,2222602183,interception,3541.588,3545.276,3.687999999999647,3.687999999999647,99.46975161564899,102.00349221036291,100.27478940983364,2.533740594713919,0.5619110120130582,1,2,attacking_third,0,0,0,1,1,29.103567486264875,12.073817972914018,17.029749513350858,4.61761103941228,3.088235294117647,1.4952264318096906,0.5851430248675826,0.39478655052651757,0.26139511911408075,0.5495151143858323,9.34175694455915,3,2.5790035483478717,-46.969751615648995,28.573309105438895,1,0.008583000000271568
balanced_v2_scaled_tracking_coords,tracking,5544211,12046,2H,2222602001,duel,4084.093,4089.544,5.451000000000022,3.9710000000000036,90.62785084677121,108.15110335166291,101.74323368179341,17.5232525048917,0.728519309257645,0,2,attacking_third,0,0,0,1,1,24.297936789914914,0.8118218562318942,23.48611493368302,4.308588320250032,3.088235294117647,1.3951619322714388,0.9665888563604771,0.6928148152571727,0.22015468217959974,0.46281784361742695,7.867903341496258,3,2.7053164164746972,38.12785084677121,-19.59160690101875,0,0.00641700000005585
balanced_v2_scaled_tracking_coords,tracking,5544212,9109,1H,2223223957,interception,187.929,192.017,4.087999999999994,4.087999999999994,56.03885926450793,88.36552378270284,88.36552378270284,32.32666451819491,0.9907698741197487,2,2,middle_third,0,0,0,0,1,51.428217916825815,25.4947602997526,25.933457617073216,6.343800786955297,3.405408310270568,1.862860546802174,0.5042651421251861,0.24547988793019618,0.46597635643271,0.9795938488601281,16.653095430622177,5,3.199444867649887,-3.538859264507927,-15.737480610944765,1,0.009000000000014552
balanced_v2_scaled_tracking_coords,tracking,5544212,9109,1H,2223223961,duel,230.387,238.166,7.778999999999996,7.778999999999996,51.79474063554778,97.91042644098349,97.91042644098349,46.1156858054357,0.9999999999999997,2,4,middle_third,0,0,0,1,1,54.1070117795779,7.110390284429738,46.99662149514816,6.041473389272166,3.4722222222222223,1.739944336110384,0.868586527871911,0.4439975811417574,0.4902437636995164,1.0306097481824363,17.520365719101417,6,3.260075133777889,0.7052593644522176,9.837128629673991,1,0.01300000000000523
balanced_v2_scaled_tracking_coords,tracking,5544212,13869,1H,2223224427,interception,682.982,695.009,12.027000000000044,12.027000000000044,14.132252101354439,74.21081663244978,74.21081663244978,60.07856453109534,0.9686266167080201,1,3,defensive_third,0,0,0,0,1,92.64386808008001,35.175472413661275,57.468395666418736,4.778281838065896,3.4722222222222223,1.3761451693629778,0.6203151580063981,0.4009138073795439,0.8394120665226327,1.7646451062872384,29.998966806883054,9,3.7981106842663652,-38.36774789864556,-18.053772034327423,0,0.018000000000029104
balanced_v2_scaled_tracking_coords,tracking,5544212,9109,1H,2223224190,interception,1257.851,1265.052,7.2009999999997945,7.2009999999997945,46.69867096018726,69.54357939254027,69.54357939254027,22.84490843235301,0.6636980067569235,3,4,middle_third,0,0,0,0,0,64.52810769840201,36.59846333667971,27.929644361722303,3.8785785809919595,3.4722222222222223,1.1170306313256844,0.43282912451520655,0.34482705521675594,0.5843329655260698,1.2284077739429142,20.882932157029543,7,3.332876129140182,5.801329039812742,27.655591031978616,1,0.011000000000194632
balanced_v2_scaled_tracking_coords,tracking,5544212,9109,1H,2223224211,interception,1348.57,1359.148,10.577999999999975,10.577999999999975,59.91100229049495,96.96024775100891,96.96024775100891,37.04924546051396,0.9497342432666344,3,5,middle_third,0,0,0,1,1,52.27925998194932,8.063378137145564,44.21588184480376,4.179985048667411,3.3436261854371394,1.2501352773443863,0.845763345924758,0.6199838729639172,0.47741062515287674,1.0036314188995998,17.0617341212932,6,3.144128538707215,-7.411002290494949,26.459465410557655,1,0.009999999999990905
balanced_v2_scaled_tracking_coords,tracking,5544212,9109,1H,2223224499,duel,2292.97,2304.196,11.226000000000113,11.226000000000113,35.72853799136361,96.60161407810267,93.91590713153448,60.87307608673906,0.9338453919717662,3,6,middle_third,1,1,0,1,1,70.34105432435602,9.21102846914863,61.13002585520739,5.445396922786992,3.4722222222222223,1.5682743137626538,0.8690518850247138,0.4922716189222822,0.6381005960902861,1.3414402045402722,22.80448347718463,7,3.4895923144090912,16.77146200863639,-12.22000305433879,1,0.009999999999763531
balanced_v2_scaled_tracking_coords,tracking,5544212,9109,2H,2223224858,interception,2992.103,2999.569,7.4659999999998945,7.4659999999998945,51.6287804346225,88.17517607676346,85.74634070372144,36.546395642140965,0.8881186103554308,4,6,middle_third,0,0,0,0,1,60.421876552281674,17.641880082582865,42.77999646969881,5.729975417854194,3.4722222222222223,1.6502329203420079,0.7080216456481991,0.38159630288760615,0.5474604343601621,1.1508928867101271,19.565179074072162,6,3.2624459937911072,0.8712195653775012,-28.32518469848752,1,0.016999999999825377
balanced_v2_scaled_tracking_coords,tracking,5544212,9109,2H,2223224918,duel,3157.493,3164.268,6.775000000000091,6.775000000000091,21.364492088266513,66.94275330550542,66.94275330550542,45.578261217238904,1.0,1,2,defensive_third,0,0,0,0,0,84.22420266691486,39.23916802393278,44.985034642982086,6.639857511879185,3.4722222222222223,1.9122789634212054,0.5341105432708739,0.24800844424050464,0.7643842711894998,1.6069187199861623,27.31761823976476,9,3.6947929701676214,31.135507911733487,9.940730920003578,1,0.012999999999919964
balanced_v2_scaled_tracking_coords,tracking,5544212,9109,2H,2223224933,duel,3239.86,3245.142,5.281999999999698,4.820000000000164,69.99013067511655,93.33647163402387,84.86155514816076,23.34634095890732,0.4327304278447086,1,3,middle_third,1,0,0,1,1,36.42382534384587,16.240815601574262,20.183009742271608,3.821092340453003,3.1555226789276136,1.2109221606835605,0.5541155974624096,0.44400989938309904,0.3328699986921863,0.6997724212559533,11.896131161351207,4,3.0001409903554777,-17.490130675116546,10.050079727722242,1,0.01999999999998181
balanced_v2_scaled_tracking_coords,tracking,5544212,9109,2H,2223225057,interception,3680.589,3685.123,4.5340000000001055,4.5340000000001055,60.56330708775744,88.52184643899713,88.52184643899713,27.958539351239693,1.0,1,3,middle_third,0,0,0,1,1,48.063571943693205,19.311569754203074,28.75200218949013,6.341420862260579,3.3229017205970846,1.9083985610989131,0.5982077699754254,0.29132372516826766,0.43548637471441703,0.9154966084512991,15.563442343672085,5,3.1348098987463224,-8.063307087757437,18.316311610409564,1,0.010999999999967258
balanced_v2_scaled_tracking_coords,tracking,5544212,9109,2H,2223225139,duel,4119.415,4124.96,5.545000000000073,5.545000000000073,25.407069857969056,63.94242870796961,63.94242870796961,38.535358850000556,0.8834274474847578,3,5,defensive_third,0,0,0,0,0,79.99072845129247,41.34683133797,38.64389711332247,6.969142851816404,3.4722222222222223,2.0071131413231242,0.4831047030263427,0.21357274207977553,0.7264816303098067,1.5272382955424308,25.963051024221325,8,3.6370418591718705,27.092930142030944,-7.96756610102431,1,0.015000000000327418
balanced_v2_scaled_tracking_coords,tracking,5544212,9109,2H,2223225302,interception,4962.011,4976.256,14.24499999999989,14.24499999999989,25.92256413932258,92.8713537308756,89.716690593186,66.94878959155301,0.9155649378025513,2,5,defensive_third,0,0,0,1,1,85.54535801639602,12.268694772832648,73.27666324356338,5.144026903725092,3.4722222222222223,1.4814797482728266,0.856582577274606,0.5134685037114383,0.7762784946129028,1.6319232249179831,27.742694823605714,9,3.6296776551525345,26.57743586067742,-32.63077406151777,1,0.011000000000422006
balanced_v2_scaled_tracking_coords,tracking,5544212,13869,2H,2223225703,duel,5339.375,5343.948,4.57300000000032,4.025000000000546,21.971160764809383,61.118292309285756,61.08952779311388,39.14713154447637,0.9717505202928407,0,1,defensive_third,0,0,0,0,0,85.72091229575025,55.40104971125081,30.31986258449944,6.630190812267071,3.4722222222222223,1.9094949539329165,0.35370438522505776,0.16467765229164913,0.7770258103078588,1.6334942614047694,27.76940244388108,9,3.686126274788437,-30.528839235190617,-21.314001503063132,0,0.014999999999417923
balanced_v2_scaled_tracking_coords,tracking,5544213,4418,2H,2223281628,interception,5299.374,5310.023,10.649000000000342,10.649000000000342,46.5865880428202,87.23962990633997,87.23962990633997,40.65304186351977,0.8258190974851616,2,4,middle_third,0,0,0,0,1,59.32724933278193,21.53155618115246,37.79569315162947,3.5492246362689697,3.4722222222222223,1.0221766952454632,0.6370713892299915,0.5543256769345619,0.537542419110648,1.1300428444339417,19.210728355377007,6,3.334477313673997,5.913411957179797,10.372840349435549,1,0.006000000000312866
balanced_v2_scaled_tracking_coords,tracking,5544214,14622,1H,2223173842,duel,532.458,543.107,10.649000000000001,10.649000000000001,30.199604740371598,99.46882773369104,96.01762135985788,69.26922299331945,0.940053084492399,4,5,defensive_third,0,0,0,1,1,76.09141475459636,11.36934287135496,64.7220718832414,6.07776052993158,3.4722222222222223,1.750395032620295,0.8505831057548028,0.4314950307895922,0.6905608271068174,1.4517241683168687,24.679310861386767,8,3.5685770751375485,22.300395259628402,-13.957229967273818,1,0.017999999999915417
balanced_v2_scaled_tracking_coords,tracking,5544214,14622,1H,2223174472,interception,2199.086,2207.64,8.554000000000087,5.153999999999996,43.02916936186472,100.50400521535055,99.89720835592807,57.47483585348583,0.8511109572344919,3,5,middle_third,0,0,0,0,1,62.87200129983548,31.17296332934878,31.699037970486703,3.7057561340292704,3.4722222222222223,1.06725776660043,0.5041836956853742,0.4191891229169331,0.5709895384475716,1.200356696010813,20.406063832183822,7,3.3852975805447896,9.470830638135283,-10.606823156160765,1,0.005999999999858119
balanced_v2_scaled_tracking_coords,tracking,5544214,14622,2H,2223174801,duel,3020.791,3039.905,19.114000000000033,19.114000000000033,39.20747191646485,99.56743635269335,99.56743635269335,60.3599644362285,0.7115277599583337,3,5,middle_third,0,0,0,1,1,72.99636327544869,5.8154801904068805,67.18088308504181,3.5147474670420475,3.4722222222222223,1.0122472705081096,0.9203319188866655,0.8086502773983842,0.6613932407562777,1.3904069195323558,23.63691763205005,7,3.4398932583362165,13.292528083535153,-31.619808661952888,1,0.009000000000014552
balanced_v2_scaled_tracking_coords,tracking,5544214,14496,2H,2223174860,interception,3451.751,3468.59,16.838999999999942,16.838999999999942,20.86064021167239,89.26734762669739,86.3089155082067,68.406707415025,0.8800566417658546,5,6,defensive_third,1,0,0,1,1,85.13796543824711,19.152190590187963,65.98577484805915,3.918627878618646,3.4722222222222223,1.1285648290421701,0.7750452399044048,0.6108061644410088,0.7714038391216292,1.6216755321570877,27.56848404667049,9,3.701990854118966,-31.63935978832761,13.001588109708734,0,0.009000000000014552
balanced_v2_scaled_tracking_coords,tracking,5544214,14622,2H,2223175317,duel,4415.091,4421.431,6.339999999999236,6.339999999999236,34.450821475705624,78.98974970296206,78.98974970296206,44.538928227256434,1.0000000000000002,3,4,defensive_third,0,0,0,0,1,72.68032926210067,26.488315655850183,46.192013606250484,7.285806562500954,3.4722222222222223,2.098312290000275,0.6355504174956651,0.2662710765539206,0.6662453242526741,1.400607160556628,23.810321729462675,8,3.5078454074899197,18.049178524294376,17.471224089759943,1,0.011000000000422006
balanced_v2_scaled_tracking_coords,tracking,5544215,5629,1H,2223778920,duel,59.956,75.111,15.155000000000001,14.524000000000001,58.92099507857874,107.71785019474865,107.15081693552368,48.79685511616991,0.7045366313837934,4,6,middle_third,1,1,1,1,1,52.66537209086906,1.377333417414686,51.28803867345438,3.384232179046808,3.353314905952246,1.009219913417521,0.9738474568253648,0.8886713228115092,0.4771815959019228,1.0031499445879821,17.053549057995696,6,3.1582714988774465,6.420995078578741,25.502288582033685,0,0.003999999999997783
balanced_v2_scaled_tracking_coords,tracking,5544215,11944,1H,2223779759,interception,2205.341,2217.716,12.375,12.375,9.8731262912749,75.06044879384484,74.98302751156828,65.18732250256994,0.9947162169695087,2,3,defensive_third,0,0,0,0,1,97.23550745566463,29.984751094373074,67.25075636129156,5.434404554447803,3.4722222222222223,1.5651085116809673,0.6916275558283596,0.39303452786659454,0.8810152246901499,1.8521049039174216,31.485783366596166,10,3.858955338696073,42.6268737087251,20.140054830235215,1,0.01900000000023283
balanced_v2_scaled_tracking_coords,tracking,5544215,5629,1H,2223779623,interception,2220.77,2227.367,6.597000000000207,6.597000000000207,62.48893291481878,103.27472121816925,103.27472121816925,40.785788303350465,0.9999364734131915,0,2,middle_third,0,0,0,1,1,45.333789636890714,12.443680270671798,32.890109366218915,4.985616093105636,3.29663929229904,1.5123329096853428,0.7255098157391708,0.44562075454555766,0.41423804633961736,0.8708275356814672,14.804068106584943,5,3.1073009583597315,9.988932914818783,15.74679834509486,0,0.009999999999763531
balanced_v2_scaled_tracking_coords,tracking,5544215,11944,2H,2223779937,duel,2741.369,2745.717,4.347999999999956,4.347999999999956,81.67611115254348,103.33501285181254,103.27037384506843,21.65890169926905,0.9732419738829041,1,3,attacking_third,1,1,0,1,1,35.448228037704325,3.1130903570940607,32.335137680610266,7.4367841951726295,3.088235294117647,2.408101548913042,0.9121792391489122,0.3766921307308333,0.32297722453182726,0.6789754417915036,11.542582510455562,4,2.8331984121065217,-29.176111152543484,-26.69406450963548,1,0.009000000000014552
balanced_v2_scaled_tracking_coords,tracking,5544215,5629,2H,2223779898,interception,2927.346,2937.498,10.152000000000044,10.152000000000044,15.668906524533668,74.05765648283906,74.05765648283906,58.3887499583054,0.7645041132057414,4,4,defensive_third,0,0,0,0,1,89.43644369822968,31.067026588301133,58.36941710992855,5.7495485726879725,3.4722222222222223,1.655869988934136,0.6526357119797231,0.35054798032519563,0.8103507720799521,1.7035513085377083,28.96037224514104,9,3.7761584782209474,-36.83109347546633,4.339723477838817,0,0.014000000000123691
balanced_v2_scaled_tracking_coords,tracking,5544215,5629,2H,2223780031,interception,3279.868,3284.436,4.568000000000211,4.568000000000211,86.88822146210629,101.5415402907394,100.98215732411666,14.653318828633118,0.9565957193604145,1,3,attacking_third,1,1,0,1,1,24.652026457263812,3.818422906346734,20.83360355091708,4.5607713552793605,3.088235294117647,1.4768212007571262,0.8451071390432643,0.5722474315848126,0.22336295862102307,0.4695624087097869,7.982560948066377,3,2.7587396933984816,34.388221462106294,-16.72381196509719,0,0.012000000000170985
balanced_v2_scaled_tracking_coords,tracking,5544215,5629,2H,2223780045,duel,3423.874,3429.726,5.8520000000003165,5.8520000000003165,67.05259465189309,102.8125885947957,102.8125885947957,35.75999394290261,0.8186431983687171,2,3,middle_third,0,0,0,1,1,37.998425065140985,6.059526023460501,31.938899041680486,5.457774955857614,3.2027297286686465,1.7041010070263953,0.8405321796081651,0.4756079471766495,0.34428977513076925,0.7237795250503045,12.304251925855176,4,3.0421057906872417,14.552594651893088,1.9684346007936924,0,0.006000000000312866
balanced_v2_scaled_tracking_coords,tracking,5544215,5629,2H,2223780135,duel,3772.06,3779.435,7.375,6.660000000000309,39.79312546919303,107.838040556862,106.59106891540662,68.04491508766897,0.9755704833078971,3,4,middle_third,0,0,0,1,1,65.44028381864254,3.204297275193492,62.23598654344905,8.438777836399872,3.4722222222222223,2.430368016883163,0.9510347894566946,0.3470149575550652,0.5946791887217618,1.2501580118284226,21.252686201083183,7,3.431526779011528,-12.70687453080697,5.522160825988898,0,0.01999999999998181
balanced_v2_scaled_tracking_coords,tracking,5544215,5629,2H,2223780234,duel,4075.353,4098.282,22.929000000000087,22.929000000000087,16.656111112430708,101.21637746078865,86.46407039382392,84.56026634835794,0.7314557155984697,6,10,defensive_third,0,0,0,1,1,92.84575367698264,6.259568177944831,86.58618549903781,3.776273954338937,3.4722222222222223,1.0875668988496139,0.932580996652552,0.7626643573294437,0.8412412777765357,1.7684905462282408,30.06433928588009,9,3.7620555555367043,-35.84388888756929,-28.560309383263814,0,0.007000000000061846
balanced_v2_scaled_tracking_coords,tracking,5544215,5629,2H,2223780404,duel,4905.671,4916.758,11.086999999999534,11.086999999999534,40.52836248877861,99.06716431229026,97.0029115459761,58.53880182351165,0.9647265591145904,2,5,middle_third,0,0,0,1,1,70.7230496076932,6.794475162542539,63.92857444515066,5.76608410256637,3.4722222222222223,1.6606322215391145,0.9039284193734282,0.4841316218094249,0.640795580455055,1.3471057068132037,22.900797015824462,7,3.4210233930174483,-11.971637511221388,-29.071596145273887,0,0.009000000000014552
balanced_v2_scaled_tracking_coords,tracking,5544215,5629,2H,2223780435,interception,5016.43,5024.085,7.654999999999745,6.569999999999709,59.07171481179608,106.80027436467844,106.75773759765276,47.728559552882366,0.7035743896885541,2,3,middle_third,0,0,0,1,1,46.44801001648047,0.5430617476076633,45.9049482688728,5.9967274028575215,3.3505237997815542,1.7897880335153844,0.9883081805352913,0.5089656406826,0.42084836138422316,0.8847240003139136,15.04030800533653,5,3.156118359831485,6.5717148117960775,6.928943221161354,0,0.010000000000218279
balanced_v2_scaled_tracking_coords,tracking,5544215,5629,2H,2223780523,interception,5302.286,5312.047,9.760999999999513,9.760999999999513,53.19235118751876,103.30254560712754,91.17962583952983,50.11019441960878,0.7623411379733062,0,4,middle_third,1,1,0,1,1,52.650131197752806,3.8103056493561205,48.83982554839669,5.003567825878407,3.460133239251594,1.4460621831316092,0.9276297026678872,0.5723730801565551,0.47718196734580226,1.0031507254519347,17.05356233268289,6,3.240109268749732,0.69235118751876,9.38103617215043,0,0.0059999999994033715
balanced_v2_scaled_tracking_coords,tracking,5544217,9905,1H,2223728688,interception,435.675,443.588,7.913000000000011,7.913000000000011,49.764031848421496,104.67575662591875,104.186955455523,54.911724777497255,0.9631168884545399,2,3,middle_third,0,0,0,1,1,56.743185932772555,10.2878561330906,46.455329799681955,5.870760748095778,3.4722222222222223,1.690779095451584,0.8186944218239823,0.43066326785572745,0.5141291696039194,1.0808225891956678,18.373984016326354,6,3.2890852593082642,2.735968151578504,-12.991419174170389,1,0.0049999999999954525
balanced_v2_scaled_tracking_coords,tracking,5544217,4687,1H,2223728978,interception,865.983,870.73,4.747000000000071,4.747000000000071,98.84371772903637,104.03852167128687,98.8227432620852,5.194803942250502,0.999600734067844,0,1,attacking_third,0,0,0,1,1,31.753652318424134,7.749815169421588,24.003837149002546,5.056633062776951,3.0882352941176467,1.6373859441372987,0.7559394084275155,0.4616745435822113,0.28770818257728525,0.6048314727318883,10.282135036442101,4,2.5879468895851945,-46.34371772903637,-31.151157669653003,1,0.01700000000005275
balanced_v2_scaled_tracking_coords,tracking,5544217,9905,1H,2223729385,duel,1672.973,1677.25,4.277000000000044,4.277000000000044,59.79512996032941,89.83141681417922,89.83141681417922,30.03628685384981,1.0,3,5,middle_third,0,0,0,1,1,46.66486901909269,18.42165370588519,28.2432153132075,6.6035107115284575,3.3416859781204185,1.976101511262498,0.6052350709835258,0.28152191704108287,0.4251047419900401,0.8936719312599937,15.192422831419892,5,3.14578385770958,-7.295129960329412,-11.581438825360578,1,0.012999999999919964
balanced_v2_scaled_tracking_coords,tracking,5544217,9905,1H,2223729410,duel,1768.756,1777.9,9.144000000000005,9.144000000000005,26.668829172265013,63.75417434383831,63.75417434383831,37.085345171573294,0.4269347593153099,5,5,defensive_third,0,0,0,0,0,78.35147665254097,43.886326704466406,34.46514994807456,3.7691546312417477,3.4722222222222223,1.0855165337976234,0.4398787543075213,0.3604121420026356,0.7099139564764211,1.4924090790960185,25.370954344632313,8,3.6190167261105,25.831170827734987,1.7836957111214247,1,0.0039999999999054126
balanced_v2_scaled_tracking_coords,tracking,5544217,4687,1H,2223729468,duel,2409.474,2414.468,4.993999999999687,4.993999999999687,68.53907110664572,102.7520902181848,102.7520902181848,34.21301911153908,0.9721448328591927,2,4,middle_third,1,1,0,1,1,39.355983839261675,4.971320879033961,34.384662960227715,6.885194825836978,3.175202386913968,2.1684270754560666,0.8736832269436356,0.3918755308420691,0.35659011663880696,0.7496377874145081,12.743842386046639,4,3.020870412762204,16.03907110664572,-14.815334224714249,0,0.005999999999858119
balanced_v2_scaled_tracking_coords,tracking,5544217,4687,2H,2223729854,duel,3488.046,3495.818,7.772000000000389,7.674000000000433,63.43648524539613,105.45766935615994,105.45766935615994,42.02118411076381,0.8860654224646746,3,4,middle_third,0,0,0,0,1,53.3343117870619,23.513825252417607,29.820486534644292,3.8369128325582604,3.2693920529561136,1.1735860277414594,0.5591238648340128,0.4502544611945267,0.4829961598031723,1.0153735498263967,17.261350347048744,6,3.093764496494341,10.936485245396128,33.42189484519626,0,0.005999999999858119
balanced_v2_scaled_tracking_coords,tracking,5544217,9905,2H,2223730127,interception,3576.511,3592.098,15.586999999999989,15.586999999999989,35.23375478926977,99.03551788244096,97.69388387302808,63.80176309317119,0.8252121273110963,4,6,middle_third,0,0,0,1,1,74.724940966496,6.1071997549555155,68.61774121154049,4.402241689327038,3.4722222222222223,1.267845606526187,0.9182709323558547,0.6441801479775586,0.677055248419135,1.4233322088856382,24.19664755105585,8,3.496660645867575,17.266245210730233,-26.767290330598918,1,0.009000000000014552
balanced_v2_scaled_tracking_coords,tracking,5544218,3148,1H,2224483181,interception,770.492,779.094,8.60200000000009,8.60200000000009,31.296183399330317,96.3720225838587,95.092031033945,65.07583918452838,0.9668250943831636,1,2,defensive_third,0,0,0,1,1,79.51088068652741,20.08404151240215,59.42683917412526,6.90849095258366,3.4722222222222223,1.9896453943440942,0.7474051181550394,0.33382861204640296,0.7210158167802838,1.5157478470709098,25.767713400205466,8,3.552911665723853,21.203816600669683,-29.828301427370036,1,0.011999999999943611
balanced_v2_scaled_tracking_coords,tracking,5544219,10451,1H,2224602525,interception,444.91700000000003,460.935,16.017999999999972,16.017999999999972,9.130076412525085,101.91738376080494,99.9461188912588,92.78730734827985,0.7530956647757097,3,8,defensive_third,1,1,0,1,1,96.87276617614273,3.16186268268913,93.7109034934536,5.8503498247879735,3.4722222222222223,1.6849007495389363,0.9673606648442354,0.5106425148553146,0.8777285591680094,1.8451955462122425,31.36832428560812,10,3.8695703369639274,43.369923587474915,13.902898185247004,1,0.002999999999985903
balanced_v2_scaled_tracking_coords,tracking,5544219,8664,1H,2224602803,interception,1707.686,1717.52,9.83400000000006,9.83400000000006,35.96394372669527,75.17282959062149,58.764208231095886,39.20888586392622,0.6965752726213441,2,3,middle_third,0,0,0,0,1,72.86924913019014,33.8940612622735,38.97518786791664,3.9633097282811063,3.4722222222222223,1.1414332017449587,0.5348646834315876,0.41537057582374937,0.6624656828642852,1.3926614495696852,23.67524464268465,7,3.4862293753329245,-16.53605627330473,-23.32274432880532,0,0.005999999999858119
balanced_v2_scaled_tracking_coords,tracking,5544219,8664,1H,2224602851,duel,1988.781,1993.185,4.403999999999996,4.403999999999996,31.900112891016338,60.22685410634096,59.41193180263698,28.32674121532462,0.8809384826260076,1,3,defensive_third,0,0,0,0,0,76.84286223664493,47.68576040597156,29.157101830673376,6.6205953293990465,3.4722222222222223,1.9067314548669254,0.3794379982994555,0.17699221293201958,0.6962449552713061,1.4636735664122844,24.882450629008837,8,3.5442841015569093,-20.599887108983662,-23.69033518914064,0,0.019000000000005457
balanced_v2_scaled_tracking_coords,tracking,5544219,8664,2H,2224603182,duel,3167.655,3174.591,6.935999999999694,6.904999999999745,52.74032799455752,104.38815399366536,104.38815399366536,51.64782599910784,1.0000000000000002,1,4,middle_third,0,0,0,1,1,59.335313816162866,0.613519234930861,58.721794581232004,8.466233359462889,3.469905410951581,2.439903212560807,0.989660133308948,0.3601259651868061,0.5389190799033428,1.1329369149718,19.2599275545206,6,3.246566742934893,0.24032799455751785,-28.09993145091461,0,0.015000000000327418
balanced_v2_scaled_tracking_coords,tracking,5544219,10451,2H,2224603656,duel,3322.38,3333.761,11.380999999999858,11.059999999999945,36.65122162670484,107.26873050848805,107.26873050848805,70.61750888178321,0.9268135882329195,1,5,middle_third,1,1,0,1,1,73.54602998893456,12.323651099460378,61.222378889474186,5.3793496959384015,3.4722222222222223,1.5492527124302595,0.8324362157778666,0.47707607022042703,0.6675160316431827,1.4032784916794616,23.855734358550848,8,3.4764111196185024,15.848778373295161,-27.156270399512536,1,0.01999999999998181
balanced_v2_scaled_tracking_coords,tracking,5544219,10451,2H,2224603799,duel,3865.594,3869.526,3.931999999999789,3.931999999999789,83.77512634118064,95.03848200290291,85.0013805008349,11.263355661722272,0.7370929800075197,2,3,attacking_third,0,0,0,1,1,31.931690882769445,18.366472960570587,13.565217922198858,3.449953693336619,3.0882352941176467,1.1171278626042387,0.42481990609268805,0.3802786774133013,0.28932132462667204,0.6082226834813228,10.339785619182488,4,2.8032124808402767,-31.275126341180638,23.8566053913774,1,0.006000000000312866
balanced_v2_scaled_tracking_coords,tracking,5544219,10451,2H,2224603860,interception,3995.44,3998.469,3.0289999999999964,3.0289999999999964,75.00709992003898,91.28204021300994,91.28204021300994,16.274940292970953,1.0,1,1,attacking_third,0,0,0,1,1,42.999001036934025,20.887055143662504,22.11194589327152,7.3000811796868765,3.088235294117647,2.3638358105652744,0.5142432465879486,0.2175460936370938,0.38959815762034666,0.8190285911796957,13.923486050054827,5,2.9284700011423004,-22.507099920038982,-30.81136210828285,1,0.0
balanced_v2_scaled_tracking_coords,tracking,5544219,8664,2H,2224603496,interception,4585.596,4596.204,10.608000000000175,10.608000000000175,44.49736818782471,101.74422261568179,101.74422261568179,57.24685442785708,0.9861052128649413,3,4,middle_third,0,0,0,1,1,62.257061958529356,14.834154673435696,47.42290728509366,4.470485226724442,3.4722222222222223,1.2874997452966392,0.7617273573989564,0.5262053648118282,0.5640883753802735,1.185848799210083,20.159429586571413,6,3.364323311602504,-8.002631812175288,-14.675602458111136,0,0.004000000000814907
balanced_v2_scaled_tracking_coords,tracking,5544219,10451,2H,2224603916,interception,4634.771,4638.717,3.9459999999999127,3.9459999999999127,58.89626400859209,91.49463033597651,91.49463033597651,32.59836632738442,1.0,1,1,middle_third,0,0,0,1,1,53.8440264761039,16.029313684638563,37.81471279146534,9.583049364284383,3.358217046568417,2.853612268473472,0.7023009842744133,0.22568215883760434,0.48924766746138676,1.028515715439628,17.484767162473677,6,3.1586247998772556,-6.396264008592091,27.814109994640063,1,0.01099999999951251
balanced_v2_scaled_tracking_coords,tracking,5544219,10451,2H,2224603995,duel,5000.928,5006.154,5.2260000000005675,5.2260000000005675,28.913348466973215,62.037464523432,62.037464523432,33.12411605645879,0.9933283254206258,1,2,defensive_third,0,0,0,0,0,78.49444819064941,42.97806193523687,35.516386255412534,6.796093810832123,3.4722222222222223,1.9572750175196514,0.45247004181938305,0.20572774406184421,0.7107967804927567,1.4942649865129718,25.40250477072052,8,3.5869521647575255,23.586651533026785,19.292481832213724,1,0.007999999999810825
balanced_v2_scaled_tracking_coords,tracking,5544219,10451,2H,2224604000,interception,5017.827,5039.256,21.429000000000087,21.429000000000087,19.914383960690884,99.78353076364053,99.78353076364053,79.86914680294964,0.857081906290787,7,10,defensive_third,0,0,0,1,1,86.46445864706199,5.31690120645836,81.14755744060363,3.786810277689267,3.4722222222222223,1.0906013599745088,0.9385076678943733,0.7653756832940746,0.7834227069508207,1.6469420694678474,27.998015180953406,9,3.7155088005615586,32.585616039309116,-15.379874913040013,1,0.012999999999919964
balanced_v2_scaled_tracking_coords,tracking,5544219,10451,2H,2224604014,duel,5065.763,5082.613,16.850000000000364,16.850000000000364,39.90258354217285,102.04543984726405,101.8692496859207,62.1428563050912,0.82130575137556,3,7,middle_third,0,0,0,1,1,68.75999611590211,5.380854434738259,63.37914168116385,3.7613733935408002,3.4722222222222223,1.0832755373397505,0.9217444046147374,0.7553095475991426,0.6242288565428958,1.3122784873286062,22.308734284586304,7,3.4299630922546736,12.597416457827151,-22.141893242789493,1,0.0029999999997016857
balanced_v2_scaled_tracking_coords,tracking,5544219,10451,2H,2224604046,duel,5314.0,5336.354,22.35400000000027,22.35400000000027,18.07235855017477,93.20105171378705,93.20105171378705,75.12869316361228,0.761768746299066,3,5,defensive_third,0,0,0,1,1,90.93107099195953,11.805783140778443,79.12528785118108,3.5396478416024038,3.4722222222222223,1.0194185783814922,0.8701677764048071,0.759194970559744,0.8238930411076921,1.7320203998468482,29.44434679739642,9,3.7418234492832174,34.42764144982523,-26.684168034911828,1,0.0
balanced_v2_scaled_tracking_coords,tracking,5544220,3757,1H,2225800688,interception,622.932,636.127,13.194999999999936,12.235000000000014,39.78858342203402,109.94497645611656,100.18207860583874,70.15639303408254,0.7675095102695915,7,9,middle_third,1,1,0,1,1,66.4673496732333,10.019049385612224,56.44830028762108,4.278006842563195,3.4722222222222223,1.2320659706582,0.8492635943080646,0.6139114473380489,0.6014126703606569,1.2643134021262707,21.4933278361466,7,3.431591665399514,12.711416577965977,-12.860004684246903,1,0.012000000000057298
balanced_v2_scaled_tracking_coords,tracking,5544220,9598,1H,2225800676,duel,1476.551,1485.236,8.685000000000173,8.685000000000173,26.43765097110247,69.09810698494792,65.89562036988005,42.66045601384545,0.8883544387309061,3,5,defensive_third,0,0,0,0,0,81.75529671585188,35.9138274515454,45.84146926430648,5.278234803028851,3.4722222222222223,1.520131623272309,0.5607155879286055,0.32806832837549715,0.7407547200652782,1.5572437469686073,26.473143698466323,8,3.622319271841393,-26.06234902889753,-22.624894610995753,0,0.009000000000014552
balanced_v2_scaled_tracking_coords,tracking,5544220,9598,2H,2225801241,duel,2911.291,2914.195,2.9039999999999964,2.9039999999999964,101.35029968307818,101.35029968307818,100.97034468863413,0.0,0.6677238451659694,1,2,attacking_third,0,0,0,1,1,17.179560794343786,4.391761158276445,12.78779963606734,4.403512271373057,3.088235294117647,1.425899211682704,0.7443612668071007,0.52157269341026,0.15579398148906506,0.3275162437949904,5.567776144514837,2,2.5521385759560262,48.85029968307818,-16.787405894992077,0,0.010999999999967258
balanced_v2_scaled_tracking_coords,tracking,5544220,3757,2H,2225801999,interception,4644.585,4651.48,6.894999999999527,6.894999999999527,25.47544902400915,60.39655306382761,60.39655306382761,34.92110403981846,0.8121578269274898,3,4,defensive_third,0,0,0,0,0,80.1048454932934,49.87116726399904,30.233678229294355,4.384869938984254,3.4722222222222223,1.2628425424274652,0.3774263347380853,0.265818905483345,0.7258005876425571,1.5258065808246362,25.938711874018814,8,3.6360650139427264,27.02455097599085,-9.624555240188535,1,0.015000000000327418
balanced_v2_scaled_tracking_coords,tracking,5544221,1598,1H,2225544692,interception,1247.628,1258.487,10.859000000000151,9.45900000000006,59.53155945874891,109.07993194688655,102.83464621437568,49.54837248813764,0.6439844480097997,2,7,middle_third,1,0,0,1,1,46.31725685112708,6.421031004659166,39.896225846467914,3.6740239291341155,3.342008158171317,1.0993461880549302,0.8613684954336212,0.724031372725994,0.4196636549702078,0.882233463830992,14.997968885126864,5,3.1495491505893014,-7.031559458748909,-8.826618659486343,1,0.012000000000170985
balanced_v2_scaled_tracking_coords,tracking,5544221,1598,1H,2225546356,duel,1319.212,1330.932,11.720000000000027,11.720000000000027,44.33909368435694,94.92494103492942,86.4027277853126,50.58584735057248,0.8110506232918184,4,5,middle_third,0,0,0,1,1,61.96114682083331,11.531566548972606,50.4295802718607,4.302865210909606,3.4722222222222223,1.2392251807419665,0.8138903629024612,0.5818826710818662,0.5635871706098342,1.1847951468018356,20.141517495631206,6,3.366584375937758,8.16090631564306,-12.62688244649631,1,0.011999999999943611
balanced_v2_scaled_tracking_coords,tracking,5544221,8731,1H,2225544769,interception,1339.675,1344.378,4.7029999999999745,4.7029999999999745,34.336672363816106,60.480038744670466,60.480038744670466,26.14336638085436,0.6684742206687558,1,3,defensive_third,0,0,0,0,0,70.66482438038527,44.77900668756824,25.885817692817028,5.504107525583068,3.4722222222222223,1.5851829673679236,0.36631829088649465,0.20553324395251302,0.6402680230528095,1.3459966548644813,22.881943132696183,7,3.5094761090883413,-18.163327636183894,0.45992618105813676,0,0.005000000000109139
balanced_v2_scaled_tracking_coords,tracking,5544221,1598,1H,2225544976,duel,2023.837,2033.497,9.660000000000082,8.643000000000029,52.86451557354331,110.30594320316561,110.30594320316561,57.441427629622304,0.8371591054210188,3,4,middle_third,0,0,0,1,1,53.771139297326606,2.199389532196054,51.571749765130555,5.338690451876824,3.465471933823272,1.540537783547111,0.9590972116094739,0.5548023220452748,0.48720054648225875,1.0242121770919352,17.4116070105629,6,3.244792634663667,-0.3645155735433079,-13.161560885821746,1,0.0029999999999290594
balanced_v2_scaled_tracking_coords,tracking,5544221,8731,1H,2225545142,duel,2310.492,2326.166,15.673999999999978,15.673999999999978,18.19951438898694,79.93173385578987,79.93173385578987,61.73221946680293,0.8759102711624812,1,3,defensive_third,0,0,0,0,1,88.05483186832483,29.465187467945015,58.58964440037981,3.7380148271264444,3.4722222222222223,1.076548270212416,0.6653768243858943,0.5488468142430145,0.7990935131014418,1.679885855348633,28.558059540926763,9,3.7400069373001865,-34.30048561101306,-14.809764111938705,0,0.012000000000170985
balanced_v2_scaled_tracking_coords,tracking,5544221,1598,2H,2225545345,interception,2935.999,2944.727,8.728000000000065,8.728000000000065,75.68157352078607,92.5577076521458,65.29765322937625,16.87613413135972,0.5300272529187541,5,6,attacking_third,0,0,0,1,1,43.22612249228798,12.531278693353775,30.6948437989342,3.5168244499236905,3.0882352941176467,1.138781250451481,0.7100994035356861,0.6235608491570794,0.39165602172016484,0.8233547141388187,13.997030140359918,5,2.91883466398877,-23.181573520786074,31.76361966938296,1,0.0010000000002037268
balanced_v2_scaled_tracking_coords,tracking,5544221,8731,2H,2225545688,duel,3868.123,3878.645,10.521999999999935,10.51700000000028,57.89370092951159,104.54089357860349,104.54089357860349,46.6471926490919,0.5549304132272147,2,4,middle_third,0,0,0,1,1,54.74708420355248,10.207334831739681,44.5397493718128,4.233011725129546,3.374492785746693,1.254414216859226,0.8135547311745721,0.5927546684628612,0.4966977867084543,1.0441776495419772,17.751020042213614,6,3.172947129578406,5.3937009295115885,27.896949952863437,0,0.003000000000156433
balanced_v2_scaled_tracking_coords,tracking,5544221,1598,2H,2225545885,interception,4533.39,4539.397,6.006999999999607,5.9299999999993815,88.55576507706027,105.02293155661535,105.02293155661535,16.467166479555075,0.665371199114938,3,3,attacking_third,0,0,0,1,1,25.382218286347445,5.756641270914056,19.62557701543339,3.2671178650632053,3.088235294117647,1.0579238801157045,0.7732018058480559,0.7308671449627276,0.22997895863172235,0.4834708245018561,8.219004016531553,3,2.7349176417562817,-36.05576507706027,-19.335049597426952,1,0.009999999999308784
balanced_v2_scaled_tracking_coords,tracking,5544221,1598,2H,2225545901,interception,4571.586,4588.717,17.130999999999403,17.130999999999403,35.42111043088004,98.79006064061403,71.40654298121586,63.36895020973399,0.6865540221085343,3,7,middle_third,1,0,0,1,1,75.50377600012463,9.370780084173045,66.13299591595158,3.8604282246193384,3.4722222222222223,1.1118033286903695,0.8758899146427116,0.7006875897629311,0.6841119866426872,1.438167161907136,24.44884175242131,8,3.4939841367017137,17.07888956911996,-29.318907152300326,1,0.014000000000123691
balanced_v2_scaled_tracking_coords,tracking,5544221,8731,2H,2225546052,duel,5067.752,5073.846,6.093999999999141,6.093999999999141,39.16296710047574,82.93871166197225,74.79228444019512,43.77574456149651,0.8413670130051505,4,5,middle_third,0,0,0,0,1,68.59131148819351,27.09028524006015,41.50102624813336,6.810145429625731,3.4722222222222223,1.9613218837322104,0.6050478602567155,0.2743744867101672,0.6214806842049593,1.306501171203686,22.21051991046266,7,3.440529041421775,-13.33703289952426,19.24196223510863,0,0.007999999999810825
balanced_v2_scaled_tracking_coords,tracking,5544222,2413,1H,2226418528,duel,572.335,579.691,7.3559999999999945,7.3559999999999945,40.360736314987605,93.17150862430309,88.85299711007738,52.81077230931548,0.7822174416693461,1,3,middle_third,0,0,0,1,1,67.20820033231563,11.837010287414495,55.371190044901134,7.5273504683117425,3.4722222222222223,2.1678769348737816,0.8238755058328363,0.337573374198343,0.609736854898781,1.2818128307083314,21.790818122041635,7,3.4234180526430342,-12.139263685012395,-18.404015381652613,0,0.014999999999986358
balanced_v2_scaled_tracking_coords,tracking,5544222,12046,1H,2226420296,duel,1709.779,1718.118,8.338999999999942,8.338999999999942,36.25744038243565,91.83499271812809,89.91630394935426,55.577552335692445,0.9699447030894528,2,3,middle_third,0,0,0,1,1,68.7440002580902,21.69584666737155,47.04815359071864,5.641941910387213,3.4722222222222223,1.6248792701915173,0.6843965060817324,0.3731882820875755,0.6252517063106341,1.3144287623950388,22.34528896071566,7,3.4820365659652053,16.242559617564353,0.4450491095557112,1,0.019000000000005457
balanced_v2_scaled_tracking_coords,tracking,5544222,12046,2H,2226419446,interception,4991.482,4997.255,5.773000000000138,5.773000000000138,17.505219510452775,66.96407496593086,66.35101081552187,49.45885545547809,0.9448619784460164,3,3,defensive_third,0,0,0,0,0,89.26873866714614,40.628976012549316,48.63976265459682,8.42538760689341,3.4722222222222223,2.4265116307853023,0.5448689359884265,0.20003948374618336,0.8075227062851402,1.69760603724116,28.859302633099723,9,3.7499254355649603,34.994780489547225,17.707938623938624,1,0.0020000000004074536
balanced_v2_scaled_tracking_coords,tracking,5544222,2413,2H,2226419902,duel,5058.694,5070.646,11.951999999999316,11.951999999999316,18.962150760477606,77.36930151984667,63.794046893643106,58.40715075936907,0.7491930591010271,2,4,defensive_third,0,0,0,0,1,87.00134505884006,28.758134850344206,58.24321020849585,4.873093223602676,3.4722222222222223,1.4034508483975705,0.6694518362802928,0.42436025058445415,0.7880881506870747,1.6567499490375857,28.164749133638956,9,3.729112131993177,-33.537849239522394,-12.912108281941027,0,0.014000000000123691
balanced_v2_scaled_tracking_coords,tracking,5544223,17322,1H,2226410952,duel,2018.238,2021.559,3.3209999999999127,3.3209999999999127,47.78365307058117,60.89219199238148,60.78457204065246,13.10853892180031,0.9866591942180659,2,2,middle_third,0,0,0,0,0,57.76470865596712,44.29827711639852,13.466431539568596,4.054932712908446,3.4722222222222223,1.1678206213176325,0.2331255857234815,0.17754836214697992,0.5233848118590051,1.1002801648755642,18.70476280288459,6,3.3173763847059834,4.716346929418833,7.940479214829892,1,0.0019999999999527063
balanced_v2_scaled_tracking_coords,tracking,5544223,7712,2H,2226410842,interception,2771.62,2780.34,8.720000000000255,5.179999999999836,0.11768165319576696,69.12634228483756,69.12634228483756,69.00866063164179,0.9484646468409247,3,3,defensive_third,0,0,0,0,0,105.94484304731115,46.22088254663658,59.72396050067457,6.849078039067985,3.4722222222222223,1.9725344752515797,0.5637269241505601,0.2539424759138757,0.9608377238826025,2.0199109055098234,34.338485393667,11,3.998318833525775,-52.38231834680423,14.966932435172104,0,0.01999999999998181
balanced_v2_scaled_tracking_coords,tracking,5544223,17322,2H,2226411335,duel,3167.393,3175.934,8.541000000000167,6.941000000000258,72.71439900143498,108.33252515101555,100.65522709284545,35.61812614958056,0.7724069882014769,3,4,attacking_third,0,0,0,1,1,35.68399123942287,0.8370925769601834,34.84689866246269,4.079955352120596,3.0978814999734263,1.3170146605528952,0.9765415092907158,0.7391722935387072,0.3233195401790439,0.6796950712271024,11.554816210860741,4,2.9612228714080717,-20.214399001434984,-15.198263023670357,1,0.007000000000061846
balanced_v2_scaled_tracking_coords,tracking,5544223,7712,2H,2226411079,duel,3526.929,3530.741,3.811999999999898,3.811999999999898,63.48228260674324,89.91183529136009,89.91183529136009,26.42955268461685,0.854330234445373,1,2,middle_third,0,0,0,1,1,43.8835335746753,19.120606141960977,24.76292743271432,6.49604602117392,3.263767066841382,1.990352218199408,0.5642874539848982,0.27049811405092333,0.394327949915794,0.8289717468249227,14.092519696023686,5,3.0931102484750967,10.98228260674324,-14.214206325128387,0,0.009000000000014552
balanced_v2_scaled_tracking_coords,tracking,5544223,17322,2H,2226411571,duel,3902.51,3909.875,7.364999999999782,7.364999999999782,19.394418206600307,87.61343344290856,87.61343344290856,68.21901523630825,0.8252412075131424,3,3,defensive_third,0,0,0,0,1,86.28161907230249,17.39781493051132,68.88380414179117,9.352858675056785,3.4722222222222223,2.693623298416354,0.7983601244671562,0.2636118003547894,0.7817660647091742,1.643459410901,27.938809985316997,9,3.722936882762853,33.10558179339969,-10.779710364915552,1,0.009999999999763531
balanced_v2_scaled_tracking_coords,tracking,5544223,17322,2H,2226411829,interception,4920.544,4933.942,13.398000000000138,13.398000000000138,26.792140059230135,80.37588815356824,68.6604330765998,53.583748094338105,0.7786188756643369,3,5,defensive_third,0,0,0,0,1,78.92586472919189,24.668166462786065,54.257698266405825,4.049686390984122,3.4722222222222223,1.166309680603427,0.6874514261272049,0.5242410281161618,0.7151182759030532,1.5033498043655598,25.556946674214515,8,3.617255142010998,25.707859940769865,10.621806189891572,1,0.01599999999962165
balanced_v2_scaled_tracking_coords,tracking,5544223,17322,2H,2226411879,duel,5320.487,5328.072,7.585000000000036,6.992999999999483,64.57490730850314,106.81855954215797,106.38872699170481,42.24365223365483,0.9025424188583159,1,2,middle_third,0,0,0,1,1,47.52902595323977,0.5448044216907928,46.984221531548975,6.194360122814601,3.2538862527535706,1.9036805965705415,0.9885374376864616,0.490292200889185,0.4328819832030624,0.9100215540427931,15.470366418727481,5,3.077501324164241,-12.074907308503143,-24.9964035202592,1,0.007000000000516593
balanced_v2_scaled_tracking_coords,tracking,5544224,9109,1H,2226368692,duel,290.469,303.444,12.975000000000023,12.975000000000023,66.67255528190393,98.47190705139451,94.14875945583768,31.799351769490585,0.6982855324308944,5,6,middle_third,0,0,0,1,1,50.287333018375115,6.528208485244361,43.75912453313075,3.3725722183530387,3.209767494779557,1.0507216562689574,0.8701818511063424,0.7968180163090955,0.4556350571672894,0.957853962254764,16.28351735833099,5,3.04753492454423,-14.172555281903932,-32.554920418920545,1,0.011000000000024102
balanced_v2_scaled_tracking_coords,tracking,5544224,664,2H,2226368994,duel,2767.739,2776.546,8.806999999999789,7.887000000000171,68.03031746296912,107.26227942584173,97.37559903834064,39.2319619628726,0.7240451077563926,1,4,middle_third,1,1,1,1,1,37.33229469306763,0.5338046937428919,36.79848999932474,4.178322924869493,3.19067708930335,1.3095411437519628,0.9857012621878285,0.7222675080189892,0.34119199140282114,0.7172672420919411,12.193543115563,4,3.028138321957584,15.530317462969123,-5.190645447456411,0,0.018999999999778083
balanced_v2_scaled_tracking_coords,tracking,5544224,9109,2H,2226369623,duel,3489.424,3495.725,6.300999999999931,6.300999999999931,50.87747676620951,79.2159329533522,79.2159329533522,28.338456187142683,0.728237143060382,2,3,middle_third,0,0,0,0,1,54.56051175698843,31.025622972608506,23.534888784379927,3.7351037588287865,3.4722222222222223,1.0757098825426905,0.4313538862905816,0.35664934146704846,0.494352760453377,1.0392478429902559,17.66721333083435,6,3.273178903339864,1.6225232337904885,6.8994146122901086,1,0.016000000000076398
balanced_v2_scaled_tracking_coords,tracking,5544224,9109,2H,2226369771,interception,4287.075,4291.261,4.186000000000604,4.186000000000604,41.06556393076893,68.86408435659828,68.86408435659828,27.798520425829352,1.0,0,3,middle_third,0,0,0,0,0,64.2302372371158,36.15275012170377,28.077487115412033,6.707474227283321,3.4722222222222223,1.9317525774575965,0.43713815055298133,0.2012658445189144,0.5819665919588163,1.223433090230777,20.79836253392321,7,3.4133490867033007,11.434436069231069,6.15721203513268,1,0.005000000000109139
balanced_v2_scaled_tracking_coords,tracking,5544224,9109,2H,2226369834,duel,4439.851,4447.834,7.983000000000175,7.983000000000175,41.448172816455795,99.39227707319388,89.7758112169627,57.944104256738086,0.8182231532299958,1,3,middle_third,0,0,0,1,1,65.08955016260714,5.87228815598505,59.21726200662209,7.417920832596868,3.4722222222222223,2.136361199787898,0.909781398990854,0.37730835187862083,0.5920230569549818,1.2445741870171836,21.15776117929212,7,3.407883245479203,11.051827183544205,14.064665015686785,1,0.01099999999951251
balanced_v2_scaled_tracking_coords,tracking,5544225,4418,1H,2226397711,interception,771.202,780.942,9.740000000000009,7.010526000000027,47.532077618370636,106.91187823243389,105.42746178326634,59.37980061406326,0.7410570482866866,3,4,middle_third,0,0,0,1,1,57.73614164793326,7.745175668487392,49.99096597944587,5.132542708361994,3.4722222222222223,1.4781723000082543,0.8658522123678377,0.5209806354592564,0.5231259766900402,1.0997360313892048,18.695512533616483,6,3.320970319737562,-4.967922381629364,-5.558772304136632,0,0.010526000000027125
balanced_v2_scaled_tracking_coords,tracking,5544225,4418,1H,2226397823,interception,1116.788,1126.153,9.365000000000009,9.365000000000009,65.80729643647462,101.33417825499305,98.87888187442644,35.52688181851843,0.784617163514547,1,3,middle_third,1,1,0,1,1,39.71255704728773,7.139693221146956,32.572863826140775,3.478148833544126,3.233232084663448,1.0757498201389313,0.8202157264100278,0.7208846860587709,0.36350542135305103,0.7641754133424132,12.990982026821024,4,3.05989576519322,13.307296436474616,6.404621348347412,0,0.015474000000040178
balanced_v2_scaled_tracking_coords,tracking,5544225,13869,1H,2226398479,interception,1884.508,1888.302,3.793999999999869,3.793999999999869,65.19089880660964,77.79455662826498,77.29395356226858,12.603657821655347,0.7852464497033623,1,1,middle_third,0,0,0,0,1,47.067710480974355,29.3887032409265,17.679007240047856,4.659727791262116,3.228314089182853,1.4433935678301923,0.3756079711417882,0.25161858066547044,0.4219136039278618,0.8869633951434734,15.078377717439048,5,3.0687014456198622,-12.690898806609638,25.111846449339986,1,0.015474000000040178
balanced_v2_scaled_tracking_coords,tracking,5544225,13869,1H,2226398490,duel,1909.047,1915.142,6.095000000000027,6.095000000000027,44.05906842323874,70.53530642206806,63.26388970942575,26.47623799882932,0.7302592066871066,1,3,middle_third,0,0,0,0,1,61.25273312550606,34.76930055565573,26.48343256985033,4.345107886767877,3.4722222222222223,1.2513910713891487,0.43236327945703446,0.30729721201304566,0.5549885206498165,1.1667187262001155,19.834218345401965,6,3.370584736810875,8.440931576761258,-6.1725338314966365,1,0.005525999999917985
balanced_v2_scaled_tracking_coords,tracking,5544225,13869,2H,2226398771,duel,2986.092,2994.644,8.55199999999968,8.55199999999968,40.77424200503856,75.55871183649835,72.728334441403,34.78446983145979,0.890820773229974,1,3,middle_third,0,0,0,0,1,66.28468805218442,31.759388335522505,34.52529971666192,4.0371023990485515,3.4722222222222223,1.1626854909259827,0.5208638786906704,0.39844176704129125,0.6005812163261322,1.2625654867082747,21.46361327404067,7,3.417510828499449,11.725757994961441,-16.392433624939528,1,0.000525999999808846
balanced_v2_scaled_tracking_coords,tracking,5544225,4418,2H,2226398657,duel,3676.744,3682.485,5.7409999999999854,5.7409999999999854,5.16246259735108,63.60425367191431,63.60425367191431,58.44179107456323,0.9446722904604961,3,3,defensive_third,0,0,0,0,0,101.49449660507338,45.16820901002205,56.326287595051326,9.811232815720514,3.4722222222222223,2.8256350509275077,0.5549688848078465,0.17492309434157635,0.9183522746084795,1.9305963207665096,32.82013745303066,10,3.926250534323556,-47.33753740264892,18.264691798437994,0,0.011474000000362139
balanced_v2_scaled_tracking_coords,tracking,5544225,4418,2H,2226398669,interception,3772.442,3782.865,10.422999999999774,6.890526000000136,55.70679481423057,107.52130350887879,105.11909820298774,51.81450869464822,0.48578230287040164,1,3,middle_third,0,0,0,1,1,58.9517909958408,3.010528752936358,55.94126224290444,5.367097979747256,3.412837133069804,1.5726205999521632,0.9489323614756885,0.546016939041912,0.5341405290013914,1.1228912570636342,19.089151370081783,6,3.204188645510992,3.2067948142305696,32.334093216463174,0,0.010526000000027125
balanced_v2_scaled_tracking_coords,tracking,5544226,11944,1H,2226787039,interception,198.597,202.00900000000001,3.412000000000006,3.412000000000006,75.20345609157853,89.18653728112764,89.1152409498794,13.983081189549111,0.995185502509485,2,3,attacking_third,0,0,0,1,1,43.017954282059826,20.26121830274743,22.756735979312396,6.669617813397525,3.088235294117647,2.15968576814777,0.5290055363883923,0.24494560467566906,0.38976988601412016,0.8193896053725681,13.929623291333657,5,2.9256649129774495,-22.703456091578534,-31.027574215959916,1,0.002999999999985903
balanced_v2_scaled_tracking_coords,tracking,5544226,14496,1H,2226786913,interception,246.054,258.324,12.27000000000001,10.585999999999984,36.75353108904089,108.92358793976997,108.07920952330804,72.17005685072908,0.9998029919946282,2,4,middle_third,0,0,0,1,1,70.62133717909417,18.83110197171559,51.79023520737858,4.220883064986026,3.4722222222222223,1.2156143227159755,0.7333510986352421,0.5365080787101768,0.6399369796749569,1.3453007224374953,22.87011228143742,7,3.4749495558708445,-15.74646891095911,18.160196754132357,0,0.014000000000010004
balanced_v2_scaled_tracking_coords,tracking,5544226,14496,1H,2226787118,duel,1104.368,1116.35,11.981999999999971,11.981999999999971,25.166628599794095,97.69700573027649,92.38810795622747,72.53037713048239,0.9685101643577847,1,3,defensive_third,0,0,0,0,1,79.84511907279453,27.06638370438602,52.77873536840851,4.404835200167638,3.4722222222222223,1.2685925376482798,0.6610139227206902,0.4624517715267088,0.7249896026520857,1.5241016962372174,25.909728836032695,8,3.6404767342886557,-27.333371400205905,-1.3696169630670525,0,0.008000000000038199
balanced_v2_scaled_tracking_coords,tracking,5544226,11944,1H,2226787710,duel,2534.6,2543.983,9.383000000000266,8.263000000000375,55.641849532323874,108.55042209301772,102.0551887670919,52.90857256069384,0.8124324189934363,1,4,middle_third,1,1,0,1,1,52.59684925069963,4.801316631490373,47.795532619209254,5.0938433996811145,3.414039823475484,1.49202811421678,0.9087147481286342,0.5509248591410876,0.47656073561119194,1.0018447476323737,17.031360709750352,6,3.205116435252516,-3.1418495323238744,18.17144830526906,1,0.0
balanced_v2_scaled_tracking_coords,tracking,5544226,14496,2H,2226787667,duel,3216.585,3226.476,9.891000000000076,9.891000000000076,63.00690398589256,99.26601565878535,99.26601565878535,36.259111672892786,1.0,1,2,middle_third,0,0,0,1,1,47.56160223105182,12.569670588569137,34.99193164248268,3.5377546903733106,3.2776499261871748,1.0793570912219752,0.7357181003384553,0.6422352036360818,0.43093821148945477,0.9059352805914632,15.400899770054874,5,3.0999013716301063,-10.506903985892563,22.331276137622496,1,0.01500099999975646
balanced_v2_scaled_tracking_coords,tracking,5544226,14496,2H,2226787759,duel,3500.753,3509.621,8.867999999999938,8.867999999999938,45.84704734684383,94.30406817517175,80.33529557016386,48.45702082832792,0.7533504168512871,2,4,middle_third,0,0,0,1,1,65.05148010675711,20.36207149307854,44.68940861367857,5.0394010615334786,3.4722222222222223,1.4513475057216418,0.6869852698253447,0.4209968865165049,0.5894075720108011,1.2390758115572784,21.064288796473733,7,3.345042180759374,6.65295265315617,-27.06701417765322,1,0.007000999999945634
balanced_v2_scaled_tracking_coords,tracking,5544226,14496,2H,2226788069,duel,4256.115,4259.988,3.873000000000502,3.873000000000502,82.18622500638635,98.31802540060886,98.17477131335305,16.13180039422251,0.9920805853008775,1,1,attacking_third,0,0,0,1,1,34.975518488380295,7.692063808393886,27.28345467998641,7.044527415435805,3.088235294117647,2.2810850678554035,0.7800729155466452,0.3419744956202105,0.31690032875845026,0.6662003521596247,11.32540598671362,4,2.825911071337338,-29.68622500638635,-26.51072545351788,1,0.005001000000447675
balanced_v2_scaled_tracking_coords,tracking,5544226,11944,2H,2226788322,duel,4983.46,4990.171,6.71100000000024,6.71100000000024,35.903014182428876,90.64044380037907,90.64044380037907,54.7374296179502,0.9924514048389654,1,2,middle_third,0,0,0,0,1,69.7813279545469,29.05480497683398,40.72652297771292,6.068622109627695,3.4722222222222223,1.747763167572776,0.5836306669921895,0.29397756629015565,0.6387662461882241,1.3428395603926273,22.828272526674663,7,3.4870997973938733,-16.596985817571124,-9.748860550156863,0,0.01999900000009802
balanced_v2_scaled_tracking_coords,tracking,5544227,14622,1H,2226795422,interception,18.558,23.973,5.414999999999999,4.723573999999999,71.691427278409,109.27799566628086,109.27799566628086,37.586568387871864,0.9936930372889371,1,2,attacking_third,0,0,0,1,1,37.93412322712896,15.244678145518233,22.689445081610724,4.190109895034299,3.116825420770204,1.3443518097330178,0.5981275735769253,0.44083776544722103,0.34370715979048333,0.7225547281357897,12.283430378308426,4,2.9758367531655856,-19.191427278408995,18.15314540958365,1,0.00357400000000041
balanced_v2_scaled_tracking_coords,tracking,5544227,5629,2H,2226796097,duel,2802.378,2806.952,4.574000000000069,4.574000000000069,62.002742277506314,73.00793653385011,73.00793653385011,11.005194256343799,0.7229406769161366,2,3,middle_third,0,0,0,0,1,54.198339446865305,37.194828755683865,17.00351069118144,3.7174269110584133,3.2948860206251385,1.1282414286225009,0.3137275212619984,0.2612158164149706,0.48996561285582874,1.0300250085239315,17.510425144906836,6,3.114246538892767,-9.502742277506314,32.995390998487835,1,0.01642600000013772
balanced_v2_scaled_tracking_coords,tracking,5544227,5629,2H,2226796172,interception,3060.026,3073.01,12.984000000000378,12.984000000000378,36.65956229911927,97.1568551345613,86.84743882905912,60.497292835442025,0.7748348014906701,2,4,middle_third,0,0,0,1,1,71.08106936626977,8.108742929216037,62.97232643705374,4.849994334338563,3.4722222222222223,1.396798368289506,0.885922609191022,0.5641114774484851,0.6440394660098219,1.353925130786091,23.016727223363546,7,3.476291967155439,15.840437700880727,-19.547455003260524,1,0.015574000000015076
balanced_v2_scaled_tracking_coords,tracking,5544227,14622,2H,2226796626,duel,3512.999,3523.437,10.438000000000102,10.438000000000102,27.797303226207635,97.2407564178518,97.2407564178518,69.44345319164417,0.9885379799622053,4,5,defensive_third,0,0,0,1,1,77.8544251550299,20.758431887757798,57.09599326727211,5.470012767510208,3.4722222222222223,1.5753636770429398,0.7333686319509526,0.41404197559498296,0.7054103553926097,1.482941431524379,25.21000433591444,8,3.602895668197034,-24.702696773792365,-10.052617921418353,0,0.0025740000000951113
balanced_v2_scaled_tracking_coords,tracking,5544227,5629,2H,2226796473,duel,3979.154,3989.659,10.50500000000011,10.50500000000011,47.67017649411825,103.42100978216723,103.11827286276025,55.75083328804898,0.8769118825310372,1,6,middle_third,0,0,0,1,1,57.379000950259645,4.634834608924549,52.744166341335095,5.020863050103241,3.4722222222222223,1.4460085584297333,0.9192242016736686,0.5653969436105949,0.5198900559832924,1.092933351433517,18.57986697436979,6,3.3189974786554535,4.829823505881748,2.375097226293306,1,0.007573999999749503
balanced_v2_scaled_tracking_coords,tracking,5544227,14622,2H,2226796791,duel,4230.002,4235.585,5.582999999999629,5.582999999999629,33.54215455936232,77.28923411206904,77.28923411206904,43.74707955270672,0.9953314935780213,3,3,defensive_third,0,0,0,0,1,71.76587979907703,27.889885749613853,43.87599404946317,7.85885617937777,3.4722222222222223,2.2633505796607976,0.6113768015149096,0.2398852416436567,0.6512279150198438,1.3690369714103032,23.273628513975154,7,3.5208263634376813,-18.957845440637684,6.642125286194769,0,0.0004260000005160691
balanced_v2_scaled_tracking_coords,tracking,5544227,5629,2H,2226796549,interception,4281.733,4296.919,15.185999999999694,15.185999999999694,28.258744947069033,92.44471102448053,92.40517742397617,64.18596607741149,0.8347629685662573,4,5,defensive_third,0,0,0,1,1,76.87652226098338,12.636455090296288,64.2400671706871,4.230216460601105,3.4722222222222223,1.2183023406531184,0.8356266033029232,0.6106007961828898,0.6959129844743133,1.4629756843282555,24.870586633580345,8,3.5963036436132994,24.241255052930967,-4.558447964435935,1,0.01142600000002858
balanced_v2_scaled_tracking_coords,tracking,5544227,14622,2H,2226796835,interception,4375.533,4385.227,9.693999999999505,9.693999999999505,12.787778155955145,75.06323416569684,75.06323416569684,62.275456009741696,1.0,2,7,defensive_third,0,0,0,0,1,92.31540196783264,32.56717440239601,59.74822756543663,6.163423516137784,3.4722222222222223,1.7750659726476816,0.6472184087575759,0.3236686698408145,0.8380525710557895,1.7617871213734368,29.950381063348427,9,3.8173174549149267,-39.712221844044855,4.36343707038106,0,0.01142600000002858
balanced_v2_scaled_tracking_coords,tracking,5544227,5629,2H,2226796790,interception,5199.439,5213.391,13.951999999999316,12.99200000000019,27.008070405337122,110.15918799302764,104.61346939956998,83.15111758769052,0.8981791938979651,1,5,defensive_third,1,1,0,1,1,78.88910639824691,5.079439895590455,73.80966650265646,5.290257060110384,3.4722222222222223,1.5235940333117906,0.9356129112434295,0.5461724792015744,0.7147852221653382,1.5026496456808935,25.54504397657519,8,3.6141704227808984,25.491929594662878,11.863811630967163,1,0.0025740000000951113
balanced_v2_scaled_tracking_coords,tracking,5544229,15874,1H,2226908872,duel,450.976,463.89,12.913999999999987,12.913999999999987,0.5974752335018181,77.2028097103002,71.41628394433384,76.60533447679839,0.9677439549699729,8,10,defensive_third,0,0,0,0,1,107.29706950670314,34.47846804867428,72.81860145802887,5.638733270716195,3.4722222222222223,1.623955181966264,0.6786634694946603,0.37178396890669485,0.9719390541671339,2.043248559257202,34.735225507372434,11,3.9914646395214026,-51.90252476649818,24.754271290163608,0,0.016000000000019554
balanced_v2_scaled_tracking_coords,tracking,5544229,15874,1H,2226909216,interception,1734.921,1742.497,7.576000000000022,7.576000000000022,6.207369604257551,59.41422628504244,59.41422628504244,53.20685668078489,0.7031003336034732,4,4,defensive_third,0,0,0,0,0,98.98832297349372,52.15859268843705,46.82973028505668,6.181326595176418,3.4722222222222223,1.7802220594108082,0.4730833787091873,0.23421239163973373,0.9051050906946886,1.9027475690057702,32.34670867309809,10,3.9113232913677494,-46.29263039574245,6.221275158271844,0,0.0009999999999763531
balanced_v2_scaled_tracking_coords,tracking,5544229,9905,1H,2226909819,duel,2362.983,2372.244,9.260999999999967,9.260999999999967,77.45801612375497,101.61759485269445,95.96653044651197,24.15957872893948,0.8428705553411836,2,3,attacking_third,0,0,0,1,1,34.146497853939024,4.26745073878931,29.879047115149714,3.226330538294981,3.0882352941176467,1.0447165552574225,0.8750252293209322,0.8375718992079362,0.30938887723588715,0.6504094829321719,11.056961209846923,4,2.8934569125177863,-24.95801612375497,20.184708069469856,1,0.016999999999825377
balanced_v2_scaled_tracking_coords,tracking,5544229,15874,1H,2226909477,duel,2537.724,2548.89,11.165999999999713,11.165999999999713,31.28512065693821,73.69713701409103,73.0305730529458,42.412016357152815,0.9860466542782976,2,4,defensive_third,0,0,0,0,1,77.5889396110092,34.865370583894055,42.72356902711514,3.826219687185764,3.4722222222222223,1.1019512699095,0.5506399396783744,0.4441577372204784,0.7034436312525129,1.478806906578108,25.139717411827835,8,3.553069704900883,-21.21487934306179,-24.210743759716948,0,0.00400000000036016
balanced_v2_scaled_tracking_coords,tracking,5544229,9905,1H,2226909959,duel,2678.458,2681.921,3.462999999999738,3.462999999999738,104.9264490766087,104.94457306709825,98.97959164534255,0.018123990489542052,0.6209944212613772,0,2,attacking_third,0,0,0,1,1,33.191899298735294,3.322685362033609,29.869213936701684,8.625242257205874,3.0882352941176467,2.7929355880476168,0.8998946902035156,0.322061603349346,0.3008724699458523,0.6325059561103976,10.75260125387676,4,2.5010507274770184,-52.426449076608705,-33.19181780678866,1,0.018000000000029104
balanced_v2_scaled_tracking_coords,tracking,5544229,15874,2H,2226909865,interception,4189.429,4194.124,4.694999999999709,4.694999999999709,47.10029129659625,69.93837667924313,54.24129515653748,22.838085382646888,0.6221988087438574,1,2,middle_third,0,0,0,0,0,63.01236949563531,39.094315689432364,23.91805380620295,5.094367157871019,3.4722222222222223,1.4671777414668532,0.37957712108984704,0.2301018803440772,0.5709319395979743,1.2002356094406725,20.404005360491432,7,3.327138695762911,-5.399708703403753,-24.863274955553692,0,0.011000000000422006
balanced_v2_scaled_tracking_coords,tracking,5544229,15874,2H,2226909880,interception,4257.119,4268.492,11.373000000000502,5.801000000000386,47.75705392803775,109.11898922548596,105.58799425381756,61.36193529744821,0.8010272199676738,4,6,middle_third,1,1,0,1,1,57.44079083357688,2.579790955479439,54.86099987809744,4.823793183689002,3.4722222222222223,1.3892524369024326,0.955087823164659,0.6114557179716054,0.5204499114245686,1.0941103015919404,18.599875127062987,6,3.3177563724566035,-4.742946071962251,4.76335770115476,0,0.0010000000002037268
balanced_v2_scaled_tracking_coords,tracking,5544229,9905,2H,2226910579,interception,4976.393,4984.963,8.569999999999709,8.569999999999709,33.48873498412491,79.96509420569797,79.96509420569797,46.476359221573055,0.8774124486824586,3,3,defensive_third,0,0,0,0,1,76.5718362866021,41.50403728224657,35.067799004355535,4.09192520470907,3.4722222222222223,1.1784744589562122,0.4579725484589352,0.3456385239545074,0.6937892886684172,1.4585111673638496,24.79468984518544,8,3.521589500226787,19.01126501587509,27.374898869794443,1,0.006999999999607098
balanced_v2_scaled_tracking_coords,tracking,5544229,15874,2H,2226910120,interception,5088.091,5098.978,10.886999999999716,6.567000000000007,70.95342130975149,108.59982067121811,99.82133363002674,37.64639936146662,0.8896199880511906,1,4,attacking_third,1,1,0,1,1,42.664707534968755,3.2310785372665496,39.43362899770221,3.6220840449805487,3.134114875709261,1.15569600624829,0.9242681193907565,0.7848337412026261,0.3881498901530087,0.8159839862701903,13.871727766593235,5,2.986379695574979,18.45342130975149,-25.71201564508577,0,0.011000000000422006
balanced_v2_scaled_tracking_coords,tracking,5544230,3757,1H,2227943431,interception,1041.068,1052.581,11.51299999999992,11.51299999999992,42.39014296227014,79.97775234072138,69.97331489705942,37.58760937845124,0.8026855710592187,0,2,middle_third,0,0,0,0,1,67.45530938104167,26.82004007167294,40.63526930936874,3.5295117961755427,3.4722222222222223,1.0164993972985563,0.6024028305885925,0.5236845339359146,0.615159403432503,1.2932123258016979,21.984609538628863,7,3.3944265291104267,-10.10985703772986,-25.10427384743636,0,0.009620000000040818
balanced_v2_scaled_tracking_coords,tracking,5544230,3757,2H,2227944235,duel,3060.875,3068.902,8.027000000000044,8.027000000000044,70.80985791582646,104.83614684860346,101.3588172720184,34.02628893277701,0.5067543053363113,3,3,attacking_third,0,0,0,1,1,36.944185968985025,1.3416593888692003,35.60252658011582,4.435346527982513,3.1340068411953124,1.415231922815736,0.9636841534417475,0.6701322825615602,0.33516729433537934,0.7046018866355128,11.978232072803717,4,2.988430601202479,-18.309857915826456,-13.996680362677957,1,0.005474000000049273
balanced_v2_scaled_tracking_coords,tracking,5544230,6697,2H,2227944555,interception,5207.623,5215.26,7.637000000000626,7.637000000000626,39.865206941209735,64.94789669380421,56.58324552575635,25.082689752594476,0.7101596522522569,2,3,middle_third,0,0,0,0,0,72.46387744315315,41.269908983748444,31.193968459404708,4.084584059107261,3.4722222222222223,1.176360209022891,0.43047611527379165,0.3254704795459003,0.6565685821777427,1.3802643322505361,23.464493648259115,7,3.4304970436970037,-12.634793058790265,31.756452372468928,0,0.006526000001031207
balanced_v2_scaled_tracking_coords,tracking,5544231,3148,1H,2227991378,interception,357.429,363.459,6.03000000000003,6.03000000000003,50.071625372722934,79.59100496972607,79.59100496972607,29.519379597003137,0.8393651005865574,1,2,middle_third,1,0,0,0,1,54.996751381243264,29.59982687104949,25.396924510193774,4.211761941988996,3.4722222222222223,1.2129874392928308,0.4617895397882617,0.3389436586197635,0.4978043755095472,1.04650396410237,17.79056738974029,6,3.2846910661039583,-2.4283746272770657,2.741591380163811,0,0.008999999999957708
balanced_v2_scaled_tracking_coords,tracking,5544231,3148,2H,2227992428,duel,3493.585,3504.684,11.09900000000016,10.355000000000018,57.15799864998705,90.7557048407337,73.09576721998283,33.59770619074665,0.55225930596068,4,7,middle_third,1,0,0,1,1,54.9782436268832,14.737767750916232,40.240475875966965,3.6255947270895024,3.3870019260947712,1.0704436567208657,0.7319345475832957,0.6226541371557468,0.49877638559241294,1.0485473619809547,17.82530515367623,6,3.1834571621430423,4.65799864998705,-27.087823447488006,0,0.005000000000109139
balanced_v2_scaled_tracking_coords,tracking,5544232,14496,1H,2228689414,duel,571.338,574.906,3.5679999999999836,3.5679999999999836,39.342918388768624,53.61828031078577,53.32951996593852,14.275361922017147,0.9354894373188669,1,1,middle_third,0,0,0,0,0,73.59767484421637,59.77423411238632,13.823440731830054,3.8742827163201,3.4722222222222223,1.1157934223001889,0.1878244219140078,0.1497006668854908,0.6669142868226784,1.4020134800182216,23.834229160309768,8,3.4379583087318766,13.157081611231376,-33.253050638567004,1,0.017999999999915417
balanced_v2_scaled_tracking_coords,tracking,5544232,14496,1H,2228689628,interception,1159.058,1164.169,5.111000000000104,5.111000000000104,28.795370907577507,62.958635671504986,57.94826256182649,34.16326476392748,0.8750355532622954,2,2,defensive_third,0,0,0,0,0,81.55708548386275,50.272101191745975,31.284984292116775,6.121108255158704,3.4722222222222223,1.7628791774857069,0.3835961536206068,0.1936908850294168,0.738355659008945,1.552200346329538,26.387405887602146,8,3.5886375584631782,23.704629092422493,29.05878004163995,1,0.018000000000029104
balanced_v2_scaled_tracking_coords,tracking,5544232,14496,1H,2228689658,duel,1263.757,1268.574,4.817000000000007,4.817000000000007,71.77169274488264,81.71345116254223,77.71432995463937,9.941758417659585,0.8435673344643058,2,3,attacking_third,0,0,0,0,1,41.543732203741946,25.02133261402113,16.522399589720816,3.4300185986549288,3.115339023242914,1.1010097370026999,0.39771100749182575,0.35808119835763835,0.3764125011497011,0.7913091848331799,13.452256142164059,4,2.9746901036445337,-19.27169274488265,24.93514151505343,1,0.0029999999999290594
balanced_v2_scaled_tracking_coords,tracking,5544232,2413,1H,2228689902,interception,1330.564,1333.854,3.2899999999999636,3.2899999999999636,86.82565107866414,101.14385366635118,101.14385366635118,14.31820258768704,0.9036488317922916,1,1,attacking_third,0,0,0,1,1,27.481510734510042,6.038911798985563,21.44259893552448,6.517507275235476,3.0882352941176467,2.110430927219107,0.7802554649442117,0.3728773300152381,0.24688734434953288,0.5190162988905626,8.823277081139564,3,2.7596335560190837,34.32565107866414,-20.613744772275822,0,0.004000000000132786
balanced_v2_scaled_tracking_coords,tracking,5544232,2413,2H,2228690603,duel,3453.805,3466.302,12.497000000000298,12.497000000000298,15.996099024654796,65.94167725303359,59.12130567506258,49.94557822837879,0.7150697008293727,4,5,defensive_third,0,0,0,0,0,89.10892150906659,43.65563803018558,45.45328347888101,3.6371355908521985,3.4722222222222223,1.0474950501654332,0.5100867871490989,0.4341181338811667,0.8055022405804204,1.69335853466114,28.78709508923938,9,3.7714842996477884,36.5039009753452,-4.324985974536116,1,0.00473199999987628
balanced_v2_scaled_tracking_coords,tracking,5544232,2413,2H,2228690633,interception,3715.308,3722.749,7.4409999999998035,7.4409999999998035,58.41449095680572,93.5730024934528,87.53953563934729,35.15851153664708,0.8128185380728751,1,4,middle_third,0,0,0,1,1,51.63695003545958,12.910608418478152,38.72634161698143,5.20445391976649,3.3626946119110053,1.5477034106313985,0.7499734509956085,0.44502161354899017,0.4678634413313199,0.9835609530563729,16.72053620195834,5,3.1655072720456325,-5.914490956805722,-22.27476051837624,1,0.012267999999949097
balanced_v2_scaled_tracking_coords,tracking,5544232,2413,2H,2228690642,duel,3729.338,3735.899,6.560999999999694,6.560999999999694,85.10775025658434,102.26048328824169,101.60908508945786,17.15273303165735,0.9251300976809121,1,3,attacking_third,0,0,0,1,1,37.94209825671892,3.8901343766559107,34.05196388006301,5.190056985225515,3.088235294117647,1.6805898809301667,0.8974718174431212,0.533676798248445,0.3440017295146591,0.7231739842115101,12.293957731595672,4,2.7841749963345093,-32.60775025658434,32.3094602286713,1,0.01773200000025099
balanced_v2_scaled_tracking_coords,tracking,5544232,14496,2H,2228690524,interception,4095.987,4101.74,5.752999999999702,5.752999999999702,17.061134949543856,61.11556946164884,61.11556946164884,44.05443451210498,0.9998599678659881,1,2,defensive_third,0,0,0,0,0,91.03401646143489,51.76609331278938,39.26792314864551,6.825642820901711,3.4722222222222223,1.9657851324196929,0.4313543955877278,0.19516460261406182,0.8248257922013399,1.733981265932093,29.477681520845582,9,3.7562695007208022,-35.438865050456144,-23.53610347399207,0,0.013267999999698077
balanced_v2_scaled_tracking_coords,tracking,5544232,2413,2H,2228690800,interception,4544.992,4559.548,14.555999999999585,14.555999999999585,25.02858049174195,82.49372911904828,82.49372911904828,57.465148627306334,0.8508223701401906,4,5,defensive_third,0,0,0,0,1,80.18988095732436,27.858903872863888,52.33097708446047,3.595148192117475,3.4722222222222223,1.0354026793298328,0.6525882874462688,0.5605738829453811,0.7265710627540695,1.5274263039490354,25.966247167133602,8,3.6424488501179724,27.47141950825805,-5.915155939115742,1,0.008267999999588937
balanced_v2_scaled_tracking_coords,tracking,5544232,14496,2H,2228693453,duel,4577.472,4581.823,4.3510000000005675,4.3510000000005675,30.054901374937774,60.999039982327666,60.999039982327666,30.944138607389892,1.0,2,4,defensive_third,0,0,0,0,0,75.04177176234899,45.78520118703225,29.256570575316736,6.724102637396672,3.4722222222222223,1.9365415595702413,0.3898704666511586,0.17905909534307385,0.6799259359087277,1.4293670811875998,24.299240380189197,8,3.5706442660723177,-22.445098625062226,-3.807847333097051,0,0.008268000000498432
balanced_v2_scaled_tracking_coords,tracking,5544232,2413,2H,2228690842,duel,4697.961,4711.668,13.706999999999425,13.706999999999425,53.25089378096031,99.92202177852445,91.28174922542456,46.67112799756414,0.8498269264056667,3,4,middle_third,0,0,0,1,1,55.089348418270646,5.801669418521557,49.28767899974909,3.5958035310243788,3.462461620989017,1.0385107257874167,0.8946861855313322,0.7656386571309184,0.5009420288169267,1.0531000624608677,17.90270106183475,6,3.2392729459862815,-0.7508937809603111,18.89090560773002,1,0.0007320000004256144
balanced_v2_scaled_tracking_coords,tracking,5544232,14496,2H,2228691167,duel,5122.08,5128.888,6.807999999999993,6.807999999999993,47.36712705330105,68.14478218176755,67.82417860103698,20.777655128466506,0.6674954755913819,1,2,middle_third,0,0,0,0,0,62.390059829810994,36.926709801323824,25.46335002848717,3.7402100511878964,3.4722222222222223,1.0771804947421142,0.4081315212382656,0.33698807053085994,0.5652934202503681,1.1883820919963999,20.202495563938797,6,3.3233267563814137,-5.132872946698953,23.895010388720316,0,0.0002679999997781124
balanced_v2_scaled_tracking_coords,tracking,5544232,2413,1E,2228691308,duel,6199.323,6213.154,13.831000000000131,13.831000000000131,36.67497615770152,95.45035631451864,89.60316603326058,58.77538015681712,0.7790584458401754,3,5,middle_third,0,0,0,1,1,70.03077219115522,11.271948722033727,58.758823469121495,4.248342380819965,3.4722222222222223,1.22352260567615,0.8390429182864649,0.6099230526310863,0.6345231090128999,1.3339194703077186,22.676630995231218,7,3.4760717691756926,-15.825023842298478,15.362297049556858,0,0.002826999999342661
balanced_v2_scaled_tracking_coords,tracking,5544233,15874,1H,2228696501,interception,1984.323,1992.233,7.9099999999998545,6.173729000000094,72.72022882554846,105.9451417632859,100.11488770763893,33.22491293773744,0.6408413499445924,1,4,attacking_third,0,0,0,1,1,39.22901183754564,10.918197450027352,28.310814387518292,3.5791168631502925,3.097773540267621,1.155383638160034,0.7216805384942766,0.6227009050758305,0.3554396699599308,0.7472192730961075,12.702727642633826,4,2.9611395882064504,20.22022882554846,-22.29196587731427,0,0.013729000000012093
balanced_v2_scaled_tracking_coords,tracking,5544233,1598,2H,2228697071,interception,4471.89,4484.682,12.791999999999462,7.777447999999822,45.11697770510732,106.87044358814039,105.65761195058624,61.75346588303307,0.9270920937290431,1,5,middle_third,1,1,0,1,1,61.4594138555828,1.0107535778834296,60.448660277699375,4.725505024835985,3.4722222222222223,1.3609454471527636,0.983554129229763,0.6427771337875,0.5568611788444653,1.170655502011101,19.901143534188716,6,3.3554717470698954,-7.383022294892683,-13.830516704056606,0,0.01744799999960378
balanced_v2_scaled_tracking_coords,tracking,5544234,5629,1H,2229413409,duel,156.41899999999998,163.471,7.052000000000021,7.052000000000021,24.99559668051762,89.59121808324537,89.59121808324537,64.59562140272774,0.8263718183514753,3,4,defensive_third,0,0,0,0,1,82.56103466130803,29.68077415636432,52.880260504943706,7.498618903140038,3.4722222222222223,2.159602244104331,0.6404990044259448,0.2653235456529885,0.7437130834555296,1.5634629350020277,26.578869895034472,8,3.642920047421177,27.50440331948238,-20.386757805970603,1,0.018999999999977035
balanced_v2_scaled_tracking_coords,tracking,5544234,5629,2H,2229414381,interception,3133.958,3146.309,12.351000000000113,12.351000000000113,22.56002065870406,73.14475994752495,73.03949411389668,50.584739288820884,0.7701178389059405,5,5,defensive_third,0,0,0,0,1,86.64722962394725,36.1800187844846,50.46721083946265,4.086082976233681,3.4722222222222223,1.1767918971553,0.5824445981538307,0.4402078898908689,0.7850787276523205,1.6504234214085192,28.057198163944825,9,3.677713990589942,29.93997934129594,-26.671936707178546,1,0.0019999999999527063
balanced_v2_scaled_tracking_coords,tracking,5544234,5629,2H,2229415267,duel,3618.178,3625.859,7.68100000000004,6.68100000000004,52.317749875235656,109.08419333008672,99.52648630152655,56.766443454851064,0.9335000548959255,1,4,middle_third,1,1,0,1,1,55.701834976903726,11.170947068227116,44.53088790867661,5.797537808706728,3.4722222222222223,1.6696908889075377,0.7994510042109196,0.4250956720305609,0.505591765657451,1.0628749223757907,18.068873680388442,6,3.2526035732109193,0.18225012476434443,-18.09074187494759,1,0.018000000000029104
balanced_v2_scaled_tracking_coords,tracking,5544234,4418,2H,2229414578,duel,3732.264,3741.682,9.417999999999665,9.417999999999665,55.04620516063829,91.51104398366982,85.33466317715632,36.464838823031535,0.7039708352519045,5,6,middle_third,0,0,0,1,1,51.75776250852554,16.967631362231693,34.790131146293845,3.6940041565401445,3.425070274802995,1.0785192303105717,0.6721722396821774,0.5619446937105924,0.4689580787830976,0.985862143019534,16.75965643133208,5,3.2136256405623103,2.546205160638287,-13.545639927145928,0,0.01599999999962165
balanced_v2_scaled_tracking_coords,tracking,5544234,4418,2H,2229414616,interception,3863.028,3866.73,3.7020000000002256,2.942000000000462,84.11408071614255,108.95242307849756,96.16217626758083,24.838342362355007,0.6668735274107137,1,2,attacking_third,1,1,0,1,1,21.049425580912878,5.107193594265064,15.942231986647814,4.306383572838153,3.088235294117647,1.394448014061878,0.757371355591948,0.5431334463203158,0.19072111508465403,0.40094143963643575,6.816004473819408,3,2.798370275483678,31.614080716142546,2.6185287767333776,0,0.012000000000170985
balanced_v2_scaled_tracking_coords,tracking,5544234,5629,2H,2229414972,interception,4615.671,4619.256,3.5850000000000364,3.5850000000000364,38.33033124835505,54.02484181234918,54.02484181234918,15.694510563994129,1.0,2,2,middle_third,0,0,0,0,0,66.69703847437992,51.33781221138103,15.359226262998895,4.2843030022311686,3.4722222222222223,1.2338792646425765,0.23028348206043325,0.16599422976875744,0.6043173720717819,1.2704197804643795,21.597136267894452,7,3.4524238393092137,14.169668751644949,1.9105522235345234,1,0.009000000000014552
balanced_v2_scaled_tracking_coords,tracking,5544234,4418,2H,2229415024,duel,5193.919,5198.226,4.306999999999789,4.306999999999789,29.674760424440905,57.28044261393018,57.28044261393018,27.605682189489272,1.0,2,2,defensive_third,0,0,0,0,0,75.36634204383272,50.37965205532251,24.986689988510207,5.801413974578925,3.4722222222222223,1.6708072246787304,0.33153645660523184,0.17648500711402762,0.6828667480354039,1.4355493722634802,24.404339328479164,8,3.5760748510794156,-22.825239575559095,2.4887338050931973,0,0.0010000000002037268
balanced_v2_scaled_tracking_coords,tracking,5544235,12046,1H,2229694142,duel,505.301,510.316,5.014999999999986,5.014999999999986,42.238589573340704,87.58967232738668,87.33032563171028,45.351082754045976,0.9975366946548191,4,5,middle_third,0,0,0,0,1,69.04972610206913,19.2753946476421,49.77433145442703,9.925091017831937,3.4722222222222223,2.8584262131355977,0.720847630602484,0.2226090254876215,0.6303722395224868,1.3251933489839707,22.5282869327275,7,3.3965915775237043,-10.261410426659296,28.790103091638755,0,0.015053999999963708
balanced_v2_scaled_tracking_coords,tracking,5544235,12046,1H,2229694409,interception,1296.887,1300.404,3.5170000000000528,3.5170000000000528,65.37327702027882,83.32327795594902,82.15983776474897,17.950000935670204,0.756239794550396,1,1,middle_third,0,0,0,0,1,39.773932571545636,24.909735273221923,14.864197298323713,4.226385356361527,3.2440342001366123,1.3028177558003382,0.3737170638479333,0.26945925309906144,0.36521463895058126,0.7677685978930674,13.052066164182145,4,3.0660960425674455,12.87327702027882,3.4188504053695823,0,0.0010539999998400162
balanced_v2_scaled_tracking_coords,tracking,5544235,12046,1H,2229694434,duel,1318.173,1331.819,13.645999999999958,13.645999999999958,29.46958451487863,81.24658056684015,81.24658056684015,51.77699605196152,0.6170986180982941,3,6,defensive_third,0,0,0,0,1,76.02679153855439,23.78436646531476,52.24242507323963,3.828405765296775,3.4722222222222223,1.1025808604054712,0.6871580927724231,0.5573453062582409,0.6850936298146226,1.44023081084496,24.48392378436432,8,3.579005935501734,-23.03041548512137,8.673486513031861,0,0.007053999999925509
balanced_v2_scaled_tracking_coords,tracking,5544235,9905,1H,2229694682,duel,1894.271,1902.396,8.125,8.125,55.31642633453931,89.54432371773521,88.49102509888588,34.2278973831959,0.9483397316828703,0,2,middle_third,0,0,0,1,1,49.697735792912155,18.495932212152653,31.201803580759503,3.8402219791704004,3.420066178990013,1.1228501959293855,0.627831491373687,0.5048904414732808,0.45029293322861624,0.9466235389126125,16.09260016151441,5,3.20976533807801,-2.816426334539308,1.1863603039730108,1,0.014946000000009008
balanced_v2_scaled_tracking_coords,tracking,5544235,9905,1H,2229694723,interception,2062.929,2067.117,4.188000000000102,4.188000000000102,67.35636086834025,93.29638359402252,93.29638359402252,25.94002272568227,1.0,2,3,middle_third,0,0,0,1,1,39.28282617318084,19.377738176139502,19.905087997041335,4.752886341222744,3.202841185523705,1.4839594178771578,0.5067122184460071,0.3270347270292753,0.35832879709334314,0.7532929099435477,12.805979469040311,4,3.0377662733094253,-14.856360868340246,11.229286044879082,1,0.00305400000024747
balanced_v2_scaled_tracking_coords,tracking,5544235,9905,1H,2229694762,duel,2181.447,2195.289,13.842000000000098,13.842000000000098,4.189841054426438,80.84849554087936,77.56649100971669,76.65865448645292,0.9326789620759466,2,5,defensive_third,0,0,0,0,1,101.35567145912553,37.682667078163995,63.67300438096154,4.599985867718616,3.4722222222222223,1.3247959299029615,0.6282135322505306,0.4214220433282223,0.9190740559748923,1.9321136779821693,32.84593252569688,10,3.940145127793908,48.31015894557356,-10.501618460903451,1,0.0010540000002947636
balanced_v2_scaled_tracking_coords,tracking,5544235,9905,1H,2229694867,duel,2543.066,2546.436,3.3700000000003456,3.3700000000003456,67.36429870354718,92.06800107375679,92.06800107375679,24.703702370209612,1.0,1,2,middle_third,0,0,0,0,1,40.291076158411435,26.456635689329634,13.834440469081802,4.105175213376969,3.196957431415793,1.28408816865571,0.34336239654382206,0.25830416889981306,0.3650626447431869,0.7674490696840274,13.046634184628465,4,3.037652875663612,-14.864298703547185,14.384881157906392,1,0.01994600000034552
balanced_v2_scaled_tracking_coords,tracking,5544235,12046,1H,2229694770,duel,2548.315,2554.997,6.681999999999789,4.970945999999913,13.318617640796994,59.10868599237832,59.10868599237832,45.790068351581326,0.9611432786802301,2,2,defensive_third,0,0,0,0,0,95.40890745507991,58.32542211796087,37.08348533711904,5.5497583563484305,3.4722222222222223,1.598330406628348,0.3886794883861191,0.21628576184051831,0.8644650728778819,1.817312522953903,30.89431289021635,10,3.8097340337029,-39.181382359203006,26.408024357714105,0,0.010945999999876221
balanced_v2_scaled_tracking_coords,tracking,5544235,9905,1H,2229694883,duel,2575.385,2588.925,13.539999999999964,13.539999999999964,20.465680490464933,79.08602847919178,66.98231670246582,58.62034798872685,0.6906237625647061,4,4,defensive_third,0,0,0,0,1,85.30531790589471,33.22913176914757,52.07618613674714,3.8460994192575537,3.4722222222222223,1.1076766327461753,0.6104682265435718,0.4909508815923282,0.7717018307646961,1.6223019819254725,27.57913369273303,9,3.707633135850501,32.03431950953507,-11.44316774698332,1,0.019054000000323867
balanced_v2_scaled_tracking_coords,tracking,5544235,12046,2H,2229695016,interception,3157.68,3163.456,5.776000000000295,5.776000000000295,36.341575857439224,90.77082045538594,90.33931500088602,54.42924459794672,0.9859164170255516,2,3,middle_third,0,0,0,1,1,69.61949937767712,16.291039406047542,53.32845997162957,9.232766615586366,3.4722222222222223,2.6590367852888734,0.7659989004277281,0.2562162500200903,0.6307967170841019,1.326085702431945,22.543456941343067,7,3.480834630608011,16.158424142560776,-11.528030528178359,1,0.0137019999997392
balanced_v2_scaled_tracking_coords,tracking,5544235,12046,2H,2229695171,interception,3650.556,3661.519,10.962999999999738,10.85770199999979,32.64550442749115,105.28120094754114,105.28120094754114,72.63569652004999,0.9325620449460659,1,6,defensive_third,1,1,0,1,1,72.38998853632602,5.4320098861771555,66.95797865014886,6.107632824058237,3.4722222222222223,1.7589982533287722,0.9249618628762274,0.46769345062710593,0.6558991019276387,1.378856924501448,23.440567716524615,7,3.5336356510358407,19.854495572508853,2.26658570038893,1,0.017701999999644613
balanced_v2_scaled_tracking_coords,tracking,5544235,9905,2H,2229695531,interception,3903.496,3918.856,15.360000000000127,15.360000000000127,28.43575506544022,90.70761127968571,90.70761127968571,62.27185621424549,0.746255247951039,4,6,defensive_third,0,0,0,1,1,77.46446848676949,23.844274874895575,53.620193611873916,3.4908980216063457,3.4722222222222223,1.0053786302226275,0.6921908154708627,0.6138094798223813,0.7002071394908023,1.4720030261281867,25.02405144417917,8,3.5937749276365683,-24.06424493455978,-11.775409782187612,0,0.002298000000337197
balanced_v2_scaled_tracking_coords,tracking,5544235,9905,2H,2229695554,interception,3941.182,3947.277,6.095000000000255,6.095000000000255,52.64159345733965,82.04143830405525,82.04143830405525,29.399844846715595,0.9818378171278488,1,2,middle_third,0,0,0,0,1,52.491109731033916,30.28260405114674,22.208505679887175,3.643725296125717,3.468836513599286,1.0504171303089074,0.4230908013506335,0.3588837091526679,0.47521361584676935,0.999012779407615,16.983217249929456,5,3.2479772363237194,0.14159345733965267,-3.730129368928843,0,0.008297999999740568
balanced_v2_scaled_tracking_coords,tracking,5544235,12046,2H,2229695299,duel,4133.544,4144.796,11.252000000000407,11.252000000000407,34.85529243209754,84.69780948669889,84.69780948669889,49.842517054601345,0.7809576547553706,4,5,defensive_third,0,0,0,0,1,73.47132565199699,21.676683475945527,51.79464217605147,4.603149855674511,3.4722222222222223,1.325707158434259,0.7049640348315079,0.4728795261174043,0.6658066412196464,1.3996849438071706,23.7946440447219,7,3.5020672509700352,17.644707567902458,21.857623230242567,1,0.010298000000148022
balanced_v2_scaled_tracking_coords,tracking,5544235,12046,2H,2229695526,interception,4976.927,4981.337,4.410000000000764,4.410000000000764,26.993511922594635,58.431395130474115,58.431395130474115,31.43788320787948,0.909208037587424,2,2,defensive_third,0,0,0,0,0,78.15893432000692,49.849313845965035,28.309620474041886,6.419415073477774,3.4722222222222223,1.848791541161599,0.36220581460506507,0.17424901920105884,0.70816940110978,1.48874160609537,25.30860730362129,8,3.6143784011057907,25.506488077405365,4.879224515101683,1,0.00670200000058685
balanced_v2_scaled_tracking_coords,tracking,5544235,9905,2H,2229696039,duel,5328.549,5335.791,7.242000000000189,7.242000000000189,55.78995004571787,102.85435525630152,102.74415318085734,47.064405210583644,0.9826468897006453,1,3,middle_third,1,1,0,1,1,55.58248223788495,4.493201446254083,51.08928079163087,7.054581716601703,3.414843433004098,2.065858026877579,0.9191615547678523,0.40085343839862625,0.5055240453454303,1.0627325580687124,18.06645348716811,6,3.2030007136326017,3.289950045717873,-25.841503733758508,0,0.015298000000257161
balanced_v2_scaled_tracking_coords,tracking,5544235,12046,1E,2229695834,duel,5667.459,5671.069,3.610000000000582,2.8852930000002743,76.86470204969228,108.92997071234603,106.86602634191308,32.06526866265375,0.8628945967773757,0,1,attacking_third,1,1,0,1,1,30.821366556454684,6.26844223029997,24.552924326154717,6.801364079266138,3.088235294117647,2.2023464637623684,0.7966202368471161,0.3617143124184983,0.2792610836568477,0.587073648694375,9.980252027804374,3,2.901932827861539,24.364702049692283,-12.58418235940475,0,0.005293000000165193
balanced_v2_scaled_tracking_coords,tracking,5544235,12046,1E,2229695853,duel,5859.825,5866.37,6.545000000000073,5.5592930000002525,27.640982252254524,55.854940357429555,55.854940357429555,28.21395810517503,0.5124049567653689,6,6,defensive_third,0,0,0,0,0,83.33626461571015,60.27685592447669,23.059408691233457,3.523209884069244,3.4722222222222223,1.0146844466119422,0.27670317115325094,0.24284702672493624,0.7541292237130298,1.5853601552885364,26.95112263990512,8,3.6051288249677924,-24.859017747745476,30.992182453058447,0,0.0007069999992381781
balanced_v2_scaled_tracking_coords,tracking,5544235,9905,1E,2229696365,interception,6149.002,6156.645,7.643000000000029,7.643000000000029,56.37107284580264,95.27820404998637,95.27820404998637,38.907131204183734,1.0000000000000004,0,3,middle_third,0,0,0,1,1,48.630937623439635,10.189369445028928,38.441568178410705,5.029643880467167,3.403646516533203,1.477722159465058,0.7904755708407778,0.4837023593500878,0.4421346626856012,0.9294729012655533,15.801039321514406,5,3.1946989593456765,-3.8710728458026367,0.44219675105421885,1,0.01770699999997305
balanced_v2_scaled_tracking_coords,tracking,5544235,9905,2E,2229696409,interception,6539.224,6544.031,4.806999999999789,4.806999999999789,16.82503662916463,58.92971940521794,55.33110172505403,42.10468277605331,0.915180985654033,3,3,defensive_third,0,0,0,0,0,88.62059784150827,46.097115254033326,42.523482587474945,8.846158224979574,3.4722222222222223,2.5476935687941173,0.4798374601751752,0.16751350611933788,0.8029586923800578,1.6880113874573004,28.696193586774108,9,3.7596423338690768,-35.67496337083537,8.87615887296866,0,0.010903000000325846
balanced_v2_scaled_tracking_coords,tracking,5544235,12046,2E,2229696081,duel,6757.028,6769.241,12.212999999999738,12.212999999999738,25.245233639367328,100.08346524174203,76.08908509403688,74.8382316023747,0.7701413988877852,2,5,defensive_third,0,0,0,1,1,85.83647506028422,6.273675621091664,79.56279943919255,6.514599151657599,3.4722222222222223,1.8762045556773885,0.9269113087800311,0.4394008213940412,0.7777327782891227,1.6349804773387469,27.794668114758696,9,3.639353805151895,27.254766360632672,-31.73448744718732,1,0.006903000000420434
balanced_v2_scaled_tracking_coords,tracking,5544236,664,2H,2230068368,interception,3700.54,3712.331,11.791000000000167,6.360901000000013,52.309400940344254,109.58347372722372,107.46746467678511,57.274072786879465,0.7450769452893987,0,4,middle_third,1,0,0,1,1,53.04713818738008,5.141525089549183,47.905613097830894,4.062896539549675,3.4722222222222223,1.1701142033903063,0.9030762965687684,0.6864344354320784,0.48064063830420667,1.0104216797596206,17.17716855591355,6,3.2527228437093676,0.19059905965574586,6.140003306644317,1,0.000901000000339991
balanced_v2_scaled_tracking_coords,tracking,5544236,664,2H,2230068489,duel,4128.068,4135.051,6.983000000000175,3.5929009999999835,22.433128809406625,63.503317949881705,63.503317949881705,41.07018914047508,1.0,3,3,defensive_third,0,0,0,0,0,83.3715472046741,54.205535678371895,29.166011526302206,4.17671652961499,3.4722222222222223,1.2028943605291171,0.3498317172248311,0.25663253517797396,0.7613760970294726,1.6005948177907336,27.21011190244247,9,3.679526731294191,30.066871190593375,-11.555373862284316,1,0.007098999999470834
balanced_v2_scaled_tracking_coords,tracking,5544236,664,2H,2230068498,interception,4153.357,4163.659,10.30199999999968,10.30199999999968,53.484287030166996,100.1577378594013,96.85588664121909,46.6734508292343,0.9847529085496419,2,2,middle_third,0,0,0,1,1,55.27477782288295,7.495938971420635,47.77883885146232,4.637821670691497,3.458779354153431,1.3408839349992732,0.8643877141317531,0.5742632176710639,0.5019719573195492,1.0552652187225684,17.939508718283662,6,3.2359387567119002,-0.9842870301669961,-20.035777513709135,1,0.016098999999485386
balanced_v2_scaled_tracking_coords,tracking,5544237,4687,1H,2230121920,interception,21.475,27.235,5.759999999999998,5.759999999999998,44.065564189840444,86.16024911892374,86.16024911892374,42.0946849290833,1.0,1,1,middle_third,0,0,0,0,1,68.25777081280823,29.369311041482195,38.88845977132604,6.751468710299662,3.4722222222222223,1.9444229885663025,0.5697294140761598,0.26060381231758256,0.6184585946333915,1.3001480154820615,22.102516263195046,7,3.3704919401451363,8.434435810159556,-30.759028086586227,1,0.004999999999999005
balanced_v2_scaled_tracking_coords,tracking,5544237,4687,1H,2230122041,interception,532.765,537.508,4.743000000000052,4.743000000000052,85.12817960665056,93.09362700230474,81.04307003035052,7.965447395654181,0.6296956361995434,0,2,attacking_third,0,0,0,1,1,34.08809216223428,11.952167803555543,22.13592435867874,4.66707239272159,3.088235294117647,1.5112424890717528,0.6493741055770442,0.4296955057000204,0.30885968471201514,0.6492969935663673,11.038048890628243,4,2.783883148476421,32.62817960665056,27.69672871505658,0,0.03499999999996817
balanced_v2_scaled_tracking_coords,tracking,5544237,4687,1H,2230122794,duel,2705.805,2713.409,7.604000000000269,7.604000000000269,14.907838486398845,67.78319429173732,67.78319429173732,52.87535580533847,0.7966896412246574,7,9,defensive_third,0,0,0,0,0,90.10124048571481,39.18440859020223,50.91683189551258,6.696058902618461,3.4722222222222223,1.9284649639541167,0.5651068911041823,0.26062838924170584,0.8163742516341319,1.7162141044898058,29.175639776326697,9,3.787030878765731,37.592161513601155,-1.2790507698347113,1,0.008322000000134722
balanced_v2_scaled_tracking_coords,tracking,5544237,4687,2H,2230123020,duel,3093.458,3098.486,5.027999999999793,5.027999999999793,61.8083527956991,79.27529587768083,75.65413148167133,17.466943081981732,0.552634912716731,3,3,middle_third,0,0,0,0,1,51.69193061284206,34.28710634277265,17.404824270069405,3.4615800059805335,3.2928960338248237,1.0512266316406524,0.336702925654424,0.3022698650780075,0.46544602669801943,0.9784789688049519,16.634142469684182,5,3.117023531490013,9.3083527956991,28.399600389126675,0,0.00467800000023999
balanced_v2_scaled_tracking_coords,tracking,5544237,9109,2H,2230123540,duel,4033.288,4044.629,11.340999999999894,11.340999999999894,29.66254737738839,79.69860649529956,55.004708899748174,50.036059117911165,0.5622359759847142,2,3,defensive_third,0,0,0,0,1,77.2449362836004,26.791590152208315,50.45334613139208,4.448756382276038,3.4722222222222223,1.2812418380954989,0.653160563770232,0.4534106461296113,0.6998880005547594,1.4713321196876266,25.012646034689652,8,3.576249323180166,-22.83745262261161,-17.060141083626416,0,0.0053219999999782885
balanced_v2_scaled_tracking_coords,tracking,5544237,9109,2H,2230123744,duel,4548.385,4554.192,5.806999999999789,5.806999999999789,26.72582821216683,78.6337293489565,78.6337293489565,51.907901136789675,1.0,3,3,defensive_third,0,0,0,0,1,78.79573417759413,34.57863919962604,44.21709497796809,7.614447215080023,3.4722222222222223,2.1929607979430465,0.561161025269581,0.22758283180048694,0.7139720972506023,1.5009402624604056,25.515984461826896,8,3.6182024541119024,25.77417178783317,9.051063778079296,1,0.011677999999847088
balanced_v2_scaled_tracking_coords,tracking,5544237,4687,2H,2230123667,interception,5265.141,5291.711,26.57000000000062,22.57000000000062,4.164930543262116,109.94241855166881,79.29894497476299,105.77748800840669,0.757726992406886,6,11,defensive_third,1,0,0,1,1,102.53912720773178,2.2268351253578325,100.31229208237394,3.775396766367016,3.4722222222222223,1.0873142687137005,0.9782830692439332,0.8012680830764379,0.927860359572396,1.9505845914513058,33.159938054672196,10,3.9405009922391128,48.335069456737884,-18.616159007116494,1,0.007677999999941676
balanced_v2_scaled_tracking_coords,tracking,5544238,1598,1H,2231104429,interception,26.161,36.78,10.619,10.619,25.871818208359954,69.593895344449,68.6578624792454,43.72207713608904,0.9630031076089737,4,4,defensive_third,0,0,0,0,0,84.77770606858238,38.26028474361449,46.517421324967884,4.380583983893764,3.4722222222222223,1.261608187361404,0.548698749731879,0.38704410974352216,0.7677009335570651,1.6138911382412116,27.436149350100596,9,3.630402597023429,-26.628181791640046,-30.430088606511077,0,0.0010000000000012221
balanced_v2_scaled_tracking_coords,tracking,5544238,1598,1H,2231104436,duel,44.381,55.3,10.918999999999997,10.918999999999997,62.661696062531284,101.76361330497102,100.77587383295393,39.10191724243973,0.8036559989273433,3,4,middle_third,1,1,0,1,1,47.61337626728742,3.6598924126227548,43.95348385466467,4.025412936593523,3.28404266550868,1.2257492811744601,0.9231331046116705,0.7082136118046741,0.43140731701850255,0.9069214527102366,15.417664696074022,5,3.10483291339241,10.161696062531284,-21.78305807890184,0,0.01899999999999835
balanced_v2_scaled_tracking_coords,tracking,5544238,1598,1H,2231104481,duel,535.229,538.941,3.711999999999989,3.711999999999989,72.21987982321673,85.01898936242365,85.01898936242365,12.799109539206924,1.0,1,2,attacking_third,0,0,0,0,1,45.7337233928269,33.57266618337699,12.161057209449915,3.2761468775457843,3.1070392625330236,1.0544272539623123,0.26591006170639747,0.2506581262430661,0.4143764725989639,0.8711185408157506,14.80901519386776,5,2.968287431096904,19.719879823216736,-31.89102031242102,0,0.010999999999967258
balanced_v2_scaled_tracking_coords,tracking,5544238,1598,1H,2231104521,duel,765.626,771.677,6.051000000000045,6.051000000000045,70.40494692121993,96.0451204368949,96.0451204368949,25.640173515674974,0.9476934607108776,2,3,attacking_third,0,0,0,1,1,37.985453071971094,15.906002957429964,22.07945011454113,3.648892763930089,3.14064913108852,1.1618275750100797,0.5812606755724926,0.4919491608879826,0.34417224066443797,0.7235324394661161,12.300051470923973,4,2.9942150439825723,17.90494692121993,15.686839948163819,0,0.014000000000010004
balanced_v2_scaled_tracking_coords,tracking,5544238,3148,1H,2231105743,duel,925.893,945.81,19.916999999999916,19.916999999999916,34.96003448882766,103.8454836621732,101.35929926104342,68.88544917334553,0.7968550338990631,5,7,defensive_third,0,0,0,1,1,75.91086689484521,6.310738826417939,69.60012806842727,3.494508614170184,3.4722222222222223,1.006418480881013,0.9168664634648445,0.811092942833719,0.687103579608251,1.4444562064625168,24.555755509862784,8,3.5005709358738906,17.53996551117234,29.272221369767877,1,0.013000000000033651
balanced_v2_scaled_tracking_coords,tracking,5544238,1598,1H,2231104558,interception,946.635,971.063,24.427999999999997,21.565000000000055,4.900273803744085,109.06241994703436,109.06241994703436,104.16214614329027,0.9466272091686102,2,5,defensive_third,1,1,0,1,1,100.2910640263665,2.335476971064575,97.95558705530192,4.009971633179218,3.4722222222222223,1.1548718303556147,0.9767130103390809,0.75220472030163,0.9087005006673212,1.9103059814546,32.4752016847282,10,3.9299960885179415,-47.599726196255915,6.19211910216044,0,0.0049999999999954525
balanced_v2_scaled_tracking_coords,tracking,5544238,3148,1H,2231105796,interception,1172.134,1177.071,4.936999999999898,4.936999999999898,66.22178438810063,89.33019882934045,80.29242214098049,23.108414441239816,0.7594863430367901,1,1,middle_third,0,0,0,1,1,44.58518614722047,16.020302177597745,28.564883969622723,5.785878867657143,3.2225180495025825,1.7954527418551565,0.6406810521167582,0.34033917399682606,0.40590097746571835,0.8533010211412944,14.506117359402005,5,3.0539745087414194,-13.72178438810063,-22.00201849238711,1,0.014000000000123691
balanced_v2_scaled_tracking_coords,tracking,5544238,3148,1H,2231106001,interception,2486.497,2494.247,7.75,7.75,30.641404967562725,92.714965444781,92.714965444781,62.07356047721828,1.0000000000000002,2,2,defensive_third,0,0,0,0,1,77.84354315631553,24.10635506870911,53.73718808760643,6.933830720981474,3.4722222222222223,1.9969432476426645,0.6903229980127988,0.30715644109611856,0.7060102170338924,1.4842024842920911,25.23144223296555,8,3.5622656433205324,21.858595032437275,-23.030774106207375,1,0.016999999999825377
balanced_v2_scaled_tracking_coords,tracking,5544238,1598,1H,2231104811,duel,2558.587,2567.517,8.929999999999836,8.929999999999836,58.14348227364984,103.86159089055269,103.33217791734214,45.71810861690285,0.6623527767230337,2,2,middle_third,0,0,0,1,1,53.84991936882284,2.012726211766295,51.83719315705655,5.804836859692889,3.3677132912287067,1.7236731151703832,0.9626234127115223,0.5121259511567017,0.48791434377921844,1.0257127498823397,17.437116747999774,6,3.1693788246621453,5.643482273649838,-26.538284846405453,0,0.012999999999919964
balanced_v2_scaled_tracking_coords,tracking,5544238,1598,2H,2231104943,interception,3220.542,3226.02,5.4780000000000655,5.4780000000000655,49.42007211589877,99.0446980946131,99.0446980946131,49.62462597871433,0.9949309813551321,2,3,middle_third,0,0,0,1,1,55.99725294646154,7.812717981704994,48.18453496475655,8.7960085733399,3.4722222222222223,2.5332504691218913,0.8604803348268769,0.3021104081186125,0.5073705447483003,1.0666143418373628,18.132443811235166,6,3.2939989697728747,-3.079927884101231,6.823778568220298,0,0.018000000000029104
balanced_v2_scaled_tracking_coords,tracking,5544238,3148,2H,2231106190,interception,3580.958,3586.132,5.173999999999978,4.333999999999833,78.28177732881731,110.16483384253465,92.14236455247803,31.883056513717335,0.6117089165399469,2,3,attacking_third,1,1,0,1,1,27.077506046578634,5.538232268912335,21.5392737776663,4.16298294891117,3.0882352941176467,1.348013526314093,0.7954674164088271,0.5901034380447898,0.2453393384567112,0.5157620199348312,8.76795433889213,3,2.88168889530261,-25.78177732881731,4.396352009973938,1,0.0019999999999527063
balanced_v2_scaled_tracking_coords,tracking,5544238,3148,2H,2231106252,interception,4047.253,4053.441,6.187999999999647,6.187999999999647,35.751573276848404,88.69595334354598,88.69595334354598,52.944380066697576,0.9304373188486194,3,3,middle_third,0,0,0,1,1,69.85812566280768,21.94380721968134,47.91431844312634,7.743102527978196,3.4722222222222223,2.2300135280577202,0.6858803895541077,0.2738617874167317,0.632248455528935,1.3291376041670446,22.59533927083976,7,3.489263238902166,16.748426723151596,9.209403753171685,1,0.013000000000374712
balanced_v2_scaled_tracking_coords,tracking,5544238,1598,2H,2231105136,duel,4345.146,4355.045,9.899000000000342,9.899000000000342,31.925534335819883,91.7087982769583,84.22787404421383,59.78326394113842,0.8881424020237645,3,4,defensive_third,0,0,0,0,1,75.3439958721855,29.29555045659108,46.04844541559442,4.651828004403761,3.4722222222222223,1.3397264652682832,0.6111760450522372,0.4057448881305914,0.6826642775804241,1.4351237308987714,24.397103425279113,8,3.543920938059716,-20.574465664180117,18.353206310682282,0,0.014000000000123691
balanced_v2_scaled_tracking_coords,tracking,5544238,3148,2H,2231106429,duel,5182.968,5191.486,8.518000000000029,5.9520000000002256,74.31355001173452,108.50490579703023,108.50490579703023,34.19135578529571,0.8017786011671335,2,3,attacking_third,0,0,0,1,1,40.19443810189735,3.74278802167204,36.451650080225306,4.279367231770977,3.088235294117647,1.3856998655258401,0.9068829370823979,0.6501292459704932,0.3666121407732905,0.7707064812650416,13.102010181505706,4,2.938377856975221,-21.813550011734513,-25.96025118223894,1,0.007999999999810825
balanced_v2_scaled_tracking_coords,tracking,5544238,3148,1E,2231106516,interception,5461.935,5467.224,5.28899999999976,5.28899999999976,37.29719730714617,56.91287373360956,56.91287373360956,19.615676426463388,0.8181299879968564,1,2,middle_third,0,0,0,0,0,69.49102037590217,48.32843542727188,21.16258494863029,4.001245027156599,3.4722222222222223,1.1523585678211004,0.30453697231892957,0.23533680138078816,0.6288580592575264,1.3220101795953434,22.474173053120836,7,3.4671828956121975,15.20280269285383,15.663091023694989,1,0.015000000000327418
balanced_v2_scaled_tracking_coords,tracking,5544238,3148,2E,2231106679,interception,6473.848,6489.023,15.175000000000182,11.311999999999898,40.42653171938241,109.99424684799365,109.99424684799365,69.56771512861124,0.9220658543679486,2,7,middle_third,1,0,0,1,1,64.83815319299491,9.396712818726838,55.44144037426807,3.6534721828182803,3.4722222222222223,1.0521999886516646,0.8550743296041001,0.7186447857697096,0.5908582874005958,1.242125562585783,21.116134563958312,7,3.4224781182945367,12.07346828061759,5.852632201868744,1,0.007999999999810825
balanced_v2_scaled_tracking_coords,tracking,5544238,3148,2E,2231106725,duel,6890.276,6899.194,8.918000000000575,8.918000000000575,6.887875465698713,82.65006494895877,82.65006494895877,75.76218948326006,0.9575389925244809,2,3,defensive_third,0,0,0,0,1,100.84985718475782,22.353984531583706,78.49587265317412,8.801959256915122,3.4722222222222223,2.534964265991555,0.7783439148492693,0.2730879658311049,0.9137635202666166,1.9209496606620537,32.65614423125491,10,3.901601779061447,45.61212453430129,-23.33890986211233,1,0.0039999999999054126
balanced_v2_scaled_tracking_coords,tracking,5544239,9905,1H,2231117252,duel,1059.425,1076.095,16.670000000000073,16.670000000000073,15.730106207274332,90.97915194482275,85.97862332545155,75.24904573754841,0.7838139550083386,6,8,defensive_third,0,0,0,1,1,94.24199011157096,14.451356221573558,79.7906338899974,4.786480737252372,3.4722222222222223,1.3785064523286832,0.8466569285679884,0.5462626828231699,0.8538920633622465,1.795085525934685,30.516453940889644,9,3.775284197038938,-36.76989379272567,30.20660130542518,0,0.015000000000100044
balanced_v2_scaled_tracking_coords,tracking,5544239,4418,1H,2231117385,interception,1149.565,1162.708,13.143000000000029,13.143000000000029,31.199443706038586,86.89929001510761,86.89929001510761,55.699846309069024,0.913771155314154,3,4,defensive_third,0,0,0,0,1,76.14252155147615,22.990036006901576,53.152485544574574,4.044166898316553,3.4722222222222223,1.1647200667151674,0.6980657385852508,0.5330618903019695,0.6898994255132087,1.450333743837641,24.655673645239894,8,3.5542936613423057,21.300556293961414,-18.739303053177878,1,0.03499999999985448
balanced_v2_scaled_tracking_coords,tracking,5544239,4418,1H,2231117418,duel,1188.392,1201.15,12.758000000000038,12.758000000000038,43.34092432271449,99.12817560436807,98.17310961171643,55.787251281653575,0.9853739587933863,6,7,middle_third,0,0,0,1,1,63.993946767549104,6.447733634599985,57.54621313294912,4.510598301689054,3.4722222222222223,1.2990523108864476,0.8992446323396702,0.6156786363789705,0.5798256507884072,1.2189323193818877,20.721849429492092,7,3.3808439382469357,9.159075677285507,-17.128444456829286,1,0.008000000000038199
balanced_v2_scaled_tracking_coords,tracking,5544239,4418,1H,2231117753,interception,1944.579,1960.371,15.792000000000144,15.792000000000144,38.329916761141654,97.65657385501768,94.38739150303829,59.32665709387603,0.7422362494552902,6,8,middle_third,0,0,0,1,1,66.90392276018655,7.9581538373240335,58.94576892286251,3.7326348102116245,3.4722222222222223,1.0749988253409477,0.8810510130198255,0.728209289489359,0.606805950570584,1.27565136819663,21.68607325934271,7,3.4524297605551193,14.170083238858346,5.588817551567203,1,0.019000000000005457
balanced_v2_scaled_tracking_coords,tracking,5544239,9905,1H,2231117754,duel,2604.023,2612.3,8.277000000000044,8.277000000000044,11.591199949143544,55.65400215480816,54.57499656552232,44.06280220566462,0.9633018787294934,2,3,defensive_third,0,0,0,0,0,96.83588066916127,58.425531690201076,38.410348978960194,4.640612417416937,3.4722222222222223,1.336496376216078,0.39665409880650265,0.2639654160500887,0.8773943531349314,1.8444929651268813,31.356380407156983,10,3.8344114292979494,-40.908800050856456,-25.533974583506577,0,0.016999999999825377
balanced_v2_scaled_tracking_coords,tracking,5544239,9905,2H,2231117985,interception,3032.522,3036.721,4.199000000000069,4.199000000000069,35.14926955360506,81.6148821382671,81.6148821382671,46.46561258466205,0.8349021681408495,1,2,middle_third,0,0,0,0,1,69.86227721793415,35.117677008945094,34.744600208989056,8.274493976896519,3.4722222222222223,2.3830542653461975,0.4973299124018515,0.18599950000245674,0.6316885549013782,1.3279605590162424,22.575329503276123,7,3.497867577805642,-17.35073044639494,-1.2701315603334464,0,0.0019999999999527063
balanced_v2_scaled_tracking_coords,tracking,5544239,4418,2H,2231118837,interception,5230.435,5245.266,14.830999999999221,14.830999999999221,26.544473884047747,101.61898423622117,101.27013533163924,75.07451035217342,0.9543356614974432,3,6,defensive_third,1,1,0,1,1,81.07038611636037,3.439741934966722,77.63064418139365,5.2343499549185974,3.4722222222222223,1.507492787016556,0.9575709195460146,0.5649611386001953,0.7345489966470216,1.5441978307878166,26.25136312339288,8,3.620793230227889,25.955526115952253,-20.423954732737023,1,0.005000000000109139
balanced_v2_scaled_tracking_coords,tracking,5544239,4418,2H,2231118870,interception,5283.7,5303.105,19.404999999999745,19.404999999999745,19.873750210564367,90.50937999794473,66.39550428129196,70.63562978738037,0.6814804901112387,4,9,defensive_third,0,0,0,1,1,87.91987247467024,16.368400018523953,71.55147245614629,3.6872699024038766,3.4722222222222223,1.0619337318923165,0.8138259353908901,0.6812620582874185,0.7970184138034941,1.6755234998771982,28.48389949791237,9,3.716089282706223,32.62624978943563,21.986940959326063,1,0.019999999999527063
balanced_v2_scaled_tracking_coords,tracking,5544239,4418,1E,2231119145,interception,5772.091,5792.132,20.040999999999258,20.040999999999258,23.69865023565596,94.36102045435959,91.0419698567841,70.66237021870363,0.7496789671301695,2,8,defensive_third,1,0,0,1,1,82.50459355190276,12.339694151993069,70.16489939990969,3.501067781044473,3.4722222222222223,1.008307520940808,0.8504362772936963,0.7502220648962412,0.747478086856648,1.571377873435617,26.713423848405487,8,3.6614478537763433,28.80134976434404,-14.039176744398823,1,0.011000000000422006
balanced_v2_scaled_tracking_coords,tracking,5544239,9905,2E,2231119296,duel,6579.365,6589.2,9.835000000000036,7.206008000000111,47.084855952794015,109.16556406801871,106.1901267830658,62.080708115224695,0.9565871887341229,1,4,middle_third,0,0,0,1,1,59.016605616644796,20.998586920813825,38.018018695830975,3.86558400567675,3.4722222222222223,1.113288193634904,0.6441918896994058,0.514648272300516,0.5347277904782431,1.1241258212694247,19.11013896158022,6,3.3273592006743713,-5.415144047205985,11.348824983317499,0,0.006008000000292668
balanced_v2_scaled_tracking_coords,tracking,5544239,4418,2E,2231119399,duel,6589.272,6606.727,17.454999999999927,14.915991999999278,-1.0719102789769437,58.325459768833504,56.60383002331957,59.39737004781045,0.7026350734126072,0,1,defensive_third,0,0,0,0,0,108.2501437623111,46.76949026244291,61.48065349986819,3.522237381831478,3.4722222222222223,1.0144043659674657,0.5679498554280312,0.4979683646165391,0.9808147992951889,2.061907500234497,35.05242750398645,11,4.0,53.571910278976944,21.60656090935546,1,0.019008000000212633
balanced_v2_scaled_tracking_coords,tracking,5544242,4418,2H,2233292364,duel,2758.727,2763.277,4.550000000000182,4.550000000000182,24.275318733084973,56.15253766236626,56.15253766236626,31.877218929281284,0.9720437937228829,1,1,defensive_third,0,0,0,0,0,86.09272351855111,58.582903843988916,27.509819674562195,6.046114214189251,3.4722222222222223,1.7412808936865043,0.3195371054632094,0.16321321958420876,0.7800545514658549,1.6398614003533545,27.877643806007026,9,3.6532097323845005,-28.224681266915027,29.92461991732999,0,0.0028369999999995343
balanced_v2_scaled_tracking_coords,tracking,5544242,4418,2H,2233292509,duel,3126.991,3134.086,7.0949999999998,7.0949999999998,70.57049180193249,101.86885862849081,101.86885862849081,31.298366826558322,0.9888457913259919,3,4,attacking_third,0,0,0,1,1,47.86867503103982,10.64439893267619,37.22427609836363,5.24655054240517,3.137583485149398,1.672162849925044,0.7776333076740902,0.4577321055482769,0.43372048536200086,0.9117842863055204,15.500332867193848,5,2.9918501171152503,18.07049180193249,33.25686417067155,0,0.018837000000075932
balanced_v2_scaled_tracking_coords,tracking,5544242,1598,2H,2233292565,interception,3331.905,3341.211,9.305999999999585,9.305999999999585,23.133280867430997,90.77001766751278,90.77001766751278,67.63673680008178,0.9056930208959889,4,5,defensive_third,0,0,0,1,1,82.51302116353925,20.66996132589724,61.84305983764201,6.645503958483212,3.4722222222222223,1.9139051400431648,0.7494945520788802,0.3499040428983761,0.7441885746970507,1.5644625314170624,26.595863034090062,8,3.6695245590367,29.366719132569003,-10.30722853165371,1,0.01516300000002957
balanced_v2_scaled_tracking_coords,tracking,5544242,4418,2H,2233293463,duel,3565.564,3573.111,7.5470000000000255,7.5470000000000255,54.99162513273594,103.57222593311917,103.48189120881462,48.58060080038323,0.9801658404849155,2,4,middle_third,0,0,0,1,1,58.199314590341075,4.928618174391382,53.27069641594969,7.058526091950379,3.426081016060446,2.060233269108966,0.9153148416079568,0.40046711767588483,0.5273226166274816,1.1085583731493538,18.845492343539014,6,3.2144053552466296,2.4916251327359404,29.771171658513545,0,0.005837000000155967
balanced_v2_scaled_tracking_coords,tracking,5544242,4418,2H,2233292906,duel,4199.651,4209.469,9.818000000000211,9.818000000000211,45.78042213035964,100.59802218824163,95.03298004520516,54.81760005788199,1.0,2,4,middle_third,0,0,0,1,1,62.94354182356484,10.855528112181009,52.08801371138384,5.305358903176076,3.4722222222222223,1.52794336411471,0.8275354738916693,0.4815389802382042,0.5705063589342048,1.1993409370079038,20.388795929134364,6,3.345993969566291,-6.719577869640361,-21.329112832850292,0,0.0011629999999058782
balanced_v2_scaled_tracking_coords,tracking,5544243,664,1H,2236457371,duel,398.951,402.791,3.839999999999975,2.9599999999999795,75.56542627259479,107.60839596348771,104.30270221399931,32.04296969089292,0.8337530532328669,0,1,attacking_third,1,1,1,1,1,33.780096094031805,1.576928787348297,32.20316730668351,8.386241486115551,3.0882352941176467,2.7155448621707503,0.953317812271502,0.35105949658641966,0.30606904544523483,0.643430401791082,10.938316830448395,4,2.920493910391503,23.065426272594795,16.574099119046267,0,0.008999999999957708
balanced_v2_scaled_tracking_coords,tracking,5544243,2413,1H,2236457500,duel,640.319,646.078,5.7590000000000146,5.7590000000000146,61.875475311624584,77.51011980202445,77.51011980202445,15.634644490399864,0.9966147594706697,0,1,middle_third,0,0,0,0,1,50.761890590277645,28.317236643524193,22.44465394675345,3.8973179278960575,3.2986023090439893,1.1815058508904002,0.4421555951868397,0.350364158072354,0.4599348490517381,0.9668931541005266,16.43718361970895,5,3.116064638405363,-9.375475311624584,-26.777694200603193,1,0.00100000000009004
balanced_v2_scaled_tracking_coords,tracking,5544243,2413,1H,2236457515,duel,751.174,761.443,10.269000000000005,10.269000000000005,64.46450502202173,103.09215663102923,101.18832656615575,38.6276516090075,0.6125994098572926,4,6,middle_third,1,1,0,1,1,44.6560572765624,3.927224988833758,40.72883228772864,3.966192646579864,3.252625612242876,1.2193818531254021,0.9120561637470187,0.7055128130566,0.407279132283567,0.8561982324776733,14.555369952120447,5,3.079078499685404,-11.964505022021726,18.735984051496196,1,0.014000000000010004
balanced_v2_scaled_tracking_coords,tracking,5544243,664,1H,2236457683,interception,1689.506,1696.216,6.709999999999809,6.709999999999809,55.112671199245455,103.91992044697571,103.91992044697571,48.807249247730255,0.9918727369232094,1,3,middle_third,1,1,0,1,1,54.07475590314058,7.932876386865661,46.14187951627492,6.876584130592583,3.4238394222361954,2.00844236033164,0.8532979714032343,0.38321132434969185,0.48995150504863244,1.029995350536011,17.50992095911219,6,3.212676125725065,2.6126711992454545,20.864650754557147,0,0.013999999999896318
balanced_v2_scaled_tracking_coords,tracking,5544243,664,2H,2236458251,duel,3341.062,3353.913,12.851000000000113,12.851000000000113,20.242060837370005,70.56404275811897,62.67187957869864,50.32198192074897,0.6040658614045559,5,6,defensive_third,0,0,0,0,1,85.66437312978988,40.95243941453227,44.71193371525761,3.479257156272447,3.4722222222222223,1.0020260610064646,0.5219431612195967,0.4632837469618401,0.7761734258989147,1.6317023453293311,27.738939870598628,9,3.710827702323286,-32.257939162629995,12.42886047165144,0,0.018000000000029104
balanced_v2_scaled_tracking_coords,tracking,5544243,664,2H,2236458370,duel,3518.294,3526.755,8.46100000000024,7.30600000000004,18.363444710762742,61.44892756691428,61.44892756691428,43.085482856151536,0.559014726125983,3,4,defensive_third,0,0,0,0,0,87.63168993667637,55.78835019723023,31.843339739446137,3.7635432855980655,3.4722222222222223,1.083900466252243,0.3633769902469813,0.2998315810172255,0.7896110742760126,1.6599514989862318,28.21917548276594,9,3.7376650755605323,-34.13655528923726,13.168916765350176,0,0.013999999999668944
balanced_v2_scaled_tracking_coords,tracking,5544243,2413,2H,2236458864,interception,4693.334,4700.898,7.564000000000306,7.564000000000306,59.20363559868364,92.53667150011832,75.3992962924597,33.33303590143468,0.6690553700197327,2,2,middle_third,0,0,0,1,1,47.2223121437659,12.471188141560546,34.75112400220535,4.5942786888159635,3.3511198544273637,1.370968180307305,0.7359047540155879,0.49321456138190256,0.4291257155774724,0.9021249803005763,15.336124665109796,5,3.154233777161662,-6.70363559868364,11.516934133053965,1,0.014000000000123691
balanced_v2_scaled_tracking_coords,tracking,5544244,2413,2H,2235713662,duel,4435.395,4451.326,15.930999999999585,15.930999999999585,17.512337589465815,89.98806264151891,89.98806264151891,72.4757250520531,0.7977363723519398,5,6,defensive_third,0,0,0,1,1,88.75713078466647,24.666542624602357,64.09058816006412,4.023010994919702,3.4722222222222223,1.1586271665368741,0.722089454598912,0.5543067473637446,0.8041957672382208,1.690612014946028,28.740404254082474,9,3.749823748721917,34.987662410534185,14.95784714010648,1,0.004999999999199645
balanced_v2_scaled_tracking_coords,tracking,5706350,1604,1H,2573005540,duel,111.87100000000001,117.25999999999999,5.388999999999982,5.388999999999982,85.18,104.71000000000001,103.02000000000001,19.53,0.9999999999999999,1,2,attacking_third,0,0,0,1,1,31.520985073439565,5.5268435838188825,25.99414148962068,4.823555667029276,3.0882352941176467,1.5619132636094801,0.8246614574087041,0.5279815957916671,0.2856000701142369,0.6003997156845632,10.206795166637574,4,2.783142857142857,-32.68,-24.509999999999998,1,0.00899999999998613
balanced_v2_scaled_tracking_coords,tracking,5706350,14501,1H,2573005518,duel,2659.77,2667.584,7.813999999999851,7.813999999999851,44.36,78.45,78.45,34.09,1.0,1,2,middle_third,0,0,0,0,1,66.57184464922089,37.483784494098245,29.088060155122648,3.7225569689177376,3.4722222222222223,1.0720964070483083,0.43694237869467045,0.3617602080555205,0.6043959180413222,1.2705849028950613,21.59994334921604,7,3.3662857142857145,-8.14,27.47,0,0.009999999999763531
balanced_v2_scaled_tracking_coords,tracking,5706350,14501,2H,2573005876,interception,4150.538,4154.627,4.089000000000851,3.9690000000009604,21.879999999999995,65.75999999999999,62.15,43.879999999999995,0.9190587287377531,0,3,defensive_third,0,0,0,0,0,83.14937462182141,40.3665517477032,42.78282287411821,10.462906058720788,3.4722222222222223,3.013316944911587,0.5145297011396938,0.15167293236409277,0.7543587595872379,1.5858426946435118,26.9593258089397,8,3.6874285714285717,-30.620000000000005,-2.210000000000001,0,0.018000000000029104
balanced_v2_scaled_tracking_coords,tracking,5706351,3763,1H,2573076636,interception,1685.245,1692.661,7.416000000000167,5.475000000000136,21.14,55.57,55.57,34.43,0.9976738477423451,3,5,defensive_third,0,0,0,0,0,83.95391890793425,49.544066244102325,34.40985266383193,4.639947770203769,3.4722222222222223,1.3363049578186854,0.4098659492187201,0.2714892249060528,0.764339024896601,1.6068236014472157,27.316001224602665,9,3.698,-31.36,3.969999999999999,0,0.004999999999881766
balanced_v2_scaled_tracking_coords,tracking,5706351,11950,1H,2573077424,interception,2504.755,2510.494,5.739000000000033,5.739000000000033,47.25,71.5,71.5,24.25,0.9525469767350367,2,2,middle_third,0,0,0,0,1,58.24793987773302,34.992314870554075,23.255625007178942,4.052208574172994,3.4722222222222223,1.1670360693618222,0.3992523178672811,0.30427483598808885,0.5277631924995905,1.1094845690996766,18.861237674694504,6,3.325,5.25,7.600000000000001,1,0.005000000000109139
balanced_v2_scaled_tracking_coords,tracking,5706351,3763,1H,2573076870,interception,2582.933,2589.519,6.585999999999785,6.585999999999785,79.95,104.2,82.94,24.25,0.5268615798520917,2,3,attacking_third,1,1,0,1,1,25.287825133846525,3.0548322376196047,22.23299289622692,3.3757960668429465,3.088235294117647,1.0931149168824779,0.8791975102069628,0.7953656110419443,0.23169882276545403,0.48708639062022413,8.28046864054381,3,2.8578571428571427,27.450000000000003,3.460000000000001,0,0.012999999999919964
balanced_v2_scaled_tracking_coords,tracking,5706351,11950,2H,2573077683,interception,3312.349,3316.278,3.9289999999996326,3.9289999999996326,53.39,78.19,78.19,24.799999999999997,0.9908453448764208,0,1,middle_third,0,0,0,0,1,60.72027832610783,37.57018099503914,23.150097331068693,5.892109272351962,3.455740740740741,1.705020635051744,0.38125808987135146,0.19982906543051857,0.5501641432489676,1.1565767300211016,19.661804410358727,6,3.237285714285714,-0.8900000000000006,31.989999999999995,1,0.01099999999951251
balanced_v2_scaled_tracking_coords,tracking,5706352,9910,1H,2573095598,duel,1028.445,1041.254,12.808999999999969,9.195000000000164,32.870000000000005,97.88,97.88,65.00999999999999,1.0000000000000004,4,6,defensive_third,1,0,0,1,1,73.35684357985967,18.329388969630166,55.027454610229505,4.295999266939623,3.4722222222222223,1.2372477888786115,0.750133892420331,0.5389144572494432,0.6650653194657369,1.3981265080193221,23.76815063632848,7,3.5304285714285712,-19.629999999999995,-13.36,0,0.004999999999881766
balanced_v2_scaled_tracking_coords,tracking,5706352,4425,1H,2573095866,interception,2630.187,2634.417,4.230000000000018,4.230000000000018,27.72,59.28,59.28,31.560000000000002,1.0,1,3,defensive_third,0,0,0,0,0,78.22928415881101,46.03896719084823,32.19031696796278,7.6100040113386855,3.4722222222222223,2.1916811552655413,0.4114867893027648,0.16698651195118194,0.7088068151642,1.4900816030249717,25.33138725142452,8,3.604,24.78,12.149999999999999,1,0.012999999999919964
balanced_v2_scaled_tracking_coords,tracking,5706352,4425,2H,2573096080,duel,3091.506,3103.799,12.29300000000012,9.853999999999814,38.11,94.77,94.77,56.66,0.9999999999999999,4,5,middle_third,0,0,0,1,1,68.02236176434924,10.270394344911985,57.75196741943726,4.697955537251826,3.4722222222222223,1.3530111947285257,0.8490144405674733,0.5581058270529722,0.6163256396959499,1.2956640336066523,22.02628857131309,7,3.4555714285714285,14.39,-12.36,1,0.014000000000123691
balanced_v2_scaled_tracking_coords,tracking,5706352,4425,2H,2573096672,interception,5584.075,5589.765,5.690000000000509,5.050000000001091,68.25999999999999,87.06,87.06,18.80000000000001,0.7615659850596361,2,3,middle_third,0,0,0,0,1,49.311050485667,28.63609610264639,20.674954383020612,3.6335596455217507,3.1803703703703707,1.142495754385551,0.4192762916099323,0.35635133809689507,0.44678931966438096,0.9392581044888954,15.96738777631122,5,3.024857142857143,-15.759999999999998,-32.89,1,0.005000000000109139
balanced_v2_scaled_tracking_coords,tracking,5706353,15880,1H,2573112129,interception,10.051,20.338,10.287,10.287,43.02,97.17,88.91,54.15,0.8514723779730775,2,4,middle_third,0,0,0,1,1,65.87303317746952,8.962058915227011,56.91097426224251,5.532319846626082,3.4722222222222223,1.5933081158283118,0.8639495028097128,0.48274317319917504,0.5962680093331428,1.2534980930929873,21.309467582580783,7,3.3854285714285712,9.479999999999997,-22.310000000000002,1,0.011000000000001009
balanced_v2_scaled_tracking_coords,tracking,5706353,15880,1H,2573112296,interception,695.047,707.123,12.076000000000022,9.592999999999961,18.870000000000005,66.62,61.03,47.75,0.6083173315912878,3,3,defensive_third,0,0,0,0,0,91.22159503100129,45.89172038614373,45.329874644857554,3.7537160189514305,3.4722222222222223,1.081070213458012,0.49692043456872664,0.40976253679448815,0.8246312049946222,1.7335721970423605,29.47072734972013,9,3.7304285714285714,33.629999999999995,-30.049999999999997,1,0.007000000000061846
balanced_v2_scaled_tracking_coords,tracking,5706353,15880,1H,2573112614,interception,1927.465,1936.925,9.460000000000036,6.8599999999999,54.61,88.97,88.97,34.36,0.8145138874111982,2,3,middle_third,0,0,0,1,1,50.66587115603559,17.89311040596352,32.772760750072074,3.4643510306629968,3.433148148148148,1.0090887084298066,0.64684096024209,0.5766150905089656,0.4590648522198508,0.965064212495916,16.406091612430572,5,3.2198571428571428,-2.1099999999999994,5.280000000000001,1,0.015000000000100044
balanced_v2_scaled_tracking_coords,tracking,5706353,13876,1H,2573112595,duel,1940.195,1953.02,12.825000000000045,7.9849999999999,6.230000000000004,56.9,55.23,50.669999999999995,0.8223942580265052,3,5,defensive_third,0,0,0,0,0,98.82679494954796,48.11303773406956,50.7137572154784,3.9542890616357287,3.4722222222222223,1.1388352497510899,0.5131579673444663,0.40076800696894527,0.8954332962943885,1.8824151418961517,32.00105741223458,10,3.911,-46.269999999999996,3.3500000000000014,0,0.005000000000109139
balanced_v2_scaled_tracking_coords,tracking,5706353,15880,1H,2573112665,interception,2189.541,2195.273,5.731999999999971,4.160000000000309,1.7600000000000051,66.75999999999999,66.75999999999999,64.99999999999999,1.0,2,2,defensive_third,0,0,0,0,0,103.25118885514104,45.02038649323215,58.230802361908886,10.158897830060917,3.4722222222222223,2.925762575057544,0.5639722216042017,0.17144368895081116,0.9355211046768472,1.966689311526496,33.433718295950435,10,3.9748571428571426,50.739999999999995,1.5200000000000031,1,0.13899999999966894
balanced_v2_scaled_tracking_coords,tracking,5706353,13876,2H,2573113025,interception,3367.211,3375.664,8.45300000000043,2.548999999999978,4.3700000000000045,82.43,82.43,78.06,0.9999999999999998,3,3,defensive_third,0,0,0,0,1,102.40799236387753,22.86163817402419,79.54635418985333,9.410428745989506,3.4722222222222223,2.710203478844978,0.7767592387438678,0.2543826081757261,0.9298060412148416,1.954674880030261,33.229472960514435,10,3.9375714285714287,-48.129999999999995,19.0,0,0.01099999999951251
balanced_v2_scaled_tracking_coords,tracking,5706354,7719,1H,2573624465,duel,1600.492,1608.559,8.067000000000007,8.067000000000007,86.01,104.47,82.19,18.459999999999994,0.3551643852346728,1,5,attacking_third,1,0,0,1,1,32.96033525314935,2.4175400720567173,30.542795181092636,3.786140471190357,3.088235294117647,1.2259883430521155,0.9266530496886944,0.7504012617587293,0.3008066352387005,0.6323675557961389,10.75024844853436,4,2.7712857142857144,-33.510000000000005,-26.939999999999998,1,0.011999999999943611
balanced_v2_scaled_tracking_coords,tracking,5706354,14628,1H,2573624511,duel,1651.927,1663.43,11.503000000000156,11.503000000000156,37.93,95.86,93.71,57.93,0.8923961997251978,3,4,middle_third,0,0,0,1,1,67.17812888135542,17.032604028744405,50.14552485261102,4.359343202000377,3.4722222222222223,1.2554908421761086,0.7464561113509725,0.5265845499334898,0.6112402117848188,1.284973246763511,21.844545194979688,7,3.458142857142857,-14.57,3.8099999999999987,0,0.006999999999834472
balanced_v2_scaled_tracking_coords,tracking,5706354,7719,1H,2573624518,interception,1771.262,1778.833,7.57100000000014,7.57100000000014,66.24000000000001,97.22,97.22,30.97999999999999,0.9997880605396935,4,4,middle_third,0,0,0,1,1,44.15974637608327,18.169887176314553,25.989859199768716,3.4328172235858188,3.2177777777777776,1.066828557053604,0.588541858425272,0.5294647576243373,0.40011524487106004,0.8411380262111099,14.299346445588869,5,3.0537142857142854,-13.740000000000002,-21.159999999999997,1,0.018000000000029104
balanced_v2_scaled_tracking_coords,tracking,5706354,7719,1H,2573624552,duel,1895.985,1903.574,7.589000000000169,7.589000000000169,72.09,103.62,103.62,31.53,0.8942180947859019,1,3,attacking_third,1,1,0,1,1,36.351914667593505,1.8157092278225626,34.53620543977094,4.550824277213094,3.1094444444444447,1.4635489903490384,0.950051895631203,0.6447148069466695,0.32937134907626053,0.6924174222398762,11.771096178077896,4,2.970142857142857,-19.590000000000003,-15.439999999999998,1,0.015000000000100044
balanced_v2_scaled_tracking_coords,tracking,5706354,7719,1H,2573624687,interception,2345.232,2351.376,6.144000000000233,6.144000000000233,60.45,91.06,91.06,30.61,0.8083287575213933,1,3,middle_third,0,0,0,0,1,48.31942259588788,27.861503907721854,20.457918688166025,3.329739369818563,3.325,1.0014253743815227,0.42338913813732226,0.39268096818429893,0.43780454351641757,0.9203699542073882,15.646289221525599,5,3.1364285714285716,-7.950000000000003,-18.71,1,0.007999999999810825
balanced_v2_scaled_tracking_coords,tracking,5706354,7719,1H,2573624751,duel,2570.842,2579.433,8.590999999999894,8.590999999999894,33.959999999999994,79.03,79.03,45.07000000000001,0.6170167144248119,2,3,defensive_third,0,0,0,0,1,71.45285508641345,31.26021273120194,40.19264235521151,4.678459126436039,3.4722222222222223,1.3473962284135792,0.5625057572101695,0.3719179647031542,0.6463466064252741,1.3587752922336278,23.099179967971672,7,3.514857142857143,18.540000000000006,-7.670000000000002,1,0.0019999999999527063
balanced_v2_scaled_tracking_coords,tracking,5706354,7719,2H,2573624972,interception,4324.372,4327.304,2.931999999999789,2.931999999999789,85.29,93.69,85.38,8.399999999999991,0.4950855440792874,0,2,attacking_third,0,0,0,1,1,22.455772086481456,12.926859634110679,9.528912452370777,3.24997014064511,3.0882352941176467,1.0523712836374643,0.4243413415345115,0.40322398390404446,0.20346350431073637,0.42772899212345633,7.271392866098758,3,2.7815714285714286,-32.790000000000006,10.759999999999998,1,0.012000000000625732
balanced_v2_scaled_tracking_coords,tracking,5706354,14628,2H,2573625474,interception,4501.411,4521.105,19.693999999999505,19.628999999999905,7.640000000000001,105.03,105.03,97.39,0.8767065571166862,7,8,defensive_third,0,0,0,1,1,97.40902268270635,6.01007487474158,91.39894780796477,4.640953986390122,3.4722222222222223,1.336594748080355,0.9383006346925542,0.6240801327401457,0.8830036255170752,1.8562849984484744,31.556844973624063,10,3.890857142857143,-44.86,-3.09,0,0.011000000000422006
balanced_v2_scaled_tracking_coords,tracking,5706354,7719,2H,2573624990,interception,4522.066,4535.615,13.548999999999978,3.229000000000269,0.21999999999999886,65.03,65.03,64.81,1.0,4,6,defensive_third,0,0,0,0,0,104.78439769354978,45.50454263037922,59.27985506317056,4.37521994709356,3.4722222222222223,1.2600633447629455,0.5657316963975797,0.3993199457267638,0.9494129469123957,1.9958932894009482,33.93018591981612,10,3.996857142857143,52.28,-0.9600000000000009,1,0.014000000000123691
balanced_v2_scaled_tracking_coords,tracking,5706356,3155,1H,2574366864,duel,1320.657,1323.937,3.2799999999999727,3.2799999999999727,83.62,96.29,96.29,12.670000000000002,1.0,0,2,attacking_third,0,0,0,1,1,30.98724414981106,18.560608826221188,12.42663532358987,3.788608330362797,3.0882352941176467,1.2267874593555725,0.4010242170459563,0.3257078416784493,0.28178283839822865,0.5923749808304131,10.070374674117023,3,2.805428571428571,31.120000000000005,-22.43,0,0.016999999999825377
balanced_v2_scaled_tracking_coords,tracking,5706356,3155,1H,2574366973,interception,1798.58,1803.388,4.807999999999993,4.807999999999993,29.22,53.33,53.33,24.11,0.9818932349130457,3,3,defensive_third,0,0,0,0,0,76.5814004834072,57.13294408657758,19.448456396829613,4.045020049257413,3.4722222222222223,1.164965774186135,0.25395796203862175,0.1940343944945643,0.6933534002872164,1.4575948256415299,24.779112035906007,8,3.5825714285714287,-23.28,-11.049999999999997,0,0.01999999999998181
balanced_v2_scaled_tracking_coords,tracking,5706356,3155,1H,2574367072,duel,2366.935,2374.604,7.668999999999869,7.668999999999869,66.73,87.49,87.49,20.75999999999999,0.8297466762223306,1,6,middle_third,0,0,0,0,1,44.05839080129913,19.29274734194174,24.765643459357392,3.2293184847252334,3.2131481481481483,1.005032552447482,0.562109577970041,0.5344818329890223,0.4014899698358948,0.8440280271753994,14.34847646198179,5,3.0467142857142857,14.230000000000004,21.83,0,0.01499999999987267
balanced_v2_scaled_tracking_coords,tracking,5706356,12052,2H,2574367281,interception,3535.894,3544.657,8.763000000000375,8.746000000000095,20.82,80.22,80.22,59.4,1.0000000000000007,1,3,defensive_third,0,0,0,0,1,89.63767288367096,24.936569531513356,64.7011033521576,7.383442126230154,3.4722222222222223,2.1264313323542843,0.7218070401729942,0.3014728837462007,0.8133425011248024,1.7098406391643253,29.06729086579353,9,3.7025714285714284,31.68,30.799999999999997,1,0.014000000000123691
balanced_v2_scaled_tracking_coords,tracking,5706357,5054,1H,2573695517,duel,1645.368,1650.449,5.081000000000131,3.951999999999998,84.3,105.95,105.3,21.650000000000006,0.9375134695142509,1,1,attacking_third,0,0,0,1,1,21.012427275305445,0.5166236541235785,20.495803621181867,4.033812954375387,3.088235294117647,1.3061870518929823,0.9754134233349265,0.7423730418983444,0.19151196508926116,0.40260399566355903,6.844267926280503,3,2.795714285714286,31.799999999999997,3.6099999999999994,0,0.008000000000038199
balanced_v2_scaled_tracking_coords,tracking,5706357,5054,2H,2573696627,interception,5426.26,5434.819,8.559000000000196,7.039000000000669,101.39,108.49000000000001,70.9,7.1000000000000085,0.4666007198191277,0,2,attacking_third,0,0,0,1,1,31.914827275108344,4.504053729697281,27.41077354541106,3.20256730288707,3.088235294117647,1.037021793315813,0.858872689772939,0.8274125735840067,0.28944751178804246,0.6084879591018068,10.344295304730714,4,2.5515714285714286,48.89,31.709999999999994,0,0.020000000000436557
balanced_v2_scaled_tracking_coords,tracking,5706358,1604,1H,2575165005,duel,386.593,393.758,7.164999999999964,4.246999999999957,26.819999999999993,60.56,60.56,33.74000000000001,0.9816959008875398,1,4,defensive_third,0,0,0,0,0,84.54386317172879,48.14076962409305,36.403093547635734,5.080682979432787,3.4722222222222223,1.4632366980766425,0.43058232947898717,0.26172456583167,0.7660208966603661,1.6103592985091197,27.376108074655036,9,3.616857142857143,-25.680000000000007,32.18000000000001,0,0.007000000000005002
balanced_v2_scaled_tracking_coords,tracking,5706358,1604,1H,2575163226,duel,733.844,745.461,11.616999999999962,10.875999999999976,50.71,109.32,109.32,58.60999999999999,0.6845729969060238,4,7,middle_third,1,1,0,1,1,54.63497963759116,2.5860007733950865,52.04897886419607,4.480414811413984,3.4722222222222223,1.2903594656872273,0.9526676720564602,0.6553249177145036,0.4960280293766309,1.0427696593007858,17.727084208113357,6,3.2755714285714284,-1.7899999999999991,6.130000000000003,0,0.004000000000019099
balanced_v2_scaled_tracking_coords,tracking,5706359,3763,1H,2575253149,duel,356.178,365.585,9.406999999999982,8.102000000000032,67.75999999999999,108.02000000000001,107.49000000000001,40.26000000000002,0.6198443621823032,2,6,middle_third,1,1,1,1,1,39.165731194502165,0.15811388300841672,39.007617311493746,4.146658585255004,3.197962962962963,1.2966562256284104,0.9959629533731107,0.7349666059369201,0.3581396852508075,0.7528953515800446,12.799220976860758,4,3.032,-15.259999999999998,12.129999999999999,1,0.01799999999997226
balanced_v2_scaled_tracking_coords,tracking,5706359,3763,1H,2575253274,interception,734.085,741.394,7.308999999999969,7.308999999999969,32.75,63.88,63.88,31.130000000000003,0.7894150355282343,4,4,defensive_third,0,0,0,0,0,74.07027001435867,44.57235017362221,29.497919840736458,4.035835249792938,3.4722222222222223,1.162320551940366,0.3982423695096322,0.3042396801989723,0.6722193605736072,1.413166014996484,24.023822254940228,8,3.532142857142857,19.75,-16.32,1,0.0049999999999954525
balanced_v2_scaled_tracking_coords,tracking,5706359,14501,1H,2575253123,duel,890.9639999999999,896.451,5.48700000000008,3.007000000000062,68.65,98.74,94.37,30.08999999999999,0.9027774761880993,1,2,middle_third,0,0,0,1,1,46.29569526424676,9.162079458288934,37.133615805957824,6.767562567150954,3.176111111111111,2.1307700928584428,0.8020965144600685,0.3646886689102791,0.42099952020184034,0.8850417723336623,15.04571012967226,5,3.019285714285714,16.150000000000006,-28.67,0,0.0039999999999054126
balanced_v2_scaled_tracking_coords,tracking,5706359,14501,1H,2575253327,duel,1359.6779999999999,1368.727,9.049000000000206,9.049000000000206,28.34,65.05,60.54,36.709999999999994,0.8743703274886679,1,4,defensive_third,0,0,0,0,0,80.39806278760702,46.91130567357937,33.48675711402765,3.7006030626618287,3.4722222222222223,1.0657736820466066,0.41651198987831173,0.34758848916915547,0.7284573218664263,1.5313916721448955,26.033658426463223,8,3.595142857142857,-24.16,-24.229999999999997,0,0.00200000000018008
balanced_v2_scaled_tracking_coords,tracking,5706359,14501,1H,2575253617,duel,1952.531,1962.926,10.394999999999982,10.394999999999982,2.6700000000000017,63.4,52.63,60.73,0.8398669763357584,1,2,defensive_third,0,0,0,0,0,104.88951234513392,42.01210420819219,62.87740813694173,6.048812711586517,3.4722222222222223,1.7420580609369167,0.599463251674263,0.30572888011780985,0.9513863993044808,2.000041958743539,34.000713298640164,11,3.9618571428571427,-49.83,-23.03,0,0.010999999999967258
balanced_v2_scaled_tracking_coords,tracking,5706359,3763,2H,2575253950,interception,3476.397,3482.5,6.1030000000000655,5.863000000000284,73.53,99.65,96.03,26.120000000000005,0.788868503898867,1,2,attacking_third,0,0,0,1,1,44.90302662404841,5.701175317423587,39.20185130662482,6.42337396470988,3.088235294117647,2.079949664763199,0.8730336071740373,0.41973785325878626,0.40684983423870785,0.8552957452199696,14.540027668739484,5,2.9495714285714287,-21.03,32.03,1,0.0029999999997016857
balanced_v2_scaled_tracking_coords,tracking,5706359,3763,2H,2575254163,interception,4380.839,4384.466,3.6270000000004075,3.6270000000004075,57.45,70.9,70.9,13.450000000000003,0.8339873319113177,1,3,middle_third,0,0,0,0,1,54.406581403355965,40.93175295537683,13.474828447979135,3.7151443198173757,3.3805555555555555,1.0989744906608507,0.24766908893025885,0.20587636868276105,0.4929580540478597,1.0363158362543994,17.61736921632479,6,3.1792857142857143,-4.950000000000003,26.439999999999998,1,0.0010000000002037268
balanced_v2_scaled_tracking_coords,tracking,5706359,3763,2H,2575254334,duel,5219.522,5223.862,4.3400000000001455,4.3400000000001455,31.69,57.55,57.55,25.859999999999996,1.0,1,2,defensive_third,0,0,0,0,0,74.6366947285315,56.81606286957941,17.820631858952083,4.106136373030297,3.4722222222222223,1.1825672754327254,0.23876501932151828,0.17933330426811406,0.6771699682606491,1.4235733774546826,24.200747416729605,8,3.547285714285714,20.81,14.009999999999998,1,0.001999999999497959
balanced_v2_scaled_tracking_coords,tracking,5706360,9910,1H,2575148488,duel,385.279,396.776,11.497000000000014,11.497000000000014,54.52,98.63,97.25999999999999,44.10999999999999,0.8135818599979078,3,6,middle_third,0,0,0,1,1,52.53506352903744,11.190035746144869,41.34502778289257,3.596157935365097,3.434814814814815,1.046972873138426,0.7869987205790689,0.6758427380000387,0.47600091787714377,1.0006678767435702,17.011353904640693,6,3.221142857142857,2.020000000000003,-14.55,0,0.0009999999999763531
balanced_v2_scaled_tracking_coords,tracking,5706360,9910,1H,2575148765,duel,1388.444,1401.237,12.79300000000012,9.43600000000015,39.769999999999996,90.59,90.59,50.82000000000001,0.9390791937898817,2,6,middle_third,1,0,1,1,1,65.87001214513324,16.910665273725925,48.95934687140732,3.827041887861085,3.4722222222222223,1.1021880637039925,0.7432721700966719,0.5965311351085489,0.6000786761213118,1.2615090268972757,21.445653457253687,7,3.431857142857143,-12.730000000000004,9.159999999999997,0,0.0039999999999054126
balanced_v2_scaled_tracking_coords,tracking,5706360,9910,1H,2575148834,interception,1747.29,1759.601,12.31100000000015,9.670000000000073,31.42,84.35,84.35,52.92999999999999,0.9444938475567556,3,5,defensive_third,1,0,1,0,1,74.07855830130605,23.40647132739149,50.67208697391456,4.1160008913909465,3.4722222222222223,1.1854082567205926,0.6840317648706344,0.5100775116146011,0.6753455849720834,1.4197380870525604,24.13554747989353,8,3.551142857142857,-21.08,8.579999999999998,0,0.009999999999990905
balanced_v2_scaled_tracking_coords,tracking,5706360,9910,1H,2575150396,duel,2393.525,2404.394,10.868999999999687,10.868999999999687,38.94,95.66,95.66,56.72,0.9060147011767685,4,5,middle_third,0,0,0,1,1,68.76856622033064,10.367526223743061,58.40103999658758,5.373175084790621,3.4722222222222223,1.5474744244196987,0.8492403318323362,0.4870458253853924,0.6244370652587232,1.3127161918912689,22.31617526215157,7,3.443714285714286,-13.560000000000002,-19.11,0,0.005000000000109139
balanced_v2_scaled_tracking_coords,tracking,5706360,9910,2H,2575149440,interception,3575.437,3586.497,11.059999999999945,3.1230000000000473,65.15,107.88,107.87,42.72999999999999,0.8296195959342942,2,2,middle_third,0,0,0,1,1,43.12705183524604,3.526045944113605,39.60100589113244,3.5805611113139815,3.237962962962963,1.1058066915124678,0.918240505806337,0.7919827787770725,0.3907583788790063,0.8214676540046866,13.964950118079672,5,3.0692857142857144,12.650000000000006,16.49,0,0.0029999999997016857
balanced_v2_scaled_tracking_coords,tracking,5706360,13876,2H,2575150030,interception,5205.278,5213.075,7.796999999999571,3.917000000000371,38.849999999999994,93.16,84.03999999999999,54.31,0.8623722024179288,1,2,middle_third,0,0,0,1,1,73.02811855716948,11.941025919074125,61.087092638095356,7.834691886379212,3.4722222222222223,2.256391263277213,0.8364872852403258,0.3297219079988202,0.6616809637022715,1.3910117820413235,23.6472002947025,7,3.4450000000000003,13.650000000000006,30.94,1,0.001999999999497959
balanced_v2_scaled_tracking_coords,tracking,5706361,15880,1H,2575161283,interception,1171.772,1180.707,8.935000000000173,8.935000000000173,67.94,89.13,67.88,21.189999999999998,0.5879330627222528,0,3,middle_third,1,0,0,1,1,48.3160801390179,19.716665539588583,28.599414599429316,3.200829837652911,3.193703703703704,1.0022313071625721,0.5919233207069237,0.5696498844986094,0.4388897654924322,0.9226513505865739,15.685072959971755,5,3.0294285714285714,-15.439999999999998,31.0,1,0.011999999999943611
balanced_v2_scaled_tracking_coords,tracking,5706361,15880,1H,2575161474,interception,1827.428,1835.353,7.9249999999999545,2.9320000000000164,10.620000000000005,54.21,54.21,43.589999999999996,0.7039790543548892,1,2,defensive_third,0,0,0,0,0,98.55747815361349,61.34316669360982,37.21431146000367,4.695812171609323,3.4722222222222223,1.352393905423485,0.3775899318568274,0.2483247863519415,0.8929931157092126,1.8772852981640664,31.91385006878913,10,3.8482857142857143,41.879999999999995,-28.39,1,0.011999999999943611
balanced_v2_scaled_tracking_coords,tracking,5706361,4425,1H,2575161481,interception,2186.916,2195.28,8.364000000000033,4.844000000000051,46.24,100.37,97.84,54.13,0.8462241076150726,2,3,middle_third,0,0,0,1,1,62.00946460017212,14.328660090880792,47.680804509291335,5.7007178992457135,3.4722222222222223,1.6418067549827655,0.7689278534612438,0.41654931495616243,0.5618449866428284,1.1811326590508975,20.07925520386526,6,3.3394285714285714,-6.259999999999998,-19.810000000000002,0,0.0039999999999054126
balanced_v2_scaled_tracking_coords,tracking,5706361,4425,2H,2575161706,duel,3020.261,3026.167,5.905999999999949,3.53899999999976,96.64,99.36,96.02,2.719999999999999,0.9113606869879826,3,3,attacking_third,0,0,0,1,1,32.22334557428822,8.570285876212065,23.653059698076152,4.004920368790443,3.0882352941176467,1.2968313575130959,0.734034882987119,0.5660218491282946,0.2919639006804609,0.6137780109388232,10.434226185959995,4,2.619428571428571,44.14,-31.12,0,0.018999999999778083
balanced_v2_scaled_tracking_coords,tracking,5706361,4425,2H,2575161778,interception,3407.335,3413.795,6.460000000000036,6.460000000000036,60.43,87.63,85.82,27.199999999999996,0.5999789957875689,0,2,middle_third,1,0,0,0,1,45.27698974092691,23.004897304704496,22.27209243622241,3.447692327588589,3.325740740740741,1.0366689998874314,0.4919075354537132,0.4411309327705495,0.4097641090576787,0.8614222485224265,14.644178224881252,5,3.1367142857142856,7.93,-7.969999999999999,0,0.015000000000327418
balanced_v2_scaled_tracking_coords,tracking,5706362,12052,1H,2576070402,interception,2165.791,2179.395,13.603999999999814,13.603999999999814,8.950000000000003,89.97,89.97,81.02,0.9997185766299496,5,6,defensive_third,0,0,0,1,1,96.45045826744422,15.044926054986115,81.4055322124581,5.983940915352779,3.4722222222222223,1.7233749836216004,0.8440139494903326,0.43558479343541595,0.873902182293902,1.8371515860465566,31.23157696279146,10,3.8721428571428573,43.55,-8.780000000000001,1,0.009000000000014552
balanced_v2_scaled_tracking_coords,tracking,5706363,5054,1H,2576115801,interception,178.046,188.601,10.555000000000007,10.555000000000007,25.12,65.21,65.17,40.08999999999999,0.9982203253801045,3,5,defensive_third,0,0,0,0,0,85.01201385686613,44.6464623458567,40.365551511009436,3.8243061592619054,3.4722222222222223,1.1014001738674288,0.4748217302435925,0.3828893777641274,0.7713541667977406,1.6215711090414764,27.566708853705098,9,3.641142857142857,-27.38,-29.090000000000003,0,0.006000000000000227
balanced_v2_scaled_tracking_coords,tracking,5706363,14628,1H,2576115902,interception,532.091,537.184,5.092999999999961,5.092999999999961,24.709999999999994,54.26,53.82,29.550000000000004,0.6116051957462612,1,2,defensive_third,0,0,0,0,0,80.35294954138274,51.618000736177294,28.73494880520545,5.642047674299169,3.4722222222222223,1.6249097301981608,0.35760913531128813,0.19652357667865655,0.7251501264244378,1.5244391556336463,25.915465645771988,8,3.6470000000000002,27.790000000000006,3.1799999999999997,1,0.010999999999967258
balanced_v2_scaled_tracking_coords,tracking,5706363,5054,1H,2576115980,interception,665.651,673.428,7.777000000000044,7.777000000000044,44.82,103.98,103.98,59.160000000000004,0.9999999999999997,2,4,middle_third,0,0,0,1,1,61.39227964491952,11.93367085183767,49.45860879308185,6.359599947676684,3.4722222222222223,1.831564784930885,0.8056160982967305,0.3884811517484559,0.560158662888088,1.1775876028382246,20.018989248249817,6,3.3597142857142854,-7.68,12.14,0,0.010999999999967258
balanced_v2_scaled_tracking_coords,tracking,5706363,14628,1H,2576116678,interception,2526.676,2535.8,9.124000000000251,8.003999999999905,37.72,107.93,107.02000000000001,70.21000000000001,0.9920646691185651,1,3,middle_third,0,0,0,1,1,70.11890543926081,17.73007050183388,52.388834937426935,5.7418714311075725,3.4722222222222223,1.6536589721589807,0.7471427942184263,0.40184681502106495,0.635321652008295,1.3355981988430632,22.705169380332073,7,3.461142857142857,14.780000000000001,-19.75,1,0.0039999999999054126
balanced_v2_scaled_tracking_coords,tracking,5706363,14628,2H,2576116831,interception,3231.511,3244.534,13.023000000000138,6.609000000000378,16.4,83.6,83.6,67.19999999999999,0.9603869028347611,4,5,defensive_third,0,0,0,0,1,89.91475073646149,39.09864703541543,50.81610370104605,3.9020274668698085,3.4722222222222223,1.1237839104585048,0.5651587007118235,0.4472913276840753,0.8146845365018718,1.7126619187897425,29.115252619425622,9,3.7657142857142856,36.1,-15.32,1,0.0090000000004693
balanced_v2_scaled_tracking_coords,tracking,5706363,5054,2H,2576116522,interception,3524.418,3531.612,7.19399999999996,4.062000000000353,19.659999999999997,55.26,55.26,35.6,0.9996631787997028,2,3,defensive_third,0,0,0,0,0,88.1176378485034,60.96417062504829,27.153467223455117,3.7744602757096564,3.4722222222222223,1.087044559404381,0.3081501942907142,0.25090911351063094,0.8022743510218485,1.6865727381014524,28.67173654772469,9,3.7191428571428573,-32.84,21.950000000000003,0,0.018000000000029104
balanced_v2_scaled_tracking_coords,tracking,5706363,5054,2H,2576116742,duel,4335.848,4341.586,5.738000000000284,5.738000000000284,59.28,95.46000000000001,95.46000000000001,36.18000000000001,0.9337693538460393,0,1,middle_third,0,0,0,1,1,55.72020190200318,12.612458126788766,43.107743775214416,7.512677548834486,3.3455555555555554,2.2455695097811486,0.7736465824554857,0.3189581456440167,0.5033797683652064,1.0582247745490498,17.989821167333847,6,3.153142857142857,6.780000000000001,-31.85,0,0.007999999999810825
balanced_v2_scaled_tracking_coords,tracking,5706363,5054,2H,2576117014,interception,5376.601,5381.13,4.529000000000451,3.9190000000007785,104.15,106.65,106.65,2.5,0.982155646119551,2,2,attacking_third,0,0,0,1,1,33.350833572790954,15.51797022809362,17.832863344697333,3.937483626561174,3.0882352941176467,1.2749946981245708,0.5347051762821949,0.41937835276390517,0.3021796553808645,0.6352539728150658,10.799317537856119,4,2.512142857142857,51.65,33.34,0,0.0009999999992942321
balanced_v2_scaled_tracking_coords,tracking,5706364,670,1H,2576195039,interception,252.207,266.122,13.91500000000002,9.395000000000039,19.260000000000005,98.35,90.27,79.08999999999999,0.8278666203328386,3,6,defensive_third,1,1,0,1,1,85.74571534484974,8.399476174143237,77.34623917070651,5.558479279245878,3.4722222222222223,1.6008420324228128,0.9020420304342619,0.5001615330621239,0.778469915439193,1.6365301160875951,27.821011973489117,9,3.7248571428571426,-33.239999999999995,-0.990000000000002,0,0.007000000000005002
balanced_v2_scaled_tracking_coords,tracking,5706364,7719,1H,2576195309,interception,430.342,447.671,17.329000000000008,14.168999999999983,16.92,98.75,98.75,81.83,0.7501274789534041,6,7,defensive_third,0,0,0,1,1,90.4205728802909,23.28252778372658,67.13804509656433,3.8743173349047435,3.4722222222222223,1.115803392452566,0.742508512807692,0.591856783329778,0.819267605191078,1.7222966262912554,29.27904264695134,9,3.758285714285714,35.58,20.439999999999998,1,0.018000000000029104
balanced_v2_scaled_tracking_coords,tracking,5706364,670,1H,2576195116,duel,557.102,563.812,6.710000000000036,6.710000000000036,73.56,87.52,87.5,13.959999999999994,0.9672096243695291,2,5,attacking_third,1,0,0,0,1,40.989798730903765,17.535974452536138,23.453824278367627,3.495353841783532,3.0882352941176467,1.1318288630537152,0.5721868612320093,0.5055418534638078,0.371393513376552,0.7807580710648336,13.272887208102173,4,2.9491428571428573,21.060000000000002,-26.299999999999997,0,0.018000000000029104
balanced_v2_scaled_tracking_coords,tracking,5706364,670,1H,2576195143,interception,685.719,689.409,3.689999999999941,3.689999999999941,89.83,99.14,99.14,9.310000000000002,0.8672863282118437,1,1,attacking_third,0,0,0,1,1,26.31309369876526,7.116832160448913,19.19626153831635,5.202238899272807,3.0882352941176467,1.684534500716909,0.7295326713793875,0.4330767170805412,0.2384132788928035,0.501201784738386,8.520430340552561,3,2.7167142857142856,37.33,21.5,0,0.0009999999999763531
balanced_v2_scaled_tracking_coords,tracking,5706364,670,1H,2576195239,interception,1098.864,1110.911,12.047000000000025,10.975999999999885,32.25,108.24,108.24,75.99,0.9259376590518985,1,4,defensive_third,0,0,0,1,1,73.66743242437596,4.722478162998746,68.94495426137722,5.722997780474564,3.4722222222222223,1.6482233607766745,0.9358946279572503,0.5050260252578707,0.6674735518740488,1.4031891890357326,23.854216213607454,8,3.539285714285714,-20.25,11.59,0,0.016000000000076398
balanced_v2_scaled_tracking_coords,tracking,5706364,7719,1H,2576195667,duel,1356.82,1361.324,4.504000000000133,4.504000000000133,84.16,101.2,100.9,17.040000000000006,0.9102811957283553,1,3,attacking_third,0,0,0,1,1,21.239482102913904,7.2889231029007275,13.950559000013175,3.097371003555232,3.088235294117647,1.0029582297226465,0.6568219946426688,0.6559171859013228,0.1921402193357248,0.40392473648411803,6.866720520230007,3,2.797714285714286,-31.66,4.100000000000001,1,0.01999999999998181
balanced_v2_scaled_tracking_coords,tracking,5706364,670,1H,2576195623,interception,2647.985,2659.48,11.49499999999989,11.49499999999989,15.019999999999996,100.71,100.71,85.69,0.9837523456536084,4,6,defensive_third,0,0,0,1,1,91.56071209858516,7.964182318355103,83.59652978023006,7.272425383230174,3.4722222222222223,2.09445851037029,0.9130174707490271,0.38771285076572237,0.8295979879480309,1.7440135637825744,29.648230584303764,9,3.7854285714285716,-37.480000000000004,16.94,0,0.01499999999987267
balanced_v2_scaled_tracking_coords,tracking,5706364,7719,2H,2576196589,interception,4674.68,4683.822,9.141999999999825,7.880000000000109,39.57,106.11,105.57,66.53999999999999,0.9064080228401469,1,3,middle_third,0,0,0,1,1,70.2416358009977,8.492849933915002,61.748785867082695,6.754406679838533,3.4722222222222223,1.9452691237934976,0.8790909431839516,0.40193607020783506,0.6364336667450025,1.3379359200190037,22.744910640323063,7,3.4347142857142856,12.93,-25.55,1,0.0
balanced_v2_scaled_tracking_coords,tracking,5706364,670,2H,2576196199,duel,4900.321,4906.319,5.998000000000502,5.398000000000138,84.52,104.71000000000001,104.3,20.190000000000012,0.3048730765463782,2,5,attacking_third,0,0,0,1,1,23.998552039654395,3.4851111890440465,20.513440850610348,3.420046824042786,3.0882352941176467,1.107443733499569,0.8547782723188729,0.7980482082922915,0.2103033762369154,0.44210804027338885,7.515836684647611,3,2.7925714285714287,32.019999999999996,-12.510000000000002,0,0.0010000000002037268
balanced_v2_scaled_tracking_coords,tracking,5706366,15880,1H,2578686151,duel,1384.405,1388.342,3.9370000000001255,3.617000000000189,10.759999999999998,55.77,55.77,45.010000000000005,0.915363300981091,1,2,defensive_third,0,0,0,0,0,99.61189938958096,50.159196564538384,49.45270282504257,12.561011639583691,3.4722222222222223,3.617571352200103,0.4964537683558632,0.12255571909765657,0.8988779823336479,1.889656696556018,32.12416384145231,10,3.846285714285714,-41.74,32.27,0,0.004999999999881766
balanced_v2_scaled_tracking_coords,tracking,5706366,15880,1H,2578686173,interception,1643.307,1648.683,5.375999999999976,5.375999999999976,30.7,65.49,65.49,34.78999999999999,0.995876490969401,1,2,defensive_third,0,0,0,0,0,80.00128498968,43.97192399702338,36.02936099265662,6.701890065598359,3.4722222222222223,1.9301443388923274,0.450359778562361,0.20752607840384146,0.7248622639504472,1.5238339998034287,25.90517799665829,8,3.5614285714285714,-21.8,29.66,0,0.012999999999919964
balanced_v2_scaled_tracking_coords,tracking,5706367,13876,1H,2578763693,duel,2134.702,2139.923,5.220999999999549,5.220999999999549,80.02,101.0,101.0,20.980000000000004,0.8608482211218069,2,2,attacking_third,0,0,0,1,1,26.402706300680617,4.5699124718094986,21.832793828871118,4.181726456401648,3.088235294117647,1.354082852549105,0.826914998039739,0.6106827189215525,0.2392252257697972,0.5029086914415356,8.549447754506105,3,2.8568571428571428,-27.52,8.55,1,0.017999999999574356
balanced_v2_scaled_tracking_coords,tracking,5706368,11950,1H,2578779799,duel,185.55,200.278,14.72799999999998,14.72799999999998,34.61,99.02,95.47,64.41,0.9251797975742306,3,5,defensive_third,0,0,0,1,1,75.71764721648448,11.575223539958094,64.14242367652639,4.3551346874339,3.4722222222222223,1.254278789980963,0.8471264762511262,0.6006991907939585,0.6860497951929427,1.4422408993616092,24.518095289147354,8,3.505571428571429,-17.89,27.9,0,0.009999999999990905
balanced_v2_scaled_tracking_coords,tracking,5706368,14501,1H,2578779819,interception,243.656,249.892,6.23599999999999,6.23599999999999,31.760000000000005,64.99000000000001,64.99000000000001,33.230000000000004,1.0,1,3,defensive_third,0,0,0,0,0,79.21445575145991,44.283636932844615,34.93081881861529,5.601478322420678,3.4722222222222223,1.613225756857155,0.44096520625241464,0.24267354756044737,0.7190392172507032,1.5115925616919261,25.697073548762745,8,3.5462857142857143,20.739999999999995,30.18,1,0.016000000000019554
balanced_v2_scaled_tracking_coords,tracking,5706368,14501,1H,2578779943,interception,738.687,748.459,9.771999999999935,9.771999999999935,41.31,100.06,100.06,58.75,0.9985346972991166,2,4,middle_third,0,0,0,1,1,64.95170282602297,12.250212243059302,52.701490582963665,5.393112012173968,3.4722222222222223,1.5532162595061028,0.8113950564795471,0.46217729697004206,0.5916212441897567,1.243729480396828,21.143401166746074,7,3.4098571428571427,11.189999999999998,12.739999999999998,1,0.007000000000061846
balanced_v2_scaled_tracking_coords,tracking,5706368,11950,1H,2578780018,interception,1134.033,1137.793,3.759999999999991,3.759999999999991,53.31,74.01,74.01,20.700000000000003,1.0,1,2,middle_third,0,0,0,0,1,53.20116728042723,31.465578017891232,21.735589262535996,5.780741825142566,3.457222222222222,1.6720770183603757,0.4085547436951171,0.21826146491628404,0.48203623935129974,1.0133555672462329,17.22704464318596,6,3.2384285714285714,0.8100000000000023,12.59,0,0.007000000000061846
balanced_v2_scaled_tracking_coords,tracking,5706368,14501,1H,2578780368,interception,2054.093,2073.619,19.526000000000295,19.526000000000295,13.280000000000001,90.83,90.56,77.55,0.9976344160123131,2,7,defensive_third,1,1,0,1,1,95.17471565494692,14.633198556706594,80.54151709824033,4.124834430924875,3.4722222222222223,1.187952316106364,0.846249096138529,0.632279516588288,0.8641180617418662,1.8165830224768205,30.881911382105947,10,3.8102857142857145,39.22,25.41,1,0.012999999999919964
balanced_v2_scaled_tracking_coords,tracking,5706368,11950,1H,2578780396,interception,2513.952,2529.144,15.191999999999553,13.111999999999625,6.980000000000004,61.72,61.72,54.739999999999995,0.5949188616824173,2,3,defensive_third,0,0,0,0,0,99.17625925593282,45.26279819012519,53.91346106580763,3.548806020656215,3.4722222222222223,1.0220561339489898,0.543612568877793,0.47306150625385,0.8985996640387152,1.8890716048749108,32.11421728287348,10,3.9002857142857144,-45.519999999999996,-15.100000000000001,0,0.007999999999810825
balanced_v2_scaled_tracking_coords,tracking,5706368,14501,2H,2578780988,duel,4207.844,4217.022,9.177999999999884,9.177999999999884,12.600000000000001,59.33,59.33,46.73,0.7154178017392973,2,4,defensive_third,0,0,0,0,0,93.1290336039197,52.38006681935409,40.7489667845656,4.439852558789074,3.4722222222222223,1.2786775369312533,0.43755384553727966,0.3031180959216079,0.8472373625554849,1.781095751804912,30.278627780683504,9,3.82,39.9,11.630000000000003,1,0.0039999999999054126
balanced_v2_scaled_tracking_coords,tracking,5706368,14501,2H,2578781194,interception,5177.524,5182.336,4.811999999999898,4.811999999999898,5.75,63.98,62.48,58.23,0.9665393559532144,1,2,defensive_third,0,0,0,0,0,99.61931238469778,49.65964659560114,49.95966578909664,10.382307936221467,3.4722222222222223,2.9901046856317826,0.5015058284699704,0.14917376841457194,0.9026140057334557,1.8975107120894814,32.257682105521184,10,3.9178571428571427,46.75,8.57,1,0.0039999999999054126
balanced_v2_scaled_tracking_coords,tracking,5706369,1604,1H,2578750865,duel,1065.583,1070.765,5.182000000000016,5.182000000000016,32.379999999999995,68.18,68.18,35.80000000000001,1.0,1,2,defensive_third,0,0,0,0,0,79.9912245186933,45.09183185456098,34.89939266413232,6.73473420766735,3.4722222222222223,1.9396034518081968,0.43629026651513025,0.200062386723157,0.7247711097174024,1.5236423717846344,25.901920320338785,8,3.5374285714285714,-20.120000000000005,33.540000000000006,0,0.016999999999825377
balanced_v2_scaled_tracking_coords,tracking,5706369,3763,1H,2578750984,interception,1137.091,1141.979,4.888000000000147,4.888000000000147,77.8,102.99,102.99,25.189999999999998,0.9999999999999999,1,3,attacking_third,0,0,0,1,1,35.28088575985586,8.190463967322,27.090421792533864,5.5422303176213275,3.088235294117647,1.7946269599916678,0.7678498203511243,0.4266773675153053,0.320553483450736,0.6738801578323711,11.45596268315031,4,2.888571428571429,-25.299999999999997,-22.47,1,0.010999999999967258
balanced_v2_scaled_tracking_coords,tracking,5706369,3763,2H,2578752658,duel,5342.99,5349.242,6.2520000000004075,5.731999999999971,60.55,78.03999999999999,71.35,17.489999999999995,0.7531668569665332,1,4,middle_third,1,0,0,0,1,54.7879859093214,30.053286010018937,24.734699899302463,3.9562859723769757,3.323148148148148,1.1905235024149161,0.4514621132494342,0.35240658583034107,0.49641382021099906,1.0435806839870743,17.740871627780262,6,3.1350000000000002,-8.049999999999997,-32.03,1,0.010000000000218279
balanced_v2_scaled_tracking_coords,tracking,5706370,14628,1H,2579476755,duel,683.484,703.009,19.524999999999977,19.284999999999968,2.549999999999997,105.15,102.83,102.60000000000001,0.8138563389086612,8,10,defensive_third,0,0,0,1,1,104.30050862771476,10.575036642962521,93.72547198475225,4.800280255301017,3.4722222222222223,1.3824807135266928,0.8986099225967483,0.5710005453214743,0.956804986376798,2.0114331258967195,34.194363140244235,11,3.9635714285714285,49.95,19.560000000000002,1,0.004000000000019099
balanced_v2_scaled_tracking_coords,tracking,5706370,670,1H,2579476847,interception,1255.289,1264.788,9.499000000000024,9.499000000000024,50.85,97.74,97.74,46.88999999999999,0.9976841111089463,1,4,middle_third,1,1,0,1,1,58.463527946917466,8.175891388711085,50.28763655820638,5.293992689567982,3.4722222222222223,1.5246698945955788,0.8601539852994423,0.4984724314393151,0.5332190464665099,1.1209540801864373,19.056219363169433,6,3.2735714285714286,-1.6499999999999986,-22.04,0,0.009000000000014552
balanced_v2_scaled_tracking_coords,tracking,5706370,670,1H,2579477059,interception,1988.231,1993.955,5.723999999999933,5.56899999999996,78.17,106.34,106.34,28.17,0.8383939057981906,1,4,attacking_third,1,1,1,1,1,34.887517825147725,1.0728000745712098,33.81471775057651,5.907532800589957,3.088235294117647,1.9129153830481764,0.9692497448529309,0.5066872029166596,0.31610298706589957,0.6645241490504329,11.296910533857359,4,2.8832857142857145,25.67,22.3,0,0.009000000000014552
balanced_v2_scaled_tracking_coords,tracking,5706370,14628,2H,2579478016,interception,5172.212,5176.004,3.7919999999994616,3.7919999999994616,73.2,94.33,94.33,21.129999999999995,1.0,1,1,attacking_third,0,0,0,1,1,33.35633223242627,14.088608873838469,19.2677233585878,5.081150674733792,3.091111111111111,1.6437942513516939,0.5776331529597044,0.3499695014211578,0.30318453185525907,0.6373664637163575,10.835229883178078,4,2.954285714285714,-20.700000000000003,-10.07,1,0.012000000000625732
balanced_v2_scaled_tracking_coords,tracking,5706371,7719,1H,2579468114,duel,86.769,91.53,4.760999999999996,4.760999999999996,34.21,55.6,53.96,21.39,0.8001373088825067,2,3,defensive_third,0,0,0,0,0,73.50420532187256,50.886580745811564,22.617624576060997,4.750603775690195,3.4722222222222223,1.368173887398776,0.3077051779149117,0.20075433119768368,0.6635935683375187,1.395032534833016,23.715553092161272,7,3.511285714285714,-18.29,19.79,0,0.009000000000000341
balanced_v2_scaled_tracking_coords,tracking,5706371,5054,1H,2579468455,duel,342.565,349.106,6.540999999999997,6.540999999999997,61.66,90.05,90.05,28.39,1.0,2,3,middle_third,0,0,0,0,1,50.862363295466324,26.797762966337327,24.064600329128996,3.679039952473476,3.307592592592593,1.1123014245202827,0.4731317770142628,0.39560510344193833,0.4626485166372396,0.9725979329759162,16.534164860590575,5,3.119142857142857,-9.159999999999997,-26.619999999999997,1,0.0049999999999954525
balanced_v2_scaled_tracking_coords,tracking,5706371,7719,1H,2579468258,interception,715.979,726.399,10.419999999999959,5.100999999999999,79.4,108.72,107.3,29.319999999999993,0.7973701084936963,2,5,attacking_third,1,1,0,1,1,42.36062440521857,5.207475396005249,37.15314900921332,3.5655613252604095,3.0882352941176467,1.1545627148462279,0.8770680208537313,0.7563387373183298,0.38549636317674124,0.8104056373521559,13.77689583498665,5,2.8657142857142857,26.900000000000006,-33.75,0,0.019000000000005457
balanced_v2_scaled_tracking_coords,tracking,5706371,5054,1H,2579468682,duel,1006.906,1020.697,13.791000000000054,13.791000000000054,33.489999999999995,83.03999999999999,83.03999999999999,49.55,0.808574986988488,2,5,defensive_third,0,0,0,0,1,76.88785729879588,27.80187223911368,49.0859850596822,3.559276706524691,3.4722222222222223,1.025071691479111,0.6384101051083774,0.5539217041211997,0.6966526390056553,1.4645306152151596,24.897020458657714,8,3.521571428571429,19.010000000000005,-28.25,1,0.014000000000010004
balanced_v2_scaled_tracking_coords,tracking,5706371,7719,1H,2579468314,interception,1022.72,1035.125,12.404999999999973,11.399999999999864,31.84,94.05,80.1,62.209999999999994,0.5628060732718223,3,3,defensive_third,0,0,0,1,1,73.30636056987142,20.28863967840131,53.017720891470105,4.273899306043549,3.4722222222222223,1.230883000140542,0.7232349345857466,0.5225952908549437,0.6642020123989177,1.3963116299023126,23.737297708339316,7,3.5451428571428574,-20.66,-4.630000000000003,0,0.0
balanced_v2_scaled_tracking_coords,tracking,5706371,5054,2H,2579469256,duel,2958.472,2966.168,7.695999999999913,4.7280000000000655,84.93,108.31,107.77,23.379999999999995,0.7009445311800543,3,5,attacking_third,0,0,0,1,1,30.63865858682458,3.7610902674623468,26.877568319362233,3.492407525904696,3.0882352941176467,1.130874817911997,0.8772436379091442,0.775721259342261,0.27760563384094844,0.5835934968918968,9.921089447162245,3,2.7867142857142855,-32.43000000000001,23.15,1,0.007999999999810825
balanced_v2_scaled_tracking_coords,tracking,5706371,7719,2H,2579469333,interception,5407.652,5427.526,19.873999999999796,18.26800000000003,5.489999999999995,79.5,58.25,74.01,0.6261393332165088,4,7,defensive_third,1,0,0,0,1,99.73328932708478,25.50778116575411,74.22550816133067,3.7348046775350423,3.4722222222222223,1.0756237471300922,0.744240049256784,0.6153315239030598,0.9037431759638027,1.8998844982198164,32.29803646973688,10,3.9215714285714287,-47.010000000000005,-6.670000000000002,0,0.011999999999716238
balanced_v2_scaled_tracking_coords,tracking,5706373,3155,1H,2579547811,duel,934.586,938.132,3.5459999999999354,3.5459999999999354,57.84,86.46000000000001,86.46000000000001,28.620000000000005,1.0,1,2,middle_third,0,0,0,0,1,47.1796057635076,20.50534564448988,26.674260119017724,7.522351979418559,3.3733333333333335,2.2299462389580706,0.5653769184237161,0.2321105099485856,0.4274770817798395,0.8986591574001448,15.277205675802461,5,3.1737142857142855,-5.340000000000003,1.3599999999999994,1,0.014000000000010004
balanced_v2_scaled_tracking_coords,tracking,5706373,2420,1H,2579547803,duel,1077.044,1086.706,9.661999999999807,9.661999999999807,49.09,100.32,99.45,51.22999999999999,0.9840746214245496,3,7,middle_third,1,1,0,1,1,55.91377826618408,5.408003328401349,50.50577493778273,5.227258842660292,3.4722222222222223,1.505450546686164,0.9032795941162137,0.5330008289550835,0.5072336524351596,1.0663265614252073,18.127551544228524,6,3.2987142857142855,-3.4099999999999966,0.6499999999999986,0,0.004000000000132786
balanced_v2_scaled_tracking_coords,tracking,5706373,2420,1H,2579549566,duel,1209.334,1213.615,4.280999999999949,2.826000000000022,87.81,97.11,82.12,9.299999999999997,0.30088175548865004,1,2,attacking_third,1,0,0,1,1,27.433565207606538,14.161557117774864,13.272008089831674,3.100212120960484,3.0882352941176476,1.0038782105967279,0.4837872142900234,0.4722364342071343,0.2536615531856726,0.5332573075064891,9.065374227610315,3,2.7455714285714286,35.31,-21.380000000000003,0,0.014000000000123691
balanced_v2_scaled_tracking_coords,tracking,5706373,3155,1H,2579547891,duel,1280.423,1289.681,9.258000000000038,9.258000000000038,69.72999999999999,99.25999999999999,99.25999999999999,29.53,0.9975589321586674,2,3,middle_third,1,1,0,1,1,42.984390189928256,6.928347566339323,36.05604262358894,3.894582266535838,3.1531481481481483,1.2351409079282036,0.8388171255721871,0.6651457011862058,0.38946577410125444,0.8187502893319668,13.918754918643435,5,3.003857142857143,-17.229999999999997,24.57,1,0.01700000000005275
balanced_v2_scaled_tracking_coords,tracking,5706373,3155,1H,2579548277,duel,1895.717,1903.473,7.755999999999858,7.755999999999858,22.439999999999998,81.99,81.99,59.55,1.0,2,3,defensive_third,0,0,0,0,1,83.38350976062355,37.49949599661308,45.884013764010476,5.915937824137612,3.4722222222222223,1.7037900933516321,0.5502768340614803,0.2872552739736931,0.7555073605257294,1.588257328773782,27.000374589154294,8,3.6794285714285717,30.060000000000002,-11.689999999999998,1,0.0029999999999290594
balanced_v2_scaled_tracking_coords,tracking,5706373,3155,2H,2579548930,interception,3227.089,3231.185,4.096000000000004,4.096000000000004,72.45,77.17,74.31,4.719999999999999,0.9411077273148263,1,2,attacking_third,0,0,0,0,1,43.8752652413635,29.960655867320394,13.914609374043106,3.3971214292097396,3.103148148148148,1.0947338854050603,0.3171401767601186,0.28798644454064,0.39797593551721233,0.8366406858312644,14.222891659131495,5,2.965,-19.950000000000003,29.42,1,0.009000000000014552
balanced_v2_scaled_tracking_coords,tracking,5706374,9910,1H,2581948065,duel,530.005,536.358,6.352999999999952,4.9950000000000045,65.75,95.77,95.76,30.019999999999996,0.9996720882688483,1,3,middle_third,1,0,0,1,1,40.033197474096426,15.528296751414812,24.50490072268161,3.857217176559389,3.230925925925926,1.1938426522279302,0.6121145016841976,0.4874792719344594,0.3646629256438536,0.7666087644505679,13.032348995659655,4,3.060714285714286,13.25,-7.880000000000003,0,0.0049999999999954525
balanced_v2_scaled_tracking_coords,tracking,5706374,670,1H,2581948652,interception,1036.386,1042.744,6.357999999999947,6.357999999999947,43.69,69.33,69.33,25.64,0.5648748675825588,1,3,middle_third,0,0,0,0,0,66.42461667183335,42.42063766611719,24.00397900571616,3.77539776749235,3.4722222222222223,1.0873145570377967,0.3613717354863531,0.29559824329894624,0.6018490581619635,1.2652307937492067,21.508923493736514,7,3.375857142857143,8.810000000000002,-25.560000000000002,1,0.014000000000123691
balanced_v2_scaled_tracking_coords,tracking,5706374,9910,1H,2581948256,duel,1869.927,1875.363,5.436000000000149,5.436000000000149,61.63,76.18,73.41,14.550000000000004,0.7967489659158324,3,3,middle_third,0,0,0,0,1,48.225978476335754,29.49628451178215,18.729693964553604,3.4454918992923274,3.305925925925926,1.0422169088157387,0.38837353966273946,0.3467877918245844,0.43861608903137517,0.9220760171514579,15.675292291574785,5,3.1195714285714287,9.130000000000003,21.09,0,0.006999999999834472
balanced_v2_scaled_tracking_coords,tracking,5706374,670,2H,2581949545,duel,5018.316,5026.239,7.9229999999997744,7.9229999999997744,22.21,77.01,77.01,54.800000000000004,0.9532286760130942,2,5,defensive_third,1,0,1,0,1,87.08147966129192,35.712637819125035,51.36884184216689,6.483509004438766,3.4722222222222223,1.8672505932783647,0.5898939940153607,0.2809792430085405,0.7890133077685126,1.6586948506912746,28.19781246175167,9,3.682714285714286,30.29,-27.0,1,0.0039999999999054126
balanced_v2_scaled_tracking_coords,tracking,5706375,1604,1H,2581805814,duel,90.878,95.265,4.3870000000000005,4.307000000000002,53.68,90.61,90.61,36.93,0.9814401480492366,0,3,middle_third,1,1,0,1,1,54.74510023737284,15.575419737522324,39.169680499850514,8.928580009083772,3.4503703703703703,2.5877164045219176,0.7154919861323141,0.24747581384544154,0.49602524888662997,1.042763814045197,17.72698483876835,6,3.233142857142857,1.1799999999999997,19.060000000000002,0,0.001999999999995339
balanced_v2_scaled_tracking_coords,tracking,5706375,1604,1H,2581805819,interception,304.752,308.364,3.6119999999999663,3.6119999999999663,61.78,78.33,78.33,16.549999999999997,0.9838789169055685,2,2,middle_third,0,0,0,0,1,52.48634870135281,38.466703783922014,14.019644917430796,3.881407784449315,3.3003703703703704,1.176052184716996,0.26711031085821074,0.21252585021341616,0.4755595307133252,0.999739975263863,16.99557957948567,5,3.1174285714285714,9.280000000000001,29.78,0,0.007999999999981355
balanced_v2_scaled_tracking_coords,tracking,5706375,1604,1H,2581806031,duel,1815.018,1827.014,11.995999999999867,7.395999999999958,35.56,89.02,89.02,53.459999999999994,1.0000000000000002,3,6,middle_third,0,0,0,1,1,70.285635089967,25.203581094757155,45.08205399520985,3.7580905297774545,3.4722222222222223,1.0823300725759069,0.6414120600532943,0.5203934919828522,0.6450204900302805,1.3559874781192953,23.05178712802802,7,3.492,-16.939999999999998,10.870000000000001,0,0.018000000000029104
balanced_v2_scaled_tracking_coords,tracking,5706375,2420,2H,2581807162,interception,3457.5,3462.608,5.108000000000175,5.108000000000175,40.52,63.89,63.89,23.369999999999997,0.9301245282490134,2,3,middle_third,0,0,0,0,0,64.6966343792318,41.210059451546535,23.48657492768526,4.597998223900638,3.4722222222222223,1.3242234884833837,0.363026224672124,0.24382575745574342,0.5861924451857716,1.2323168453187008,20.949386370417912,7,3.4211428571428573,11.979999999999997,-5.289999999999999,1,0.019999999999527063
balanced_v2_scaled_tracking_coords,tracking,5706375,2420,2H,2581807267,duel,4137.731,4141.698,3.967000000000553,3.967000000000553,81.47,97.76,97.76,16.290000000000006,0.9866551362038327,2,3,attacking_third,0,0,0,1,1,27.82948975457509,7.240062154429334,20.589427600145754,5.190175850804861,3.088235294117647,1.6806283707368121,0.7398420805311715,0.43360295974344404,0.2559993560660155,0.538171928795353,9.148922789521002,3,2.8361428571428573,-28.97,14.86,1,0.011000000000422006
balanced_v2_scaled_tracking_coords,tracking,5706377,4425,1H,2583136634,interception,444.215,457.79,13.575000000000045,13.575000000000045,15.909999999999997,96.91,96.91,81.0,0.8597029893767899,1,4,defensive_third,0,0,0,0,1,89.32607793919982,24.929189718079485,64.39688822112034,4.74378550431824,3.4722222222222223,1.3662102252436532,0.7209192400113252,0.46836350317953285,0.8110090546505802,1.7049351760839841,28.983897993427732,9,3.7727142857142857,36.59,6.489999999999998,1,0.014999999999986358
balanced_v2_scaled_tracking_coords,tracking,5706377,4425,1H,2583136680,duel,554.162,558.567,4.404999999999973,4.404999999999973,92.63,101.25999999999999,100.00999999999999,8.629999999999995,0.6371053599520606,1,2,attacking_third,1,1,0,1,1,20.478264086587025,5.403739445976273,15.074524640610752,3.4221395324882735,3.088235294117647,1.1081213724247743,0.7361231682955175,0.6623231860526748,0.1860993535145685,0.3912253904368286,6.650831637426085,2,2.6767142857142856,-40.13,16.32,1,0.002000000000066393
balanced_v2_scaled_tracking_coords,tracking,5706377,4425,1H,2583137245,interception,2100.149,2103.958,3.8090000000001965,3.6089999999999236,88.32,105.65,96.47,17.330000000000013,0.9691886827997523,1,4,attacking_third,0,0,0,1,1,27.992370389089956,14.294117671266035,13.698252717823921,3.596285827729907,3.088235294117647,1.1645116013601602,0.4893566542390002,0.4202247995360691,0.25362858829320867,0.5331880074112373,9.064196125991034,3,2.7382857142857144,-35.82,22.48,1,0.010999999999967258
balanced_v2_scaled_tracking_coords,tracking,5706378,670,1H,2586437385,interception,249.888,259.224,9.335999999999984,9.335999999999984,54.92,85.16,84.6,30.239999999999995,0.9700204645433206,1,4,middle_third,1,0,0,0,1,54.679145018919236,22.084284004694382,32.594861014224854,3.491309020375419,3.4266666666666667,1.018864500109558,0.5961113876770912,0.5268658714461558,0.49582644483106186,1.0423458803297314,17.719879965605433,6,3.2154285714285713,-2.4200000000000017,21.95,1,0.008000000000009777
balanced_v2_scaled_tracking_coords,tracking,5706378,670,1H,2586437451,duel,385.371,398.313,12.942000000000007,12.942000000000007,19.489999999999995,102.39,95.88,82.9,0.9964062959880563,2,3,defensive_third,0,0,0,1,1,85.59218772761918,12.93689298092861,72.65529474669057,5.61391552671075,3.4722222222222223,1.616807671692696,0.8488542783589339,0.46615962116994614,0.7768472876945154,1.6331189641359285,27.763022390310784,9,3.7215714285714285,33.010000000000005,3.75,1,0.010999999999967258
balanced_v2_scaled_tracking_coords,tracking,5706378,670,1H,2586437818,duel,1666.781,1678.431,11.650000000000091,11.650000000000091,28.040000000000006,78.45,78.45,50.41,0.7782051481948752,2,3,defensive_third,0,0,0,0,1,78.80661901134954,33.60450118659701,45.20211782475253,3.880010113712633,3.4722222222222223,1.1174429127492382,0.5735827572839107,0.45653450976356963,0.714037834244988,1.5010784573590388,25.51833377510366,8,3.599428571428571,24.459999999999994,16.96,1,0.019000000000005457
balanced_v2_scaled_tracking_coords,tracking,5706378,2420,2H,2586438044,interception,2780.033,2793.27,13.23700000000008,7.51700000000028,32.12,109.02,104.45,76.9,0.8011068377972659,3,9,defensive_third,1,1,0,1,1,73.50564128010855,10.321128814233449,63.1845124658751,4.773325713218608,3.4722222222222223,1.374717805406959,0.8595872556923537,0.5561337861465314,0.6660076217313525,1.4001074529544486,23.801826700225625,8,3.541142857142857,-20.380000000000003,-9.57,0,0.007000000000061846
balanced_v2_scaled_tracking_coords,tracking,5706379,4425,1H,2586439518,duel,94.316,99.12,4.804000000000002,4.804000000000002,70.78999999999999,91.98,88.35,21.190000000000012,0.7845343827295698,3,3,attacking_third,0,0,0,1,1,38.545320079096506,17.219018555074502,21.326301524022004,4.439280084101164,3.133518518518519,1.4167077864278876,0.55327862060192,0.3848945169607457,0.34924499001275705,0.7341965729351715,12.481341739897916,4,2.988714285714286,-18.29,-17.759999999999998,1,0.003999999999990678
balanced_v2_scaled_tracking_coords,tracking,5706379,4425,1H,2586439611,interception,404.925,407.849,2.923999999999978,2.923999999999978,99.32,103.49000000000001,95.97,4.170000000000016,0.7173019292106294,1,2,attacking_third,0,0,0,1,1,21.262702086047298,8.334614568172903,12.928087517874395,4.421370560148595,3.0882352941176467,1.4316818956671642,0.6080171497280149,0.42459078829517516,0.1926973361543226,0.40509592940208694,6.886630799835478,3,2.581142857142857,-46.82,20.490000000000002,1,0.0049999999999954525
balanced_v2_scaled_tracking_coords,tracking,5706379,3155,1H,2586441438,duel,454.673,459.832,5.158999999999992,5.158999999999992,76.35,101.53,101.53,25.180000000000007,0.964597128967402,3,4,attacking_third,0,0,0,1,1,35.427787116894564,6.469350817508663,28.9584362993859,5.613187885130054,3.088235294117647,1.8176036961373505,0.817393313441708,0.4497093151707258,0.3209981687121573,0.6748149927027536,11.47185487594681,4,2.9092857142857143,23.849999999999994,20.84,0,0.007000000000005002
balanced_v2_scaled_tracking_coords,tracking,5706379,3155,1H,2586439829,interception,2246.141,2264.638,18.496999999999844,18.496999999999844,6.119999999999997,94.14,87.14,88.02000000000001,0.8041704794485771,4,7,defensive_third,0,0,0,1,1,99.71275745861207,19.01609055510622,80.69666690350586,4.362689457939479,3.4722222222222223,1.2564545638865698,0.8092912979264538,0.5728764271613268,0.9034606772318107,1.8992906182592777,32.28794051040772,10,3.912571428571429,-46.38,-12.86,0,0.018999999999778083
balanced_v2_scaled_tracking_coords,tracking,5706379,4425,1H,2586440546,interception,2568.463,2574.362,5.898999999999887,3.0589999999997417,55.12,83.94,83.94,28.82,0.9383377202803229,3,4,middle_third,0,0,0,0,1,55.70061489786266,22.67711842364457,33.02349647421809,5.598151631500038,3.423703703703704,1.6351156863965925,0.5928748997613897,0.3270610213801911,0.5046828163260759,1.060964093292622,18.036389585974575,6,3.2125714285714286,-2.6199999999999974,24.79,1,0.016999999999825377
balanced_v2_scaled_tracking_coords,tracking,5706379,3155,2H,2586440340,duel,4515.934,4531.153,15.219000000000051,13.225999999999658,21.519999999999996,82.25,82.25,60.730000000000004,0.9463064183936559,0,1,defensive_third,0,0,0,0,1,86.31242842140406,27.64718068809187,58.6652477333122,3.8547373502406206,3.4722222222222223,1.1101643568692987,0.6796848241471118,0.5447548391159961,0.7817248730813103,1.643372816238582,27.937337876055892,9,3.6925714285714286,-30.980000000000004,-21.93,0,0.014000000000123691
balanced_v2_scaled_tracking_coords,tracking,5706379,3155,2H,2586440357,duel,4588.956,4597.047,8.09099999999944,8.09099999999944,49.02,79.52,79.52,30.499999999999993,0.9761131094537191,4,6,middle_third,0,0,0,0,1,61.723256556989924,32.2871383061429,29.436118250847024,3.6381310407674037,3.4722222222222223,1.0477817397410123,0.47690481502168075,0.4048216694728898,0.5592517606694127,1.1756810772759985,19.986578313691975,6,3.299714285714286,-3.479999999999997,26.0,0,0.0039999999999054126
balanced_v2_scaled_tracking_coords,tracking,5706379,4425,2H,2586440848,duel,4597.28,4606.445,9.164999999999964,9.164999999999964,23.84,59.45,56.08,35.61,0.6796402593009117,1,5,defensive_third,0,0,0,0,0,83.60232771879024,46.73110420266142,36.871223516128815,4.023046755715107,3.4722222222222223,1.1586374656459508,0.44103106363438893,0.3385512968704897,0.7574899896868758,1.5924252898817188,27.07122992798922,8,3.6594285714285713,28.66,20.060000000000002,1,0.0
balanced_v2_scaled_tracking_coords,tracking,5706380,2420,1H,2589629253,interception,1075.15,1085.428,10.27800000000002,10.27800000000002,49.47,99.56,99.56,50.09,0.9304822336600805,2,3,middle_third,0,0,0,1,1,55.627968684826165,6.122883307723573,49.50508537710259,4.816606866812852,3.4722222222222223,1.3871827776421013,0.889931567654137,0.5705921518144399,0.5040245956680471,1.0595803559014507,18.01286605032466,6,3.293285714285714,-3.030000000000001,-3.299999999999997,0,0.009999999999990905
balanced_v2_scaled_tracking_coords,tracking,5706380,3155,2H,2589628481,interception,3030.32,3034.524,4.2039999999997235,4.2039999999997235,31.83,66.21,66.21,34.379999999999995,0.9967866119270816,2,2,defensive_third,0,0,0,0,0,77.7530636052368,40.04580627231771,37.70725733291909,8.969376149600754,3.4722222222222223,2.5831803310850168,0.4849616926268542,0.1669765868311755,0.7044919556135307,1.4810107353378439,25.177182500743346,8,3.5452857142857144,20.67,-26.3,1,0.0
balanced_v2_scaled_tracking_coords,tracking,5706380,2420,2H,2589629927,interception,4719.573,4725.517,5.943999999999505,3.667000000000371,104.19,104.2,83.3,0.010000000000005116,0.6282418802017533,0,2,attacking_third,0,0,0,1,1,33.31984693842396,9.408469588620667,23.91137734980329,4.022775462618654,3.088235294117647,1.3026130069431832,0.7176316684164908,0.5509170141794786,0.3018988968662686,0.6346637512080754,10.789283770537281,4,2.5115714285714286,51.69,33.31,0,0.012999999999919964
balanced_v2_scaled_tracking_coords,tracking,5706380,2420,1E,2589630155,interception,5803.201,5810.527,7.326000000000022,7.326000000000022,18.17,55.86,55.86,37.69,1.0,0,1,defensive_third,0,0,0,0,0,87.4282162691199,56.982998341610624,30.445217927509276,4.155776402881407,3.4722222222222223,1.196863604029845,0.3482310314303265,0.25863010428625327,0.7926048944314105,1.6662452256277998,28.326168835672597,9,3.7404285714285717,-34.33,-10.21,0,0.0009999999992942321
balanced_v2_scaled_tracking_coords,tracking,5706989,7840,1H,2593107021,interception,44.069,53.004,8.934999999999995,8.934999999999995,21.993546907895084,54.25859603722741,54.25859603722741,32.265049129332326,0.7725629605522406,1,3,defensive_third,0,0,0,0,0,87.22846302332985,50.788324004940065,36.440139018389786,4.0783591514705995,3.4722222222222223,1.1745674356235327,0.41775514270661424,0.3155923718617496,0.7922038886602217,1.6654022155020904,28.311837663535538,9,3.685806472744356,-30.506453092104916,26.80920562942154,0,0.009000000000000341
balanced_v2_scaled_tracking_coords,tracking,5706989,5048,1H,2593107104,duel,369.891,380.049,10.157999999999959,9.948999999999955,63.63513995417785,106.72065863832728,106.72065863832728,43.08551868414943,0.8743873002484293,2,5,middle_third,0,0,0,1,1,48.32172238057599,11.897932875521105,36.423789505054884,3.5857245033525333,3.266015926774484,1.0978894726008863,0.7537767221579057,0.6491965222302781,0.4378253810209131,0.9204137596300189,15.647033913710322,5,3.0909265720831733,-11.135139954177852,24.97873510038098,1,0.008999999999957708
balanced_v2_scaled_tracking_coords,tracking,5706989,7840,1H,2593107171,duel,614.683,621.819,7.135999999999967,7.135999999999967,69.4271173445728,101.37866452369875,101.37866452369875,31.95154717912594,0.9902560168163093,2,5,middle_third,1,1,0,1,1,47.08101807956725,3.8856492005245085,43.19536887904274,6.0531626792380795,3.160337648488481,1.9153531528927525,0.9174688789873291,0.4671451148425137,0.4274368298873218,0.8985745382863828,15.275767150868507,5,3.008184037934674,16.927117344572807,-30.841405334253906,0,0.0030000000000427463
balanced_v2_scaled_tracking_coords,tracking,5706989,7840,1H,2593107327,interception,1430.834,1445.671,14.836999999999989,14.836999999999989,0.09093288476609018,59.948903682376006,59.948903682376006,59.857970797609916,0.9447245775775098,3,4,defensive_third,0,0,0,0,0,105.36668611077314,45.44882385257764,59.917862258195505,4.038408186169411,3.4722222222222223,1.1630615576167904,0.5686604036801841,0.4348637007588175,0.9546888484236665,2.0069844973480597,34.11873645491701,11,3.998700958789056,-52.40906711523391,-9.809494328329965,0,0.005999999999858119
balanced_v2_scaled_tracking_coords,tracking,5706989,7840,1H,2593107349,interception,1551.482,1560.554,9.072000000000116,9.072000000000116,66.6205868657024,101.496470488536,98.772485508058,34.8758836228336,0.9201666373570331,3,3,middle_third,0,0,0,1,1,39.60931884910574,8.313788805758001,31.29553004334774,3.449683646753454,3.21320557594255,1.073595686681683,0.7901052316140573,0.7048118585855355,0.36016271329010807,0.7571482408007374,12.871520093612535,4,3.0482773304899657,14.120586865702407,-9.793813718722063,0,0.0019999999999527063
balanced_v2_scaled_tracking_coords,tracking,5706989,5048,1H,2593107499,duel,1767.463,1782.343,14.88000000000011,14.88000000000011,55.95075495792955,101.83596757706603,101.83596757706603,45.88521261913648,0.7861808639156496,3,8,middle_third,1,1,0,1,1,59.10074271529642,3.1762665808588766,55.92447613443754,3.7583653316153987,3.4080591214308353,1.102787597780138,0.9462567400183145,0.7774157776320694,0.5355727738123984,1.1259021785139522,19.14033703473719,6,3.2007035006010063,-3.450754957929547,32.970734755273355,1,0.0029999999999290594
balanced_v2_scaled_tracking_coords,tracking,5706989,5048,1H,2593107661,interception,2242.437,2252.946,10.509000000000015,10.509000000000015,58.45911492244822,101.82886325709451,100.80470043037874,43.36974833464629,0.9992995136908049,2,4,middle_third,0,0,0,1,1,48.00546226967202,11.196792807418126,36.808669462253896,3.5025853518178556,3.361868242176885,1.041856818740122,0.7667600252546297,0.6760535816438901,0.43495986429806743,0.9143897575175624,15.544625877798559,5,3.1648697868221682,-5.959114922448222,-11.767345661746411,1,0.003000000000156433
balanced_v2_scaled_tracking_coords,tracking,5706989,5048,1H,2593107714,duel,2541.016,2544.771,3.755000000000109,3.755000000000109,44.38700939100429,71.49756464276857,71.49756464276857,27.110555251764275,0.9998804697898733,2,2,middle_third,0,0,0,0,1,62.417865082760386,33.51287859895789,28.904986483802496,7.697732752011094,3.4722222222222223,2.216947032579195,0.4630883553206622,0.18578532787105803,0.5655453534362564,1.1889117158621025,20.211499169655742,6,3.365899865842796,8.112990608995709,-14.901518409996903,1,0.0039999999999054126
balanced_v2_scaled_tracking_coords,tracking,5706989,5048,2H,2593107799,duel,2898.402,2904.474,6.072000000000116,6.072000000000116,66.17921976575266,99.8667028548144,99.8667028548144,33.68748308906174,0.999026337604409,1,3,middle_third,1,1,0,1,1,39.721688631453254,10.503952624350976,29.21773600710228,4.811880106571429,3.2190745680481228,1.4948023119231748,0.7355612768175843,0.47207817752439163,0.3599040620146109,0.7566044939024688,12.862276396341969,4,3.0545825747749618,-13.679219765752663,-8.411870763295994,1,0.0019999999999527063
balanced_v2_scaled_tracking_coords,tracking,5706989,5048,2H,2593107829,duel,3064.036,3068.072,4.036000000000058,4.036000000000058,55.95846701652557,67.65934002392798,67.65934002392798,11.700873007402414,0.8717164477661508,0,3,middle_third,0,0,0,0,0,58.865481533520324,43.62752686346239,15.237954670057931,3.775509085742743,3.408176536731008,1.1077797892957935,0.2588606136073284,0.21173899070139166,0.5333585106592356,1.121247267305149,19.061203544187535,6,3.200593328335349,-3.4584670165255673,32.55876162884596,1,0.0039999999999054126
balanced_v2_scaled_tracking_coords,tracking,5706989,7840,2H,2593108191,interception,5059.726,5071.821,12.095000000000255,12.095000000000255,36.98820930423827,99.19066845221093,99.19066845221093,62.20245914797266,0.9988564903076069,2,5,middle_third,1,1,0,1,1,68.77464758184713,6.060471847688412,62.71417573415872,5.185132346767872,3.4722222222222223,1.493318115869147,0.9118792744015739,0.5430709905414147,0.6231867036259691,1.3100876324216995,22.27148975116889,7,3.4715970099394533,-15.511790695761732,-10.215110198288151,0,0.006000000000312866
balanced_v2_scaled_tracking_coords,tracking,5706990,7337,1H,2593127898,duel,6.428,11.776,5.348,5.348,31.894098237061744,52.74311800452433,52.74311800452433,20.849019767462583,0.572021832848693,2,3,defensive_third,0,0,0,0,0,77.17306132294681,54.31931314387105,22.853748179075758,4.273326136700778,3.4722222222222223,1.2307179273698239,0.29613634326931093,0.21399666067893688,0.6992835509717722,1.4700614219681687,24.991044173458867,8,3.5443700251848322,20.605901762938256,-24.72263176490179,1,0.008000000000000007
balanced_v2_scaled_tracking_coords,tracking,5706990,6698,1H,2593127985,interception,410.522,428.091,17.569000000000017,17.569000000000017,22.93891542456197,100.4423740968951,100.4423740968951,77.50345867233312,0.9346199660059581,3,8,defensive_third,1,1,0,1,1,82.0938195033119,5.093043258076984,77.00077624523492,4.38276374553104,3.4722222222222223,1.2622359587129395,0.9379606980295085,0.6603450585030008,0.7444662619609295,1.5650462965198346,26.60578704083719,8,3.672301208220543,-29.56108457543803,-2.3181024449236034,0,0.0020000000000095497
balanced_v2_scaled_tracking_coords,tracking,5706990,7337,1H,2593128174,duel,676.584,689.938,13.354000000000042,13.354000000000042,37.80600491758075,103.39150335988057,102.66970451763177,65.58549844229982,0.9743835237277797,3,5,middle_third,0,0,0,1,1,69.86005175364704,3.566653863302541,66.2933978903445,4.964310161026231,3.4722222222222223,1.4297213263755544,0.9489457311614953,0.5900357535444986,0.6332890131492072,1.3313251053784936,22.63252679143439,7,3.459914215463132,14.69399508241925,19.11527807503883,1,0.0039999999999054126
balanced_v2_scaled_tracking_coords,tracking,5706990,6698,1H,2593128206,duel,1418.635,1429.078,10.442999999999984,10.442999999999984,74.17459385895368,104.97783350211897,104.78967733413198,30.803239643165284,0.7667236057689787,2,3,attacking_third,1,1,0,1,1,34.9246030338373,1.4017266823449566,33.52287635149234,3.2100810448618593,3.0882352941176467,1.0394548145266973,0.9598642057295005,0.9234304294088652,0.3164390025228171,0.6652305339778534,11.308919077623507,4,2.9403629448720903,21.674593858953685,-16.4171323108106,0,0.005000000000109139
balanced_v2_scaled_tracking_coords,tracking,5706990,6698,2H,2593128691,duel,3089.477,3106.856,17.37900000000036,17.37900000000036,45.80607744418194,103.1241839337419,103.1241839337419,57.318106489559966,0.9536175504559424,2,6,middle_third,1,1,0,1,1,66.1803348213037,3.8377785417178765,62.34255627958583,3.5872349548066365,3.4722222222222223,1.0331236669843114,0.9420102882211094,0.8109726449917413,0.5996357100233709,1.2605778061200705,21.4298227040412,7,3.345627465083115,-6.693922555818062,29.59588230676148,0,0.003000000000156433
balanced_v2_scaled_tracking_coords,tracking,5706991,5630,1H,2593752683,interception,510.058,523.252,13.19399999999996,13.19399999999996,15.070730227713817,69.2391339799552,69.2391339799552,54.16840375224138,0.7094837816867017,2,4,defensive_third,0,0,0,0,0,91.78129180517115,38.132563896040836,53.648727909130315,4.066145816972145,3.4722222222222223,1.1710499952879776,0.5845279234357827,0.4438190871958812,0.8318392610719817,1.7487252564157494,29.72832935906774,9,3.784703853889803,-37.42926977228618,-18.344807539174447,0,0.0013289999999983593
balanced_v2_scaled_tracking_coords,tracking,5706991,5630,1H,2593752820,duel,1092.642,1107.443,14.80099999999993,14.80099999999993,23.66669327159976,75.39954282040262,75.39954282040262,51.732849548802854,0.8983915259965783,4,6,defensive_third,0,0,0,0,1,87.56982951719613,30.151821752812452,57.418007764383674,3.8793330021203936,3.4722222222222223,1.1172479046106734,0.6556825345093138,0.5210468222694518,0.7948464107751572,1.6709574295672087,28.40627630264255,9,3.6619043818342893,-28.83330672840024,32.455635231724585,0,0.005329000000074302
balanced_v2_scaled_tracking_coords,tracking,5706991,5630,2H,2593753337,interception,2889.099,2906.402,17.302999999999884,17.302999999999884,15.309091262696029,99.61949633502361,99.61949633502361,84.31040507232758,0.981783092195948,4,5,defensive_third,0,0,0,1,1,89.83886696387803,15.68087226937758,74.15799469450045,4.285846078396864,3.4722222222222223,1.234323670578297,0.8254555873274484,0.594028163813055,0.8150481803316103,1.713426385170644,29.128248547900945,9,3.7812986962471995,-37.19090873730397,5.15392153898204,0,0.0023290000003726163
balanced_v2_scaled_tracking_coords,tracking,5706991,3758,2H,2593753688,interception,4055.69,4067.957,12.266999999999825,12.266999999999825,10.73757047117428,62.03783311898224,62.03783311898224,51.30026264780796,0.9588811331709366,4,5,defensive_third,0,0,0,0,0,94.28438012815451,50.7843238034529,43.50005632470161,3.546103882343053,3.4722222222222223,1.0212779181147993,0.4613707622150654,0.4017991347182669,0.8542761437353757,1.7958929548219906,30.53018023197384,9,3.8466061361260815,41.76242952882572,-2.034383315282824,1,0.006670999999641936
balanced_v2_scaled_tracking_coords,tracking,5706991,3758,2H,2593753834,duel,4709.859,4716.912,7.052999999999884,7.052999999999884,56.446911407470324,91.79809742856352,91.79809742856352,35.3511860210932,1.0,1,4,middle_third,1,1,0,1,1,49.78773068768842,13.214192694526833,36.573537993161594,5.185529277351793,3.4021587597639287,1.5241879181768725,0.7345893754945844,0.43594638651499024,0.4526991843985324,0.9516820548916367,16.178594933157825,5,3.1936155513218525,-3.946911407470324,-11.018879941071916,1,0.0023290000008273637
balanced_v2_scaled_tracking_coords,tracking,5706992,1599,1H,2593954446,duel,1068.956,1075.567,6.611000000000104,6.611000000000104,71.69855412844746,102.43128281908527,102.13895154576822,30.732728690637813,0.8046291031317403,2,5,attacking_third,1,1,0,1,1,33.88390958981312,3.8468977815982672,30.037011808214857,4.5434899119973355,3.116693442065788,1.4577917258958413,0.8864683022659582,0.6025374219375813,0.30700966140647046,0.6454078017107261,10.971932629082344,4,2.9757349410221794,19.198554128447455,-6.255640011596412,0,0.004000000000132786
balanced_v2_scaled_tracking_coords,tracking,5706992,1599,1H,2593954452,interception,1095.042,1102.91,7.8680000000001655,7.8680000000001655,69.76119549520043,91.74206263013016,88.34457367788735,21.98086713492974,0.8638285930551751,1,4,middle_third,0,0,0,1,1,40.650563675626174,13.29714752897925,27.35341614664692,3.476539927128412,3.1529951610476727,1.1026150531652679,0.6728914355263383,0.5966691629636741,0.36897731688199764,0.7756786476326607,13.186537009755233,4,3.003411492925708,17.261195495200425,20.26561087701664,0,0.0019999999999527063
balanced_v2_scaled_tracking_coords,tracking,5706992,1599,1H,2593954580,interception,1576.895,1584.444,7.548999999999978,7.548999999999978,17.42040358817045,71.20919931548548,69.16300713877408,53.788795727315026,0.9284515541098685,1,3,defensive_third,0,0,0,0,1,87.58760965235945,33.79931367426054,53.78829597809891,7.125221350920528,3.4722222222222223,2.052063749065112,0.6141085045200791,0.26616879177117764,0.7935991657484908,1.6683354219497037,28.361702173144963,9,3.751137091597565,-35.07959641182955,1.1847602943815616,0,0.005000000000109139
balanced_v2_scaled_tracking_coords,tracking,5706992,9906,1H,2593954695,interception,1764.335,1772.327,7.991999999999962,7.991999999999962,22.597068754158215,81.68565147479914,81.68565147479914,59.08858272064093,1.0,1,2,defensive_third,0,0,0,0,1,83.49409344273056,34.18275930940237,49.31133413332819,6.170086853519573,3.4722222222222223,1.776985013813637,0.5905966769631594,0.29560386193685884,0.756509318659007,1.5903636846234392,27.03618263859847,8,3.677184732083454,29.902931245841785,-13.4543882029803,1,0.004999999999881766
balanced_v2_scaled_tracking_coords,tracking,5706992,9906,1H,2593954837,duel,2235.918,2242.881,6.962999999999738,6.862999999999829,31.123615548572317,57.34454933402752,57.34454933402752,26.220933785455202,0.83788655543235,2,4,defensive_third,0,0,0,0,0,80.12345871366391,55.830814540234414,24.292644173429494,3.48881863757438,3.4722222222222223,1.0047797676214214,0.30319015883030936,0.2683781092100218,0.7259692351968922,1.526161118355503,25.944739012043552,8,3.5553769207346813,21.376384451427683,31.016905980852755,1,0.0019999999999527063
balanced_v2_scaled_tracking_coords,tracking,5706992,1599,1H,2593954827,interception,2425.566,2440.755,15.189000000000306,14.173999999999978,51.77414092669478,108.07994850750474,105.12421758978333,56.30580758080996,0.7321301475187757,4,7,middle_third,1,1,1,1,1,62.03395525326044,1.1024168923329716,60.93153836092747,4.011556939951691,3.4722222222222223,1.155328398706087,0.9822288150444022,0.7544844769867776,0.5633104185113139,1.1842133476405112,20.13162690988869,6,3.2603694153329315,-0.725859073305223,-31.862509792421733,0,0.005999999999858119
balanced_v2_scaled_tracking_coords,tracking,5706992,9906,2H,2593955136,interception,2919.629,2925.708,6.079000000000178,6.079000000000178,29.793891838401837,88.09137393652938,88.09137393652938,58.297482098127546,1.0000000000000004,1,2,defensive_third,1,0,0,0,1,76.17862743542787,18.135153405265825,58.043474030162045,9.548194444836378,3.4722222222222223,2.749880000112877,0.7619390895348184,0.24635521152814557,0.690461233539913,1.4515147987980535,24.67575157956691,8,3.5743729737371166,22.706108161598163,-12.133613358423858,1,0.009000000000014552
balanced_v2_scaled_tracking_coords,tracking,5706992,1599,2H,2593955095,duel,3412.998,3417.91,4.911999999999807,3.981999999999516,79.03148905715318,105.7165958521434,105.7165958521434,26.68510679499022,0.899886852037885,2,2,attacking_third,0,0,0,1,1,26.83563276011007,10.383797491209139,16.45183526890093,3.3493149977405485,3.0882352941176476,1.0845400945064632,0.6130593385282803,0.5652712533484182,0.24314781343256495,0.5111549097163822,8.689633465178497,3,2.8709787277549546,26.531489057153173,-6.766655381112393,0,0.0019999999999527063
balanced_v2_scaled_tracking_coords,tracking,5706992,1599,2H,2593955232,interception,3859.666,3878.167,18.50099999999975,18.50099999999975,0.1759906459555367,67.34911610479195,67.34911610479195,67.17312545883641,0.9909182352033692,1,3,defensive_third,0,0,0,0,0,105.09888421320639,38.3127700453643,66.78611416784209,3.6098650974457054,3.4722222222222223,1.039641148064363,0.6354597831158512,0.5437686275636484,0.9520285358063832,2.0013918833882314,34.02366201759993,11,3.997485847914921,-52.32400935404446,-7.596217861815333,0,0.006000000000312866
balanced_v2_scaled_tracking_coords,tracking,5706992,1599,2H,2593955343,duel,4299.387,4303.153,3.766000000000531,3.766000000000531,103.56475487657603,103.70518720595929,96.82669879923299,0.140432329383259,0.917406775058442,1,2,attacking_third,0,0,0,1,1,20.972128917842042,8.636458760079796,12.335670157762246,3.2755364200107557,3.0882352941176476,1.060649888384435,0.5881935117835211,0.548760909276652,0.19202866340790442,0.4036902192190505,6.862733726723858,3,2.5205035017631996,51.06475487657603,20.922960182112718,0,0.006999999999607098
balanced_v2_scaled_tracking_coords,tracking,5706992,1599,2H,2593955451,interception,4741.234,4748.154,6.920000000000073,6.920000000000073,79.95282504108172,104.74057948527152,104.74057948527152,24.7877544441898,0.8396665244331244,1,2,attacking_third,1,1,0,1,1,35.34435193342833,4.322317514560021,31.02203441886831,4.482952950703465,3.0882352941176476,1.4516228602277885,0.8777083953130284,0.6046394138318394,0.32024219315516145,0.6732257511129205,11.444837768919648,4,2.857816785127404,27.45282504108172,-24.93716584079626,0,0.0059999999994033715
balanced_v2_scaled_tracking_coords,tracking,5706992,1599,2H,2593955508,duel,5044.552,5049.661,5.109000000000378,4.568000000000211,78.6984847836917,110.30674859927763,108.98306345582648,31.60826381558593,0.8536586333956303,0,2,attacking_third,1,1,0,1,1,26.995437240964982,4.139159769579266,22.856277471385717,4.4737282191004155,3.0882352941176476,1.4486358042801344,0.8466718752271891,0.5844615138778257,0.24459574314765467,0.5141988045898092,8.741379678026755,3,2.875735931661547,26.1984847836917,6.081441371680079,0,0.007999999999810825
balanced_v2_scaled_tracking_coords,tracking,5706992,1599,2H,2593955554,interception,5301.188,5308.122,6.9340000000001965,6.9340000000001965,18.962812769054693,59.37816071730043,59.37816071730043,40.41534794824574,0.9348478601634086,5,5,defensive_third,0,0,0,0,0,91.52613595157652,46.24564034967119,45.28049560190533,6.530212806735513,3.4722222222222223,1.8807012883398275,0.49472749101810387,0.23380584260271733,0.8298457768041995,1.7445344752751168,29.657086079676986,9,3.7291026747277902,-33.53718723094531,-31.219160392517452,0,0.007999999999810825
balanced_v2_scaled_tracking_coords,tracking,5706993,7713,1H,2594705661,duel,10.938,16.729,5.790999999999999,5.790999999999999,35.04637656955225,62.29624390022934,62.29624390022934,27.24986733067709,0.9962139744127938,2,2,middle_third,0,0,0,0,0,76.58733487515225,51.58711993299414,25.00021494215811,4.317080805069611,3.4722222222222223,1.2433192718600479,0.3264275350867327,0.2334002635848566,0.6942583841842591,1.4594973184324675,24.81145441335195,8,3.499337477577825,-17.45362343044775,-31.17868554365026,0,0.00220800000000132
balanced_v2_scaled_tracking_coords,tracking,5706993,7048,1H,2594705765,duel,825.988,830.42,4.431999999999903,4.431999999999903,85.81753371768633,99.6743852530119,97.01262706731723,13.856851535325575,0.9280650183768504,1,2,attacking_third,0,0,0,1,1,32.55573125533884,7.697234205973905,24.858497049364935,5.60886666276297,3.088235294117647,1.81620444318039,0.7635674608073308,0.4204193331177151,0.2949755252725177,0.6201091667683589,10.541855835062101,4,2.774035232604481,-33.31753371768633,-26.304156038499798,1,0.007791999999994914
balanced_v2_scaled_tracking_coords,tracking,5706993,7048,1H,2594705797,interception,918.802,925.695,6.893000000000029,6.893000000000029,49.043416545203705,81.80481406955752,81.80481406955752,32.76139752435382,0.9877564049326055,2,3,middle_third,0,0,0,0,1,64.11614897131429,25.768373122459643,38.347775848854646,5.563292593769692,3.4722222222222223,1.6022282670056711,0.5980985518330417,0.3314553302566195,0.5819051240636877,1.2233038700007395,20.796165790012573,7,3.299379763639947,3.456583454796295,-31.300819909040484,1,0.00620800000001509
balanced_v2_scaled_tracking_coords,tracking,5706993,7713,1H,2594705846,duel,959.367,965.976,6.609000000000037,6.609000000000037,14.422529063328483,53.52018161646791,53.52018161646791,39.097652553139426,0.8851956070344194,2,3,defensive_third,0,0,0,0,0,92.03681885739357,58.49543505972704,33.541383797666526,5.075107247339437,3.4722222222222223,1.4616308872337578,0.36443441020747597,0.2217606748278441,0.8339118164461168,1.7530822639503536,29.80239848715601,9,3.793963870523879,-38.07747093667152,-16.3247598483133,0,0.008792000000084954
balanced_v2_scaled_tracking_coords,tracking,5706993,7048,1H,2594705814,interception,976.03,991.581,15.551000000000045,15.551000000000045,32.24255359608557,102.82979365247402,99.44575048509913,70.58724005638845,0.8402500176603536,6,8,defensive_third,0,0,0,1,1,77.68713165656185,6.932108530709037,70.7550231258528,4.54986966277748,3.4722222222222223,1.3103624628799142,0.9107688959176095,0.6181866421730249,0.7038945704391631,1.479754888696416,25.155833107839072,8,3.539392091484492,20.25744640391443,-27.23314924509269,1,0.005792000000042208
balanced_v2_scaled_tracking_coords,tracking,5706993,7713,1H,2594706106,interception,2099.846,2107.441,7.5949999999998,7.589792000000216,63.87124228593058,104.92792503045408,104.92792503045408,41.0566827445235,0.9738743357790148,1,4,middle_third,1,1,0,1,1,41.54683330527813,1.9952587293961719,39.55157457588196,5.207580589319684,3.261643661371656,1.5966123617347214,0.9519756724962551,0.5645471674454466,0.3764405990918847,0.7913682534338691,13.453260308375775,4,3.0875536816295632,11.371242285930578,5.879170570237214,0,0.009791999999833934
balanced_v2_scaled_tracking_coords,tracking,5706993,7713,1H,2594706286,duel,3021.043,3024.965,3.9220000000000255,3.9220000000000255,13.819331098705625,69.53031877762024,69.53031877762024,55.71098767891461,1.0,2,4,defensive_third,0,0,0,0,0,91.22622570470182,38.660915695611685,52.56531000909013,13.402679757544567,3.4722222222222223,3.859971770172835,0.5762083173236104,0.13207954681285394,0.8308850209268682,1.7467192152001723,29.69422665840293,9,3.8025809843042055,-38.680668901294375,-2.882685386532067,0,0.0072079999999914435
balanced_v2_scaled_tracking_coords,tracking,5706993,7048,2H,2594706441,interception,3040.675,3054.785,14.109999999999673,14.109999999999673,17.112947616423938,93.39581642321973,91.13271348109183,76.28286880679579,0.9961491267993188,2,5,defensive_third,0,0,0,1,1,90.5604259507187,14.915049766030572,75.64537618468812,5.361118085378446,3.4722222222222223,1.5440020085889923,0.8353027869574391,0.481170439985692,0.820534762503161,1.7249604942994037,29.32432840308986,9,3.7555293197653725,35.38705238357606,-21.841629328009432,1,0.0007919999998193816
balanced_v2_scaled_tracking_coords,tracking,5706993,7048,2H,2594706525,duel,3419.194,3430.222,11.028000000000247,11.028000000000247,46.420695356439694,97.04674301162662,96.912592298179,50.62604765518692,0.9650037087100097,1,3,middle_third,0,0,0,0,1,65.77732259681741,22.668351136584217,43.10897146023319,3.9090471037570027,3.4722222222222223,1.1258055658820167,0.6553774121283402,0.5177629231320826,0.5959841642578433,1.252901382796522,21.299323507540876,7,3.336847209193719,6.079304643560306,29.918576762318423,1,0.0017920000004778558
balanced_v2_scaled_tracking_coords,tracking,5706993,7713,2H,2594706611,duel,3477.675,3491.382,13.70699999999988,13.70699999999988,10.158571964716693,93.92641761824544,93.92641761824544,83.76784565352875,1.0000000000000002,1,4,defensive_third,0,0,0,1,1,94.84174506522369,22.205401068278203,72.63634399694548,5.299215291234122,3.4722222222222223,1.5261740038754272,0.7658689108576892,0.446327101503237,0.8593262227457651,1.8065094298137845,30.710660306834335,10,3.85487754336119,-42.34142803528331,-0.24522488670363174,0,0.0007919999998193816
balanced_v2_scaled_tracking_coords,tracking,5706993,7048,2H,2594706543,duel,3491.86,3505.016,13.155999999999949,13.155999999999949,10.52308399713425,76.56614656585991,76.56614656585991,66.04306256872566,0.9915533195328888,3,5,defensive_third,0,0,0,0,1,95.98445612327356,40.80857354239579,55.17588258087777,4.193971007971874,3.4722222222222223,1.2078636502958997,0.5748418526226264,0.42305399020954737,0.870155720447248,1.8292756263990173,31.097685648783294,10,3.849670228612368,41.97691600286575,-16.944856442828865,1,0.00420799999983501
balanced_v2_scaled_tracking_coords,tracking,5706993,7713,2H,2594706838,interception,4804.505,4819.3,14.795000000000073,14.795000000000073,43.84756719129757,104.88035800410658,87.16060400243312,61.03279081280901,0.6267879782203032,1,5,middle_third,1,1,0,1,1,61.480420612461785,2.0148302954777693,59.46559031698401,4.019303164378758,3.4722222222222223,1.1575593113410823,0.9672280983863443,0.741871082861624,0.5580272878873769,1.1731069423680354,19.942818020256603,6,3.3736061829814634,-8.652432808702429,6.342088004935725,0,0.009208000000398897
balanced_v2_scaled_tracking_coords,tracking,5706994,13870,1H,2594831299,interception,7.506,11.477,3.971,3.971,83.10370854120438,102.85434271734294,100.17909976391577,19.75063417613856,0.9999999999999998,1,2,attacking_third,0,0,0,1,1,27.05955709618928,8.080213163923757,18.97934393226552,4.779487265743017,3.088235294117647,1.5476434955739293,0.7013915218493479,0.45239012798584055,0.24561544797825338,0.5163424682455245,8.777821960173917,3,2.81280416369708,-30.603708541204384,-15.898806577646063,1,0.006000000000000227
balanced_v2_scaled_tracking_coords,tracking,5706994,3149,1H,2594831293,interception,21.734,43.785,22.050999999999995,22.050999999999995,1.709737254860407,98.58391921932484,98.58391921932484,96.87418196446444,0.9451534731203285,1,2,defensive_third,0,0,0,1,1,103.30659876270208,14.117050293307036,89.18954846939505,4.04469404876854,3.4722222222222223,1.1648718860453395,0.8633480294348451,0.6591899964397495,0.9360231535007525,1.9677447383371824,33.451660551732104,10,3.9755751820734226,-50.79026274513959,-1.8371091306574598,0,0.005999999999996675
balanced_v2_scaled_tracking_coords,tracking,5706994,3149,1H,2594831436,duel,456.001,463.636,7.635000000000048,7.635000000000048,68.60708796988803,99.42678374829288,99.42678374829288,30.81969577840485,0.9998702923750822,1,4,middle_third,1,1,0,1,1,40.25342845754956,5.862690280220516,34.39073817732904,4.504353395851844,3.1734609165595855,1.41938202936342,0.8543555044906748,0.5853855560902171,0.36495216928694113,0.7672168238288581,13.042686005090589,4,3.019898743287314,16.107087969888028,17.201582966564203,0,0.0009999999999763531
balanced_v2_scaled_tracking_coords,tracking,5706994,13870,1H,2594831725,duel,1836.714,1843.098,6.3840000000000146,6.3840000000000146,30.40818097980973,61.87914014061336,61.87914014061336,31.47095916080363,0.8317908311104883,3,4,defensive_third,0,0,0,0,0,75.27315234246895,44.72588684308178,30.547265499387166,4.784972665944094,3.4722222222222223,1.378072127791899,0.4058188683317899,0.26191667950810366,0.6820223903739473,1.433774330332742,24.374163615656613,8,3.565597414574147,22.09181902019027,10.104850262706393,1,0.0060000000000854925
balanced_v2_scaled_tracking_coords,tracking,5706994,13870,2H,2594832164,duel,3431.545,3435.91,4.364999999999782,4.364999999999782,36.53458696440647,72.60028065302335,72.60028065302335,36.065693688616875,1.0,1,2,middle_third,0,0,0,0,1,70.04152806081568,32.435542495518774,37.605985565296905,8.615346063069596,3.4722222222222223,2.4812196661640438,0.5369098391549135,0.19239360010479065,0.6348374480232813,1.3345802861555092,22.687864864643657,7,3.4780773290799076,15.965413035593528,-14.775076005205896,1,0.005000000000109139
balanced_v2_scaled_tracking_coords,tracking,5706994,3149,2H,2594832725,duel,4535.173,4543.932,8.759000000000015,8.759000000000015,9.939213782188432,67.87602856680674,67.87602856680674,57.936814784618306,0.9999193230211764,2,5,defensive_third,0,0,0,0,0,95.10688095888133,37.73866720741994,57.3682137514614,6.5496305230575755,3.4722222222222223,1.8862935906405818,0.6031972994284616,0.28441530905499146,0.861728521710788,1.8115596373120253,30.79651383430443,10,3.8580112316830224,-42.56078621781157,2.960697447959504,0,0.007000000000516593
balanced_v2_scaled_tracking_coords,tracking,5706995,10683,1H,2595480815,interception,547.163,558.565,11.402000000000044,10.670397999999977,33.155044875871766,99.44134602227567,99.44134602227567,66.2863011464039,0.8942377888934017,3,4,defensive_third,0,0,0,0,1,73.4976696633239,30.94132658761647,42.55634307570743,3.7323577508952175,3.4722222222222223,1.0749190322578226,0.5790162228360213,0.47920606526221954,0.6657752415853999,1.3996189342593908,23.793521882409642,7,3.5263565017732605,-19.344955124128234,-15.498705402422551,0,0.009601999999972577
balanced_v2_scaled_tracking_coords,tracking,5706995,10683,1H,2595480884,interception,761.819,766.79,4.971000000000004,4.971000000000004,98.45110195277992,102.41526325774751,98.91022435767738,3.9641613049675897,0.731172649961164,0,2,attacking_third,0,0,0,1,1,29.10126503642481,8.744023917042512,20.357241119382298,4.095200386115929,3.0882352941176467,1.3260648869327771,0.6995311404470564,0.5274055809720605,0.26373511175034897,0.5544343390658454,9.425383764119372,3,2.593555686388858,45.95110195277992,28.35481548321833,0,0.0056019999999534775
balanced_v2_scaled_tracking_coords,tracking,5706995,10683,1H,2595481027,duel,1149.689,1155.644,5.954999999999927,5.954999999999927,86.08093682527723,104.01764429575505,104.01764429575505,17.936707470477813,0.9924202595046896,1,3,attacking_third,0,0,0,1,1,36.18688995126868,5.054587327198362,31.13230262407032,5.227926553160487,3.088235294117647,1.6928524076900624,0.8603199298418528,0.5082072872588933,0.3278761207246357,0.6892740943098796,11.717659603267954,4,2.770272331067468,33.58093682527724,30.847367034093523,0,0.004397999999810054
balanced_v2_scaled_tracking_coords,tracking,5706995,665,1H,2595481209,interception,1687.875,1698.13,10.25500000000011,10.25500000000011,49.51389285511073,98.83039269776603,98.83039269776603,49.3164998426553,0.9722661251108797,3,5,middle_third,0,0,0,1,1,61.188493201150706,6.649319018268952,54.53917418288175,5.318300749183927,3.4722222222222223,1.5316706157649709,0.8913305644509005,0.5171117609175503,0.554906944458252,1.1665472335173497,19.831302969794944,6,3.2926586734984182,2.9861071448892673,-25.793867762185926,1,0.001602000000048065
balanced_v2_scaled_tracking_coords,tracking,5706995,10683,1H,2595481207,duel,2108.96,2119.786,10.826000000000022,10.413398000000143,45.66862555014276,106.13165638957425,106.13165638957425,60.46303083943149,0.8269370754931873,2,4,middle_third,0,0,0,1,1,62.391817072830676,22.31652880415698,40.075288268673695,3.701763187573768,3.4722222222222223,1.0661077980212452,0.6423164150179078,0.5352918960785278,0.5659085619194568,1.1896752670403654,20.22447953968621,6,3.3475910635693893,-6.831374449857243,19.300954472263584,0,0.006601999999929831
balanced_v2_scaled_tracking_coords,tracking,5706995,10683,2H,2595481455,duel,3062.589,3066.422,3.8330000000000837,3.8330000000000837,34.316800574362546,60.60067728205022,60.60067728205022,26.283876707687675,1.0,1,1,defensive_third,0,0,0,0,0,76.85024437874209,49.27129021172701,27.578954167015077,7.195135446651311,3.4722222222222223,2.0721990086355775,0.3588661869583309,0.15402951516999397,0.6963118421498612,1.4638141786427066,24.884841036926012,8,3.509759991794821,-18.183199425637454,-30.163643348043095,0,0.006624999999985448
balanced_v2_scaled_tracking_coords,tracking,5706995,10683,2H,2595481589,interception,3619.322,3626.114,6.791999999999916,6.373625000000175,31.105547064672873,78.15093539913748,78.15093539913748,47.045388334464604,1.0,2,3,defensive_third,0,0,0,0,1,78.42018080918129,43.3506908164926,35.06948999268869,5.163352472421837,3.4722222222222223,1.487045512057489,0.44719981044194196,0.2673047632022996,0.7109841023517427,1.4946587819025585,25.409199292343494,8,3.5556350419332445,-21.394452935327127,26.255182031999155,0,0.006374999999934516
balanced_v2_scaled_tracking_coords,tracking,5706995,10683,2H,2595481690,interception,4091.808,4105.687,13.878999999999905,13.878999999999905,27.26656648616068,94.71402015066147,94.71402015066147,67.44745366450078,0.8223354061307516,6,6,defensive_third,0,0,0,1,1,78.29213731888409,16.516189678476763,61.775947640407324,4.451037368715883,3.4722222222222223,1.2818987621901743,0.7890440822785783,0.5474574984775681,0.7093763045656876,1.4912788060739826,25.351739703257703,8,3.610477621626276,-25.23343351383932,9.336598958321119,0,0.007625000000189175
balanced_v2_scaled_tracking_coords,tracking,5706995,665,2H,2595482153,duel,5131.816,5145.745,13.929000000000087,13.929000000000087,27.830945062210276,102.88027617415696,99.71453321794519,75.04933111194669,0.9370032049883258,3,7,defensive_third,1,1,0,1,1,79.56526361767759,2.3808532169887666,77.18441040068882,5.541274348531003,3.4722222222222223,1.5958870123769286,0.97007672558682,0.5391489226486639,0.7229031332503317,1.5197154380857523,25.83516244745779,8,3.602415070539853,24.669054937789724,19.379580350433827,1,0.0003749999996216502
balanced_v2_scaled_tracking_coords,tracking,5706996,4419,1H,2595319650,duel,286.795,293.654,6.8589999999999804,6.8589999999999804,57.05622891652287,77.16854875540041,77.16854875540041,20.11231983887754,0.749737657038117,4,4,middle_third,0,0,0,0,1,57.18035067922055,29.46202864101216,27.71832203820839,4.041160816184352,3.387847612656984,1.1928401977369325,0.48475257162564556,0.37044553995802154,0.5180901588289112,1.089149536747058,18.515542124699987,6,3.1849110154782445,4.556228916522869,31.160669410232188,0,0.0049999999999954525
balanced_v2_scaled_tracking_coords,tracking,5706996,2414,2H,2595320607,duel,2943.398,2947.387,3.9890000000000327,3.9890000000000327,45.01966660941227,73.15298496725636,73.15298496725636,28.13331835784409,0.8175138445281162,4,4,middle_third,0,0,0,0,1,65.45461800686145,44.481315962009795,20.973302044851657,5.257784418363371,3.4722222222222223,1.5142419124886506,0.3204250927360553,0.18820628648301066,0.5930602564769513,1.246754628702123,21.19482868793609,7,3.356861905579825,7.480333390587731,-26.204324543443157,1,0.0019999999999527063
balanced_v2_scaled_tracking_coords,tracking,5706996,4419,2H,2595320765,duel,4556.778,4560.331,3.5529999999998836,2.561999999999898,101.45218989551117,108.04343351756151,108.04343351756151,6.591243622050342,0.5540956953081414,1,3,attacking_third,1,1,0,1,1,17.991426734637027,3.2560817021843196,14.735345032452708,4.147296659851729,3.088235294117647,1.3429341565234167,0.8190203728581612,0.6098738116680555,0.1630137105453981,0.3426938425645148,5.8257953235967515,2,2.5506830014926978,48.952189895511175,17.63815408171442,0,0.001999999999497959
balanced_v2_scaled_tracking_coords,tracking,5706996,4419,2H,2595320786,duel,4641.566,4646.427,4.860999999999876,4.860999999999876,74.09337532971999,88.91974723174954,88.62094303754735,14.82637190202955,0.9004296456117352,1,2,attacking_third,0,0,0,1,1,35.84921657447773,20.219279014757486,15.629937559720243,3.215374935141049,3.0882352941176467,1.0411690266171019,0.4359910495463303,0.4177002654194184,0.3256340271917878,0.6845606769808097,11.637531508673765,4,2.9415232095754287,21.593375329719994,-18.164439999467312,0,0.006000000000312866
balanced_v2_scaled_tracking_coords,tracking,5706997,7337,1H,2596380758,duel,111.687,128.772,17.084999999999994,17.00613299999999,49.90837233397184,105.24653095459338,105.24653095459338,55.33815862062154,0.8556371440739389,3,4,middle_third,0,0,0,1,1,64.04455162975187,0.04315718790223614,64.00139444184963,3.746057620242883,3.4722222222222223,1.0788645946299502,0.9993261380272949,0.8238405712483619,0.5802841628609061,1.2198962215190832,20.738235765824413,7,3.2870232523718306,-2.5916276660281596,-32.65910523213506,0,0.006133000000005495
balanced_v2_scaled_tracking_coords,tracking,5706997,5048,1H,2596382781,duel,291.213,296.674,5.460999999999956,5.460999999999956,32.18481175446425,57.992982852364236,57.992982852364236,25.808171097899987,0.7957047208344822,3,4,defensive_third,0,0,0,0,0,77.87508646697997,53.256358453955464,24.6187280130245,4.508098885373503,3.4722222222222223,1.2983324789875688,0.3161309878411905,0.21656287917352424,0.7055975599526144,1.483334980323428,25.216694665498274,8,3.540216974936225,20.31518824553575,27.61299427817994,1,0.0001330000000052678
balanced_v2_scaled_tracking_coords,tracking,5706997,5048,1H,2596381114,interception,1028.205,1039.478,11.273000000000138,11.273000000000138,45.68016825541496,96.76611168872265,92.93014490116403,51.08594343330768,0.9336016645987255,2,3,middle_third,0,0,0,1,1,59.4730330384421,14.199287432856512,45.27374560558559,4.016122203990511,3.4722222222222223,1.156643194749267,0.7612483051994609,0.5853691108722476,0.5388633117306296,1.1328196769227066,19.257934507686013,6,3.347426167779786,6.819831744585038,-4.266054451802702,1,0.008133000000043467
balanced_v2_scaled_tracking_coords,tracking,5706997,7337,1H,2596381211,duel,1479.695,1482.8220000000001,3.12700000000018,3.12700000000018,86.16479518090333,91.27458622131003,90.26885849415837,5.109791040406705,0.48129006383240674,1,2,attacking_third,0,0,0,1,1,25.791371929029793,15.443345281001283,10.34802664802851,3.309250606980465,3.088235294117647,1.071566863212722,0.4012204808841969,0.37518352053341386,0.2332131512899792,0.49026987168594743,8.334587818661106,3,2.7690743545585237,33.664795180903326,17.619021692597563,0,0.0018669999999474385
balanced_v2_scaled_tracking_coords,tracking,5706997,7337,1H,2596382801,duel,1518.398,1522.097,3.699000000000069,3.699000000000069,59.39864443849287,80.67766359538345,78.47074166111446,21.279019156890577,0.9063062755338073,1,2,middle_third,0,0,0,0,1,54.75808911181519,33.14324067569031,21.61484843612488,5.84343023415098,3.3441180323201882,1.7473755943048277,0.3947334318403202,0.20879980575070994,0.4957048310087218,1.0420902189626768,17.715533722365507,6,3.151447936592959,6.898644438492873,30.31443046026918,0,0.004866999999876498
balanced_v2_scaled_tracking_coords,tracking,5706997,7337,1H,2596381255,interception,1619.054,1623.123,4.06899999999996,4.06899999999996,59.258536541021186,85.25912002735109,85.25912002735109,26.0005834863299,0.992970064966633,1,2,middle_third,0,0,0,0,1,53.17745135938034,28.9561585415759,24.221292817804443,5.952640161662492,3.347959952627304,1.7779902525390636,0.45548051286086844,0.23618326895749633,0.4820670757326839,1.0134203927016623,17.228146675928258,6,3.1534494779854114,6.758536541021186,-27.121206715597452,0,0.000867000000198459
balanced_v2_scaled_tracking_coords,tracking,5706997,7337,1H,2596381263,duel,1631.484,1638.962,7.4780000000000655,7.4780000000000655,90.49014257418855,102.79620517266633,99.15244007771406,12.30606259847778,0.6983937298803442,3,3,attacking_third,0,0,0,1,1,29.038885144976973,4.857895054704003,24.18099009027297,3.2336172894186626,3.088235294117647,1.0470760746689003,0.8327106901504343,0.7952723878384375,0.26311067417855,0.5531216218090852,9.403067570754448,3,2.707283677511592,37.99014257418855,25.153943785136136,0,0.00913300000001982
balanced_v2_scaled_tracking_coords,tracking,5706997,5048,1H,2596381280,duel,1659.832,1679.028,19.195999999999913,18.24113299999999,25.29115794769477,105.39839671724775,105.36565160934735,80.10723876955298,0.9372600525498072,4,7,defensive_third,0,0,0,1,1,85.66330304719573,18.31222565324027,67.35107739395545,3.5085995725128023,3.4722222222222223,1.010476676883687,0.786230217586272,0.6920322074578553,0.7761637302735017,1.631681962803728,27.738593367663377,9,3.6386977436043604,27.20884205230523,31.379961562059776,1,0.001132999999981621
balanced_v2_scaled_tracking_coords,tracking,5706997,5048,2H,2596381704,duel,3300.375,3311.952,11.577000000000226,11.577000000000226,46.33939821484492,94.87832532253702,94.87832532253702,48.5389271076921,0.9994819765280332,3,4,middle_third,0,0,0,1,1,65.81728003622696,11.253118355965256,54.564161680261705,4.713152084327602,3.4722222222222223,1.3573878002863493,0.8290248647502396,0.5432084094074064,0.5963462039425284,1.2536624768805136,21.31226210696873,7,3.338008596930787,6.16060178515508,29.84707941441809,1,0.007532000000082917
balanced_v2_scaled_tracking_coords,tracking,5706997,5048,2H,2596381866,duel,3823.224,3835.841,12.616999999999734,12.616999999999734,39.14047849940725,100.42573581706932,100.42573581706932,61.28525731766207,0.9913169054357132,2,4,middle_third,0,0,0,1,1,66.05341469364431,5.015608907013937,61.03780578663038,4.837743186702993,3.4722222222222223,1.393270037770462,0.9240673789496527,0.5899457471569416,0.5984294235968881,1.258041903285016,21.386712355845273,7,3.440850307151325,13.359521500592749,-5.057372875664726,1,0.0014680000003863825
balanced_v2_scaled_tracking_coords,tracking,5706997,7337,2H,2596382233,interception,4615.491,4624.502,9.011000000000422,9.011000000000422,45.2678482831238,101.3862485043223,99.21581503456697,56.1184002211985,0.9789252255148334,3,4,middle_third,0,0,0,1,1,66.11208140907911,10.43995881530573,55.67212259377338,6.1782402168206385,3.4722222222222223,1.779333182444344,0.842086974229312,0.4213333698342194,0.598433701387535,1.258050896224994,21.3868652358249,7,3.3533164530982313,-7.232151716876203,-28.3350906035747,0,0.00846799999999348
balanced_v2_scaled_tracking_coords,tracking,5706998,6698,1H,2596705568,interception,339.051,348.074,9.023000000000025,9.023000000000025,22.654894230763485,68.23937318845766,68.23937318845766,45.584478957694174,0.764366054607705,3,3,defensive_third,0,0,0,0,0,83.08444916409644,44.56433431917803,38.52011484491841,4.26910283108925,3.4722222222222223,1.229501615353704,0.46362604834556975,0.33538342420479167,0.7527976822863739,1.5825609364589799,26.903535919802657,8,3.676358653846236,-29.845105769236515,-11.059351190489306,0,0.009000000000014552
balanced_v2_scaled_tracking_coords,tracking,5706998,7840,1H,2596705652,duel,547.197,550.932,3.7350000000000136,3.7350000000000136,36.41463110187624,70.12665092421636,70.12665092421636,33.712019822340125,0.9757381192208676,1,1,middle_third,0,0,0,0,1,68.61163824497541,36.33843469454716,32.27320355042825,8.640750615911147,3.4722222222222223,2.48853617738241,0.4703750613736685,0.1681137357826339,0.6216648574834459,1.306888347523341,22.217101907896797,7,3.4797909842589108,16.08536889812376,1.8984403513542105,1,0.0030000000000427463
balanced_v2_scaled_tracking_coords,tracking,5706998,6698,1H,2596707568,duel,943.136,959.9639999999999,16.827999999999975,16.827999999999975,22.54387609107619,90.7927406378591,90.7927406378591,68.24886454678291,0.9202860115293102,5,8,defensive_third,0,0,0,1,1,84.49247560214627,16.197580053022392,68.29489554912388,4.058408340214166,3.4722222222222223,1.1688216019816797,0.8082955915590317,0.6150704327107156,0.7655552927637375,1.609380487659929,27.359468290218793,9,3.67794462727034,-29.95612390892381,-18.43816865351566,0,0.004000000000019099
balanced_v2_scaled_tracking_coords,tracking,5706998,7840,1H,2596706065,interception,2487.268,2494.115,6.846999999999753,6.846999999999753,62.20979857380979,97.02515147767035,97.02515147767035,34.81535290386056,0.9642832031720779,1,3,middle_third,0,0,0,1,1,43.832105400734996,12.445017495296788,31.387087905438207,4.584064247909938,3.2962220844614176,1.390702486194569,0.716075297284531,0.4794499888963723,0.3996004102213996,0.8400557205339543,14.280947249077222,5,3.111288591802717,-9.709798573809792,-9.500111881826015,1,0.007999999999810825
balanced_v2_scaled_tracking_coords,tracking,5706998,6698,1H,2596706117,duel,2635.438,2650.0,14.561999999999898,13.942000000000007,18.084585798684913,99.94442039525046,77.96940569490397,81.85983459656555,0.5243369807371508,2,5,defensive_third,1,0,0,1,1,90.8628904683027,14.719093069751107,76.14379739855158,5.228938154000283,3.4722222222222223,1.5059341883520814,0.8380076509354957,0.4949312323343802,0.8232752824211711,1.7307217232057657,29.422269294498015,9,3.741648774304501,-34.41541420131509,-26.491048270474437,0,0.0019999999999527063
balanced_v2_scaled_tracking_coords,tracking,5706998,7840,2H,2596706773,duel,4639.521,4662.012,22.490999999999985,20.59100000000035,27.179050033581237,108.92684638171184,100.21339995103307,81.7477963481306,0.9904755524040985,8,10,defensive_third,0,0,0,1,1,83.83325700907936,5.651896216397526,78.18136079268183,3.4761175933787682,3.4722222222222223,1.0011218668930852,0.9325816934944396,0.8279416192827018,0.7601126523391566,1.5979387546022843,27.164958828238834,8,3.611727856663125,25.320949966418763,31.175546941064226,1,0.0009999999992942321
balanced_v2_scaled_tracking_coords,tracking,5706998,7840,2H,2596706797,interception,4719.888,4724.877,4.9890000000004875,4.9890000000004875,92.67188288351322,103.21375235141281,101.84931576749625,10.541869467899588,0.8722167857265426,2,2,attacking_third,0,0,0,1,1,20.055743058854826,3.488869434506678,16.566873624348148,3.3206802213562896,3.088235294117647,1.0752678812010843,0.8260413775611118,0.7620700036129358,0.18318400377867122,0.3850966274016736,6.546642665828451,2,2.676115958806954,-40.17188288351322,-15.81930333500781,1,0.007999999999810825
balanced_v2_scaled_tracking_coords,tracking,5706998,6698,2H,2596706782,duel,4950.844,4960.437,9.592999999999847,9.592999999999847,36.36750608375297,86.48820591949509,86.48820591949509,50.120699835742116,0.9999999999999998,1,3,middle_third,0,0,0,0,1,75.39790575616563,18.515326953583667,56.88257880258196,5.92959228631115,3.4722222222222223,1.7077225784576113,0.7544318138827141,0.39132467584644154,0.6859399867766838,1.442010055784171,24.514170948330907,8,3.4804641988035288,-16.13249391624703,31.215780804778035,0,0.0039999999999054126
balanced_v2_scaled_tracking_coords,tracking,5706999,1599,1H,2597685003,interception,163.601,172.413,8.812000000000012,8.812000000000012,18.64126325523899,62.99640306689115,62.99640306689115,44.35513981165216,0.9599861640544771,3,5,defensive_third,0,0,0,0,0,86.49193793398754,42.28505127183536,44.206886662152186,5.016668935786669,3.4722222222222223,1.4448006535065605,0.5111099105663676,0.31463660153544803,0.7836716866782735,1.6474654844569057,28.006913235767396,9,3.7336962392108717,-33.85873674476101,-4.798324231001509,0,0.007149999999995771
balanced_v2_scaled_tracking_coords,tracking,5706999,1599,1H,2597685078,interception,496.777,504.442,7.6650000000000205,7.6650000000000205,84.73565201718309,99.83880007247183,94.21326784895258,15.103148055288742,0.6945740965894948,2,3,attacking_third,1,1,0,1,1,36.0587246730952,7.754736479460154,28.303988193635046,3.692627292059357,3.088235294117647,1.1957078850477918,0.7849414656296411,0.6561153371969707,0.3268894314486296,0.6871998372533387,11.682397233306757,4,2.789490685468813,32.235652017183085,29.825958926435007,0,0.008849999999995362
balanced_v2_scaled_tracking_coords,tracking,5706999,5630,1H,2597685287,interception,869.808,881.854,12.04600000000005,12.04600000000005,16.26800778508199,72.91928552705632,72.91928552705632,56.651277741974326,0.9899263708765936,2,3,defensive_third,0,0,0,0,1,88.79006497942343,34.87910875554757,53.910956223875864,4.475423893730337,3.4722222222222223,1.288922081394337,0.6071732939532075,0.4189757306919688,0.8044941718822962,1.6912393329413988,28.75106866000378,9,3.767599888784543,36.23199221491801,-3.2107937682085748,1,0.00014999999996234692
balanced_v2_scaled_tracking_coords,tracking,5706999,1599,1H,2597685417,duel,1770.103,1773.31,3.20699999999988,3.106999999999971,94.06063215017289,105.07719585123289,103.39556132282694,11.016563701059994,1.0,1,1,attacking_third,0,0,0,1,1,32.50447987333588,16.42028315512517,16.084196718210713,5.01534041727824,3.088235294117647,1.6240149922615252,0.49483015205559167,0.30469555663800557,0.2945111553215345,0.6191329499683025,10.525260149461142,4,2.656276683568959,41.56063215017289,-30.60835576900965,0,0.0051499999999577994
balanced_v2_scaled_tracking_coords,tracking,5706999,1599,1H,2597685525,duel,2067.515,2074.664,7.149000000000342,7.149000000000342,56.83261640638955,86.18223633085935,81.12839331167706,29.349619924469806,0.858212830186533,0,3,middle_third,1,0,0,0,1,50.85509010189359,19.626397523361987,31.2286925785316,4.368260257173046,3.3921194562121975,1.2877672244629184,0.6140721118763449,0.4340707201453686,0.46084376452576964,0.9688039120074541,16.46966650412672,5,3.188105479908721,4.332616406389548,-16.313900423188258,0,0.006849999999758438
balanced_v2_scaled_tracking_coords,tracking,5706999,5630,1H,2597685710,interception,2075.026,2088.588,13.562000000000353,13.562000000000353,26.11655966981371,87.49987249803158,87.49987249803158,61.38331282821787,0.9980941293016642,1,3,defensive_third,0,0,0,0,1,79.19715473364805,29.732296126612038,49.46485860703601,3.6473129779556643,3.4722222222222223,1.0504261376512314,0.62457873358448,0.5288402998779724,0.7175763350060113,1.5085172330218677,25.64479296137175,8,3.626906290431233,26.38344033018629,7.042170090201509,1,0.0021500000002561137
balanced_v2_scaled_tracking_coords,tracking,5706999,5630,1H,2597685813,interception,2637.185,2648.305,11.11999999999989,11.11999999999989,7.791428979891393,88.92278058756084,86.28520566614276,81.13135160766944,0.8757207468400826,0,1,defensive_third,0,0,0,1,1,98.05020941822708,17.404242268549375,80.64596714967772,7.252335175330801,3.4722222222222223,2.0886725304952707,0.822496633390015,0.3502407253829285,0.8883969399851489,1.8676230365376587,31.749591621140198,10,3.8886938717158372,44.70857102010861,12.819410563153347,1,0.003150000000005093
balanced_v2_scaled_tracking_coords,tracking,5706999,5630,2H,2597686382,duel,4118.198,4121.697,3.4989999999997963,3.4989999999997963,41.966870625230186,61.364830208219864,61.364830208219864,19.397959582989678,0.8038918852884428,2,2,middle_third,0,0,0,0,0,63.39507164755197,45.90469112381196,17.490380523740015,4.998679772432419,3.4722222222222223,1.4396197744605366,0.27589495633002276,0.17045071506807402,0.5743994632545356,1.2075251742390851,20.527927962064446,7,3.400473276782426,10.533129374769814,6.764592406182189,1,0.002959999999802676
balanced_v2_scaled_tracking_coords,tracking,5706999,1599,2H,2597686161,interception,4518.538,4522.407,3.8690000000005966,3.8690000000005966,79.60018552425028,104.27824995936734,104.27824995936734,24.678064435117065,0.9309721422015658,1,3,attacking_third,1,1,0,1,1,26.866082925835492,2.7566547933285026,24.10942813250699,6.231436581158768,3.088235294117647,2.0177985119942674,0.8973927534974743,0.4447385346768576,0.24342371120181008,0.511734912873057,8.699493518841969,3,2.8628544925107104,27.100185524250282,8.754189646984145,0,0.0029600000007121707
balanced_v2_scaled_tracking_coords,tracking,5706999,5630,2H,2597686464,duel,4592.97,4604.654,11.684000000000196,11.684000000000196,45.70541470529192,94.76894820153105,93.67910091325841,49.063533496239124,0.972093008385313,4,4,middle_third,0,0,0,1,1,60.668070582801185,10.231923566763564,50.43614701603762,4.316684955155493,3.4722222222222223,1.243205267084782,0.8313458221355697,0.5935429813212401,0.5508182041377201,1.1579517225814686,19.685179283884967,6,3.347065504210115,6.794585294708078,-12.836157640366324,1,0.009039999999913562
balanced_v2_scaled_tracking_coords,tracking,5707000,3758,1H,2597804352,duel,336.749,357.461,20.71199999999999,20.71199999999999,24.9017603105346,102.06136007524269,101.18648300369114,77.15959976470809,0.9039407651014666,6,7,defensive_third,0,0,0,1,1,84.99740354000167,2.9640396472147095,82.03336389278697,3.960668399613123,3.4722222222222223,1.1406724990885795,0.9651278801025991,0.7538149754104975,0.7688226809004274,1.6162493196861785,27.476238434665035,9,3.644260566992363,27.5982396894654,28.43994738375646,1,0.009000000000014552
balanced_v2_scaled_tracking_coords,tracking,5707000,9906,1H,2597804288,interception,635.634,638.879,3.2450000000000045,3.2450000000000045,73.93287496225415,88.95594480599962,88.95594480599962,15.023069843745475,0.7215463792741571,0,1,attacking_third,0,0,0,0,1,42.658382813484494,30.906463201893185,11.751919611591308,3.6215468756829865,3.088235294117647,1.1726913692687766,0.2754891028798325,0.23492038067237742,0.38651194098489816,0.8125406250187522,13.813190625318787,5,2.943816071967798,21.432874962254147,29.23305263141114,0,0.005999999999971806
balanced_v2_scaled_tracking_coords,tracking,5707000,3758,1H,2597804787,interception,1853.118,1862.837,9.719000000000051,9.719000000000051,24.809631452412972,62.84729786617562,61.899121813288815,38.03766641376265,0.6116221494696078,2,3,defensive_third,0,0,0,0,0,80.19905659055325,42.88444363611622,37.31461295443704,3.8393469445865667,3.4722222222222223,1.1057319200409312,0.4652749613370436,0.3742507717611359,0.7266541997971349,1.5276010779153002,25.969218324560103,8,3.6455766935369573,27.690368547587028,-1.1804533946453049,1,0.0019999999999527063
balanced_v2_scaled_tracking_coords,tracking,5707000,3758,2H,2597805259,interception,3559.065,3563.955,4.889999999999873,4.295000000000073,80.67909850305652,108.46637500836397,108.46637500836397,27.787276505307446,0.8514896748919039,0,2,attacking_third,1,0,0,1,1,30.270882283511874,1.7590316270566952,28.511850656455177,5.830644306023705,3.088235294117647,1.8880181562362475,0.9418903086278785,0.4992600773058801,0.27406332975140185,0.576146725722053,9.794494337274902,3,2.847441449956335,-28.179098503056522,-18.022765176248775,1,0.005000000000109139
balanced_v2_scaled_tracking_coords,tracking,5707000,3758,2H,2597805380,interception,4158.643,4176.477,17.833999999999833,17.336999999999534,35.592512422451435,107.31078784602681,106.95046854060561,71.71827542357538,0.8294404506212881,3,7,middle_third,1,1,1,1,1,70.63193446618726,2.3476242199155295,68.28431024627173,3.8288836069458547,3.4722222222222223,1.102718478800406,0.9667625665691009,0.7785635204989384,0.6409492175396945,1.3474286887434928,22.906287708639375,7,3.4915355368221226,16.907487577548565,-13.094687266529661,1,0.0029999999997016857
balanced_v2_scaled_tracking_coords,tracking,5707000,9906,2H,2597805338,interception,4649.928,4657.788,7.859999999999673,7.859999999999673,72.1942500236762,101.19367026475578,101.19367026475578,28.999420241079576,0.9478355492465769,2,2,attacking_third,0,0,0,1,1,36.35915795784167,9.711434122005238,26.64772383583643,3.3902956534144453,3.1064281453074973,1.0913806773659813,0.7329026669631454,0.6674363681946839,0.32951985592922317,0.6927296191950811,11.776403526316379,4,2.96865357109034,19.694250023676204,-15.677089522427693,0,0.007999999999810825
balanced_v2_scaled_tracking_coords,tracking,5707000,9906,2H,2597805389,duel,5031.967,5053.647,21.68000000000029,21.68000000000029,15.172429192524334,102.86011733803255,102.86011733803255,87.68768814550822,0.6960885787645662,6,7,defensive_third,0,0,0,1,1,89.83277287816456,3.4860106657645873,86.34676221239998,3.9827842348892446,3.4722222222222223,1.1470418596481025,0.9611944443650596,0.7460763726909602,0.813101761004385,1.7093345458016915,29.058687278628756,9,3.783251011535367,-37.32757080747567,0.9667501268915757,0,0.006999999999607098
balanced_v2_scaled_tracking_coords,tracking,5707001,3149,1H,2599098039,duel,220.129,229.78300000000002,9.654000000000025,9.654000000000025,29.35410235964532,62.46641625553181,62.46641625553181,33.11231389588649,0.8721960375901545,3,5,defensive_third,0,0,0,0,0,81.62930624319847,46.91267997083084,34.716626272367634,3.5960872459465034,3.4722222222222223,1.035673126832593,0.42529610834785575,0.3654589810402614,0.739158483739622,1.5538880760974272,26.41609729365626,8,3.5806556805764953,-23.14589764035468,-30.676404742584566,0,0.00899999999998613
balanced_v2_scaled_tracking_coords,tracking,5707001,3149,1H,2599098287,interception,1015.294,1020.816,5.522000000000048,5.522000000000048,68.6682040150556,92.28240412096962,87.8073714108082,23.614200105914023,0.8864979856925396,0,2,middle_third,1,0,0,1,1,45.420416204722116,13.74962160826416,31.670794596457956,5.735384751259993,3.1728110367582296,1.8076666668179624,0.6972810300484502,0.37545308297603985,0.4115377112251824,0.8651507848518498,14.707563342481446,5,3.019025656927777,16.168204015055593,-27.258297979121153,0,0.005999999999971806
balanced_v2_scaled_tracking_coords,tracking,5707001,7713,1H,2599098470,interception,2141.233,2152.167,10.933999999999742,10.933999999999742,25.328825165703762,71.1298028677216,71.1274645337449,45.80097770201783,0.927032661126599,4,6,defensive_third,0,0,0,0,1,80.21717771891248,34.776964494513415,45.440213224399066,4.155863656886788,3.4722222222222223,1.1968887331833948,0.5664648709485302,0.4209418190228912,0.7268183886864696,1.5279462422649996,25.975086118504993,8,3.6381596404899463,27.171174834296238,9.343420236219302,1,0.006999999999607098
balanced_v2_scaled_tracking_coords,tracking,5707001,3149,2H,2599099057,duel,3565.033,3568.323,3.2899999999999636,3.2899999999999636,90.22186106556754,98.9291779713386,98.38386135039207,8.707316905771066,0.33706947685581673,2,2,attacking_third,0,0,0,1,1,21.31967804138224,8.909411947464005,12.410266093918235,3.7721173537745813,3.088235294117647,1.2214475240793883,0.5821038230422371,0.47656883457271076,0.193169773382571,0.4060891055501379,6.903514794352344,3,2.7111162704918925,37.721861065567545,-15.366693900211835,0,0.007000000000061846
balanced_v2_scaled_tracking_coords,tracking,5707001,7713,2H,2599098837,interception,3693.884,3698.975,5.0909999999998945,5.0909999999998945,45.56107735826584,71.35584314835705,71.35584314835705,25.794765790091212,0.9833992536139454,2,2,middle_third,0,0,0,0,1,61.81296433779433,34.25439247441371,27.558571863380614,5.413194237552776,3.4722222222222223,1.5589999404151995,0.4458380561200568,0.25450561855153453,0.5597249072648075,1.1766757446836031,20.003487659621253,6,3.349127466310488,6.938922641734159,16.96635009114737,1,0.0039999999999054126
balanced_v2_scaled_tracking_coords,tracking,5707002,7048,1H,2599191690,duel,9.579,15.22,5.641,5.641,40.68222467017215,66.25662205082403,61.87760456747085,25.574397380651888,0.8728609394308581,2,2,middle_third,0,0,0,0,0,65.96343335255797,40.82687870200029,25.136554650557677,4.456045851898188,3.4722222222222223,1.2833412053466782,0.38106801561115095,0.26409685501068747,0.5976704454690642,1.2564463495725329,21.359587942733057,7,3.4188253618546836,11.817775329827853,14.642346679379763,1,0.0007529999999995596
balanced_v2_scaled_tracking_coords,tracking,5707002,7048,1H,2599191733,interception,117.695,121.429,3.734000000000009,3.304753000000005,100.54986187629828,106.62776676105729,106.62776676105729,6.077904884759008,0.7063793850454525,1,2,attacking_third,1,1,0,1,1,20.058269191234945,2.297610776609472,17.760658414625475,4.756469848587422,3.088235294117647,1.5401902366854507,0.885453188672257,0.5748985856304262,0.18174061102595576,0.38206227030923706,6.49505859525703,2,2.5635734017671674,-48.04986187629828,-19.55838525103802,1,0.004753000000008001
balanced_v2_scaled_tracking_coords,tracking,5707002,7048,1H,2599191759,interception,212.811,220.147,7.335999999999984,7.335999999999984,68.80306088642617,94.94913694862029,89.55456655665543,26.146076062194126,0.8958286241215705,1,2,middle_third,0,0,0,1,1,48.65301451080123,15.481759159681348,33.17125535111988,4.521708744700103,3.170313687288404,1.4262654080036976,0.6817923963119631,0.4656503681311959,0.44082709735053216,0.9267240859200234,15.754309460640398,5,3.017099130193912,-16.303060886426167,-32.509958778756754,1,0.008752999999984468
balanced_v2_scaled_tracking_coords,tracking,5707002,13870,1H,2599191710,interception,403.62,408.297,4.677000000000021,4.677000000000021,45.481340366023545,68.42866010437682,60.308688200441566,22.947319738353272,0.8008216628078748,1,2,middle_third,0,0,0,0,0,64.54674120240038,42.80920693826423,21.73753426413615,4.647751606614508,3.4722222222222223,1.3385524627049783,0.3367719866131331,0.22360652259370284,0.5852640018993474,1.230365035275463,20.91620559968287,7,3.3502665661996636,-7.018659633976455,-24.97620778309856,0,0.00024700000000166256
balanced_v2_scaled_tracking_coords,tracking,5707002,7048,1H,2599191927,duel,651.499,658.695,7.196000000000026,7.196000000000026,56.343333717367344,85.3497311916665,85.3497311916665,29.006397474299163,0.9300503832370374,3,4,middle_third,0,0,0,0,1,51.72472273229323,22.66203632187422,29.062686410419012,4.03872796142564,3.4010493756043085,1.1874946569124794,0.5618722513185043,0.42963867184920157,0.4686587175040474,0.9852328139484425,16.748957837123523,5,3.195095232609038,-3.8433337173673436,17.549238387836965,1,0.000753000000031534
balanced_v2_scaled_tracking_coords,tracking,5707002,13870,1H,2599191834,interception,864.31,886.399,22.089000000000055,22.089000000000055,12.984185305682189,100.78094965368172,92.55223740730858,87.79676434799953,0.908399415375413,2,5,defensive_third,1,1,0,1,1,92.81917029583622,15.052000876372977,77.76716941946324,3.520628793492827,3.4722222222222223,1.013941092525934,0.8378352141222686,0.7349347036215103,0.841000415522339,1.767984196111166,30.05573133388982,9,3.8145116384902544,-39.51581469431781,-12.185574280615938,0,0.009753000000046086
balanced_v2_scaled_tracking_coords,tracking,5707002,7048,1H,2599192045,duel,948.575,965.631,17.055999999999926,17.055999999999926,36.443562478139924,103.19842917846728,88.52525568825118,66.75486670032736,0.7703996793436321,4,5,middle_third,0,0,0,1,1,74.25066305108128,8.309755893941983,65.94090715713929,3.86614136709308,3.4722222222222223,1.113448713722807,0.8880850951024474,0.7093935462937703,0.6727579903994223,1.4142983438301195,24.04307184511203,8,3.4793776788837154,16.056437521860076,-28.516238143144022,1,0.0047529999999369466
balanced_v2_scaled_tracking_coords,tracking,5707002,7048,1H,2599192078,interception,1108.379,1115.299,6.920000000000073,6.920000000000073,28.728516200628235,60.400109500348414,60.400109500348414,31.67159329972018,1.0,2,2,defensive_third,0,0,0,0,0,77.02773679184799,47.62285750191377,29.404879289934215,4.2492600129962295,3.4722222222222223,1.223786883742914,0.3817440381170098,0.2774401679883711,0.6979200357234339,1.4671949865113902,24.942314770693635,8,3.589592625705311,23.771483799371765,10.767218504162528,1,0.000753000000031534
balanced_v2_scaled_tracking_coords,tracking,5707002,7048,1H,2599192117,interception,1388.247,1394.86,6.612999999999829,6.612999999999829,62.790957683168976,81.57617040603502,78.62328330569562,18.785212722866042,0.8391186630738549,4,4,middle_third,0,0,0,0,1,47.46608022303734,23.492061160703287,23.97401906233405,3.6252864149908772,3.2808180061306706,1.1049946715168348,0.5050768664630205,0.4296771715531118,0.4306506951642476,0.9053308524488511,15.390624491630469,5,3.1029863188118716,-10.290957683168976,21.712335628296287,1,0.007247000000006665
balanced_v2_scaled_tracking_coords,tracking,5707002,7048,1H,2599192381,duel,2548.202,2552.77,4.567999999999756,3.557752999999593,77.23430731604856,109.55344430713555,109.55344430713555,32.31913699108699,0.738381229849031,1,2,attacking_third,1,1,0,1,1,29.957572613596707,6.344463124274437,23.61310948932227,5.169244634265221,3.088235294117647,1.6738506434763571,0.7882183845097348,0.46753475572185516,0.27338904288453425,0.574729213313897,9.77039662633625,3,2.896652752627878,-24.734307316048557,-11.248220600578769,1,0.0022470000003522728
balanced_v2_scaled_tracking_coords,tracking,5707002,13870,2H,2599192464,duel,2841.495,2857.679,16.184000000000196,16.184000000000196,10.655402339964795,101.60705509819306,101.60705509819306,90.95165275822826,0.9999999999999999,2,6,defensive_third,1,1,0,1,1,94.71053293040247,5.199006339236459,89.511526591166,5.530865459167383,3.4722222222222223,1.5928892522402063,0.9451063553506037,0.5277132168259273,0.8581373577779517,1.804010151055285,30.668172567939845,10,3.8477799665719314,-41.844597660035205,-8.317568173867372,0,0.009287000000313128
balanced_v2_scaled_tracking_coords,tracking,5707002,7048,1H,2599192437,duel,2862.172,2887.603,25.43100000000004,25.43100000000004,4.567539541613868,101.1760106748045,98.43314709593594,96.60847113319063,0.9611942155241938,6,9,defensive_third,0,0,0,1,1,100.43411588396263,8.124683471814022,92.30943241214861,3.6297995522059088,3.4722222222222223,1.0453822710353018,0.9191043461645947,0.781887581395025,0.9100977338196313,1.9132433000170797,32.525136100290354,10,3.934749435119802,47.93246045838613,0.5766451837472815,1,0.007712999999966996
balanced_v2_scaled_tracking_coords,tracking,5707002,7048,2H,2599192714,interception,3473.837,3480.013,6.175999999999931,5.907286999999997,61.67823223551018,105.48526814850419,105.48526814850419,43.80703591299401,0.9046065886110165,0,2,middle_third,1,1,0,1,1,43.339922197812164,11.750317186671825,31.58960501114034,5.114897184446356,3.3022549586016634,1.548910441067898,0.728880058135753,0.4400778822217912,0.3926871190605863,0.8255223275773745,14.033879568815367,5,3.118882396635569,-9.17823223551018,-1.2543101179620564,1,0.0072869999999056745
balanced_v2_scaled_tracking_coords,tracking,5707002,13870,2H,2599192695,duel,3707.911,3711.107,3.1959999999999127,3.1959999999999127,80.91071371758521,92.87595084933315,92.87595084933315,11.96523713174794,1.0,1,2,attacking_third,1,1,0,1,1,28.580175219246094,13.714217479420526,14.865957739825568,4.6514260762909805,3.0882352941176467,1.5061760627989844,0.5201492862022318,0.3449742846958914,0.25923220758570753,0.5449681565851332,9.264458661947264,3,2.8441326611773543,28.410713717585214,15.379619695124823,0,0.0067129999997632694
balanced_v2_scaled_tracking_coords,tracking,5707002,7048,2H,2599192850,duel,3885.538,3892.771,7.233000000000175,7.233000000000175,97.00910291568542,97.836241816067,94.50200555122376,0.8271389003815841,0.719970518550686,3,4,attacking_third,0,0,0,1,1,32.18742919815303,7.384588088839657,24.802841109313377,3.429122232726777,3.088235294117647,1.1103824372639086,0.7705753993778603,0.693972971399506,0.2916384755860814,0.6130938894886292,10.422596121306697,4,2.6141556726330655,-44.50910291568542,31.179739610426623,1,0.006287000000156695
balanced_v2_scaled_tracking_coords,tracking,5707003,665,1H,2603092306,interception,402.422,409.839,7.416999999999973,7.416999999999973,34.63370828157295,65.43743484005651,65.43743484005651,30.80372655848356,0.6036963514409653,1,3,defensive_third,0,0,0,0,0,71.5797567531505,44.4313611440829,27.148395609067606,3.6602933273652023,3.4722222222222223,1.0541644782811783,0.379274767623078,0.31891645177493755,0.6507591240447252,1.3680514605591885,23.256874829506202,7,3.505232738834672,17.86629171842705,-13.124273947057844,1,0.006066000000032545
balanced_v2_scaled_tracking_coords,tracking,5707003,2414,1H,2603092501,interception,1251.456,1278.688,27.2320000000002,26.93158100000005,6.479569008673707,108.2937325107634,108.1929834510416,101.8141635020897,0.7442728127766324,3,6,defensive_third,1,1,1,1,1,100.27618354368197,2.8494416551683512,97.42674188851362,3.5776565029565552,3.4722222222222223,1.030365072851488,0.9715840635884683,0.8386692369571678,0.908568625529269,1.9100287483455158,32.47048872187377,10,3.9074347284475186,-46.02043099132629,-18.68254970204832,0,0.008670999999822016
balanced_v2_scaled_tracking_coords,tracking,5707003,2414,1H,2603092829,duel,2492.926,2500.228,7.302000000000135,7.302000000000135,71.22573705240994,104.48990955369388,104.48990955369388,33.26417250128394,0.8147915303157205,2,3,attacking_third,0,0,0,1,1,33.77879193032584,4.3265289244581915,29.452263005867646,4.033451520934963,3.1254493138442605,1.2905189353315323,0.8719158182630584,0.6675873478294032,0.30605722889683074,0.643405560577635,10.937894529819795,4,2.982489470679858,18.72573705240994,0.5531244157431274,0,0.007133999999950902
balanced_v2_scaled_tracking_coords,tracking,5707003,665,2H,2603093057,duel,3237.387,3243.505,6.117999999999938,6.117999999999938,61.10129727500282,96.0202992806487,96.0202992806487,34.91900200564588,1.0,0,2,middle_third,1,1,0,1,1,45.38201589134912,12.424762709161092,32.957253182188026,5.386932524058247,3.3129389393518,1.6260283158470283,0.7262183606187149,0.4163284322725113,0.411189780087682,0.8644193503114118,14.695128955294,5,3.127124324642817,-8.601297275002821,-11.5078784067694,1,0.018515999999635824
balanced_v2_scaled_tracking_coords,tracking,5707003,2414,2H,2603093379,interception,4575.996,4585.242,9.246000000000095,9.246000000000095,65.78489426594398,94.17154048755722,92.29237715025978,28.386646221613248,0.9190179809782831,2,5,middle_third,1,1,0,1,1,45.78109602976736,13.81035810314721,31.970737926620153,3.457791253149451,3.2262056617417785,1.0717826498644984,0.698339286281666,0.6237033624281528,0.4148056986653501,0.8720208767574735,14.82435490487705,5,3.0602157962008003,13.284894265943976,23.62380655088394,0,0.004449000000022352
balanced_v2_scaled_tracking_coords,tracking,5707003,2414,2H,2603093531,duel,5117.82,5124.184,6.3640000000004875,6.3640000000004875,67.62505453800284,90.14160324074373,90.14160324074373,22.51654870274089,0.9570715094285318,2,3,middle_third,0,0,0,1,1,46.7246154255576,21.961941396001606,24.762674029555996,3.8910550015012726,3.1921286196666143,1.2189530764921541,0.5299706333379732,0.42062474421172125,0.4233545814164446,0.8899926747725257,15.129875471132937,5,3.033927792314245,15.125054538002843,28.041097310536777,0,0.006718999999975495
balanced_v2_scaled_tracking_coords,tracking,5707003,2414,2H,2603093559,duel,5179.91,5188.39,8.480000000000473,8.480000000000473,69.02267260720666,97.67129400952956,97.67129400952956,28.648621402322902,0.9347589035348315,3,3,middle_third,0,0,0,1,1,41.11925645708237,8.811929142841223,32.30732731424115,3.8098263342263383,3.1659890074996864,1.2033605692254494,0.7856982372227828,0.6372201356467772,0.37237050348377354,0.7828119381467563,13.307802948494857,4,3.0139618198970477,16.52267260720666,19.910428555284085,0,0.002615999999761698
balanced_v2_scaled_tracking_coords,tracking,5707003,2414,2H,2603093589,duel,5368.648,5379.565,10.916999999999462,10.916999999999462,24.49111893806409,80.363471908923,77.70923911269813,55.87235297085891,0.7163082804787583,3,6,defensive_third,0,0,0,0,1,83.1646681842628,26.77846011534651,56.38620806891629,5.164991121088126,3.4722222222222223,1.4875174428733802,0.6780067701825596,0.40539168185198654,0.7535245173688001,1.5840889177954818,26.929511602523192,8,3.65012687231337,-28.00888106193591,-20.849031256957474,0,0.003695000000334403
balanced_v2_scaled_tracking_coords,tracking,5707004,4419,1H,2599997477,interception,5.201,16.97,11.768999999999998,11.768999999999998,42.01392909077251,103.98011165797719,103.98011165797719,61.96618256720468,0.9659060394005536,4,7,middle_third,1,1,0,1,1,64.40266902696331,10.27422420954225,54.128444817421055,4.599239087213958,3.4722222222222223,1.3245808571176199,0.8404689686813948,0.5626499802642164,0.585288734918023,1.230417030001427,20.917089510024258,7,3.399801012988964,-10.486070909227493,-13.433489837504844,0,0.0009999999999994458
balanced_v2_scaled_tracking_coords,tracking,5707004,10683,1H,2599997626,interception,45.821,53.17,7.349000000000004,7.349000000000004,11.773710038957887,52.778006991981634,52.778006991981634,41.00429695302375,1.0,2,3,defensive_third,0,0,0,0,0,93.45222468915031,61.70761286341984,31.744611825730473,4.319582504521766,3.4722222222222223,1.2440397613022687,0.33968813403129167,0.2426352304474483,0.8475070068795326,1.7816626087228022,30.288264348287637,9,3.8318041423006015,40.72628996104211,6.49439446377675,1,0.0009999999999976694
balanced_v2_scaled_tracking_coords,tracking,5707004,4419,1H,2599997826,duel,1844.131,1849.11,4.9789999999998145,4.9789999999998145,56.28657154309543,78.96753310188038,78.96753310188038,22.68096155878495,0.7428456650136519,2,4,middle_third,0,0,0,0,1,55.252483255311034,37.45982082897405,17.79266242633698,3.5735413589752247,3.4021005269797144,1.0503926414389966,0.322024665282835,0.278291990214452,0.5006224600829268,1.052428252482115,17.891280292195955,6,3.1959061208129227,3.7865715430954268,26.07371845081684,0,0.009000000000014552
balanced_v2_scaled_tracking_coords,tracking,5707004,10683,1H,2599998058,duel,1880.807,1885.85,5.042999999999893,5.042999999999893,44.528218940168905,72.94982456286115,72.94982456286115,28.421605622692248,1.0,1,1,middle_third,0,0,0,0,1,61.78145550471683,37.958082846791505,23.823372657925326,4.724047721182993,3.4722222222222223,1.360525743700702,0.38560717715862947,0.25154449059131856,0.5609744337780241,1.1793025485319897,20.048143325043824,6,3.363882586569016,7.971781059831095,-12.653534673487862,1,0.007000000000061846
balanced_v2_scaled_tracking_coords,tracking,5707004,10683,1H,2599998076,interception,2087.174,2100.93,13.755999999999858,13.58600000000024,13.630730964679572,83.13939636037726,83.13939636037726,69.50866539569769,0.9608493346952311,2,3,defensive_third,0,0,0,0,1,91.37086396500024,40.67552604371368,50.69533792128656,3.6853255249554437,3.4722222222222223,1.0613737511871677,0.5548304538381676,0.4649377587384379,0.8278778437286614,1.7403974088571474,29.586755950571508,9,3.805275271933149,38.86926903532043,-0.5398681892962429,1,0.005999999999858119
balanced_v2_scaled_tracking_coords,tracking,5707004,4419,2H,2599998432,duel,3750.468,3755.92,5.4520000000002256,5.4520000000002256,79.77597273185825,99.43694046038263,99.43694046038263,19.660967728524383,0.9457855004809376,2,3,attacking_third,0,0,0,1,1,36.76228160301263,12.67133826316744,24.09094333984519,4.418735021981694,3.088235294117647,1.430828483308358,0.6553168706990962,0.45853438447725614,0.33270003732015174,0.6994151217657743,11.890057070018162,4,2.8603432466877394,27.275972731858243,26.743481393327272,0,0.007999999999810825
balanced_v2_scaled_tracking_coords,tracking,5707004,10683,2H,2599998778,duel,4371.056,4378.438,7.382000000000517,7.382000000000517,21.716269397396534,61.530893754426465,61.530893754426465,39.81462435702993,1.0,2,3,defensive_third,0,0,0,0,0,84.5725074614433,43.50657073672615,41.06593672471715,5.562982487769476,3.4722222222222223,1.6021389564776092,0.48557076001842747,0.26955985609828825,0.7662804320502588,1.6109049040274914,27.385383368467355,9,3.6897675800371923,30.783730602603466,-14.708135001721125,1,0.0039999999999054126
balanced_v2_scaled_tracking_coords,tracking,5707004,10683,2H,2599998850,duel,4776.24,4783.293,7.052999999999884,7.052999999999884,12.240128354799616,54.829625504327524,54.829625504327524,42.58949714952791,1.0,2,4,defensive_third,0,0,0,0,0,92.81746202339222,57.218153108190855,35.59930891520137,5.047399534269383,3.4722222222222223,1.4536510658695823,0.38354107232785023,0.2346683808691299,0.8409849374930628,1.7679516575884233,30.055178179003196,9,3.8251410235028627,40.259871645200384,-3.2691694403638536,1,0.0
balanced_v2_scaled_tracking_coords,tracking,5707005,6698,1H,2604332725,duel,165.787,171.089,5.3019999999999925,5.3019999999999925,86.09501588513109,103.47570458616055,102.41440563261749,17.380688701029456,0.865463458809055,1,1,attacking_third,0,0,0,1,1,36.99291484457825,19.69539314790109,17.297521696677162,3.2624522249485453,3.0882352941176467,1.05641310141191,0.467590125551091,0.44318051172161355,0.33475569891023205,0.7037366145221808,11.963522446877075,4,2.7700712016409845,-33.59501588513109,-31.797442103332344,1,0.0025660000000016225
balanced_v2_scaled_tracking_coords,tracking,5707005,6698,1H,2604333578,interception,2212.931,2224.166,11.235000000000127,11.235000000000127,31.439321494513905,87.00796655797785,87.00796655797785,55.56864506346395,0.9646804254605988,3,4,defensive_third,0,0,0,0,1,77.59324652823584,33.621541091043035,43.9717054371928,3.913814458139057,3.4722222222222223,1.1271785639440484,0.5666950076794595,0.44645937140512315,0.7041416664101736,1.48027434357849,25.16466384083433,8,3.5508668357926583,21.060678505486095,-24.68883319648984,1,0.006566000000020722
balanced_v2_scaled_tracking_coords,tracking,5707005,5048,2H,2604333424,interception,2786.826,2790.562,3.7359999999998763,3.7359999999998763,67.20801340566919,81.31056044804103,81.01916840404039,14.102547042371839,0.9518931215906363,2,2,middle_third,0,0,0,0,1,43.69228461412419,24.32726663283633,19.36501798128786,5.183355990708914,3.1969596665327393,1.6213391882827597,0.4432136738170891,0.2644567600785631,0.39529480332115763,0.8310043041329682,14.12707317026046,5,3.0398855227761543,14.708013405669199,-21.926729898814237,0,0.0015659999999115826
balanced_v2_scaled_tracking_coords,tracking,5707005,5048,2H,2604333667,duel,3621.714,3626.862,5.148000000000138,5.148000000000138,88.56400395848831,93.48911265433273,93.48911265433273,4.925108695844415,0.7903117088076924,1,2,attacking_third,0,0,0,1,1,31.49658703574355,13.888315293127194,17.608271742616353,3.420410206413341,3.0882352941176467,1.1075614001719392,0.5590533260836739,0.5056130389637572,0.28489785764435016,0.5989234969738972,10.181699448556254,3,2.734799943450167,36.06400395848832,26.8680670875964,0,0.009565999999722408
balanced_v2_scaled_tracking_coords,tracking,5707005,6698,2H,2604334038,duel,3886.711,3891.976,5.265000000000327,5.265000000000327,67.47435263041662,98.66931260501993,98.66931260501993,31.194959974603307,0.9441012141782442,0,2,middle_third,1,1,0,1,1,37.52565638219196,6.584876441415674,30.940779940776288,5.8766913467757576,3.1943338200177287,1.8397236099585677,0.8245233507883271,0.43365708556133675,0.33971978393059865,0.7141723095612961,12.140929262542032,4,3.036080676708334,-14.974352630416618,0.026007845438812183,1,0.006565999999565975
balanced_v2_scaled_tracking_coords,tracking,5707005,6698,2H,2604334058,duel,4060.116,4064.948,4.83199999999988,4.83199999999988,49.01983404726725,72.6984074407297,72.6984074407297,23.678573393462443,1.0,1,1,middle_third,0,0,0,0,1,60.02397171241545,32.74138909185207,27.28258262056338,5.646229846971039,3.4722222222222223,1.6261141959276593,0.4545281133890747,0.24860655693814304,0.5438551647310621,1.1433137469031516,19.436333697353575,6,3.2997166564676106,3.4801659527327473,-21.658674937247476,1,0.008434000000306696
balanced_v2_scaled_tracking_coords,tracking,5707005,6698,2H,2604334114,interception,4350.245,4362.232,11.98700000000008,11.98700000000008,34.48800430854078,102.41904821502118,102.41904821502118,67.9310439064804,0.9622415251101885,1,4,defensive_third,1,1,0,1,1,74.09341252843872,3.838917771219395,70.25449475721932,5.8608905278400645,3.4722222222222223,1.6879364720179386,0.9481881365668515,0.4990865717012442,0.6720530103044542,1.4128163069090052,24.017877217453087,8,3.507314224163703,18.01199569145922,-22.75724596072724,1,0.0005659999997078557
balanced_v2_scaled_tracking_coords,tracking,5707006,7840,1H,2609323935,interception,300.529,309.831,9.302000000000021,8.971000000000004,58.12008036010454,107.46480590087695,107.46480590087695,49.344725540772416,0.8181366872637771,1,4,middle_third,1,1,0,1,1,50.7404908126395,4.158974145010726,46.581516667628776,5.007688310860963,3.37223912143999,1.4849742650285769,0.918034412391322,0.5643541381056701,0.46120449541737557,0.9695622546950878,16.48255832981649,5,3.1697131377127925,-5.620080360104538,-19.41315385156406,1,0.009000000000014552
balanced_v2_scaled_tracking_coords,tracking,5707006,7337,1H,2609323588,duel,1093.379,1096.709,3.3300000000001546,3.3300000000001546,71.16144019588756,80.7708676859859,80.7708676859859,9.60942749009834,0.9993101348698374,1,1,attacking_third,0,0,0,0,1,47.75008186782444,28.858817094613055,18.891264773211386,5.6730524844476005,3.1266399963724525,1.8144245871061304,0.3956279033301707,0.2153676627796908,0.4326459562617691,0.9095253689109417,15.461931271486009,5,2.9834079972016063,18.661440195887565,33.69009036448912,0,0.0010000000002037268
balanced_v2_scaled_tracking_coords,tracking,5707006,7337,1H,2609323618,duel,1231.44,1237.897,6.45699999999988,6.45699999999988,70.73944382802723,90.19447957496496,90.19447957496496,19.455035746937725,0.9516830919451779,1,4,attacking_third,0,0,0,1,1,37.5986178475179,16.063990797133844,21.534627050384056,3.3350823990064202,3.1344547439254216,1.0640071947026242,0.5727504967793831,0.530358200266494,0.3406672687554356,0.7161641494765314,12.174790541101034,4,2.989436516742468,18.239443828027234,15.487748539758464,0,0.0
balanced_v2_scaled_tracking_coords,tracking,5707006,7337,1H,2609323664,duel,1424.188,1428.609,4.420999999999822,4.420999999999822,95.1886017615932,102.91794729817383,102.91794729817383,7.729345536580624,0.8999871119570849,1,2,attacking_third,1,1,0,1,1,19.878007033710155,2.358093731494797,17.519913302215357,3.962884709843036,3.088235294117647,1.2832198108063164,0.8813717226532911,0.6872032466497233,0.180013146328149,0.3784307259857239,6.433322341757306,2,2.64016283197724,42.688601761593205,-17.287904101990456,0,0.008000000000038199
balanced_v2_scaled_tracking_coords,tracking,5707006,7337,1H,2609323674,interception,1503.406,1506.457,3.0510000000001583,3.0510000000001583,79.74828612092975,96.14139431996348,96.14139431996348,16.393108199033733,0.9999999999999999,1,2,attacking_third,1,1,0,1,1,34.66583558394542,11.815278162609854,22.85055742133557,7.489530456025691,3.0882352941176467,2.425181290522605,0.659166497400634,0.271632381208477,0.3142892866758802,0.6607113166583785,11.232092383192434,4,2.860738769701004,27.248286120929748,-23.750181113050644,0,0.005999999999858119
balanced_v2_scaled_tracking_coords,tracking,5707006,7840,1H,2609324985,interception,2152.266,2160.79,8.523999999999887,8.523999999999887,48.421048111740774,101.08384443155927,101.08384443155927,52.6627963198185,0.9447763947046465,2,3,middle_third,0,0,0,1,1,56.69657510211619,15.093085491467997,41.6034896106482,4.880747256059215,3.4722222222222223,1.4056552097450539,0.733791936033458,0.46449888566325837,0.5134848978148268,1.079468175666147,18.3509589863245,6,3.308270741260846,4.078951888259226,-3.6501823976273613,1,0.005999999999858119
balanced_v2_scaled_tracking_coords,tracking,5707006,7840,2H,2609324999,duel,3190.863,3198.029,7.166000000000167,6.857000000000426,69.22887292234323,109.1431691689762,109.1431691689762,39.91429624663297,0.8514495630326263,0,2,middle_third,1,1,0,1,1,36.75172446914619,2.1688571241675336,34.58286734497866,4.825965300722558,3.1621860488379756,1.5261484385132809,0.940986248795255,0.6027004609251142,0.33269340404109926,0.6994011770253,11.8898200094301,4,3.0110161011093823,-16.72887292234323,8.433013639866203,1,0.0029999999997016857
balanced_v2_scaled_tracking_coords,tracking,5707006,7840,2H,2609324728,duel,3515.978,3522.836,6.85799999999972,6.85799999999972,30.410976102521843,64.82878256270921,64.82878256270921,34.417806460187364,0.9630018774490721,2,3,defensive_third,0,0,0,0,0,74.6642331263791,44.67423566728849,29.98999745909061,4.372994671783586,3.4722222222222223,1.2594224654736728,0.4016648427678694,0.2836581420612664,0.6765051969739319,1.4221758690738877,24.176989774256093,8,3.565557484249688,22.089023897478157,-3.350406299498559,1,0.0019999999999527063
balanced_v2_scaled_tracking_coords,tracking,5707006,7840,2H,2609325506,duel,4207.725,4231.267,23.54199999999946,22.774999999999636,15.611785038774705,106.71763852765116,106.32248383027463,91.10585348887645,0.916433041696486,4,7,defensive_third,1,1,0,1,1,89.5639913260046,3.225032118109096,86.3389592078955,3.6674436839647213,3.4722222222222223,1.0562237809818398,0.9639918669281913,0.8118984143983234,0.8113543567549674,1.7056610837674677,28.99623842404695,9,3.7769744994460757,36.888214961225295,5.608526392057598,1,0.005000000000109139
balanced_v2_scaled_tracking_coords,tracking,5707006,7337,2H,2609324566,duel,4846.419,4855.372,8.95300000000043,8.661000000000058,53.77522276603258,106.18284170366553,106.18284170366553,52.407618937632954,0.8924011966878933,2,4,middle_third,1,1,0,1,1,53.878240557603945,1.8232284542667496,52.0550121033372,5.814253557839239,3.4486069858142114,1.685971634853167,0.9661602079912495,0.513175083337692,0.4881709516702078,1.026252201097218,17.446287418652705,6,3.2317825319138205,1.2752227660325772,16.699910266628763,0,0.0010000000002037268
balanced_v2_scaled_tracking_coords,tracking,5707006,7840,2H,2609324882,duel,5021.308,5036.976,15.667999999999665,15.072000000000116,7.927830386568715,107.8936779504957,106.11569920688359,99.96584756392699,0.961372035783471,2,5,defensive_third,1,1,1,1,1,97.37567858770491,1.9604524543518187,95.41522613335309,6.089815300826853,3.4722222222222223,1.7538668066381335,0.9798671240828779,0.49701626775929425,0.8820879097763542,1.8543599447530856,31.524119060802455,10,3.8867452801918754,44.572169613431285,-7.682230597765333,1,0.007999999999810825
balanced_v2_scaled_tracking_coords,tracking,5707007,3758,1H,2601700381,duel,268.479,284.969,16.49000000000001,16.207133,22.918902054488463,106.00928642468764,106.00928642468764,83.09038437019919,0.9129797144399303,3,6,defensive_third,0,0,0,1,1,85.10835973807283,18.24627128084506,66.86208845722777,4.054705182366751,3.4722222222222223,1.1677550925216242,0.7856112920399443,0.5983548520583103,0.7711355927446251,1.6211116140585302,27.558897438995015,9,3.6725871135073076,-29.581097945511537,-22.497249995600768,0,0.00713300000001027
balanced_v2_scaled_tracking_coords,tracking,5707007,3758,1H,2601698442,duel,422.407,447.175,24.76800000000003,23.919133000000045,3.4535592130954456,108.90312157158455,108.90312157158455,105.4495623584891,0.7049033685679809,7,10,defensive_third,0,0,0,1,1,103.11560434958301,7.282630741229687,95.83297360835333,3.869225355634416,3.4722222222222223,1.1143369024227117,0.9293741157105565,0.7422121209195978,0.9337525631972704,1.9629714139745467,33.37051403756729,10,3.950663439812922,-49.046440786904554,17.920608915196688,0,0.0008669999999710853
balanced_v2_scaled_tracking_coords,tracking,5707007,1599,1H,2601698555,duel,719.98,724.391,4.4109999999999445,4.4109999999999445,68.2670732351031,88.09413770949463,88.04329635317721,19.827064474391534,0.9902718581805627,2,2,middle_third,0,0,0,0,1,40.796991262870876,17.454813274791366,23.34217798807951,5.291810924525007,3.180239384535128,1.663966225391092,0.5721543982907167,0.3339022182930011,0.36964655571452315,0.7770855478642071,13.210454313691521,4,3.0247560966413842,-15.767073235103098,17.750678504989125,1,0.0061329999999770735
balanced_v2_scaled_tracking_coords,tracking,5707007,1599,1H,2601698838,duel,1390.475,1402.399,11.923999999999978,11.923999999999978,34.105146559082684,85.14611140405927,79.56444515922233,51.040964844976585,0.8878881159847521,3,5,defensive_third,0,0,0,0,1,72.39566713157996,23.236690976075334,49.15897615550462,4.12269172723119,3.4722222222222223,1.1873352174425826,0.6790320208826534,0.508262911783395,0.6564512167386245,1.380017602002012,23.460299234034206,7,3.512783620584533,18.394853440917316,-14.664664163129643,1,0.008867000000009284
balanced_v2_scaled_tracking_coords,tracking,5707007,1599,1H,2601698902,duel,1603.575,1607.255,3.6800000000000637,3.6800000000000637,55.49469375907806,81.48331730981383,81.48331730981383,25.988623550735767,1.0,2,2,middle_third,0,0,0,0,1,50.01107607819989,23.55622636322163,26.454849714978263,7.188817857330926,3.4226090396909283,2.100391185193649,0.5289798138638748,0.2257672715581898,0.45609545511947136,0.9588218289625041,16.29997109236257,5,3.207218660584599,-2.9946937590780607,-7.094532013602667,1,0.008867000000009284
balanced_v2_scaled_tracking_coords,tracking,5707007,1599,1H,2601699004,interception,2046.327,2049.832,3.5049999999998818,3.5049999999998818,70.25283190889394,86.24624751484436,86.24624751484436,15.993415605950418,1.0,0,1,attacking_third,0,0,0,0,1,43.62107339768517,26.46224298530172,17.158830412383452,4.895529361593161,3.145944840898487,1.5561396048492033,0.39336103116834387,0.24738805604936,0.3964406730380832,0.8334131965816938,14.168024341888794,5,2.9963881155872296,-17.752831908893945,26.371051439308566,1,0.0008669999999710853
balanced_v2_scaled_tracking_coords,tracking,5707007,3758,1H,2601698956,duel,2555.925,2565.58,9.654999999999745,9.654999999999745,49.37808232478695,102.16983777627843,102.16983777627843,52.791755451491476,0.9443234708474758,3,3,middle_third,0,0,0,1,1,58.00468384492451,3.3132085466623966,54.69147529826211,5.664575380451947,3.4722222222222223,1.6313977095701608,0.9428803274659637,0.5140431735550977,0.525559138918652,1.1048511208557048,18.782469054546983,6,3.294598823931615,-3.121917675213048,16.4543496401854,0,0.0011329999997542473
balanced_v2_scaled_tracking_coords,tracking,5707007,3758,2H,2601699696,interception,4832.87,4841.641,8.77099999999973,8.71099999999933,23.44354378669378,72.33792041112667,72.33792041112667,48.894376624432894,1.0,3,4,defensive_third,0,0,0,0,1,84.35558825399517,43.215913183614724,41.13967507038044,4.690420142558626,3.4722222222222223,1.350841001056884,0.487693535447926,0.3211039401817246,0.7643150067720839,1.6067731095999078,27.31514286319843,9,3.6650922316186603,-29.05645621330622,21.550167507577065,0,0.016133000000081665
balanced_v2_scaled_tracking_coords,tracking,5707007,1599,2H,2601699910,interception,4854.351,4859.744,5.393000000000029,5.393000000000029,18.45928701247611,54.3996039911598,54.3996039911598,35.94031697868369,1.0,1,2,defensive_third,0,0,0,0,0,86.9745699284278,50.76693341252528,36.207636515902514,6.713820974578587,3.4722222222222223,1.933580440678633,0.41630141483537225,0.1908346920005409,0.7907551014899188,1.6623565180525435,28.26006080689324,9,3.7362958998217697,34.04071298752389,8.676451454712868,1,0.004866999999649124
balanced_v2_scaled_tracking_coords,tracking,5707007,3758,2H,2601699751,duel,4996.572,5000.276,3.7039999999997235,3.7039999999997235,54.109924752893704,66.68425331100457,66.68425331100457,12.574328558110864,0.9944964861989637,1,2,middle_third,0,0,0,0,0,60.23924153400391,42.1020969896103,18.137144544393607,4.896637296002959,3.4430450263002292,1.4221821842581905,0.30108520762426155,0.18979702131109666,0.5460727388543402,1.1479756185637329,19.51558551558346,6,3.2270010749586615,1.6099247528937042,-32.233002682591035,0,0.005866999999852851
balanced_v2_scaled_tracking_coords,tracking,5707008,5630,1H,2602640312,duel,34.028,39.001,4.972999999999999,4.972999999999999,60.75980270255931,84.00832275562315,84.00832275562315,23.248520053063842,1.0,0,2,middle_third,0,0,0,0,1,48.241101366489794,21.335634927421545,26.90546643906825,5.410308956177007,3.32124466573118,1.629000420234296,0.5577291081036111,0.31740994442556114,0.43839626013934224,0.921613884196718,15.667436031344206,5,3.132002818534867,-8.259802702559313,-19.23561291291403,1,0.004584999999998729
balanced_v2_scaled_tracking_coords,tracking,5707008,5630,1H,2602640393,duel,635.6659999999999,649.888,14.222000000000094,14.222000000000094,39.81337626790692,100.01904630847079,100.01904630847079,60.205670040563874,0.9379925439347199,3,8,middle_third,0,0,0,1,1,71.15339758636445,9.446023037437538,61.70737454892691,4.338867567777141,3.4722222222222223,1.2495938595198166,0.867244244718291,0.6165311911264836,0.6454677255658378,1.3569276742764083,23.06777046269894,7,3.431237481887044,12.686623732093082,28.522098003018158,1,0.002584999999953652
balanced_v2_scaled_tracking_coords,tracking,5707008,9906,2H,2602641324,duel,2870.647,2873.893,3.2460000000000946,3.2460000000000946,82.13944147277941,95.66471184019056,95.66471184019056,13.525270367411153,0.9998340628160735,1,2,attacking_third,0,0,0,0,1,38.53342312443517,23.646718813828684,14.886704310606483,4.586168918855837,3.088235294117647,1.4850451737247472,0.38633225661092097,0.26013734018102247,0.3491521579073543,0.7340014176270236,12.478024099659402,4,2.8265794075317228,29.639441472779414,31.019664110210428,0,0.0009329999998044514
balanced_v2_scaled_tracking_coords,tracking,5707008,9906,2H,2602641418,duel,3006.929,3014.895,7.9659999999998945,7.9659999999998945,59.90932686804811,92.4230829082023,92.4230829082023,32.51375604015419,0.7830428879072042,1,3,middle_third,1,1,0,1,1,46.171522662737765,17.920578832827342,28.250943829910423,3.5464403502273156,3.3337746573502987,1.0637912620782968,0.6118694424758498,0.5332739138384796,0.41798324442551843,0.8787008386013788,14.93791425622344,5,3.1441524733135986,7.409326868048112,-9.931802530416086,0,0.0029329999997571576
balanced_v2_scaled_tracking_coords,tracking,5707008,9906,2H,2602641494,duel,3349.702,3358.307,8.604999999999563,8.604999999999563,72.67804924479319,103.24214762697117,100.10589135848215,30.56409838217799,0.7651000189318014,2,4,attacking_third,0,0,0,1,1,33.523504934758996,4.683456744352103,28.840048190406893,3.3515454027203204,3.098554643614941,1.0816479901771965,0.8602933448198001,0.7927054392909663,0.3037441671805401,0.6385429511382666,10.855230169350532,4,2.9617421536458117,20.17804924479318,8.894767140785405,0,0.004066999999849941
balanced_v2_scaled_tracking_coords,tracking,5707008,9906,2H,2602641576,interception,4156.208,4159.357,3.149000000000342,3.149000000000342,81.1196273714414,97.11147514387078,97.09232381085178,15.99184777242938,1.0,1,1,attacking_third,0,0,0,0,1,36.32209349289836,22.919378771873074,13.402714721025287,4.2561812388135385,3.088235294117647,1.378192020187241,0.3689962067755198,0.2669079383121313,0.33012626654135396,0.6940044394672393,11.798075470943068,4,2.84114818040798,28.61962737144139,27.368271389111115,0,0.0019329999995534308
balanced_v2_scaled_tracking_coords,tracking,5707008,5630,2H,2602641294,interception,4563.812,4581.351,17.53899999999976,17.53899999999976,15.393379089768551,102.27149475589624,102.27149475589624,86.87811566612768,0.9557455051738452,4,8,defensive_third,1,1,0,1,1,89.8320751686001,2.755723399968056,87.07635176863204,4.964727280268728,3.4722222222222223,1.4298414567173936,0.9693236141456599,0.602511789009081,0.8145320727060814,1.7123414033934818,29.10980385768919,9,3.780094584431878,37.10662091023145,6.360441662894999,1,0.005932999999458843
balanced_v2_scaled_tracking_coords,tracking,5707009,3149,1H,2605280290,duel,45.457,53.578,8.121000000000002,8.121000000000002,28.46530867458992,62.021181789799805,62.021181789799805,33.555873115209884,0.8605215508452859,3,5,defensive_third,0,0,0,0,0,81.8483706913525,46.004346705136626,35.84402398621587,4.4137451035852555,3.4722222222222223,1.2711585898325535,0.4379320404725282,0.3064148817097851,0.7415980291771874,1.5590165845971904,26.503281938152238,8,3.593352733220144,24.03469132541008,-29.010287977771746,1,0.003469000000002609
balanced_v2_scaled_tracking_coords,tracking,5707009,3149,1H,2605280407,duel,388.823,402.464,13.64100000000002,13.64100000000002,23.77388381096398,102.33487723395595,102.33487723395595,78.56099342299197,0.9551707272637923,4,6,defensive_third,1,1,1,1,1,86.60397933487039,2.6687418754890473,83.93523745938134,6.153158673072445,3.4722222222222223,1.7721096978448643,0.9691845352143709,0.48643217575046366,0.7846804367048337,1.6495861184921188,28.04296401436602,9,3.6603730884148002,28.72611618903602,30.042757621095262,1,0.00033899999999675856
balanced_v2_scaled_tracking_coords,tracking,5707009,3149,1H,2605280736,duel,1069.27,1076.491,7.221000000000004,7.221000000000004,72.0891416984302,101.88537886661383,99.5889831104321,29.796237168183637,0.8451451140748321,2,4,attacking_third,1,1,0,1,1,33.67469916174006,3.7181945863664088,29.95650457537365,4.148525768643351,3.109654628130863,1.3340792675542004,0.8895849204618617,0.6617501680710969,0.3053319104930116,0.6418807676626347,10.91197305026479,4,2.9701551185938544,-19.589141698430197,-7.1316736806790715,1,0.002379000000019005
balanced_v2_scaled_tracking_coords,tracking,5707009,7048,1H,2605280270,interception,1457.18,1463.768,6.587999999999965,6.587999999999965,62.33828128764202,98.00137480576534,98.00137480576534,35.66309351812332,1.0,0,2,middle_third,0,0,0,1,1,48.8912791396517,16.83483195364199,32.056447186009706,4.865884515180612,3.292909272391445,1.4776855700147513,0.6556679994901453,0.41578659087991693,0.4433554196353761,0.9320392246045904,15.844666818278037,5,3.1094531244622567,9.838281287642019,23.88168613014973,0,0.008900000000039654
balanced_v2_scaled_tracking_coords,tracking,5707009,7048,1H,2605280356,duel,1784.58,1789.521,4.941000000000031,4.941000000000031,75.95184052381602,97.60142599633613,97.29953280169866,21.649585472520116,0.9896926474658043,1,1,attacking_third,0,0,0,1,1,35.00264493154019,7.531039245618178,27.47160568592201,5.559928291018385,3.088235294117647,1.8003577323297626,0.7848437093725992,0.4334128413486128,0.3189936145605394,0.6706009400163369,11.400215980277727,4,2.9149737068026282,23.451840523816017,19.529198223420714,0,0.0072040000000015425
balanced_v2_scaled_tracking_coords,tracking,5707009,3149,1H,2605280959,interception,1790.383,1802.06,11.676999999999907,11.676999999999907,8.885200378762448,86.8538116116883,86.8538116116883,77.96861123292585,0.9882752229518844,3,6,defensive_third,0,0,0,0,1,96.11489759027384,22.126087135426395,73.98881045484745,6.336285900046933,3.4722222222222223,1.8248503392135167,0.7697954459698099,0.37518974096124547,0.8708617902279765,1.8307599541004542,31.122919219707722,10,3.8730685660176793,43.61479962123755,-0.13723176813078908,1,0.009783999999854132
balanced_v2_scaled_tracking_coords,tracking,5707009,7048,1H,2605280427,interception,2309.835,2313.002,3.1669999999999163,3.1669999999999163,88.39607224699213,104.54883495813138,104.54883495813138,16.152762711139246,0.7406864573534497,0,1,attacking_third,1,1,0,1,1,18.616081840343455,5.357754451828068,13.258327388515387,4.186399554315042,3.088235294117647,1.3555960461591563,0.712197523744383,0.5253759228365042,0.16867348106244634,0.35459203505416104,6.028064595920737,2,2.7371989679001123,35.896072246992134,-8.418318493574617,0,0.0028680000000349537
balanced_v2_scaled_tracking_coords,tracking,5707010,13870,1H,2604809075,duel,38.817,44.987,6.170000000000002,6.170000000000002,55.540011079712656,88.830972029532,88.79110147852718,33.29096094981935,0.9984489241271662,1,2,middle_third,0,0,0,1,1,56.98533766750319,17.84289942489016,39.142438242613025,6.343993232190115,3.415925720746062,1.8571812594345707,0.6868861332541447,0.33437393800988174,0.516323217545512,1.0854350031905369,18.452395054239126,6,3.2065712702898193,3.040011079712656,28.302618343263077,0,0.0030000000000001137
balanced_v2_scaled_tracking_coords,tracking,5707010,13870,1H,2604809081,duel,105.3,112.82300000000001,7.52300000000001,7.52300000000001,43.20678154668435,78.63389076302286,78.63389076302286,35.427109216338515,0.9986364907990831,2,3,middle_third,0,0,0,0,1,64.03666627773043,35.89502173591526,28.141644541815175,3.740747646127228,3.4722222222222223,1.0773353220846416,0.43946142386243786,0.36280455351759294,0.580212716582024,1.2197460243377225,20.735682413741284,7,3.382760263618795,-9.293218453315653,-16.801570794012935,0,0.0
balanced_v2_scaled_tracking_coords,tracking,5707010,7713,1H,2604809310,duel,206.409,211.503,5.093999999999994,5.093999999999994,68.91926743827901,91.80153623312023,89.75515107749314,22.882268794841224,0.8397307474507679,1,3,middle_third,1,1,0,1,1,40.74273955209802,16.689222531312158,24.053517020785865,4.721931099486826,3.170313615220229,1.4894208184381192,0.5903755438445288,0.38493076968207485,0.3702927618842371,0.7784440279248551,13.233548474722538,4,3.015439036596014,-16.419267438279007,18.924892708273383,1,0.00899999999998613
balanced_v2_scaled_tracking_coords,tracking,5707010,7713,1H,2604809419,interception,443.988,463.012,19.024,17.651999999999987,20.046170618571878,107.28852587743175,107.28852587743175,87.24235525885987,0.9736861598161387,3,9,defensive_third,1,0,0,1,1,85.28113697962975,0.30849221120083975,84.9726447684289,4.46660243736485,3.4722222222222223,1.2863815019610767,0.9963826442502223,0.6886168292601912,0.7730242452088163,1.6250820136528783,27.62639423209893,9,3.7136261340204015,32.45382938142812,7.464529320029101,1,0.007999999999981355
balanced_v2_scaled_tracking_coords,tracking,5707010,7713,1H,2604809517,interception,643.307,652.85,9.543000000000006,9.543000000000006,56.04101081994606,100.44591949371735,94.02358317984783,44.404908673771295,0.9130593289724906,3,4,middle_third,0,0,0,1,1,49.25763197707495,6.99307338101832,42.26455859605663,4.428854510746788,3.4072082199295877,1.299848504955272,0.8580306624509888,0.5978947849135212,0.4466106435761316,0.9388824845790625,15.961002237844063,5,3.199414131143628,-3.5410108199460595,5.415873563546199,1,0.007000000000061846
balanced_v2_scaled_tracking_coords,tracking,5707010,7713,1H,2604809664,duel,1014.005,1022.024,8.019000000000005,8.019000000000005,28.676595829198746,96.26472156188419,96.26472156188419,67.58812573268544,0.9999999999999996,1,3,defensive_third,1,1,0,1,1,76.9890976902283,12.309160250243176,64.67993743998512,8.06583581992581,3.4722222222222223,2.3229607161386334,0.8401181385477453,0.3213480910378005,0.6982539474287421,1.4678969488493219,24.954248130438472,8,3.590334345297161,23.823404170801254,10.102432327713707,1,0.0049999999999954525
balanced_v2_scaled_tracking_coords,tracking,5707010,7713,1H,2604809673,duel,1068.057,1075.89,7.833000000000084,7.833000000000084,68.80299841117098,97.3631395692741,97.3631395692741,28.56014115810312,0.8746918344751209,2,3,middle_third,0,0,0,1,1,43.35846417399503,10.528800457047621,32.82966371694741,4.191199248940005,3.1703148442375744,1.3220135711625014,0.7571685100561646,0.5579106068367669,0.3928551210975006,0.8258755080760959,14.03988363729363,5,3.0171000226975577,-16.302998411170975,-23.86909071384831,1,0.0029999999999290594
balanced_v2_scaled_tracking_coords,tracking,5707010,13870,1H,2604809281,duel,1108.77,1121.813,13.04300000000012,13.04300000000012,27.294728451967334,104.40293081752117,98.4290823479198,77.10820236555384,0.9412045844079556,2,3,defensive_third,0,0,0,1,1,78.1325708642546,8.750442839889281,69.38212802436533,5.319491529890723,3.4722222222222223,1.5320135606085281,0.888005184737975,0.5155126782787779,0.7079572834405234,1.488295683976855,25.301026627606536,8,3.610075307829038,-25.205271548032666,8.16023305453163,0,0.009999999999990905
balanced_v2_scaled_tracking_coords,tracking,5707010,13870,1H,2604809329,duel,1286.871,1299.732,12.860999999999876,12.860999999999876,23.377246917603916,99.25683888726732,99.25683888726732,75.87959196966341,1.0000000000000004,1,3,defensive_third,0,0,0,1,1,84.23441815550326,7.344251923903419,76.89016623159985,5.978552696648829,3.4722222222222223,1.7218231766348626,0.9128117450714106,0.471515028979301,0.7632171290076546,1.6044651077238716,27.275906831305818,9,3.6660393297485157,-29.122753082396084,20.812577477246236,0,0.009000000000014552
balanced_v2_scaled_tracking_coords,tracking,5707010,7713,1H,2604809924,duel,1821.977,1825.324,3.34699999999998,3.34699999999998,66.6255779952331,88.52877702397677,88.52877702397677,21.90319902874367,0.9920051527742996,1,1,middle_third,0,0,0,1,1,42.387092577586564,16.506387289265238,25.880705288321327,7.732508302456373,3.2106374445327206,2.408402828423927,0.6105798655793278,0.2438554498752609,0.3840538797849313,0.8073731919540298,13.725344263218506,5,3.048206028639527,-14.125577995233101,-18.00192636861277,1,0.0029999999999290594
balanced_v2_scaled_tracking_coords,tracking,5707010,13870,1H,2604809495,duel,2001.748,2006.473,4.724999999999909,4.724999999999909,65.55308734077504,90.82558241916095,90.82558241916095,25.272495078385916,0.9878777315983786,0,2,middle_third,0,0,0,1,1,39.50322434729992,14.672062830077882,24.831161517222036,5.255272278777252,3.2318765973360244,1.626074548486497,0.6285856895861025,0.368695473893158,0.35859391608637087,0.7538502535323387,12.815454310049757,4,3.0635273237032137,13.053087340775036,2.108510253374753,0,0.008000000000038199
balanced_v2_scaled_tracking_coords,tracking,5707010,13870,2H,2604809743,interception,2937.351,2949.631,12.279999999999745,11.808999999999742,54.55241581081208,109.80932543397613,109.39409253344937,55.25690962316405,0.954348439606279,2,4,middle_third,0,0,0,1,1,54.34562951947429,5.660469302623547,48.68516021685075,3.9645895942061693,3.434214522021999,1.1544385386478115,0.8958431551410189,0.6978211449031857,0.49240579141172564,1.0351548479899866,17.59763241582977,6,3.220679774131256,2.0524158108120787,-20.211103318293944,0,0.009000000000014552
balanced_v2_scaled_tracking_coords,tracking,5707010,13870,2H,2604809764,duel,3021.875,3032.674,10.798999999999978,10.798999999999978,36.874081817332936,90.42981859108157,90.42981859108157,53.555736773748635,0.9982860352017671,2,4,middle_third,0,0,0,0,1,73.30953819685267,29.41719280371193,43.892345393140744,4.064482395883029,3.4722222222222223,1.1705709300143123,0.598726256810947,0.45491833343192684,0.6642308037100563,1.3963721561305271,23.738326654218962,7,3.4732274026095293,-15.625918182667064,-27.076699621710773,0,0.005000000000109139
balanced_v2_scaled_tracking_coords,tracking,5707010,13870,2H,2604810719,interception,3062.38,3068.833,6.4529999999999745,6.4529999999999745,41.647197486211894,71.99078366849669,71.99078366849669,30.343586182284795,0.8788907081897684,1,2,middle_third,0,0,0,0,1,63.44554094950812,36.619939905272,26.825601044236123,4.15707439086258,3.4722222222222223,1.197237424568423,0.42281302425311096,0.3141021741591061,0.5748567470654226,1.2084864942763451,20.54427040269787,7,3.4050400359112585,-10.852802513788106,3.429151502146823,0,0.0
balanced_v2_scaled_tracking_coords,tracking,5707010,7713,2H,2604810381,interception,3392.583,3409.511,16.927999999999884,16.927999999999884,30.9411582985503,103.70077795312909,103.70077795312909,72.75961965457878,0.8828342331098858,4,5,defensive_third,0,0,0,1,1,74.72077607955146,14.793906089281997,59.92686999026946,3.5401033784422182,3.4722222222222223,1.0195497729913587,0.8020108078972351,0.6993730510947728,0.6772759702874294,1.4237962190902447,24.20453572453416,8,3.5579834528778527,21.5588417014497,9.923827072761952,1,0.003000000000156433
balanced_v2_scaled_tracking_coords,tracking,5707010,7713,2H,2604810388,duel,3467.027,3470.335,3.3079999999999927,3.3079999999999927,48.71642764273324,75.91235402536364,75.91235402536364,27.195926382630404,1.0,2,2,middle_third,0,0,0,0,1,58.1657403317422,29.17254906504539,28.993191266696808,8.764568097550445,3.4722222222222223,2.524195612094528,0.4984582178673766,0.1749175755537217,0.5291770027602825,1.1124567367122817,18.91176452410879,6,3.3040510336752393,3.783572357266763,-14.676948969182163,1,0.007000000000061846
balanced_v2_scaled_tracking_coords,tracking,5707010,7713,2H,2604810398,interception,3524.835,3529.1,4.264999999999873,4.105000000000018,78.81915382922216,105.62077908308454,105.62077908308454,26.801625253862383,0.9876019406846949,0,2,attacking_third,1,1,1,1,1,26.18223769905132,0.30676840094160585,25.875469298109714,6.066933012452634,3.0882352941176467,1.9645306897465675,0.9882833390916498,0.5030633241057396,0.23722764073441166,0.49870928950573945,8.478057921597571,3,2.874012088153969,-26.31915382922216,-0.26993464337023454,1,0.005000000000109139
balanced_v2_scaled_tracking_coords,tracking,5707010,7713,2H,2604810488,interception,4150.265,4155.578,5.313000000000102,5.313000000000102,66.23829138933326,90.24044741255362,90.05198641886207,24.002156023220365,1.0,2,2,middle_third,0,0,0,1,1,41.182503308075546,16.068628838145802,25.113874469929744,4.726872665147612,3.2202524808801614,1.4678577823362657,0.6098190360614898,0.3972224140502898,0.3742613500927121,0.7867869503586081,13.375378156096339,4,3.0537386944380964,-13.738291389333256,13.911452990303232,1,0.005000000000109139
balanced_v2_scaled_tracking_coords,tracking,5707010,7713,2H,2604810496,interception,4275.986,4280.582,4.596000000000458,4.596000000000458,51.27100492416538,78.95369276355632,78.95369276355632,27.682687839390937,1.0,2,2,middle_third,0,0,0,0,1,55.20203417008489,29.131972733917664,26.07006143616723,5.672337127102835,3.4722222222222223,1.6336330926056164,0.47226631822736576,0.2568469711627477,0.5006964148527324,1.0525837231118913,17.89392329290215,6,3.267557072511923,1.228995075834618,-12.667267450249852,1,0.006000000000312866
balanced_v2_scaled_tracking_coords,tracking,5707010,13870,2H,2604810039,interception,4322.963,4336.252,13.28900000000067,13.28900000000067,31.827921670386573,88.4285444313653,82.44180081532524,56.60062276097872,0.8627321318206692,2,6,defensive_third,0,0,0,0,1,74.92295258076938,16.96165843961259,57.961294141156785,4.361599378520119,3.4722222222222223,1.2561406210137942,0.7736119859754943,0.5478490401547769,0.6787350968016821,1.4268636523158553,24.25668208936954,8,3.5453154047087634,-20.672078329613427,16.10266364130898,0,0.0029999999997016857
balanced_v2_scaled_tracking_coords,tracking,5707010,7713,2H,2604810518,duel,4454.607,4463.357,8.75,8.75,57.692955087312235,101.43219631718709,100.25811152179227,43.73924122987486,0.8966644860095355,2,3,middle_third,0,0,0,1,1,47.44754334512339,3.692993285500163,43.75455005962323,5.000520006814083,3.3766480556001284,1.4809124091333072,0.9221668178131349,0.5692515844923928,0.4301032411691828,0.9041799730990814,15.371059542684383,5,3.1758149273241107,-5.192955087312235,3.648680736417724,1,0.006999999999607098
balanced_v2_scaled_tracking_coords,tracking,5707010,7713,2H,2604810526,interception,4515.338,4524.826,9.488000000000284,9.488000000000284,17.911429890397784,53.05619821937271,53.039575493249615,35.144768328974926,0.8102866866886556,2,4,defensive_third,0,0,0,0,0,87.60866373886161,53.45825244654782,34.15041129231379,3.599326653911548,3.4722222222222223,1.036606076326526,0.38980632548063043,0.3344552378738273,0.7937899290944712,1.6687364521687926,28.368519686869476,9,3.7441224301371747,34.588570109602216,9.531994459389065,1,0.0020000000004074536
balanced_v2_scaled_tracking_coords,tracking,5707011,4419,1H,2609210387,duel,763.327,770.83,7.503000000000043,7.503000000000043,76.52496116901372,99.10098645510784,95.66869389990012,22.576025286094122,0.9958016637718269,1,2,attacking_third,0,0,0,1,1,41.02485483379897,10.248323770815023,30.776531062983945,4.101896716377952,3.088235294117647,1.328233222446194,0.7501923209153739,0.5646529246744374,0.3718110348725011,0.781635801197602,13.287808620359234,4,2.9067862690140895,-24.024961169013725,-29.533216514766934,1,0.006999999999948159
balanced_v2_scaled_tracking_coords,tracking,5707011,4419,1H,2609210493,duel,1259.902,1263.144,3.241999999999962,3.241999999999962,59.79703323860706,81.10550250991855,81.10550250991855,21.308469271311495,0.9729676033157485,1,2,middle_third,0,0,0,0,1,48.13734600861649,32.10878236956167,16.028563639054816,4.944035669048429,3.3372574993926705,1.481466644377357,0.3329756409126863,0.20785571930349303,0.4364353721750024,0.9174916282889797,15.597357680912655,5,3.1457566680198994,-7.297033238607057,16.549799899747143,1,0.0019999999999527063
balanced_v2_scaled_tracking_coords,tracking,5707011,665,1H,2609210347,duel,1847.576,1856.217,8.641000000000076,8.641000000000076,66.95878389286176,103.36649345430092,103.35983611307034,36.40770956143916,0.9845812538581096,3,6,middle_third,1,1,0,1,1,49.7751663582637,2.482796324782821,47.29237003348088,5.473020487614913,3.2044669649470046,1.7079347509221166,0.9501197784671869,0.5361195778713955,0.45099450314598594,0.9480984068240704,16.117672916009198,5,3.043445944387689,14.45878389286176,32.10035923604022,0,0.0039999999999054126
balanced_v2_scaled_tracking_coords,tracking,5707011,665,1H,2609210485,duel,2406.133,2421.279,15.146000000000186,15.146000000000186,49.12137878054948,104.5763269119872,104.5763269119872,55.45494813143772,0.6427659508405315,5,7,middle_third,1,1,0,1,1,57.18461106134962,1.4723571043264982,55.71225395702312,3.6783476797188985,3.4722222222222223,1.0593641317590428,0.9742525641601916,0.8179545317624921,0.5181287605868176,1.0892306868828499,18.516921677008447,6,3.2982660174207217,-3.3786212194505225,12.151519775361564,0,0.007000000000061846
balanced_v2_scaled_tracking_coords,tracking,5707011,4419,2H,2609211018,duel,3567.047,3576.438,9.391000000000076,9.391000000000076,45.13417695729816,92.02551484588207,90.61573441257983,46.89133788858391,0.9930403739415987,3,5,middle_third,0,0,0,1,1,66.24394667790068,20.0071531457808,46.236793532119876,4.923521832831381,3.4722222222222223,1.4179742878554376,0.6979776394806003,0.43746367433912775,0.6006738901529282,1.2627603092769017,21.46692525770733,7,3.355226043467169,7.365823042701841,28.36095384299439,1,0.007000000000061846
balanced_v2_scaled_tracking_coords,tracking,5707011,4419,2H,2609211026,duel,3630.656,3639.103,8.447000000000116,7.72400000000016,49.10323749443929,108.35081255947858,106.29753730389186,59.24757506503929,0.9610176735954615,1,4,middle_third,1,1,1,1,1,59.48896369748173,2.029890048950151,57.45907364853158,6.802305392273089,3.4722222222222223,1.9590639529746496,0.9658778717465526,0.43850694159119136,0.5390076535818784,1.133123118047271,19.263093006803608,6,3.298525178650867,3.3967625055607087,-20.358996615679303,1,0.0039999999999054126
balanced_v2_scaled_tracking_coords,tracking,5707011,4419,2H,2609211126,interception,3958.149,3961.403,3.2539999999999054,3.2539999999999054,85.58703379977226,104.95753241510684,104.74405166944294,19.370498615334583,0.8647500739510696,1,2,attacking_third,1,1,0,1,1,22.46118951192742,0.22834504224708868,22.23284446968033,6.832466032477251,3.088235294117647,2.212417572421205,0.9898337956622542,0.4467358566141789,0.20381476717287142,0.4284674307466404,7.283946322692887,3,2.777328088574682,-33.08703379977226,11.297866063975686,1,0.008999999999559805
balanced_v2_scaled_tracking_coords,tracking,5707011,4419,2H,2609211161,interception,4158.365,4163.864,5.498999999999796,5.498999999999796,35.914590274619165,65.35610767936204,65.35610767936204,29.441517404742875,0.9976249889346132,0,1,middle_third,0,0,0,0,0,76.19478795676298,48.613621399837754,27.581166556925226,5.015669495713084,3.4722222222222223,1.444512814765368,0.3619823257802917,0.22287883906165512,0.6903729922174141,1.4513292944145328,24.672598005047057,8,3.4869344246482976,16.585409725380835,32.13801292632027,1,0.015000000000327418
balanced_v2_scaled_tracking_coords,tracking,5707011,665,2H,2609211003,duel,4310.75,4317.729,6.979000000000269,6.979000000000269,32.84063633842827,74.60988354562807,74.60988354562807,41.7692472071998,0.9993960374639798,1,3,defensive_third,0,0,0,0,1,75.38795639385812,31.721042188084287,43.666914205773836,6.256901304738809,3.4722222222222223,1.801987575764777,0.5792293132027571,0.28569049505723126,0.6835437507359502,1.4369725940041582,24.42853409807069,8,3.5308480523081673,-19.65936366157173,-21.825906744034583,0,0.010000000000218279
balanced_v2_scaled_tracking_coords,tracking,5707011,4419,2H,2609211280,duel,4661.735,4675.004,13.269000000000233,12.605000000000473,46.64532929896466,108.82949152564767,108.82949152564767,62.18416222668301,0.9127412157280279,2,5,middle_third,1,1,0,1,1,60.13295739571531,4.596671484920484,55.536285910794824,4.185416075875638,3.4722222222222223,1.2053998298521837,0.9235582002948683,0.6814531646595448,0.5448426439839905,1.1453896646802917,19.471624299564958,6,3.3336381528719334,5.854670701035339,14.51568022962207,1,0.005000000000109139
balanced_v2_scaled_tracking_coords,tracking,5707011,665,2H,2609211400,interception,5318.094,5328.835,10.740999999999985,10.740999999999985,22.774275826739355,81.67269988491806,72.9314925150095,58.898424058178705,0.7675705209087387,1,3,defensive_third,0,0,0,0,1,82.32850161280538,24.912906283444862,57.41559532936052,5.345460881608845,3.4722222222222223,1.5394927339033473,0.6973963354682273,0.402907069171756,0.7459483191351781,1.5681619354820073,26.658752903194124,8,3.674653202475152,-29.725724173260645,4.112476382006054,0,0.006000000000312866
balanced_v2_scaled_tracking_coords,tracking,5707012,10683,1H,2605265578,duel,492.171,497.617,5.446000000000026,5.446000000000026,47.93451260935297,83.6624203871738,83.6624203871738,35.727907777820825,0.9989418816230994,2,2,middle_third,0,0,0,0,1,58.50031947828635,21.39142176324348,37.10889771504287,6.813973139008941,3.4722222222222223,1.962424264034575,0.6343366676624157,0.28751337586097797,0.5300154059840982,1.114219260989698,18.941727436824866,6,3.3152212484378145,4.565487390647029,12.877015489991251,1,0.009895999999969263
balanced_v2_scaled_tracking_coords,tracking,5707012,2414,1H,2605265405,duel,876.325,881.974,5.649000000000001,5.649000000000001,54.4881205672931,80.62508872899313,80.62508872899313,26.136968161700032,0.6999244045103716,4,4,middle_third,0,0,0,0,1,52.275629454520555,28.10509425149466,24.170535203025896,4.278728129408018,3.433522994798331,1.2461626544776732,0.46236717673680233,0.3344197455873384,0.472659697861797,0.9936438324341575,16.89194515138068,5,3.2215982776100986,1.9881205672931017,13.464452125579399,0,0.0038960000000543005
balanced_v2_scaled_tracking_coords,tracking,5707012,2414,1H,2605265434,interception,1151.061,1157.766,6.705000000000155,6.705000000000155,29.728206824580145,55.37701005852378,55.37701005852378,25.648803233943635,0.9830479843964608,2,4,defensive_third,0,0,0,0,0,78.5502327502575,49.623599326917,28.926633423340505,4.314188430028313,3.4722222222222223,1.242486267848154,0.36825649537296473,0.26360988277264424,0.7117148124874633,1.4961949095287144,25.435313461988144,8,3.5753113310774265,-22.771793175419855,22.456540634666837,0,0.00010399999996479892
balanced_v2_scaled_tracking_coords,tracking,5707012,10683,1H,2605265668,duel,1167.704,1174.507,6.803000000000111,6.7771040000000085,53.6053374820998,101.47756479572784,101.47756479572784,47.872227313628045,1.0000000000000007,1,2,middle_third,1,1,0,1,1,53.245335199125016,4.757003962443857,48.48833123668116,7.127492464600966,3.451988598140721,2.0647497122209244,0.910658765793214,0.39432528567120095,0.48274163250906565,1.014838472524229,17.252254032911893,6,3.2342094645414314,-1.1053374820997988,-13.915975896009755,1,0.0028959999999642605
balanced_v2_scaled_tracking_coords,tracking,5707012,2414,1H,2605265570,interception,1554.083,1560.159,6.076000000000022,6.076000000000022,80.88355917235923,102.70289893507619,102.70289893507619,21.819339762716965,0.9348443469579298,1,2,attacking_third,1,1,0,1,1,38.32610203135582,2.3282289012081656,35.99787313014766,5.924600580998606,3.088235294117647,1.9184420928947867,0.9392521342425232,0.48953102747741994,0.3473013345428438,0.7301105438559143,12.411879245550544,4,2.844520583252011,28.383559172359227,-29.787369449563656,0,0.0018959999999879074
balanced_v2_scaled_tracking_coords,tracking,5707012,10683,1H,2605266386,duel,2271.591,2280.685,9.094000000000051,9.094000000000051,26.67927868742325,73.25802193677731,73.25802193677731,46.57874324935406,0.9712195875645765,2,3,defensive_third,0,0,0,0,1,80.22933029422057,40.28221103383588,39.947119260384696,4.392689604176872,3.4722222222222223,1.265094606002939,0.49791166290294137,0.350040049710022,0.7269526490113692,1.5282284896078144,25.979884323332847,8,3.618867447322525,25.82072131257675,17.39569063121165,1,0.009896000000026106
balanced_v2_scaled_tracking_coords,tracking,5707012,2414,2H,2605266074,interception,3783.281,3804.402,21.121000000000095,21.121000000000095,2.3721786066444963,96.46282717617068,96.46282717617068,94.09064856952618,0.9868783461015489,3,5,defensive_third,0,0,0,1,1,103.08875771366868,8.664801264402135,94.42395644926656,4.4706195942079505,3.4722222222222223,1.2875384431318897,0.915948145495469,0.6327228991179377,0.9340493757545069,1.9635953850222607,33.381121545378434,10,3.9661117341907928,-50.127821393355504,9.737671333589411,0,0.00010399999973742524
balanced_v2_scaled_tracking_coords,tracking,5707012,2414,2H,2605266080,duel,3827.392,3831.585,4.193000000000211,4.193000000000211,75.17174721287532,96.05518871841772,96.05518871841772,20.883441505542407,1.0,0,2,attacking_third,1,1,0,1,1,31.898421328265638,8.961467614333937,22.9369537139317,5.4702966167256255,3.0882352941176476,1.7713341425587736,0.7190623472518668,0.4059439323024329,0.28901988141108664,0.6075889776812502,10.329012620581253,4,2.926117896958924,22.671747212875317,-11.304185901821533,0,0.009104000000206725
balanced_v2_scaled_tracking_coords,tracking,5707012,10683,2H,2605266793,interception,4543.107,4554.151,11.043999999999869,9.914103999999497,43.04577479916806,108.41435219229137,105.44991028498428,65.36857739312332,0.9148518856792175,2,4,middle_third,1,1,1,1,1,62.98458772581149,0.3429115863195855,62.6416761394919,5.6720097916961825,3.4722222222222223,1.6335388200085006,0.9945556270398661,0.5407785536908085,0.5714468570761333,1.20131808924316,20.42240751713372,7,3.385060360011885,9.454225200831942,11.346024447137534,1,0.005896000000575441
balanced_v2_scaled_tracking_coords,tracking,5707012,10683,2H,2605266812,interception,4883.705,4898.422,14.716999999999643,13.436104000000341,30.245123662363287,110.09926338235081,107.52929715467465,79.85413971998753,0.9431714516296682,3,4,defensive_third,0,0,0,1,1,75.93402337524999,10.977514939552734,64.95650843569726,4.413705812033623,3.4722222222222223,1.2711472738656833,0.8554335138373459,0.5985471967616315,0.6880021559201599,1.446345228975625,24.58786889258562,8,3.5679268048233816,22.254876337636713,13.329830070096733,1,0.0038960000001679873
balanced_v2_scaled_tracking_coords,tracking,5723756,3758,1H,2606245236,interception,452.883,458.55,5.66700000000003,5.66700000000003,76.68298884970102,104.50138281490536,104.50138281490536,27.818393965204336,0.979396774166475,0,4,attacking_third,1,1,0,1,1,31.700594433131823,3.2659740963762514,28.43462033675557,5.0175790253671115,3.088235294117647,1.6247398748807789,0.8969743579015407,0.5513243645861156,0.2876172552493266,0.6046403217219025,10.278885469272343,4,2.9045287307185568,-24.18298884970101,14.250423394683786,1,0.002999999999985903
balanced_v2_scaled_tracking_coords,tracking,5723756,3758,1H,2606245364,interception,920.602,926.416,5.814000000000078,5.814000000000078,69.96190715589945,93.82887432793338,93.82887432793338,23.866967172033924,0.6026401198925024,3,4,middle_third,0,0,0,1,1,35.257224619484404,11.181250280885031,24.075974338599373,4.141034457963372,3.1482228843646975,1.315356189845822,0.6828664081884122,0.509556691271893,0.31926508682279603,0.6711716396979228,11.409917874864687,4,3.0005441834871505,-17.461907155899453,3.924785053600658,1,0.0019999999999527063
balanced_v2_scaled_tracking_coords,tracking,5723756,7337,1H,2606245640,duel,971.248,974.219,2.9710000000000036,2.9710000000000036,97.06088739818043,98.87011296054786,98.87011296054786,1.8092255623674305,0.9717191776217396,2,2,attacking_third,0,0,0,1,1,28.3325673824712,10.254117169323685,18.078450213147516,6.084971461847019,3.088235294117647,1.970371711455225,0.638080198278547,0.3240265707615197,0.256561176021963,0.5393530088338905,9.169001150176138,3,2.613415894311708,44.56088739818043,-27.19751579791619,0,0.008000000000038199
balanced_v2_scaled_tracking_coords,tracking,5723756,3758,1H,2606245611,interception,1864.977,1868.349,3.3719999999998436,3.3719999999998436,94.22607981052633,104.46895963975513,97.08584361679186,10.242879829228798,0.9737212691307384,1,1,attacking_third,0,0,0,1,1,33.09167857728525,18.411861035841866,14.679817541443384,4.3534452969881565,3.088235294117647,1.4096870485485458,0.4436105441783146,0.3146872524898832,0.2998315471375961,0.6303176871863857,10.715400682168557,4,2.6539131455639096,-41.726079810526336,31.288685412033715,1,0.0029999999999290594
balanced_v2_scaled_tracking_coords,tracking,5723756,3758,2H,2606245878,duel,2865.123,2874.695,9.572000000000116,9.572000000000116,54.35097949069041,101.72072056622946,101.45865359355147,47.36974107553905,0.9981122809700087,1,2,middle_third,0,0,0,1,1,59.70887928239062,3.7919892232855283,55.91689005910509,5.841714381435898,3.4397719693596334,1.6982853612018423,0.9364920382217949,0.49411677803698717,0.5420533084423669,1.1395258136473778,19.371938832005423,6,3.2235574358472796,-1.8509794906904133,31.620040901406696,1,0.003000000000156433
balanced_v2_scaled_tracking_coords,tracking,5723756,3758,2H,2606245889,interception,2928.013,2931.986,3.9729999999999563,3.9729999999999563,60.388234009842655,85.13612283042761,85.13612283042761,24.747888820584954,1.0,1,2,middle_third,0,0,0,0,1,54.346473407268036,34.73531818102119,19.611155226246844,4.936107532405502,3.3261438146325437,1.4840331048496227,0.3608542375745791,0.22576550149965033,0.4924134375691189,1.0351709220432006,17.59790567473441,6,3.1373109427165335,-7.888234009842655,-31.03754995237756,1,0.007000000000061846
balanced_v2_scaled_tracking_coords,tracking,5723756,3758,2H,2606245967,interception,3142.919,3148.782,5.863000000000284,5.863000000000284,67.91578070734272,98.27031259096844,94.98067697498968,30.354531883625725,0.9248603521494518,2,2,middle_third,0,0,0,1,1,37.092245619531795,7.967488425402349,29.124757194129444,4.967551968979709,3.1867448017158755,1.558816999185179,0.7851980031856879,0.4881430937111645,0.33607921595569634,0.706518964181558,12.010822391086487,4,3.0297745613236753,-15.41578070734272,0.7715986999606699,1,0.0010000000002037268
balanced_v2_scaled_tracking_coords,tracking,5723756,3758,2H,2606246068,interception,3682.908,3688.328,5.420000000000073,5.420000000000073,29.197766231353288,61.98048621473776,61.98048621473776,32.78271998338447,0.7729677761217617,2,5,defensive_third,0,0,0,0,0,79.34766113018395,49.4626402777461,29.885020852437854,5.513841485689567,3.4722222222222223,1.5879863478785952,0.3766339224971756,0.21145704445727434,0.7172095094251596,1.5077460778384635,25.631683323253878,8,3.58288905383781,23.302233768646712,-23.453628344329587,1,0.007999999999810825
balanced_v2_scaled_tracking_coords,tracking,5723756,7337,2H,2606246388,duel,3714.168,3724.129,9.960999999999785,9.960999999999785,73.61277243519837,99.20606439472652,99.20606439472652,25.59329195952816,0.8077912638019042,2,5,attacking_third,1,1,0,1,1,43.163978601660574,9.272554597551355,33.89142400410922,3.402411806456174,3.088235294117647,1.1017333468524755,0.785178408062814,0.7126969212319092,0.39108122586100286,0.8221463556454909,13.976488045973344,5,2.9483889652114517,21.11277243519836,29.630575332247055,0,0.008000000000265572
balanced_v2_scaled_tracking_coords,tracking,5723756,3758,2H,2606246124,interception,4009.389,4014.2,4.810999999999694,4.810999999999694,52.403723477809436,72.20760354756266,72.20760354756266,19.80388006975322,0.8472282891233684,2,3,middle_third,0,0,0,0,1,55.01219978603204,35.716447613470606,19.295752172561436,4.010757051041916,3.4722222222222223,1.1550980307000718,0.35075405542064425,0.27007024237926147,0.4984568092625741,1.04787553603393,17.81388411257681,6,3.2513753788884365,0.09627652219056415,-16.12370370912248,1,0.009000000000014552
balanced_v2_scaled_tracking_coords,tracking,5723756,7337,2H,2606246506,duel,4147.688,4165.726,18.037999999999556,18.037999999999556,27.533272978113445,101.48151079629126,101.48151079629126,73.94823781817782,0.9068341893388282,4,7,defensive_third,1,1,0,1,1,79.12793815336943,4.353087072599805,74.77485108076962,4.145406978643501,3.4722222222222223,1.1938772098493282,0.944986724358185,0.7037825396167879,0.7171645352056732,1.5076515312629606,25.63007603147033,8,3.6066675288840937,-24.966727021886555,-16.128756955201702,0,0.007999999999810825
balanced_v2_scaled_tracking_coords,tracking,5723757,7048,1H,2611416922,interception,100.85900000000001,104.73400000000001,3.875,3.820999999999998,82.25781867864399,105.67563016700116,105.67563016700116,23.417811488357174,0.9230697102026427,1,2,attacking_third,1,1,1,1,1,22.747045115704633,2.162592459667305,20.584452656037328,5.312116814461246,3.088235294117647,1.7201140161112605,0.9049286424382987,0.5260864302961218,0.2061026222626249,0.4332770498229454,7.365709846990072,3,2.8248883045908,29.757818678643986,-0.47037245079569345,0,0.000999999999990564
balanced_v2_scaled_tracking_coords,tracking,5723757,2414,1H,2611417139,duel,1385.37,1392.94,7.570000000000164,7.570000000000164,22.590931780955657,68.85076862572097,68.85076862572097,46.25983684476532,0.9320351758694603,2,4,defensive_third,0,0,0,0,0,82.56474225234146,40.61719913044276,41.9475431218987,5.541287070263909,3.4722222222222223,1.5958906762360057,0.508056368585213,0.28301730623594445,0.7484310503788819,1.5733812308842974,26.747480925033056,8,3.677272403129205,29.909068219044343,-5.067754775487373,1,0.009999999999990905
balanced_v2_scaled_tracking_coords,tracking,5723757,2414,1H,2611418832,interception,1621.07,1628.495,7.4249999999999545,7.4249999999999545,52.44095280267036,91.90882908205319,91.90882908205319,39.46787627938283,0.9458414241510277,2,5,middle_third,1,1,0,1,1,53.03005856954211,14.718371930162371,38.311686639379744,5.159823116414812,3.4722222222222223,1.486029057527466,0.7224522784401395,0.4325855962580969,0.4802786859404934,1.0096607692452153,17.16423307716866,6,3.2508435313904234,0.059047197329640255,7.052210263310478,1,0.009999999999990905
balanced_v2_scaled_tracking_coords,tracking,5723757,7048,1H,2611417500,duel,2012.226,2019.172,6.945999999999913,6.945999999999913,27.985978557942982,52.6184505766466,52.6184505766466,24.63247201870362,0.6530708772938151,3,3,defensive_third,0,0,0,0,0,80.42992467213634,56.21876258769633,24.211162084440005,3.485626559810007,3.4722222222222223,1.003860449225282,0.3010218172295215,0.2673363198184112,0.7270189385366485,1.5283678460586536,25.98225338299711,8,3.6002003063151005,-24.514021442057018,23.1908017129186,0,0.0060000000000854925
balanced_v2_scaled_tracking_coords,tracking,5723757,7048,1H,2611417514,duel,2128.451,2142.038,13.586999999999989,13.427000000000135,12.976471581256149,91.04220117921406,91.04220117921406,78.06572959795791,0.8838812737510514,4,6,defensive_third,0,0,0,0,1,92.05531597019049,27.06985661111419,64.9854593590763,4.782914503501608,3.4722222222222223,1.3774793770084632,0.7059392352758856,0.45581129670734005,0.8340794119923666,1.7534345899083903,29.808388028442636,9,3.8146218345534835,-39.52352841874385,-2.4189699742358286,0,0.009000000000014552
balanced_v2_scaled_tracking_coords,tracking,5723757,7048,1H,2611417551,duel,2445.333,2449.52,4.186999999999898,4.186999999999898,39.197722744166384,62.398029057893496,62.398029057893496,23.20030631372711,0.8547828487549327,3,4,middle_third,0,0,0,0,0,73.943668599322,46.13829054428758,27.805378055034417,6.640883223079793,3.4722222222222223,1.9125743682469805,0.37603460285022117,0.17486880785610406,0.6699764264114043,1.4084508304632761,23.943664117875695,8,3.440032532226194,-13.302277255833616,-33.73020062010839,0,0.007000000000061846
balanced_v2_scaled_tracking_coords,tracking,5723757,2414,2H,2611417625,duel,2996.139,3011.211,15.071999999999662,15.071999999999662,31.752001847155835,101.27957574071391,101.27957574071391,69.52757389355807,0.8022052610398988,3,6,defensive_third,1,1,0,1,1,74.44163392023134,4.84761934494205,69.5940145752893,4.617437272776729,3.4722222222222223,1.329821934559698,0.934880266731698,0.6252668016773628,0.6744883073134389,1.4179358841948826,24.104910031313004,8,3.5463999736120595,20.747998152844165,-13.277335098380043,1,0.0009999999997489795
balanced_v2_scaled_tracking_coords,tracking,5723758,1599,1H,2611250119,interception,1556.5,1565.282,8.781999999999925,8.781999999999925,66.12897179709051,93.94385680751873,93.94385680751873,27.814885010428213,0.8432338449103046,3,3,middle_third,0,0,0,1,1,40.49660510521639,12.162530822037173,28.334074283179216,3.2263805833727464,3.219833855609435,1.0020332501790135,0.6996654215720787,0.6697075540647601,0.36692486705258615,0.7713639067660265,13.11318641502245,4,3.0553004028987067,13.628971797090514,-11.358617499346188,0,0.004390999999941414
balanced_v2_scaled_tracking_coords,tracking,5723758,1599,1H,2611250181,duel,1690.978,1694.621,3.643000000000029,2.8063909999998486,72.61205140178433,110.33795737396598,110.33795737396598,37.72590597218165,0.9086934819636654,0,1,attacking_third,1,0,0,1,1,32.388168657904906,3.0374415027229604,29.350727155181946,8.056746405484962,3.099776825892883,2.5991375695778474,0.9062175594179013,0.34736268343238996,0.29345730211216414,0.6169174982458078,10.487597470178732,4,2.9626849799745094,20.112051401784328,0.11939268082019794,0,0.00639099999989412
balanced_v2_scaled_tracking_coords,tracking,5723758,1599,1H,2611250216,duel,1766.822,1784.139,17.317000000000007,17.317000000000007,28.7186795623139,99.16485734829811,95.18529136173235,70.44617778598422,0.7256406706192661,5,7,defensive_third,0,0,0,1,1,77.93749899243159,6.386806020719086,71.5506929717125,4.131818038442713,3.4722222222222223,1.1899635950715013,0.9180522071751455,0.6861776587599839,0.7061630569256138,1.4845237903320303,25.236904435644515,8,3.5897331491098017,-23.7813204376861,-15.981673926041921,0,0.0023910000002160814
balanced_v2_scaled_tracking_coords,tracking,5723758,6698,2H,2611250411,duel,2940.442,2948.126,7.6840000000001965,7.6840000000001965,29.413962348859258,60.51378079328165,59.04362426097549,31.09981844442239,0.7798967062359821,2,2,defensive_third,0,0,0,0,0,76.46099121262924,48.490256072451125,27.970735140178114,3.640126905280765,3.4722222222222223,1.0483565487208604,0.3658170617013676,0.3103543339375526,0.6927849621594355,1.4563998326215093,24.75879715456566,8,3.579800537873439,23.086037651140742,11.534040463692612,1,0.0022650000000794535
balanced_v2_scaled_tracking_coords,tracking,5723758,1599,2H,2611250634,interception,2951.723,2956.029,4.30600000000004,4.30600000000004,67.49385407886189,95.35845857510277,95.35845857510277,27.864604496240887,0.9780065761721598,2,3,middle_third,0,0,0,1,1,42.80943909974499,14.14996236186402,28.659476737880972,6.65570755640518,3.194558257798854,2.0834516134293826,0.6694662985680578,0.3106310537142713,0.3878806065214187,0.8154178876141903,13.862104089441235,5,3.0358020845876874,14.993854078861894,20.638243485749236,0,0.0012649999998757266
balanced_v2_scaled_tracking_coords,tracking,5723758,6698,2H,2611250428,interception,2996.472,3001.532,5.059999999999945,4.972264999999879,51.4653011375129,105.75165864159082,105.75165864159082,54.28635750407792,1.0,0,1,middle_third,1,1,0,1,1,56.803517822919474,4.74122519365091,52.06229262926856,10.288990638195479,3.4722222222222223,2.963229303800298,0.9165328948740232,0.2744820159930684,0.5158287361279823,1.0843954848795736,18.43472324295275,6,3.2647814123212444,1.0346988624870974,-18.99146268094043,1,0.007735000000138825
balanced_v2_scaled_tracking_coords,tracking,5723758,6698,2H,2611250646,interception,3784.473,3794.122,9.648999999999887,9.648999999999887,16.982509734122004,68.20440539380782,68.20440539380782,51.22189565968581,0.9530740799514985,3,6,defensive_third,0,0,0,0,0,91.81876699342159,47.81430277394659,44.004464219475004,4.560520698463625,3.4722222222222223,1.313429961157524,0.47925348662793227,0.3246341339809302,0.8316814875701175,1.7483935787462588,29.7226908386864,9,3.7573927180839712,35.517490265877996,26.145886473560566,1,0.008734999999887805
balanced_v2_scaled_tracking_coords,tracking,5723758,6698,2H,2611250710,duel,4060.244,4065.805,5.560999999999694,5.560999999999694,25.380329504920613,63.29920717835853,63.29920717835853,37.91887767343792,0.9429817233314383,1,2,defensive_third,0,0,0,0,0,79.90608232994491,45.52955973897826,34.37652259096665,6.181715984709322,3.4722222222222223,1.7803342035962846,0.4302115882620866,0.2149232695412904,0.7239996676124185,1.5220206158084744,25.874350468744066,8,3.6374238642154197,27.119670495079387,-6.759442549124657,1,0.0002650000001267472
balanced_v2_scaled_tracking_coords,tracking,5723759,4419,1H,2611031432,duel,154.018,161.685,7.667000000000002,7.667000000000002,44.56493164542433,87.3741622711592,87.18332131527677,42.80923062573486,0.951243007611284,2,3,middle_third,0,0,0,0,1,60.70303151455473,32.767494188385214,27.935537326169516,3.6436073204864368,3.4722222222222223,1.0493589083000938,0.4602000366237299,0.3900546547551396,0.5500078762231327,1.156248219324852,19.656219728522483,6,3.363358119351081,-7.9350683545756695,5.697415908531799,0,0.0020000000000095497
balanced_v2_scaled_tracking_coords,tracking,5723759,3149,1H,2611031484,duel,429.259,435.379,6.1200000000000045,6.1200000000000045,20.460257658577845,58.16654388848452,58.16654388848452,37.706286229906674,0.9870372737093194,1,3,defensive_third,0,0,0,0,0,84.99881474965346,57.58388525041024,27.41492949924322,4.4795636436671895,3.4722222222222223,1.2901143293761506,0.3225330797845624,0.22235604173618279,0.7701430458334056,1.6190250428505422,27.523425728459216,9,3.7077106048774593,32.039742341422155,-8.822158108527766,1,0.0009999999999763531
balanced_v2_scaled_tracking_coords,tracking,5723759,3149,1H,2611031512,duel,498.134,512.21,14.076000000000022,13.745999999999981,33.319487280669485,108.81486506557721,108.81486506557721,75.49537778490773,0.928163494448415,1,5,defensive_third,0,0,0,1,1,75.04159283062482,7.929390227728312,67.1122026028965,4.767846163888633,3.4722222222222223,1.3731396951999262,0.8943333966054583,0.5792787487615769,0.6799243146740852,1.4293636729642822,24.299182440392798,8,3.5240073245618646,19.180512719330515,-22.2068626971749,1,0.005999999999971806
balanced_v2_scaled_tracking_coords,tracking,5723759,3149,1H,2611031968,duel,2927.294,2935.584,8.289999999999964,8.289999999999964,20.586018799209356,61.17576242023973,61.17576242023973,40.58974362103037,0.9942783143033563,2,5,defensive_third,0,0,0,0,0,86.93881935798132,49.09880859997329,37.84001075800803,4.56453688275129,3.4722222222222223,1.3145866222323714,0.4352487305146981,0.2944768605934015,0.787720715150195,1.6559775115805966,28.15161769687014,9,3.705914017154152,31.913981200790644,20.799954067071184,1,0.006000000000312866
balanced_v2_scaled_tracking_coords,tracking,5723759,4419,2H,2611032230,interception,3306.291,3318.909,12.617999999999938,12.617999999999938,15.264892013480235,83.83284560669932,83.83284560669932,68.56795359321909,1.0000000000000004,1,5,defensive_third,1,0,0,0,1,93.57975961704187,21.48959564694933,72.09016397009255,5.713279756704145,3.4722222222222223,1.6454245699307937,0.77036064492053,0.4164079187705021,0.8478918360461065,1.7824716117531785,30.302017399804033,9,3.7819301140931394,-37.235107986519765,-26.547726920227618,0,0.009000000000014552
balanced_v2_scaled_tracking_coords,tracking,5723759,3149,2H,2611032440,duel,4897.543,4911.102,13.559000000000196,13.559000000000196,15.677238545969061,66.88209568377474,66.88209568377474,51.204857137805675,0.9458502309319575,1,4,defensive_third,0,0,0,0,0,91.68668158790429,40.16540985231411,51.521271735590176,3.7997840353705605,3.4722222222222223,1.0943378021867214,0.5619275432734943,0.4567514712807077,0.8306472205298585,1.7462193018398666,29.68572813127773,9,3.776039449343299,36.82276145403094,20.6855472934132,1,0.0029999999997016857
balanced_v2_scaled_tracking_coords,tracking,5723759,3149,2E,2611032889,interception,6449.073,6459.222,10.148999999999432,10.148999999999432,37.173531167204885,76.6679222303668,76.6679222303668,39.49439106316191,0.7436887657376914,2,3,middle_third,0,0,0,0,1,68.71881693492813,28.342035493490652,40.37678144143747,3.9783999843767592,3.4722222222222223,1.1457791955005066,0.5875651421599914,0.4560977822082907,0.6226359642332486,1.3089298463795833,22.251807388452917,7,3.468949554754216,15.326468832795115,-11.038384239101234,1,0.007000000000516593
balanced_v2_scaled_tracking_coords,tracking,5728857,2414,1H,2612567601,duel,1297.104,1300.279,3.1749999999999545,3.1749999999999545,58.83584399129064,78.16520338830583,78.16520338830583,19.32935939701519,0.9937741855255564,1,1,middle_third,0,0,0,0,1,46.164162252748,28.55164071154239,17.61252154120561,5.547250879119956,3.3556886312556005,1.6530886767776,0.3815193579118225,0.21219893971815287,0.41866767485428374,0.8801396752048578,14.962374478482582,5,3.159487942981562,6.335843991290638,0.024010447456248585,0,0.009866999999985637
balanced_v2_scaled_tracking_coords,tracking,5728857,2414,1H,2612571455,duel,2225.137,2249.546,24.40899999999965,24.057132999999794,12.20587097226774,107.47249459751042,107.47249459751042,95.26662362524269,0.6660897070388777,4,10,defensive_third,1,1,0,1,1,93.38585260419127,0.8909931466519332,92.49485945753933,3.7893752082240426,3.4722222222222223,1.0913400599685243,0.9904590136320932,0.8078790454042879,0.8454200710809563,1.777275370093568,30.213681291590657,9,3.8256304146818896,-40.29412902773226,-10.496050904807753,0,0.0028670000001511653
balanced_v2_scaled_tracking_coords,tracking,5728857,2414,2H,2612567968,interception,2909.024,2916.215,7.191000000000258,7.191000000000258,51.57046522185447,81.10425064348587,81.10425064348587,29.5337854216314,0.9982382761527527,2,3,middle_third,0,0,0,0,1,55.22642328519153,25.670121002350843,29.556302282840687,4.110179708363179,3.4722222222222223,1.1837317560085956,0.5351840753874413,0.40107467748013076,0.5016871256338976,1.0546664343349639,17.929329383694387,6,3.263279068259222,-0.9295347781455305,-13.972925329582289,0,0.009866999999758264
balanced_v2_scaled_tracking_coords,tracking,5728857,3758,2H,2612569417,duel,3054.741,3066.169,11.427999999999884,11.427999999999884,38.15521391018784,99.25110636066333,99.25110636066333,61.09589245047549,0.9987510419334461,4,6,middle_third,0,0,0,0,1,69.471034639962,25.121424468667247,44.349610171294756,3.8807849292347925,3.4722222222222223,1.1176660596196202,0.6383899477118686,0.5078951579707089,0.6296005078290207,1.323570984223498,22.500706731799465,7,3.4549255155687453,14.34478608981216,-18.920867489469288,1,0.006867000000056578
balanced_v2_scaled_tracking_coords,tracking,5728857,2414,2H,2612568056,interception,3155.291,3167.408,12.116999999999734,12.116999999999734,7.842826609680799,62.919350405083094,62.919350405083094,55.076523795402295,0.9994473058796594,3,4,defensive_third,0,0,0,0,0,97.19345178138512,52.527453651876705,44.66599812950842,3.686225809153206,3.4722222222222223,1.0616330330361232,0.4595576894416155,0.3850068741564086,0.8806341736698552,1.8513038434549547,31.47216533873423,10,3.887959619861703,-44.6571733903192,-2.6553206932281483,0,0.003133000000161701
balanced_v2_scaled_tracking_coords,tracking,5728857,2414,2H,2612568078,duel,3244.33,3249.987,5.657000000000153,5.657000000000153,18.56181213164929,55.5117887193995,55.5117887193995,36.94997658775021,1.0,1,2,defensive_third,0,0,0,0,0,88.15563261391038,52.4734914173392,35.68214119657119,6.307608484456465,3.4722222222222223,1.816591243523462,0.40476303258858104,0.19817391743233123,0.7987458132047005,1.6791549069316263,28.545633417837646,9,3.734831255262153,-33.93818786835071,-17.31632869849865,0,0.004133000000365428
balanced_v2_scaled_tracking_coords,tracking,5728857,2414,2H,2612568123,interception,3367.661,3372.805,5.143999999999778,5.143999999999778,42.90916830288451,67.12091713395965,67.12091713395965,24.21174883107514,0.8545586001200778,2,4,middle_third,0,0,0,0,0,62.10425646460404,37.89461211850949,24.20964434609455,4.706384981744867,3.4722222222222223,1.3554388747425214,0.3898226260851009,0.2556432044308656,0.5630352915294561,1.1836349648634392,20.121794402678468,6,3.387011881387364,-9.59083169711549,1.2912359125237955,0,0.006867000000056578
balanced_v2_scaled_tracking_coords,tracking,5728857,3758,2H,2612568684,interception,3639.725,3644.252,4.527000000000044,4.527000000000044,35.83468556602939,71.65206853799847,71.65206853799847,35.81738297196908,1.0,1,2,middle_third,0,0,0,0,1,74.99109587242775,45.67633580218289,29.31476007024486,6.475537899325066,3.4722222222222223,1.864954915005619,0.39090987708879615,0.18642801540403894,0.6794667802801556,1.428401826141481,24.282831044405178,8,3.4880759204852945,16.665314433970607,-28.97971254856796,1,0.00913300000001982
balanced_v2_scaled_tracking_coords,tracking,5728857,2414,2H,2612568261,interception,4009.733,4019.108,9.375,9.375,57.20084902566066,104.12683689600922,103.23623686552725,46.925987870348564,0.9910912520175418,1,2,middle_third,0,0,0,1,1,51.91209163314174,14.326196288050715,37.585895345091025,4.009162170143043,3.3851694624877657,1.1843313058828977,0.72402968485083,0.5577160343866642,0.4703563983060555,0.988801745393176,16.809629671683993,5,3.1828450139191333,4.700849025660659,20.251084510712502,0,0.0011329999997542473
balanced_v2_scaled_tracking_coords,tracking,5728857,2414,2H,2612568326,interception,4367.49,4372.497,5.007000000000517,5.007000000000517,68.45487514177731,85.87197202181851,85.87197202181851,17.4170968800412,0.9838291931449171,0,2,middle_third,1,0,0,0,1,36.55319085831562,19.38772683636906,17.16546402194656,3.4282931939174732,3.1767615714485684,1.079178627923974,0.46960234165279513,0.423021732291012,0.33119503872455774,0.696251254444107,11.836271325549818,4,3.022073212260324,15.954875141777308,-0.7678613295132948,0,0.004133000000365428
balanced_v2_scaled_tracking_coords,tracking,5728857,3758,2H,2612569438,duel,4664.346,4668.949,4.6030000000000655,4.6030000000000655,84.42335706779811,98.74809456919222,98.74809456919222,14.324737501394111,0.6621325802069415,2,3,attacking_third,1,1,0,1,1,21.244900682239788,6.478588422200629,14.766312260039157,3.2079757245359435,3.088235294117647,1.038773091754496,0.695052073007968,0.6691086614825762,0.19249224319230937,0.40466477489980546,6.879301173296692,3,2.7939520418885984,-31.923357067798108,5.286546191881669,1,0.00813300000027084
balanced_v2_scaled_tracking_coords,tracking,5728857,2414,2H,2612568494,duel,5256.383,5261.499,5.1159999999999854,5.1159999999999854,38.3291792680493,68.50453432265006,68.50453432265006,30.175355054600757,0.999509934369421,2,3,middle_third,0,0,0,0,0,68.6998270509455,44.85774942276569,23.84207762817981,4.660296643506622,3.4722222222222223,1.3421654333299071,0.34704712736029625,0.22983260533207894,0.6228562204328073,1.3093928776370332,22.259678919829565,7,3.452440296170724,-14.170820731950698,16.57310772781969,0,0.008866999999554537
balanced_v2_scaled_tracking_coords,tracking,5728857,3758,1E,2612569236,duel,6222.012,6229.195,7.182999999999993,7.182999999999993,51.033951333411345,89.10330533607399,87.77069968592681,38.06935400266264,1.0000000000000002,2,3,middle_third,0,0,0,1,1,60.20871005062086,20.068772104760285,40.139937945860574,5.588185708737382,3.4722222222222223,1.6093974841163659,0.666679919103277,0.36814176041783964,0.5459585757244841,1.147735620335862,19.511505545709653,6,3.270943552379838,1.4660486665886552,26.697459753225942,1,0.004767000000356347
balanced_v2_scaled_tracking_coords,tracking,5728857,2414,2E,2612568894,interception,6397.087,6400.865,3.777999999999338,3.777999999999338,79.4903999800901,98.81061009608109,98.81061009608109,19.32021011599099,0.9999999999999999,1,1,attacking_third,0,0,0,1,1,31.99612412629332,9.434050968530956,22.562073157762363,5.971962191044552,3.0882352941176476,1.9337782332906166,0.7051501947144161,0.3646489460761466,0.289905130584044,0.609449983357968,10.360649717085455,4,2.864422857427284,26.990399980090107,19.31352546609196,0,0.0032519999986106995
balanced_v2_scaled_tracking_coords,tracking,5728857,2414,2E,2612569021,duel,7004.345,7007.889,3.543999999999869,3.543999999999869,93.47860563766582,98.46180509276638,93.20008853931519,4.983199455100561,0.8211339538397192,1,2,attacking_third,0,0,0,1,1,31.648006557415925,8.362698221975014,23.28530833544091,6.570346595779281,3.088235294117647,2.1275408024428146,0.7357590846423967,0.34582607477967414,0.28675096513370224,0.6028191725222081,10.247925932877537,4,2.6645913480333454,40.97860563766583,-29.476325941436727,0,0.005251999999018153
balanced_v2_scaled_tracking_coords,tracking,5728858,3149,1H,2613286680,duel,267.896,273.672,5.7760000000000105,5.7760000000000105,41.42608002339111,82.78855811455358,82.78855811455358,41.36247809116247,0.9883561215213075,2,3,middle_third,0,0,0,0,1,65.01619215955306,22.555664587806962,42.4605275717461,7.3511993718396855,3.4722222222222223,2.1171454190898293,0.6530761978115512,0.2747212411169171,0.5883067822465221,1.2367616879604695,21.024948695327982,7,3.4081988568086983,-11.073919976608892,13.618441237368401,0,0.005724000000043361
balanced_v2_scaled_tracking_coords,tracking,5728858,3149,1H,2613282863,interception,895.979,903.804,7.824999999999932,7.824999999999932,50.63156350496985,88.6807491284846,87.15268044884391,38.04918562351476,0.9471396618674623,2,5,middle_third,1,0,0,1,1,57.47599925620895,17.06766007501026,40.40833918119869,5.164005007181986,3.4722222222222223,1.487233442068412,0.7030471797640562,0.4202195488046051,0.521047125737432,1.0953657890415844,18.621218413706934,6,3.276691949929002,-1.8684364950301529,18.643057785288462,0,0.008724000000029264
balanced_v2_scaled_tracking_coords,tracking,5728858,3149,1H,2613283095,duel,2123.897,2129.644,5.746999999999844,5.746999999999844,13.67106222429932,52.810215943182406,52.810215943182406,39.13915371888309,1.0,2,3,defensive_third,0,0,0,0,0,94.60925000537404,60.09103317627162,34.518216829102414,6.006301866905056,3.4722222222222223,1.729814937668656,0.3648503378595824,0.18750774481327523,0.8576120945063318,1.8029059219183174,30.649400672611396,10,3.8046991110814385,-38.82893777570068,24.696868452124875,0,0.006723999999849184
balanced_v2_scaled_tracking_coords,tracking,5728858,1599,1H,2613283348,duel,2227.021,2232.573,5.55199999999968,5.55199999999968,68.47747114831056,94.2814466584034,94.06701353133971,25.80397551009284,0.966871383584087,1,2,middle_third,0,0,0,1,1,38.730035594143864,17.175212205926154,21.55482338821771,3.8823529157454884,3.176343126883138,1.2222712599551986,0.5565402421545124,0.4427024682500605,0.35091862946043934,0.7377149636979784,12.541154382865633,4,3.021750412166992,-15.977471148310556,12.888775868994045,1,0.009275999999772466
balanced_v2_scaled_tracking_coords,tracking,5728858,1599,2H,2613283847,duel,3613.05,3625.823,12.772999999999683,12.772999999999683,28.051914721118592,89.27354898687881,89.27354898687881,61.221634265760215,0.9509985820006099,6,7,defensive_third,0,0,0,0,1,81.31516609941443,25.67568560063227,55.639480498782156,4.35602289977167,3.4722222222222223,1.2545345951342408,0.684244811487667,0.48510052065241727,0.7367668581814858,1.5488603066555129,26.33062521314372,8,3.599258361126877,24.448085278881408,26.289701589963933,1,0.00027599999975791434
balanced_v2_scaled_tracking_coords,tracking,5728858,1599,2H,2613284052,duel,4306.34,4315.515,9.175000000000182,9.175000000000182,55.60133281925338,103.17326400431537,103.17326400431537,47.57193118506199,0.9643648133930254,3,4,middle_third,0,0,0,1,1,49.50632584700257,5.82925596289659,43.67706988410598,4.76044358409865,3.4147901329767896,1.3940662233168655,0.882252300828955,0.5723421873620123,0.44855863800132645,0.9429776351810014,16.030619798077023,5,3.2056952454392373,-3.101332819253379,-3.2631242139123344,1,0.010275999999976193
balanced_v2_scaled_tracking_coords,tracking,5728858,1599,2H,2613284063,interception,4346.569,4353.698,7.128999999999905,7.128999999999905,73.5803450540189,88.88884338346513,88.88884338346513,15.308498329446223,0.7057519722051642,2,3,attacking_third,0,0,0,1,1,38.6543215948486,16.12081808593598,22.533503508912617,3.1608224868723407,3.088235294117647,1.0235044243205673,0.5829491394285813,0.5695619145130323,0.3502326127177209,0.7362727922828304,12.516637468808117,4,2.948852213514016,-21.080345054018906,-22.515813576983277,1,0.0012759999999616412
balanced_v2_scaled_tracking_coords,tracking,5728858,1599,1E,2613284491,duel,5453.148,5456.35,3.2020000000002256,3.2020000000002256,69.23042895661972,77.55176913168526,75.37068490800443,8.321340175065544,0.9481067288219832,1,2,middle_third,0,0,0,0,1,47.929297855088166,36.01787273811048,11.911425116977682,3.7199953519602884,3.1623994637663015,1.1763205106068133,0.2485207513990979,0.20631492332023885,0.4342697665078277,0.9129390067635841,15.519963114980929,5,3.0109938720482896,-16.73042895661972,-31.902278605991924,1,0.002276000000165368
balanced_v2_scaled_tracking_coords,tracking,5728858,3149,1E,2613284036,duel,5456.551,5469.317,12.765999999999622,12.765999999999622,30.038521352688523,94.52417013002737,94.52417013002737,64.48564877733885,0.9783159348157963,4,9,defensive_third,0,0,0,1,1,77.26518563375743,13.909535242678514,63.35565039107891,4.962842737825536,3.4722222222222223,1.4292987084937543,0.8199766799421059,0.509798975441594,0.7006881813221344,1.4730142912117303,25.041242950599415,8,3.570878266390164,-22.461478647311477,-18.726602201885413,0,0.0007240000004458125
balanced_v2_scaled_tracking_coords,tracking,5728858,1599,1E,2613284512,duel,5589.758,5594.103,4.345000000000255,4.345000000000255,57.77702849635265,76.28740560769953,72.34400601614554,18.510377111346877,0.7083611097134802,1,4,middle_third,0,0,0,0,1,55.07004377284453,30.970146505621774,24.099897267222754,5.546581649533105,3.3767357611660436,1.6425868181103331,0.4376226277689397,0.24295444202174468,0.5004190653072478,1.052000667974028,17.884011355558474,6,3.1746138786235334,-5.277028496352649,-28.33197281356741,1,0.007724000000052911
balanced_v2_scaled_tracking_coords,tracking,5728858,1599,1E,2613284520,duel,5635.972,5645.509,9.537000000000262,9.537000000000262,42.84271496953271,93.75368167921606,93.60448822667959,50.91096670968335,0.9150764068395598,3,7,middle_third,0,0,0,1,1,62.57669007833238,13.788847186939988,48.787842891392394,5.115638344488944,3.4722222222222223,1.4733038432128158,0.7796488249909135,0.469349761801762,0.5685701969066395,1.195270660938278,20.319601235950724,6,3.3879612147209612,9.657285030467293,7.232845830024942,1,0.0017239999997400446
balanced_v2_scaled_tracking_coords,tracking,5728858,1599,1E,2613284552,duel,5983.775,5996.004,12.22900000000027,11.375276000000667,30.584297789319038,110.30108506704694,110.30108506704694,79.7167872777279,0.8080616314710235,5,6,defensive_third,1,1,0,1,1,74.98393039124387,7.122445351624677,67.8614850396192,5.54922602335577,3.4722222222222223,1.5981770947264617,0.9050137100781211,0.5047532754140509,0.6779235324007717,1.4251575496689917,24.22767834437286,8,3.5630814601525853,21.915702210680962,9.213744158058752,1,0.00472399999944173
balanced_v2_scaled_tracking_coords,tracking,5728858,1599,2E,2613284676,interception,6746.496,6754.611,8.114999999999782,6.914275999999518,80.19825491068893,107.16403513058958,107.16403513058958,26.96578021990065,0.8722286181512298,2,3,attacking_third,1,1,1,1,1,37.61355788892731,0.4960814888930743,37.117476400034235,4.573934245229234,3.0882352941176467,1.481083469883752,0.98681109906279,0.6661351663493652,0.3408749389941473,0.7166007220313938,12.182212274533695,4,2.8543106441330153,-27.69825491068893,-28.278139570850833,1,0.005724000000554952
balanced_v2_scaled_tracking_coords,tracking,5728858,1599,2E,2613284714,duel,7104.67,7111.537,6.867000000000189,6.867000000000189,35.80214197289508,74.68675976058972,74.68675976058972,38.884617787694644,1.0,1,3,middle_third,0,0,0,0,1,70.08362604168927,31.783929947725966,38.299696093963306,5.57735489936832,3.4722222222222223,1.606278211018076,0.5464856523145751,0.30259438562855645,0.6350019983427594,1.334926210317891,22.693745575404147,7,3.4885408289586417,16.69785802710492,-11.107253648493767,1,0.00027599999975791434
balanced_v2_scaled_tracking_coords,tracking,5728860,2414,1H,2617116660,interception,148.585,172.66,24.07499999999999,24.07499999999999,14.630935808454282,102.2281215239328,101.96322965137121,87.59718571547852,0.6543277116069954,4,6,defensive_third,1,1,0,1,1,90.4156302094559,3.58035801412207,86.83527219533383,3.6068648886950725,3.4722222222222223,1.0387770879441809,0.9604011164239209,0.8222515040105548,0.8192765601494885,1.7223154517575148,29.27936267987775,9,3.790986631307796,-37.86906419154572,2.901451932630181,0,0.0015980000000013206
balanced_v2_scaled_tracking_coords,tracking,5728860,1599,1H,2617117240,duel,2308.732,2312.507,3.775000000000091,3.775000000000091,79.90139051960239,94.04555508328782,92.48509510751978,14.144164563685436,0.9166888531462237,0,2,attacking_third,1,1,0,1,1,31.7507025832026,16.479795074632154,15.270907508570446,4.045273512203994,3.088235294117647,1.309898089666055,0.4809628218006543,0.3665614878548014,0.28816354072016853,0.605788744554029,10.298408657418493,4,2.8585515640056802,-27.401390519602387,-19.446514255194508,1,0.008597999999892636
balanced_v2_scaled_tracking_coords,tracking,5728860,1599,1H,2617117253,duel,2436.872,2444.423,7.550999999999931,7.2714020000003075,68.37378613979803,107.69326057099335,107.69326057099335,39.31947443119532,0.9935287601639643,2,4,middle_third,1,1,0,1,1,41.631289750784184,5.196432860178848,36.43485689060534,4.825169764349844,3.1804360653024553,1.5171409408259795,0.875179633124843,0.5583869970060215,0.3783886354133512,0.7954634921118003,13.522879365900605,4,3.0232316265743138,-15.873786139798028,-19.79102687028891,1,0.008597999999892636
balanced_v2_scaled_tracking_coords,tracking,5728860,2414,2H,2617118021,duel,3921.303,3926.987,5.6840000000001965,5.6840000000001965,26.463295856547383,65.86013308017127,65.86013308017127,39.39683722362388,0.9491563376819977,1,2,defensive_third,0,0,0,0,0,79.97959535647291,44.10943004488863,35.87016531158428,6.310725776140577,3.4722222222222223,1.8174890235284862,0.44849145774880733,0.2196958973158279,0.7239374319576835,1.5218897815639538,25.872126286587214,8,3.6219529163350375,-26.036704143452617,15.123550365867658,0,0.0008210000000872242
balanced_v2_scaled_tracking_coords,tracking,5728860,1599,2H,2617117686,duel,3967.269,3976.27,9.001000000000204,8.973179000000073,53.12973615384306,105.27389089910922,105.27389089910922,52.14415474526616,1.0000000000000004,1,4,middle_third,1,1,0,1,1,51.93748759877711,8.541778782098413,43.3957088166787,4.821209734104846,3.4628616979845765,1.3922617056612,0.8355373127001328,0.5339993966882218,0.4716489867424447,0.9915190757124396,16.855824287111474,5,3.2410037692308133,-0.6297361538430621,-2.6416560342313318,1,0.006820999999945343
balanced_v2_scaled_tracking_coords,tracking,5728860,1599,2H,2617117765,interception,4266.94,4272.354,5.414000000000669,5.414000000000669,35.27380505282906,58.96266373002682,58.96266373002682,23.688858677197757,0.8668363564400416,3,4,middle_third,0,0,0,0,0,76.81425262361896,52.708378159961924,24.10587446365703,4.452507289186193,3.4722222222222223,1.2823220992856235,0.31382033464249215,0.21766410934543168,0.6959857340741538,1.4631286214022658,24.87318656383852,8,3.496088499245299,17.22619494717094,32.228669601990475,1,0.002179000000069209
balanced_v2_scaled_tracking_coords,tracking,5728860,1599,2H,2617117823,interception,4676.601,4689.885,13.28400000000056,13.28400000000056,39.821494408026254,101.59628743007607,101.59628743007607,61.77479302204982,0.9996773225934642,3,5,middle_third,0,0,0,1,1,70.53363615331799,13.064273291734828,57.46936286158316,4.326209188616436,3.4722222222222223,1.2459482463215334,0.8147795292541391,0.5816248797649819,0.6390793747043748,1.3434978314917712,22.83946313536011,7,3.431121508456768,12.678505591973746,26.95841682676661,1,0.001178999999865482
balanced_v2_scaled_tracking_coords,tracking,5728860,1599,2H,2617117934,interception,5234.236,5252.388,18.152000000000044,18.152000000000044,27.019468090785153,94.70409950033621,88.20566182606814,67.68463140955106,0.809437302592067,5,8,defensive_third,0,0,0,1,1,81.98614571798895,17.507138692068306,64.47900702592064,3.552170946778343,3.4722222222222223,1.0230252326721627,0.7864622304323425,0.6837453641453937,0.7428463580976093,1.5616408708188372,26.547894803920233,8,3.6140075987030693,25.480531909214847,25.31333112901661,1,0.0061789999999746215
balanced_v2_scaled_tracking_coords,tracking,5728860,2414,2E,2617118712,duel,6508.953,6512.47,3.5169999999998254,3.5169999999998254,85.28801512167314,99.62421595511421,98.46016115817727,14.336200833441069,1.0,1,1,attacking_third,0,0,0,1,1,37.65055474258078,17.870343423237898,19.780211319342882,5.624171543742924,3.0882352941176467,1.8211603094024709,0.5253630777708704,0.2884771181638831,0.3411378498885098,0.7171534236682053,12.191608202359491,4,2.781599783976098,32.78801512167314,32.078059863100904,0,0.00523699999848759
