candidate_cache_version,match_id,team_id,start_event_id,label_counterattack,regain_type,match_period,start_ts,attacking_left,stop_reason,first_action_type,first_action_time_s,tracking_start_dt_s,source_label,short_duration_s,in_play_2s,event_count_pass_2s,event_count_touch_2s,event_count_duel_2s,event_count_clearance_2s,event_count_shot_2s,mid_duration_s,in_play_5s,event_count_pass_5s,event_count_touch_5s,event_count_duel_5s,event_count_clearance_5s,event_count_shot_5s,ten_duration_s,in_play_10s,event_count_pass_10s,event_count_touch_10s,event_count_duel_10s,event_count_clearance_10s,event_count_shot_10s,fifteen_duration_s,in_play_15s,event_count_pass_15s,event_count_touch_15s,event_count_duel_15s,event_count_clearance_15s,event_count_shot_15s,long_duration_s,in_play_20s,event_count_pass_20s,event_count_touch_20s,event_count_duel_20s,event_count_clearance_20s,event_count_shot_20s,short_start_progress_m,short_start_zone,short_start_goal_distance_m,short_min_goal_distance_m,short_end_progress_m,short_progression_goal_m,short_progression_x_m,short_directness_goal,short_avg_progress_speed_mps,mid_start_progress_m,mid_start_zone,mid_start_goal_distance_m,mid_min_goal_distance_m,mid_end_progress_m,mid_progression_goal_m,mid_progression_x_m,mid_directness_goal,mid_avg_progress_speed_mps,ten_start_progress_m,ten_start_zone,ten_start_goal_distance_m,ten_min_goal_distance_m,ten_end_progress_m,ten_progression_goal_m,ten_progression_x_m,ten_directness_goal,ten_avg_progress_speed_mps,fifteen_start_progress_m,fifteen_start_zone,fifteen_start_goal_distance_m,fifteen_min_goal_distance_m,fifteen_end_progress_m,fifteen_progression_goal_m,fifteen_progression_x_m,fifteen_directness_goal,fifteen_avg_progress_speed_mps,long_start_progress_m,long_start_zone,long_start_goal_distance_m,long_min_goal_distance_m,long_end_progress_m,long_progression_goal_m,long_progression_x_m,long_directness_goal,long_avg_progress_speed_mps,tracking_start_x_m_raw,tracking_start_y_m_raw,hybrid_probability,hybrid_threshold,hybrid_label,teamName,team_norm,label_no_score,winner_norm,home_goals,away_goals,team_won_match,shot_20s,shot_15s,box_entry_proxy,final_third_entry_proxy,box_shot_proxy
6,5706350,1604,2573005540,1,duel_regain,1H,111.871,1,opponent_on_ball,duel,1.73299999999999,0.0089999999999861,Slovakia U21 - Spain U21,1.73299999999999,1.73299999999999,0,0,1,0,0,1.73299999999999,1.73299999999999,0,0,1,0,0,5.388999999999982,5.388999999999982,1,0,1,0,0,5.388999999999982,5.388999999999982,1,0,1,0,0,5.388999999999982,5.388999999999982,1,0,1,0,0,85.18,attacking_third,31.520985073439565,21.863147074472145,96.54,9.65783799896742,11.359999999999983,1.0,5.615022092422922,85.18,attacking_third,31.520985073439565,21.863147074472145,96.54,9.65783799896742,11.359999999999983,1.0,5.615022092422922,85.18,attacking_third,31.520985073439565,5.5268435838188825,103.02,25.99414148962068,19.53,1.0,4.849653262988934,85.18,attacking_third,31.520985073439565,5.5268435838188825,103.02,25.99414148962068,19.53,1.0,4.849653262988934,85.18,attacking_third,31.520985073439565,5.5268435838188825,103.02,25.99414148962068,19.53,1.0,4.849653262988934,-32.68,-24.51,0.9985085,0.66,1,Spain Under 21,spain u21,Slovakia U21 - Spain U21,spain u21,2,3,True,0,0,1,1,0
6,5706350,14501,2573005518,1,duel_regain,1H,2659.77,0,game_interruption,none,,0.0099999999997635,Slovakia U21 - Spain U21,0.1759999999999308,0.1759999999999308,0,0,0,0,0,0.1759999999999308,0.1759999999999308,0,0,0,0,0,7.947000000000116,7.947000000000116,1,0,1,0,0,7.947000000000116,7.947000000000116,1,0,1,0,0,7.947000000000116,7.947000000000116,1,0,1,0,0,44.36,middle_third,66.57184464922089,66.16598068494112,44.99,0.4058639642797743,0.6300000000000026,1.0,3.3821997023345287,44.36,middle_third,66.57184464922089,66.16598068494112,44.99,0.4058639642797743,0.6300000000000026,1.0,3.3821997023345287,44.36,middle_third,66.57184464922089,37.10338124753592,78.53,29.46846340168497,34.17,1.0,3.7396527159500335,44.36,middle_third,66.57184464922089,37.10338124753592,78.53,29.46846340168497,34.17,1.0,3.7396527159500335,44.36,middle_third,66.57184464922089,37.10338124753592,78.53,29.46846340168497,34.17,1.0,3.7396527159500335,-8.14,27.47,0.95918465,0.66,1,Slovakia Under 21,slovakia u21,Slovakia U21 - Spain U21,spain u21,2,3,False,0,0,0,0,0
6,5706350,14501,2573005876,1,interception,2H,4150.538,0,opponent_on_ball,goalkeeper_exit,1.9070000000001528,0.0180000000000291,Slovakia U21 - Spain U21,1.9070000000001528,1.86200000000008,0,0,0,0,0,4.089000000000851,3.96900000000096,0,0,1,1,0,4.089000000000851,3.96900000000096,0,0,1,1,0,4.089000000000851,3.96900000000096,0,0,1,1,0,4.089000000000851,3.96900000000096,0,0,1,1,0,21.879999999999995,defensive_third,83.14937462182141,63.244339667673025,52.04,19.905034954148384,30.160000000000004,1.0,10.587784550078313,21.879999999999995,defensive_third,83.14937462182141,40.3665517477032,62.15,42.78282287411821,43.879999999999995,0.9190587287377532,10.589807642106178,21.879999999999995,defensive_third,83.14937462182141,40.3665517477032,62.15,42.78282287411821,43.879999999999995,0.9190587287377532,10.589807642106178,21.879999999999995,defensive_third,83.14937462182141,40.3665517477032,62.15,42.78282287411821,43.879999999999995,0.9190587287377532,10.589807642106178,21.879999999999995,defensive_third,83.14937462182141,40.3665517477032,62.15,42.78282287411821,43.879999999999995,0.9190587287377532,10.589807642106178,-30.620000000000005,-2.210000000000001,0.95193636,0.66,1,Slovakia Under 21,slovakia u21,Slovakia U21 - Spain U21,spain u21,2,3,False,0,0,0,0,0
6,5706351,3763,2573076636,1,interception,1H,1685.245,0,opponent_on_ball,pass,1.288000000000011,0.0049999999998817,Italy U21 - Romania U21,1.288000000000011,1.288000000000011,1,0,0,0,0,2.7640000000001237,2.7640000000001237,2,0,0,0,0,7.416000000000167,5.475000000000136,3,1,1,0,0,7.416000000000167,5.475000000000136,3,1,1,0,0,7.416000000000167,5.475000000000136,3,1,1,0,0,21.14,defensive_third,83.95391890793425,80.99225950669607,24.75,2.9616594012381796,3.609999999999999,1.0,2.3884350009985145,21.14,defensive_third,83.95391890793425,72.40904984875854,32.68,11.54486905917571,11.54,1.0,4.244437154108675,21.14,defensive_third,83.95391890793425,49.544066244102325,55.57,34.40985266383193,34.43,0.9976738477423452,6.325340563204335,21.14,defensive_third,83.95391890793425,49.544066244102325,55.57,34.40985266383193,34.43,0.9976738477423452,6.325340563204335,21.14,defensive_third,83.95391890793425,49.544066244102325,55.57,34.40985266383193,34.43,0.9976738477423452,6.325340563204335,-31.36,3.969999999999999,0.9987093,0.66,1,Italy Under 21,italy u21,Italy U21 - Romania U21,italy u21,1,0,True,0,0,0,0,0
6,5706351,11950,2573077424,1,interception,1H,2504.755,1,opponent_on_ball,pass,1.19399999999996,0.0050000000001091,Italy U21 - Romania U21,1.19399999999996,1.19399999999996,1,0,0,0,0,1.19399999999996,1.19399999999996,1,0,0,0,0,5.739000000000033,5.739000000000033,2,0,0,0,0,5.739000000000033,5.739000000000033,2,0,0,0,0,5.739000000000033,5.739000000000033,2,0,0,0,0,47.25,middle_third,58.24793987773302,52.78177431651953,53.39,5.4661655612134865,6.140000000000001,1.0,4.7122116907018725,47.25,middle_third,58.24793987773302,52.78177431651953,53.39,5.4661655612134865,6.140000000000001,1.0,4.7122116907018725,47.25,middle_third,58.24793987773302,34.992314870554075,71.5,23.255625007178946,24.25,0.9525469767350369,4.065668707548908,47.25,middle_third,58.24793987773302,34.992314870554075,71.5,23.255625007178946,24.25,0.9525469767350369,4.065668707548908,47.25,middle_third,58.24793987773302,34.992314870554075,71.5,23.255625007178946,24.25,0.9525469767350369,4.065668707548908,5.25,7.600000000000001,0.9960316,0.66,1,Romania Under 21,romania u21,Italy U21 - Romania U21,italy u21,1,0,False,0,0,0,1,0
6,5706351,3763,2573076870,1,interception,1H,2582.933,0,opponent_on_ball,pass,2.1359999999999673,0.0129999999999199,Italy U21 - Romania U21,2.0,2.0,0,0,0,0,0,2.81899999999996,2.81899999999996,1,0,0,0,1,6.585999999999785,6.585999999999785,2,0,0,0,1,6.585999999999785,6.585999999999785,2,0,0,0,1,6.585999999999785,6.585999999999785,2,0,0,0,1,79.95,attacking_third,25.287825133846525,14.72674437885034,91.83,10.561080754996183,11.879999999999995,0.978270348904262,5.388306507651015,79.95,attacking_third,25.287825133846525,3.0548322376196047,102.5,22.23299289622692,24.25,0.8513052682213663,8.05543220877856,79.95,attacking_third,25.287825133846525,3.0548322376196047,82.94,22.23299289622692,24.25,0.5268615798520917,3.4099682356176353,79.95,attacking_third,25.287825133846525,3.0548322376196047,82.94,22.23299289622692,24.25,0.5268615798520917,3.4099682356176353,79.95,attacking_third,25.287825133846525,3.0548322376196047,82.94,22.23299289622692,24.25,0.5268615798520917,3.4099682356176353,27.450000000000003,3.460000000000001,0.9967976,0.66,1,Italy Under 21,italy u21,Italy U21 - Romania U21,italy u21,1,0,True,1,1,1,1,1
6,5706351,11950,2573077683,1,interception,2H,3312.349,1,game_interruption,duel,3.928999999999633,0.0109999999995125,Italy U21 - Romania U21,2.0,2.0,0,0,0,0,0,3.928999999999633,3.928999999999633,0,0,1,0,0,3.928999999999633,3.928999999999633,0,0,1,0,0,3.928999999999633,3.928999999999633,0,0,1,0,0,3.928999999999633,3.928999999999633,0,0,1,0,0,53.39,middle_third,60.72027832610783,46.27431468968503,69.59,14.445963636422803,16.200000000000003,0.9854098645343488,7.370389610419661,53.39,middle_third,60.72027832610783,37.57018099503914,78.19,23.150097331068693,24.799999999999997,0.9908453448764208,5.96651993068764,53.39,middle_third,60.72027832610783,37.57018099503914,78.19,23.150097331068693,24.799999999999997,0.9908453448764208,5.96651993068764,53.39,middle_third,60.72027832610783,37.57018099503914,78.19,23.150097331068693,24.799999999999997,0.9908453448764208,5.96651993068764,53.39,middle_third,60.72027832610783,37.57018099503914,78.19,23.150097331068693,24.799999999999997,0.9908453448764208,5.96651993068764,-0.8900000000000006,31.989999999999995,0.95634073,0.66,1,Romania Under 21,romania u21,Italy U21 - Romania U21,italy u21,1,0,False,0,0,0,0,0
6,5706352,9910,2573095598,1,duel_regain,1H,1028.445,0,game_interruption,pass,1.413000000000011,0.0049999999998817,Portugal U21 - France U21,1.413000000000011,1.413000000000011,1,0,0,0,0,4.866999999999962,4.866999999999962,2,0,0,0,0,8.282000000000153,8.282000000000153,3,0,0,0,0,12.808999999999967,9.195000000000164,4,0,0,0,1,12.808999999999967,9.195000000000164,4,0,0,0,1,32.870000000000005,defensive_third,73.35684357985967,67.3890681045524,38.56,5.967775475307278,5.689999999999998,1.0,4.388070202432145,32.870000000000005,defensive_third,73.35684357985967,46.03680484134406,59.57,27.320038738515613,26.699999999999996,1.0,5.691674737190807,32.870000000000005,defensive_third,73.35684357985967,20.224294796110943,90.3,53.13254878374873,57.42999999999999,1.0000000000000002,6.448124852396684,32.870000000000005,defensive_third,73.35684357985967,18.32938896963017,97.88,55.027454610229505,65.00999999999999,1.0000000000000004,6.007364040418015,32.870000000000005,defensive_third,73.35684357985967,18.32938896963017,97.88,55.027454610229505,65.00999999999999,1.0000000000000004,6.007364040418015,-19.629999999999995,-13.36,0.9950335,0.66,1,Portugal Under 21,portugal u21,Portugal U21 - France U21,draw,0,0,False,1,1,1,1,1
6,5706352,4425,2573095866,1,interception,1H,2630.187,1,opponent_on_ball,duel,1.525000000000091,0.0129999999999199,Portugal U21 - France U21,1.525000000000091,1.525000000000091,0,0,1,0,0,4.230000000000018,4.230000000000018,1,1,1,0,0,4.230000000000018,4.230000000000018,1,1,1,0,0,4.230000000000018,4.230000000000018,1,1,1,0,0,4.230000000000018,4.230000000000018,1,1,1,0,0,27.72,defensive_third,78.22928415881101,72.78981041327144,32.78,5.439473745539573,5.060000000000002,1.0,3.675320098337504,27.72,defensive_third,78.22928415881101,46.03896719084823,59.28,32.19031696796278,31.56,1.0,7.664361182847783,27.72,defensive_third,78.22928415881101,46.03896719084823,59.28,32.19031696796278,31.56,1.0,7.664361182847783,27.72,defensive_third,78.22928415881101,46.03896719084823,59.28,32.19031696796278,31.56,1.0,7.664361182847783,27.72,defensive_third,78.22928415881101,46.03896719084823,59.28,32.19031696796278,31.56,1.0,7.664361182847783,24.78,12.15,0.98827595,0.66,1,France Under 21,france u21,Portugal U21 - France U21,draw,0,0,False,0,0,0,0,0
6,5706352,4425,2573096080,1,duel_regain,2H,3091.506,1,opponent_on_ball,pass,3.4890000000000327,0.0140000000001236,Portugal U21 - France U21,0.236000000000331,0.236000000000331,0,0,0,0,0,3.4890000000000327,3.4890000000000327,1,0,0,0,0,9.597000000000207,9.597000000000207,3,1,0,0,0,12.29300000000012,9.853999999999814,4,1,0,0,0,12.29300000000012,9.853999999999814,4,1,0,0,0,38.11,middle_third,68.02236176434924,67.92548417199541,38.17,0.0968775923538345,0.0600000000000022,1.0,0.4843879617696132,38.11,middle_third,68.02236176434924,58.752967584625026,47.06,9.269394179724216,8.950000000000003,1.0,2.694591331315136,38.11,middle_third,68.02236176434924,11.225515578359865,93.79,56.79684618598938,55.67999999999999,1.0,5.941092697279258,38.11,middle_third,68.02236176434924,10.270394344911985,94.77,57.75196741943726,56.66,1.0,5.869102380024296,38.11,middle_third,68.02236176434924,10.270394344911985,94.77,57.75196741943726,56.66,1.0,5.869102380024296,14.39,-12.36,0.9977335,0.66,1,France Under 21,france u21,Portugal U21 - France U21,draw,0,0,False,0,0,1,1,0
6,5706352,4425,2573096672,1,interception,2H,5584.075,1,window_end,touch,0.1239999999997962,0.0050000000001091,Portugal U21 - France U21,1.6580000000003563,1.605000000000473,1,1,0,0,0,1.6580000000003563,1.605000000000473,1,1,0,0,0,5.690000000000509,5.050000000001091,2,1,0,0,0,5.690000000000509,5.050000000001091,2,1,0,0,0,5.690000000000509,5.050000000001091,2,1,0,0,0,68.25999999999999,middle_third,49.311050485667,49.311050485667,65.85,0.0,0.0,0.0,0.0,68.25999999999999,middle_third,49.311050485667,49.311050485667,65.85,0.0,0.0,0.0,0.0,68.25999999999999,middle_third,49.311050485667,28.63609610264639,87.06,20.674954383020612,18.80000000000001,0.7615659850596361,3.6399567575738647,68.25999999999999,middle_third,49.311050485667,28.63609610264639,87.06,20.674954383020612,18.80000000000001,0.7615659850596361,3.6399567575738647,68.25999999999999,middle_third,49.311050485667,28.63609610264639,87.06,20.674954383020612,18.80000000000001,0.7615659850596361,3.6399567575738647,-15.759999999999998,-32.89,0.9877637,0.66,1,France Under 21,france u21,Portugal U21 - France U21,draw,0,0,False,0,0,0,1,0
6,5706353,15880,2573112129,1,interception,1H,10.051,1,opponent_on_ball,pass,1.6709999999999994,0.011000000000001,Poland U21 - Georgia U21,1.6709999999999994,1.6709999999999994,1,0,0,0,0,3.827,3.827,1,1,0,0,0,8.101999999999999,8.101999999999999,1,1,1,0,0,10.287,10.287,2,1,1,0,0,10.287,10.287,2,1,1,0,0,43.02,middle_third,65.87303317746952,63.39925945939747,49.31,2.473773718072053,6.289999999999999,0.6173254186076309,1.5083986085805197,43.02,middle_third,65.87303317746952,51.77333000686743,64.49000000000001,14.09970317060209,21.47000000000001,0.9019092004158186,3.7499210560111944,43.02,middle_third,65.87303317746952,9.848959335889251,95.16,56.024073841580275,52.13999999999999,0.9707349954225204,6.968168388256252,43.02,middle_third,65.87303317746952,8.962058915227011,88.91,56.91097426224251,54.15,0.8514723779730775,5.55771233029712,43.02,middle_third,65.87303317746952,8.962058915227011,88.91,56.91097426224251,54.15,0.8514723779730775,5.55771233029712,9.479999999999997,-22.31,0.99976176,0.66,1,Georgia Under 21,georgia u21,Poland U21 - Georgia U21,georgia u21,1,2,True,0,0,1,1,0
6,5706353,15880,2573112273,0,duel_regain,1H,584.563,1,opponent_on_ball,pass,4.835000000000036,0.0030000000000427,Poland U21 - Georgia U21,2.0,2.0,0,0,0,0,0,4.835000000000036,4.157000000000039,1,0,0,0,0,7.1159999999999854,4.157000000000039,2,0,0,0,0,7.1159999999999854,4.157000000000039,2,0,0,0,0,7.1159999999999854,4.157000000000039,2,0,0,0,0,83.41,attacking_third,31.919401623464054,19.458882290614746,95.25,12.460519332849316,11.840000000000003,1.0,6.357407822882554,83.41,attacking_third,31.919401623464054,11.162096577256444,103.69,20.757305046207613,20.78,0.7035010733817115,5.038180836458153,83.41,attacking_third,31.919401623464054,11.162096577256444,103.69,20.757305046207613,20.78,0.7035010733817115,5.038180836458153,83.41,attacking_third,31.919401623464054,11.162096577256444,103.69,20.757305046207613,20.78,0.7035010733817115,5.038180836458153,83.41,attacking_third,31.919401623464054,11.162096577256444,103.69,20.757305046207613,20.78,0.7035010733817115,5.038180836458153,-30.91,23.51,0.9535685,0.66,1,Georgia Under 21,georgia u21,Poland U21 - Georgia U21,georgia u21,1,2,True,0,0,1,1,0
6,5706353,15880,2573112296,1,interception,1H,695.047,1,opponent_on_ball,none,,0.0070000000000618,Poland U21 - Georgia U21,2.0,2.0,0,0,0,0,0,5.0,5.0,0,0,0,0,0,9.274,9.274,2,0,0,0,0,12.076000000000022,9.59299999999996,3,0,0,0,0,12.076000000000022,9.59299999999996,3,0,0,0,0,18.870000000000005,defensive_third,91.22159503100129,90.59024340402226,19.81,0.6313516269790256,0.9399999999999976,0.2088068030044965,0.3221181770301278,18.870000000000005,defensive_third,91.22159503100129,90.45779126200244,10.0,0.763803768998855,1.1099999999999994,0.0617364855810488,0.1539926953626748,18.870000000000005,defensive_third,91.22159503100129,45.89172038614373,64.22,45.329874644857554,47.75,0.660302991381044,4.905830589270293,18.870000000000005,defensive_third,91.22159503100129,45.89172038614373,61.03,45.329874644857554,47.75,0.6083173315912878,4.702269154030874,18.870000000000005,defensive_third,91.22159503100129,45.89172038614373,61.03,45.329874644857554,47.75,0.6083173315912878,4.702269154030874,33.629999999999995,-30.049999999999997,0.99545234,0.66,1,Georgia Under 21,georgia u21,Poland U21 - Georgia U21,georgia u21,1,2,True,0,0,0,0,0
6,5706353,15880,2573112614,1,interception,1H,1927.465,1,opponent_on_ball,none,,0.0150000000001,Poland U21 - Georgia U21,2.0,0.5750000000000455,0,0,0,0,0,5.0,2.3999999999998636,0,0,0,0,0,9.47199999999998,6.871999999999844,2,0,1,0,0,9.47199999999998,6.871999999999844,2,0,1,0,0,9.47199999999998,6.871999999999844,2,0,1,0,0,54.61,middle_third,50.66587115603559,50.66587115603559,50.97,0.0,0.0,0.0,0.0,54.61,middle_third,50.66587115603559,28.245199592143084,77.68,22.42067156389251,24.070000000000007,0.7502595676907335,4.520296686268618,54.61,middle_third,50.66587115603559,17.89311040596352,88.97,32.772760750072074,34.36,0.8145138874111982,3.471690757422869,54.61,middle_third,50.66587115603559,17.89311040596352,88.97,32.772760750072074,34.36,0.8145138874111982,3.471690757422869,54.61,middle_third,50.66587115603559,17.89311040596352,88.97,32.772760750072074,34.36,0.8145138874111982,3.471690757422869,-2.109999999999999,5.280000000000001,0.9861399,0.66,1,Georgia Under 21,georgia u21,Poland U21 - Georgia U21,georgia u21,1,2,True,0,0,1,1,0
6,5706353,13876,2573112595,1,duel_regain,1H,1940.195,0,window_end,pass,2.0960000000000036,0.0050000000001091,Poland U21 - Georgia U21,0.0140000000001236,0.0140000000001236,0,0,0,0,0,2.0960000000000036,1.125,1,0,0,0,0,7.45900000000006,2.6189999999999145,3,0,0,0,0,12.825000000000044,7.9849999999999,3,0,1,0,0,12.825000000000044,7.9849999999999,3,0,1,0,0,,,,,,,,,,6.230000000000004,defensive_third,98.82679494954796,98.82679494954796,3.710000000000001,0.0,0.0,0.0,0.0,6.230000000000004,defensive_third,98.82679494954796,48.11303773406956,56.67,50.7137572154784,50.669999999999995,0.9078339827919688,6.816365217134144,6.230000000000004,defensive_third,98.82679494954796,48.11303773406956,55.23,50.7137572154784,50.669999999999995,0.8223942580265052,3.962012282459264,6.230000000000004,defensive_third,98.82679494954796,48.11303773406956,55.23,50.7137572154784,50.669999999999995,0.8223942580265052,3.962012282459264,-46.27,3.3500000000000014,0.99545884,0.66,1,Poland Under 21,poland u21,Poland U21 - Georgia U21,georgia u21,1,2,False,0,0,0,0,0
6,5706353,15880,2573112665,1,interception,1H,2189.541,1,opponent_on_ball,pass,4.636999999999716,0.1389999999996689,Poland U21 - Georgia U21,2.0,1.861000000000331,0,0,0,0,0,4.636999999999716,4.160000000000309,1,0,0,0,0,5.731999999999971,4.160000000000309,2,0,0,0,0,5.731999999999971,4.160000000000309,2,0,0,0,0,5.731999999999971,4.160000000000309,2,0,0,0,0,1.7600000000000051,defensive_third,103.25118885514104,76.95757597533851,28.659999999999997,26.293612879802524,26.89999999999999,1.0,14.290006999891546,1.7600000000000051,defensive_third,103.25118885514104,45.02038649323215,66.75999999999999,58.230802361908886,64.99999999999999,1.0,13.99778902930398,1.7600000000000051,defensive_third,103.25118885514104,45.02038649323215,66.75999999999999,58.230802361908886,64.99999999999999,1.0,13.99778902930398,1.7600000000000051,defensive_third,103.25118885514104,45.02038649323215,66.75999999999999,58.230802361908886,64.99999999999999,1.0,13.99778902930398,1.7600000000000051,defensive_third,103.25118885514104,45.02038649323215,66.75999999999999,58.230802361908886,64.99999999999999,1.0,13.99778902930398,50.739999999999995,1.5200000000000031,0.98260283,0.66,1,Georgia Under 21,georgia u21,Poland U21 - Georgia U21,georgia u21,1,2,True,0,0,0,0,0
6,5706353,13876,2573113025,1,interception,2H,3367.211,0,opponent_on_ball,pass,4.736000000000331,0.0109999999995125,Poland U21 - Georgia U21,2.0,2.0,0,0,0,0,0,4.736000000000331,2.0690000000004147,1,0,0,0,0,8.45300000000043,2.548999999999978,3,0,0,0,0,8.45300000000043,2.548999999999978,3,0,0,0,0,8.45300000000043,2.548999999999978,3,0,0,0,0,4.3700000000000045,defensive_third,102.40799236387753,95.459111665676,9.939999999999998,6.9488806982015205,5.569999999999993,1.0,3.54534729500071,4.3700000000000045,defensive_third,102.40799236387753,95.34774512278725,10.049999999999995,7.060247241090281,5.679999999999993,1.0,3.4609055103384345,4.3700000000000045,defensive_third,102.40799236387753,22.86163817402419,82.43,79.54635418985333,78.06,0.9999999999999998,10.19825053716104,4.3700000000000045,defensive_third,102.40799236387753,22.86163817402419,82.43,79.54635418985333,78.06,0.9999999999999998,10.19825053716104,4.3700000000000045,defensive_third,102.40799236387753,22.86163817402419,82.43,79.54635418985333,78.06,0.9999999999999998,10.19825053716104,-48.129999999999995,19.0,0.96747744,0.66,1,Poland Under 21,poland u21,Poland U21 - Georgia U21,georgia u21,1,2,False,0,0,0,1,0
6,5706354,7719,2573624465,1,duel_regain,1H,1600.492,1,opponent_on_ball,touch,1.0620000000001255,0.0119999999999436,Ukraine U21 - Denmark U21,1.0620000000001255,1.0620000000001255,0,1,0,0,0,4.257000000000062,4.257000000000062,0,1,1,0,0,8.067000000000007,8.067000000000007,1,1,2,0,1,8.067000000000007,8.067000000000007,1,1,2,0,1,8.067000000000007,8.067000000000007,1,1,2,0,1,86.01,attacking_third,32.96033525314935,27.551633345411663,90.7,5.4087019077376866,4.689999999999998,1.0,5.4087019077376866,86.01,attacking_third,32.96033525314935,4.966256135158554,99.42,27.9940791179908,15.11999999999999,0.8710866873442972,6.665256932854881,86.01,attacking_third,32.96033525314935,2.4175400720567173,82.19,30.542795181092636,18.459999999999994,0.3551643852346728,3.817849397636579,86.01,attacking_third,32.96033525314935,2.4175400720567173,82.19,30.542795181092636,18.459999999999994,0.3551643852346728,3.817849397636579,86.01,attacking_third,32.96033525314935,2.4175400720567173,82.19,30.542795181092636,18.459999999999994,0.3551643852346728,3.817849397636579,-33.510000000000005,-26.94,0.99972075,0.66,1,Denmark Under 21,denmark u21,Ukraine U21 - Denmark U21,denmark u21,2,3,True,1,1,1,1,1
6,5706354,14628,2573624511,1,duel_regain,1H,1651.927,0,opponent_on_ball,touch,1.4080000000001291,0.0069999999998344,Ukraine U21 - Denmark U21,1.4080000000001291,1.4080000000001291,0,1,0,0,0,1.4080000000001291,1.4080000000001291,0,1,0,0,0,8.759999999999991,8.759999999999991,2,1,0,0,0,11.503000000000156,11.503000000000156,3,1,0,0,0,11.503000000000156,11.503000000000156,3,1,0,0,0,37.93,middle_third,67.17812888135542,59.88218850376128,45.14,7.295940377594135,7.210000000000001,1.0,5.364662042349024,37.93,middle_third,67.17812888135542,59.88218850376128,45.14,7.295940377594135,7.210000000000001,1.0,5.364662042349024,37.93,middle_third,67.17812888135542,18.74976266516459,95.56,48.42836621619083,57.63,1.0,5.553711722040216,37.93,middle_third,67.17812888135542,17.032604028744405,93.71,50.14552485261102,57.93,0.8923961997251978,4.383350074528915,37.93,middle_third,67.17812888135542,17.032604028744405,93.71,50.14552485261102,57.93,0.8923961997251978,4.383350074528915,-14.57,3.8099999999999983,0.9975495,0.66,1,Ukraine Under 21,ukraine u21,Ukraine U21 - Denmark U21,denmark u21,2,3,False,0,0,1,1,0
6,5706354,7719,2573624518,1,interception,1H,1771.262,1,opponent_on_ball,pass,1.1730000000000018,0.0180000000000291,Ukraine U21 - Denmark U21,1.1730000000000018,1.1730000000000018,1,0,0,0,0,2.3400000000001455,2.3400000000001455,2,0,0,0,0,7.57100000000014,7.57100000000014,4,0,0,0,0,7.57100000000014,7.57100000000014,4,0,0,0,0,7.57100000000014,7.57100000000014,4,0,0,0,0,66.24000000000001,middle_third,44.15974637608327,41.96158481277846,75.05,2.198161563304808,8.809999999999988,0.9974998788922445,1.962644252950514,66.24000000000001,middle_third,44.15974637608327,40.08171902501189,81.39,4.078027351071377,15.149999999999991,0.9986508155364184,1.7577704099446072,66.24000000000001,middle_third,44.15974637608327,18.169887176314553,97.22,25.989859199768716,30.97999999999999,0.9997880605396936,3.456098297841593,66.24000000000001,middle_third,44.15974637608327,18.169887176314553,97.22,25.989859199768716,30.97999999999999,0.9997880605396936,3.456098297841593,66.24000000000001,middle_third,44.15974637608327,18.169887176314553,97.22,25.989859199768716,30.97999999999999,0.9997880605396936,3.456098297841593,-13.740000000000002,-21.159999999999997,0.984726,0.66,1,Denmark Under 21,denmark u21,Ukraine U21 - Denmark U21,denmark u21,2,3,True,0,0,1,1,0
6,5706354,7719,2573624552,1,duel_regain,1H,1895.985,1,window_end,pass,2.0970000000002074,0.0150000000001,Ukraine U21 - Denmark U21,2.0,2.0,0,0,0,0,0,3.915000000000191,3.915000000000191,1,0,1,0,0,8.925000000000182,8.925000000000182,1,0,1,0,1,8.925000000000182,8.925000000000182,1,0,1,0,1,8.925000000000182,8.925000000000182,1,0,1,0,1,72.09,attacking_third,36.351914667593505,25.685063753084204,83.28,10.6668509145093,11.189999999999998,0.9964010614334224,5.442270874749542,72.09,attacking_third,36.351914667593505,24.67284337079941,86.16,11.6790712967941,14.36,0.8919172594352763,3.0100699218540647,72.09,attacking_third,36.351914667593505,1.7698022488402485,103.09,34.582112418753255,31.59999999999999,0.8841080546655585,3.894382029138832,72.09,attacking_third,36.351914667593505,1.7698022488402485,103.09,34.582112418753255,31.59999999999999,0.8841080546655585,3.894382029138832,72.09,attacking_third,36.351914667593505,1.7698022488402485,103.09,34.582112418753255,31.59999999999999,0.8841080546655585,3.894382029138832,-19.590000000000003,-15.439999999999998,0.9995807,0.66,1,Denmark Under 21,denmark u21,Ukraine U21 - Denmark U21,denmark u21,2,3,True,1,1,1,1,1
6,5706354,7719,2573624687,1,interception,1H,2345.232,1,opponent_on_ball,pass,1.4929999999999382,0.0079999999998108,Ukraine U21 - Denmark U21,1.4929999999999382,1.4929999999999382,1,0,0,0,0,2.664000000000214,2.664000000000214,1,1,0,0,0,6.144000000000233,6.144000000000233,1,1,1,0,0,6.144000000000233,6.144000000000233,1,1,1,0,0,6.144000000000233,6.144000000000233,1,1,1,0,0,60.45,middle_third,48.31942259588788,34.727977194187396,76.68,13.591445401700485,16.230000000000004,1.0,9.183409055202915,60.45,middle_third,48.31942259588788,31.28140182280839,82.1,17.038020773079488,21.64999999999999,0.9406713587373898,6.453795747377794,60.45,middle_third,48.31942259588788,27.861503907721858,91.06,20.457918688166025,30.61,0.8083287575213933,3.3427971712687694,60.45,middle_third,48.31942259588788,27.861503907721858,91.06,20.457918688166025,30.61,0.8083287575213933,3.3427971712687694,60.45,middle_third,48.31942259588788,27.861503907721858,91.06,20.457918688166025,30.61,0.8083287575213933,3.3427971712687694,-7.950000000000003,-18.71,0.9741896,0.66,1,Denmark Under 21,denmark u21,Ukraine U21 - Denmark U21,denmark u21,2,3,True,0,0,0,1,0
6,5706354,7719,2573624751,1,duel_regain,1H,2570.842,1,opponent_on_ball,pass,3.324000000000069,0.0019999999999527,Ukraine U21 - Denmark U21,0.2390000000000327,0.2390000000000327,0,0,0,0,0,4.739000000000033,4.739000000000033,1,1,0,0,0,8.590999999999894,8.590999999999894,2,1,0,0,0,8.590999999999894,8.590999999999894,2,1,0,0,0,8.590999999999894,8.590999999999894,2,1,0,0,0,33.959999999999994,defensive_third,71.45285508641345,71.45285508641345,33.41,0.0,0.0,0.0,0.0,33.959999999999994,defensive_third,71.45285508641345,71.45285508641345,29.06,0.0,0.0,0.0,0.0,33.959999999999994,defensive_third,71.45285508641345,31.26021273120194,79.03,40.19264235521151,45.07000000000001,0.6170167144248119,4.717446285822957,33.959999999999994,defensive_third,71.45285508641345,31.26021273120194,79.03,40.19264235521151,45.07000000000001,0.6170167144248119,4.717446285822957,33.959999999999994,defensive_third,71.45285508641345,31.26021273120194,79.03,40.19264235521151,45.07000000000001,0.6170167144248119,4.717446285822957,18.540000000000006,-7.670000000000002,0.99777883,0.66,1,Denmark Under 21,denmark u21,Ukraine U21 - Denmark U21,denmark u21,2,3,True,0,0,0,1,0
6,5706354,7719,2573624972,1,interception,2H,4324.372,1,opponent_on_ball,duel,1.5979999999999563,0.0120000000006257,Ukraine U21 - Denmark U21,1.5979999999999563,1.5979999999999563,0,0,1,0,0,3.0230000000001382,3.0230000000001382,0,0,2,0,0,3.0230000000001382,3.0230000000001382,0,0,2,0,0,3.0230000000001382,3.0230000000001382,0,0,2,0,0,3.0230000000001382,3.0230000000001382,0,0,2,0,0,85.29,attacking_third,22.455772086481456,13.804528242573156,92.87,8.6512438439083,7.579999999999998,1.0,5.545669130709027,85.29,attacking_third,22.455772086481456,12.92685963411068,85.31,9.528912452370776,8.399999999999991,0.492898397566482,3.2192271798549528,85.29,attacking_third,22.455772086481456,12.92685963411068,85.31,9.528912452370776,8.399999999999991,0.492898397566482,3.2192271798549528,85.29,attacking_third,22.455772086481456,12.92685963411068,85.31,9.528912452370776,8.399999999999991,0.492898397566482,3.2192271798549528,85.29,attacking_third,22.455772086481456,12.92685963411068,85.31,9.528912452370776,8.399999999999991,0.492898397566482,3.2192271798549528,-32.790000000000006,10.759999999999998,0.9428635,0.66,1,Denmark Under 21,denmark u21,Ukraine U21 - Denmark U21,denmark u21,2,3,True,0,0,1,1,0
6,5706354,14628,2573625474,1,interception,2H,4501.411,0,window_end,pass,4.501000000000204,0.011000000000422,Ukraine U21 - Denmark U21,2.0,2.0,0,0,0,0,0,4.501000000000204,4.501000000000204,1,0,0,0,0,7.652000000000044,7.652000000000044,3,0,0,0,0,13.791000000000167,13.791000000000167,6,0,0,0,0,19.693999999999505,19.628999999999905,7,1,0,0,0,7.640000000000001,defensive_third,97.40902268270636,80.15955713450516,27.950000000000003,17.249465548201186,20.31,1.0,8.800747728673912,7.640000000000001,defensive_third,97.40902268270636,64.14618616878168,44.84,33.26283651392467,37.2,1.0,7.49162984547767,7.640000000000001,defensive_third,97.40902268270636,48.7407119357114,63.83,48.66831074699495,56.19,1.0,6.403725098288502,7.640000000000001,defensive_third,97.40902268270636,48.16663679353168,56.15,49.24238588917467,57.040000000000006,0.8167212931411308,3.578661765201591,7.640000000000001,defensive_third,97.40902268270636,6.01007487474158,105.03,91.39894780796476,97.39,0.8767065571166862,4.653714246841306,-44.86,-3.09,0.99079597,0.66,1,Ukraine Under 21,ukraine u21,Ukraine U21 - Denmark U21,denmark u21,2,3,False,0,0,1,1,0
6,5706354,7719,2573624990,1,interception,2H,4522.066,1,opponent_on_ball,pass,2.15099999999984,0.0140000000001236,Ukraine U21 - Denmark U21,2.0,0.7340000000003783,0,0,0,0,0,2.7719999999999345,0.7340000000003783,1,1,0,0,0,8.83600000000024,1.0140000000001237,3,2,0,0,0,13.548999999999978,3.229000000000269,4,2,0,0,0,13.548999999999978,3.229000000000269,4,2,0,0,0,0.2199999999999988,defensive_third,104.78439769354978,103.58180197312656,1.509999999999998,1.2025957204232185,1.2899999999999991,1.0,1.670271833920546,0.2199999999999988,defensive_third,104.78439769354978,103.58180197312656,1.509999999999998,1.2025957204232185,1.2899999999999991,1.0,1.670271833920546,0.2199999999999988,defensive_third,104.78439769354978,72.8969272329088,37.72,31.887470460640984,37.5,1.0,5.423039193986461,0.2199999999999988,defensive_third,104.78439769354978,45.50454263037922,65.03,59.27985506317056,64.81,1.0,4.3846046644355505,0.2199999999999988,defensive_third,104.78439769354978,45.50454263037922,65.03,59.27985506317056,64.81,1.0,4.3846046644355505,52.28,-0.9600000000000009,0.9829501,0.66,1,Denmark Under 21,denmark u21,Ukraine U21 - Denmark U21,denmark u21,2,3,True,0,0,0,0,0
6,5706356,3155,2574366864,1,duel_regain,1H,1320.657,0,opponent_on_ball,touch,3.106999999999971,0.0169999999998253,Germany U21 - Slovenia U21,2.0,2.0,0,0,0,0,0,3.2799999999999727,3.2799999999999727,0,1,1,0,0,3.2799999999999727,3.2799999999999727,0,1,1,0,0,3.2799999999999727,3.2799999999999727,0,1,1,0,0,3.2799999999999727,3.2799999999999727,0,1,1,0,0,83.62,attacking_third,30.98724414981106,19.919349888989853,90.97,11.067894260821204,7.349999999999994,1.0,5.64688482694949,83.62,attacking_third,30.98724414981106,18.560608826221188,96.29,12.42663532358987,12.670000000000002,1.0,3.835381272712912,83.62,attacking_third,30.98724414981106,18.560608826221188,96.29,12.42663532358987,12.670000000000002,1.0,3.835381272712912,83.62,attacking_third,30.98724414981106,18.560608826221188,96.29,12.42663532358987,12.670000000000002,1.0,3.835381272712912,83.62,attacking_third,30.98724414981106,18.560608826221188,96.29,12.42663532358987,12.670000000000002,1.0,3.835381272712912,31.120000000000005,-22.43,0.98828095,0.66,1,Germany Under 21,germany u21,Germany U21 - Slovenia U21,germany u21,3,0,True,0,0,1,1,0
6,5706356,3155,2574366973,1,interception,1H,1798.58,0,opponent_on_ball,pass,2.5289999999999964,0.0199999999999818,Germany U21 - Slovenia U21,2.0,2.0,0,0,0,0,0,4.807999999999993,4.807999999999993,3,0,0,0,0,4.807999999999993,4.807999999999993,3,0,0,0,0,4.807999999999993,4.807999999999993,3,0,0,0,0,4.807999999999993,4.807999999999993,3,0,0,0,0,29.22,defensive_third,76.5814004834072,71.72171567942306,35.86,4.859684803984138,6.640000000000001,0.9312725196085831,2.4794310224408407,29.22,defensive_third,76.5814004834072,57.13294408657758,53.33,19.448456396829613,24.11,0.9818932349130456,4.085810167401187,29.22,defensive_third,76.5814004834072,57.13294408657758,53.33,19.448456396829613,24.11,0.9818932349130456,4.085810167401187,29.22,defensive_third,76.5814004834072,57.13294408657758,53.33,19.448456396829613,24.11,0.9818932349130456,4.085810167401187,29.22,defensive_third,76.5814004834072,57.13294408657758,53.33,19.448456396829613,24.11,0.9818932349130456,4.085810167401187,-23.28,-11.049999999999995,0.95611656,0.66,1,Germany Under 21,germany u21,Germany U21 - Slovenia U21,germany u21,3,0,True,0,0,0,0,0
6,5706356,3155,2574367072,1,duel_regain,1H,2366.935,0,window_end,pass,1.1159999999999854,0.0149999999998726,Germany U21 - Slovenia U21,1.905999999999949,1.905999999999949,1,0,0,0,0,4.903999999999996,4.903999999999996,1,0,2,0,0,9.800000000000182,9.800000000000182,1,0,5,0,0,9.800000000000182,9.800000000000182,1,0,5,0,0,9.800000000000182,9.800000000000182,1,0,5,0,0,66.73,middle_third,44.05839080129913,38.00043420804557,73.51,6.057956593253564,6.780000000000001,1.0,3.222317336836815,66.73,middle_third,44.05839080129913,31.72882916213581,76.31,12.329561639163323,9.579999999999998,0.7081416149574424,2.5474300907361473,66.73,middle_third,44.05839080129913,19.05822919371052,87.62,25.000161607588613,21.049999999999997,0.8278136375791683,2.5614919679906984,66.73,middle_third,44.05839080129913,19.05822919371052,87.62,25.000161607588613,21.049999999999997,0.8278136375791683,2.5614919679906984,66.73,middle_third,44.05839080129913,19.05822919371052,87.62,25.000161607588613,21.049999999999997,0.8278136375791683,2.5614919679906984,14.230000000000004,21.83,0.9428289,0.66,1,Germany Under 21,germany u21,Germany U21 - Slovenia U21,germany u21,3,0,True,0,0,1,1,0
6,5706356,12052,2574367281,1,interception,2H,3535.894,1,opponent_on_ball,duel,4.013000000000375,0.0140000000001236,Germany U21 - Slovenia U21,2.0,2.0,0,0,0,0,0,4.013000000000375,4.013000000000375,0,0,1,0,0,8.763000000000375,8.746000000000095,1,0,2,0,0,8.763000000000375,8.746000000000095,1,0,2,0,0,8.763000000000375,8.746000000000095,1,0,2,0,0,20.82,defensive_third,89.63767288367096,77.87010979830451,31.72,11.767563085366447,10.9,1.0,6.003858717023586,20.82,defensive_third,89.63767288367096,58.62774513828756,50.58,31.0099277453834,29.76,1.0,7.830789834692706,20.82,defensive_third,89.63767288367096,24.936569531513356,80.22,64.7011033521576,59.4,1.0000000000000009,7.419851301852719,20.82,defensive_third,89.63767288367096,24.936569531513356,80.22,64.7011033521576,59.4,1.0000000000000009,7.419851301852719,20.82,defensive_third,89.63767288367096,24.936569531513356,80.22,64.7011033521576,59.4,1.0000000000000009,7.419851301852719,31.68,30.799999999999997,0.99699163,0.66,1,Slovenia Under 21,slovenia u21,Germany U21 - Slovenia U21,germany u21,3,0,False,0,0,0,1,0
6,5706357,5054,2573695517,1,duel_regain,1H,1645.368,0,window_end,none,,0.0080000000000381,Finland U21 - Netherlands U21,2.0,2.0,0,0,0,0,0,5.0,3.951999999999998,0,0,0,0,0,9.595000000000027,7.994999999999891,1,0,1,0,1,9.595000000000027,7.994999999999891,1,0,1,0,1,9.595000000000027,7.994999999999891,1,0,1,0,1,84.3,attacking_third,21.012427275305445,16.972439423960246,88.94,4.039987851345199,4.640000000000001,0.9595053446964724,2.061218291502853,84.3,attacking_third,21.012427275305445,0.5166236541235785,105.36,20.495803621181867,21.65000000000001,0.9420724079538354,4.1322184720126325,84.3,attacking_third,21.012427275305445,0.5166236541235785,104.68,20.495803621181867,21.65000000000001,0.8259926812573561,2.1439125126759397,84.3,attacking_third,21.012427275305445,0.5166236541235785,104.68,20.495803621181867,21.65000000000001,0.8259926812573561,2.1439125126759397,84.3,attacking_third,21.012427275305445,0.5166236541235785,104.68,20.495803621181867,21.65000000000001,0.8259926812573561,2.1439125126759397,31.799999999999997,3.609999999999999,0.96125853,0.66,1,Finland Under 21,finland u21,Finland U21 - Netherlands U21,draw,2,2,False,1,1,1,1,1
6,5706357,5054,2573696627,1,interception,2H,5426.26,0,opponent_on_ball,goalkeeper_exit,2.644999999999527,0.0200000000004365,Finland U21 - Netherlands U21,2.0,0.8599999999996726,0,0,0,0,0,2.644999999999527,1.125,0,0,0,0,0,8.559000000000196,7.039000000000669,0,0,1,0,0,8.559000000000196,7.039000000000669,0,0,1,0,0,8.559000000000196,7.039000000000669,0,0,1,0,0,101.39,attacking_third,31.914827275108344,31.487013195919364,108.49,0.4278140791889804,7.1000000000000085,0.8249938501686599,0.2182724893822301,101.39,attacking_third,31.914827275108344,4.504053729697281,102.82,27.41077354541106,7.1000000000000085,0.98648939777885,10.542605209775695,101.39,attacking_third,31.914827275108344,4.504053729697281,70.9,27.41077354541106,7.1000000000000085,0.4666007198191277,3.217226941949834,101.39,attacking_third,31.914827275108344,4.504053729697281,70.9,27.41077354541106,7.1000000000000085,0.4666007198191277,3.217226941949834,101.39,attacking_third,31.914827275108344,4.504053729697281,70.9,27.41077354541106,7.1000000000000085,0.4666007198191277,3.217226941949834,48.89,31.709999999999994,0.9906317,0.66,1,Finland Under 21,finland u21,Finland U21 - Netherlands U21,draw,2,2,False,0,0,1,1,0
6,5706358,1604,2575165005,1,duel_regain,1H,386.593,0,window_end,pass,2.173999999999978,0.007000000000005,Spain U21 - Romania U21,2.0,2.0,0,0,0,0,0,4.685000000000002,4.246999999999957,1,0,2,0,0,7.164999999999964,4.246999999999957,1,0,2,0,0,7.164999999999964,4.246999999999957,1,0,2,0,0,7.164999999999964,4.246999999999957,1,0,2,0,0,26.819999999999993,defensive_third,84.54386317172879,67.6469696290972,42.38,16.896893542631588,15.56000000000001,0.9613812294661354,8.620864052363146,26.819999999999993,defensive_third,84.54386317172879,48.14076962409305,60.56,36.403093547635734,33.74000000000001,0.9816959008875398,8.585635270668902,26.819999999999993,defensive_third,84.54386317172879,48.14076962409305,60.56,36.403093547635734,33.74000000000001,0.9816959008875398,8.585635270668902,26.819999999999993,defensive_third,84.54386317172879,48.14076962409305,60.56,36.403093547635734,33.74000000000001,0.9816959008875398,8.585635270668902,26.819999999999993,defensive_third,84.54386317172879,48.14076962409305,60.56,36.403093547635734,33.74000000000001,0.9816959008875398,8.585635270668902,-25.680000000000007,32.18000000000001,0.9808826,0.66,1,Spain Under 21,spain u21,Spain U21 - Romania U21,spain u21,2,1,True,0,0,0,0,0
6,5706358,1604,2575163226,1,duel_regain,1H,733.844,0,game_interruption,pass,1.8769999999999527,0.004000000000019,Spain U21 - Romania U21,1.8769999999999527,1.8769999999999527,1,0,0,0,0,3.636999999999944,3.636999999999944,2,0,0,0,0,8.465999999999894,8.465999999999894,3,1,1,0,0,11.616999999999962,10.875999999999976,4,1,1,0,1,11.616999999999962,10.875999999999976,4,1,1,0,1,50.71,middle_third,54.63497963759116,54.14613651960775,40.09,0.4888431179834072,0.5,0.0430571337899904,0.2656756075996732,50.71,middle_third,54.63497963759116,47.65120145389831,59.31,6.9837781836928485,8.600000000000001,0.2422208064712851,1.9399383843591125,50.71,middle_third,54.63497963759116,24.38161807591941,91.77,30.25336156167175,41.059999999999995,0.580657954114615,3.6015906621037894,50.71,middle_third,54.63497963759116,2.5860007733950865,109.32,52.04897886419607,58.60999999999999,0.6845729969060238,4.502506822162267,50.71,middle_third,54.63497963759116,2.5860007733950865,109.32,52.04897886419607,58.60999999999999,0.6845729969060238,4.502506822162267,-1.7899999999999991,6.130000000000003,0.9993568,0.66,1,Spain Under 21,spain u21,Spain U21 - Romania U21,spain u21,2,1,True,1,1,1,1,1
6,5706359,3763,2575253149,1,duel_regain,1H,356.178,1,window_end,duel,0.8530000000000086,0.0179999999999722,Slovakia U21 - Italy U21,0.8530000000000086,0.8530000000000086,0,0,1,0,0,4.680000000000007,4.680000000000007,1,0,2,0,0,9.406999999999982,8.102000000000032,2,1,2,0,1,11.310000000000002,8.102000000000032,2,1,2,0,1,11.310000000000002,8.102000000000032,2,1,2,0,1,67.75999999999999,middle_third,39.165731194502165,34.27466119453262,72.6,4.891069999969545,4.840000000000003,1.0,6.113837499961845,67.75999999999999,middle_third,39.165731194502165,17.440025802733206,88.89,21.72570539176896,21.13000000000001,1.0,4.682264093053669,67.75999999999999,middle_third,39.165731194502165,0.1581138830084167,107.49,39.007617311493746,40.26000000000002,0.6198443621823032,4.167480481997189,67.75999999999999,middle_third,39.165731194502165,0.1581138830084167,105.76,39.007617311493746,40.26000000000002,0.599907236733897,3.4581221020827697,67.75999999999999,middle_third,39.165731194502165,0.1581138830084167,105.76,39.007617311493746,40.26000000000002,0.599907236733897,3.4581221020827697,-15.259999999999998,12.13,0.9997633,0.66,1,Italy Under 21,italy u21,Slovakia U21 - Italy U21,italy u21,0,1,True,1,1,1,1,1
6,5706359,3763,2575253274,1,interception,1H,734.085,1,opponent_on_ball,pass,4.3689999999999145,0.0049999999999954,Slovakia U21 - Italy U21,2.0,2.0,0,0,0,0,0,4.3689999999999145,4.3689999999999145,1,0,0,0,0,7.308999999999969,7.308999999999969,4,0,0,0,0,7.308999999999969,7.308999999999969,4,0,0,0,0,7.308999999999969,7.308999999999969,4,0,0,0,0,32.75,defensive_third,74.07027001435867,69.0148860753968,36.290000000000006,5.055383938961867,3.5400000000000063,1.0,2.5792775198784557,32.75,defensive_third,74.07027001435867,60.07258692615127,45.92,13.997683088207404,13.310000000000002,0.7126311343113014,3.2402044185664907,32.75,defensive_third,74.07027001435867,44.57235017362221,63.88,29.497919840736454,31.130000000000003,0.7894150355282343,4.074298320543704,32.75,defensive_third,74.07027001435867,44.57235017362221,63.88,29.497919840736454,31.130000000000003,0.7894150355282343,4.074298320543704,32.75,defensive_third,74.07027001435867,44.57235017362221,63.88,29.497919840736454,31.130000000000003,0.7894150355282343,4.074298320543704,19.75,-16.32,0.9953033,0.66,1,Italy Under 21,italy u21,Slovakia U21 - Italy U21,italy u21,0,1,True,0,0,0,0,0
6,5706359,3763,2575253303,0,interception,1H,836.333,1,opponent_on_ball,pass,2.1059999999999945,0.0129999999999199,Slovakia U21 - Italy U21,2.0,2.0,0,0,0,0,0,4.627000000000066,3.2670000000000528,2,0,0,0,0,4.627000000000066,3.2670000000000528,2,0,0,0,0,4.627000000000066,3.2670000000000528,2,0,0,0,0,4.627000000000066,3.2670000000000528,2,0,0,0,0,47.49,middle_third,59.799934782573125,50.03336486785593,58.24,9.766569914717197,10.75,1.0,4.982943834039292,47.49,middle_third,59.799934782573125,44.28783693069689,62.95,15.512097851876234,15.46,1.0,4.787684522184009,47.49,middle_third,59.799934782573125,44.28783693069689,62.95,15.512097851876234,15.46,1.0,4.787684522184009,47.49,middle_third,59.799934782573125,44.28783693069689,62.95,15.512097851876234,15.46,1.0,4.787684522184009,47.49,middle_third,59.799934782573125,44.28783693069689,62.95,15.512097851876234,15.46,1.0,4.787684522184009,5.009999999999998,16.39,0.75960577,0.66,1,Italy Under 21,italy u21,Slovakia U21 - Italy U21,italy u21,0,1,True,0,0,0,0,0
6,5706359,14501,2575253327,1,duel_regain,1H,1359.678,0,window_end,touch,1.3830000000000382,0.00200000000018,Slovakia U21 - Italy U21,1.7660000000000764,1.7660000000000764,1,1,0,0,0,3.063000000000102,3.063000000000102,1,1,0,0,0,9.206000000000133,9.206000000000133,1,1,1,0,0,10.7800000000002,10.7800000000002,1,1,1,0,0,10.7800000000002,10.7800000000002,1,1,1,0,0,28.34,defensive_third,80.39806278760702,70.04447872602094,38.53,10.353584061586076,10.19,1.0,5.882718216810301,28.34,defensive_third,80.39806278760702,61.845333696245824,46.42,18.552729091361194,18.08,1.0,6.102871411632044,28.34,defensive_third,80.39806278760702,46.91130567357937,60.23,33.48675711402765,36.709999999999994,0.8667205431980313,3.6398649036986392,28.34,defensive_third,80.39806278760702,46.91130567357937,58.88,33.48675711402765,36.709999999999994,0.8437506538107538,3.112152148143836,28.34,defensive_third,80.39806278760702,46.91130567357937,58.88,33.48675711402765,36.709999999999994,0.8437506538107538,3.112152148143836,-24.16,-24.229999999999997,0.97531146,0.66,1,Slovakia Under 21,slovakia u21,Slovakia U21 - Italy U21,italy u21,0,1,False,0,0,0,0,0
6,5706359,3763,2575253950,1,interception,2H,3476.397,1,opponent_on_ball,touch,1.7260000000001128,0.0029999999997016,Slovakia U21 - Italy U21,1.7260000000001128,1.486000000000331,0,1,0,0,0,1.7260000000001128,1.486000000000331,0,1,0,0,0,6.1030000000000655,5.863000000000284,1,1,0,0,0,6.1030000000000655,5.863000000000284,1,1,0,0,0,6.1030000000000655,5.863000000000284,1,1,0,0,0,73.53,attacking_third,44.90302662404841,33.61844880419083,87.01,11.28457781985758,13.480000000000004,0.6099492280744272,6.560801058055762,73.53,attacking_third,44.90302662404841,33.61844880419083,87.01,11.28457781985758,13.480000000000004,0.6099492280744272,6.560801058055762,73.53,attacking_third,44.90302662404841,5.701175317423587,96.03,39.20185130662482,26.120000000000005,0.788868503898867,6.447672912273896,73.53,attacking_third,44.90302662404841,5.701175317423587,96.03,39.20185130662482,26.120000000000005,0.788868503898867,6.447672912273896,73.53,attacking_third,44.90302662404841,5.701175317423587,96.03,39.20185130662482,26.120000000000005,0.788868503898867,6.447672912273896,-21.03,32.03,0.9983242,0.66,1,Italy Under 21,italy u21,Slovakia U21 - Italy U21,italy u21,0,1,True,0,0,1,1,0
6,5706359,3763,2575254163,1,interception,2H,4380.839,1,opponent_on_ball,pass,0.9200000000000728,0.0010000000002037,Slovakia U21 - Italy U21,1.9660000000003492,1.9660000000003492,1,0,1,0,0,3.627000000000407,3.627000000000407,1,0,2,0,0,3.627000000000407,3.627000000000407,1,0,2,0,0,3.627000000000407,3.627000000000407,1,0,2,0,0,3.627000000000407,3.627000000000407,1,0,2,0,0,57.45,middle_third,54.406581403355965,40.93175295537683,69.72,13.474828447979135,12.269999999999996,0.9429115650207848,6.874912473461805,57.45,middle_third,54.406581403355965,40.93175295537683,70.9,13.474828447979135,13.450000000000005,0.8339873319113177,3.743007902216994,57.45,middle_third,54.406581403355965,40.93175295537683,70.9,13.474828447979135,13.450000000000005,0.8339873319113177,3.743007902216994,57.45,middle_third,54.406581403355965,40.93175295537683,70.9,13.474828447979135,13.450000000000005,0.8339873319113177,3.743007902216994,57.45,middle_third,54.406581403355965,40.93175295537683,70.9,13.474828447979135,13.450000000000005,0.8339873319113177,3.743007902216994,-4.950000000000003,26.44,0.9958126,0.66,1,Italy Under 21,italy u21,Slovakia U21 - Italy U21,italy u21,0,1,True,0,0,0,0,0
6,5706359,3763,2575254334,1,duel_regain,2H,5219.522,1,opponent_on_ball,pass,1.6279999999997017,0.0019999999994979,Slovakia U21 - Italy U21,1.6279999999997017,1.6279999999997017,1,0,0,0,0,4.3400000000001455,4.3400000000001455,1,0,1,0,0,4.3400000000001455,4.3400000000001455,1,0,1,0,0,4.3400000000001455,4.3400000000001455,1,0,1,0,0,4.3400000000001455,4.3400000000001455,1,0,1,0,0,31.69,defensive_third,74.6366947285315,71.48698482940794,37.89,3.1497098991235504,6.199999999999999,1.0,2.019044807129963,31.69,defensive_third,74.6366947285315,56.81606286957941,57.55,17.820631858952083,25.859999999999996,1.0,4.163699032464803,31.69,defensive_third,74.6366947285315,56.81606286957941,57.55,17.820631858952083,25.859999999999996,1.0,4.163699032464803,31.69,defensive_third,74.6366947285315,56.81606286957941,57.55,17.820631858952083,25.859999999999996,1.0,4.163699032464803,31.69,defensive_third,74.6366947285315,56.81606286957941,57.55,17.820631858952083,25.859999999999996,1.0,4.163699032464803,20.81,14.009999999999998,0.96640354,0.66,1,Italy Under 21,italy u21,Slovakia U21 - Italy U21,italy u21,0,1,True,0,0,0,0,0
6,5706360,9910,2575148488,1,duel_regain,1H,385.279,0,opponent_on_ball,pass,1.160000000000025,0.0009999999999763,Portugal U21 - Poland U21,1.160000000000025,1.160000000000025,1,0,0,0,0,4.708000000000027,4.708000000000027,2,0,1,0,0,5.817999999999984,5.817999999999984,2,1,1,0,0,11.497000000000014,11.497000000000014,3,1,2,0,0,11.497000000000014,11.497000000000014,3,1,2,0,0,54.52,middle_third,52.53506352903744,49.51939519016766,57.91,3.01566833886978,3.3899999999999935,1.0,2.692561016848007,54.52,middle_third,52.53506352903744,40.10107729226237,75.08,12.43398623677507,20.559999999999995,0.8453200806931769,2.6568346659775752,54.52,middle_third,52.53506352903744,37.008427418629935,81.14,15.526636110407502,26.619999999999997,0.8721920465715775,2.677006225932322,54.52,middle_third,52.53506352903744,11.190035746144869,97.26,41.34502778289257,44.10999999999999,0.8135818599979078,3.6014832563495216,54.52,middle_third,52.53506352903744,11.190035746144869,97.26,41.34502778289257,44.10999999999999,0.8135818599979078,3.6014832563495216,2.020000000000003,-14.55,0.9948003,0.66,1,Portugal Under 21,portugal u21,Portugal U21 - Poland U21,portugal u21,5,0,True,0,0,1,1,0
6,5706360,9910,2575148765,1,duel_regain,1H,1388.444,0,window_end,pass,1.808999999999969,0.0039999999999054,Portugal U21 - Poland U21,1.808999999999969,1.808999999999969,1,0,0,0,0,3.019999999999982,3.019999999999982,1,1,0,0,0,8.903999999999996,8.903999999999996,2,2,0,0,0,14.190000000000056,9.43600000000015,2,2,1,0,1,14.190000000000056,9.43600000000015,2,2,1,0,1,39.77,middle_third,65.87001214513324,57.097373845037744,53.74,8.772638300095501,13.970000000000006,0.9931028456722936,4.984453579599743,39.77,middle_third,65.87001214513324,53.530170931914654,58.86,12.339841213218593,19.090000000000003,0.9950868800207768,4.16886527473596,39.77,middle_third,65.87001214513324,17.900438542113992,90.16,47.969573603019256,50.39,0.9379002525573816,5.426422353282772,39.77,middle_third,65.87001214513324,16.910665273725925,90.59,48.95934687140732,50.82000000000001,0.9390791937898816,5.208441156532643,39.77,middle_third,65.87001214513324,16.910665273725925,90.59,48.95934687140732,50.82000000000001,0.9390791937898816,5.208441156532643,-12.730000000000004,9.159999999999997,0.995955,0.66,1,Portugal Under 21,portugal u21,Portugal U21 - Poland U21,portugal u21,5,0,True,1,1,1,1,1
6,5706360,9910,2575148834,1,interception,1H,1747.29,0,window_end,pass,0.3679999999999381,0.0099999999999909,Portugal U21 - Poland U21,0.3679999999999381,0.3679999999999381,1,0,0,0,0,3.754000000000133,3.754000000000133,2,0,0,0,0,5.867999999999938,5.867999999999938,2,1,0,0,0,13.910000000000082,9.670000000000073,3,1,0,0,1,13.910000000000082,9.670000000000073,3,1,0,0,1,31.42,defensive_third,74.07855830130605,70.6105955222019,34.989999999999995,3.467962779104141,3.569999999999993,1.0,10.837383684694895,31.42,defensive_third,74.07855830130605,58.97350082876206,47.87,15.105057472543985,16.449999999999996,0.8353198664203214,4.06049932057631,31.42,defensive_third,74.07855830130605,45.87909436769649,62.28,28.199463933609557,30.86,0.9044850559722716,4.861976540277548,31.42,defensive_third,74.07855830130605,23.40647132739149,84.35,50.67208697391456,52.92999999999999,0.9444938475567556,5.256440557459962,31.42,defensive_third,74.07855830130605,23.40647132739149,84.35,50.67208697391456,52.92999999999999,0.9444938475567556,5.256440557459962,-21.08,8.579999999999998,0.83450836,0.66,1,Portugal Under 21,portugal u21,Portugal U21 - Poland U21,portugal u21,5,0,True,1,1,0,1,0
6,5706360,9910,2575150396,1,duel_regain,1H,2393.525,0,opponent_on_ball,pass,0.5720000000001164,0.0050000000001091,Portugal U21 - Poland U21,0.5720000000001164,0.5720000000001164,1,0,0,0,0,3.2519999999999527,3.2519999999999527,2,0,0,0,0,9.597999999999956,9.597999999999956,3,1,0,0,0,10.868999999999687,10.868999999999687,4,1,0,0,0,10.868999999999687,10.868999999999687,4,1,0,0,0,38.94,middle_third,68.76856622033064,66.11655314669693,40.69,2.652013073633711,1.75,1.0,5.100025141603468,38.94,middle_third,68.76856622033064,43.48186748519433,64.18,25.286698735136312,25.24000000000001,1.0,7.902093354729423,38.94,middle_third,68.76856622033064,19.931906582161176,94.15,48.836659638169465,55.21000000000001,0.8896395656243504,5.108437200645371,38.94,middle_third,68.76856622033064,10.36752622374306,95.66,58.40103999658758,56.72,0.9060147011767684,5.407503703387648,38.94,middle_third,68.76856622033064,10.36752622374306,95.66,58.40103999658758,56.72,0.9060147011767684,5.407503703387648,-13.560000000000002,-19.11,0.9935969,0.66,1,Portugal Under 21,portugal u21,Portugal U21 - Poland U21,portugal u21,5,0,True,0,0,1,1,0
6,5706360,9910,2575149440,1,interception,2H,3575.437,0,opponent_on_ball,pass,4.430000000000291,0.0029999999997016,Portugal U21 - Poland U21,2.0,1.0830000000000837,0,0,0,0,0,4.430000000000291,1.0830000000000837,1,0,0,0,0,4.430000000000291,1.0830000000000837,1,0,0,0,0,11.059999999999944,3.1230000000000473,2,0,0,0,0,11.059999999999944,3.1230000000000473,2,0,0,0,0,65.15,middle_third,43.12705183524604,40.2471874793755,69.44,2.879864355870545,4.289999999999992,0.835233674730618,2.6665410702495613,65.15,middle_third,43.12705183524604,40.2471874793755,69.44,2.879864355870545,4.289999999999992,0.835233674730618,2.6665410702495613,65.15,middle_third,43.12705183524604,40.2471874793755,69.44,2.879864355870545,4.289999999999992,0.835233674730618,2.6665410702495613,65.15,middle_third,43.12705183524604,3.526045944113605,107.87,39.60100589113244,42.72999999999999,0.8296195959342942,3.587047635066208,65.15,middle_third,43.12705183524604,3.526045944113605,107.87,39.60100589113244,42.72999999999999,0.8296195959342942,3.587047635066208,12.650000000000006,16.49,0.92528194,0.66,1,Portugal Under 21,portugal u21,Portugal U21 - Poland U21,portugal u21,5,0,True,0,0,1,1,0
6,5706360,13876,2575150030,1,interception,2H,5205.278,1,opponent_on_ball,duel,1.462999999999738,0.0019999999994979,Portugal U21 - Poland U21,1.462999999999738,1.462999999999738,0,0,1,0,0,1.462999999999738,1.462999999999738,0,0,1,0,0,7.796999999999571,3.917000000000371,1,0,1,0,0,7.796999999999571,3.917000000000371,1,0,1,0,0,7.796999999999571,3.917000000000371,1,0,1,0,0,38.849999999999994,middle_third,73.02811855716948,67.9669125383815,43.74,5.061206018787985,4.890000000000008,1.0,3.5147264019370774,38.849999999999994,middle_third,73.02811855716948,67.9669125383815,43.74,5.061206018787985,4.890000000000008,1.0,3.5147264019370774,38.849999999999994,middle_third,73.02811855716948,11.941025919074123,84.03999999999999,61.08709263809536,54.31,0.8623722024179288,7.872048020372891,38.849999999999994,middle_third,73.02811855716948,11.941025919074123,84.03999999999999,61.08709263809536,54.31,0.8623722024179288,7.872048020372891,38.849999999999994,middle_third,73.02811855716948,11.941025919074123,84.03999999999999,61.08709263809536,54.31,0.8623722024179288,7.872048020372891,13.650000000000006,30.94,0.9983504,0.66,1,Poland Under 21,poland u21,Portugal U21 - Poland U21,portugal u21,5,0,False,0,0,1,1,0
6,5706361,15880,2575161283,1,interception,1H,1171.772,1,opponent_on_ball,touch,4.663999999999987,0.0119999999999436,France U21 - Georgia U21,2.0,2.0,0,0,0,0,0,4.663999999999987,4.663999999999987,0,1,0,0,0,8.935000000000173,8.935000000000173,0,1,1,0,1,8.935000000000173,8.935000000000173,0,1,1,0,1,8.935000000000173,8.935000000000173,0,1,1,0,1,67.94,middle_third,48.3160801390179,41.38969195343208,78.21000000000001,6.926388185585822,10.27000000000001,1.0,3.5338715232580067,67.94,middle_third,48.3160801390179,29.204879729250727,84.55,19.11120040976717,16.61,1.0,4.15460878473187,67.94,middle_third,48.3160801390179,19.716665539588583,67.88,28.599414599429316,21.19,0.5879330627222528,3.220654797232992,67.94,middle_third,48.3160801390179,19.716665539588583,67.88,28.599414599429316,21.19,0.5879330627222528,3.220654797232992,67.94,middle_third,48.3160801390179,19.716665539588583,67.88,28.599414599429316,21.19,0.5879330627222528,3.220654797232992,-15.439999999999998,31.0,0.9593342,0.66,1,Georgia Under 21,georgia u21,France U21 - Georgia U21,france u21,3,2,False,1,1,1,1,1
6,5706361,4425,2575161339,0,interception,1H,1544.308,0,window_end,pass,1.84699999999998,0.0119999999999436,France U21 - Georgia U21,1.84699999999998,1.84699999999998,1,0,0,0,0,2.933999999999969,2.933999999999969,1,1,0,0,0,9.9849999999999,6.852000000000089,4,2,1,0,0,12.74499999999989,6.852000000000089,4,2,1,0,0,12.74499999999989,6.852000000000089,4,2,1,0,0,27.78,defensive_third,77.29090826222706,59.62964363468895,45.4,17.661264627538117,17.619999999999997,1.0,9.811813681965868,27.78,defensive_third,77.29090826222706,56.54360794997079,49.2,20.74730031225627,21.42,1.0,7.105239832964299,27.78,defensive_third,77.29090826222706,49.67863222754829,68.29,27.61227603467877,40.510000000000005,0.985394260900318,4.013412214342781,27.78,defensive_third,77.29090826222706,49.67863222754829,68.29,27.61227603467877,40.510000000000005,0.985394260900318,4.013412214342781,27.78,defensive_third,77.29090826222706,49.67863222754829,68.29,27.61227603467877,40.510000000000005,0.985394260900318,4.013412214342781,-24.72,3.3099999999999987,0.9390085,0.66,1,France Under 21,france u21,France U21 - Georgia U21,france u21,3,2,True,0,0,0,0,0
6,5706361,4425,2575161481,1,interception,1H,2186.916,0,game_interruption,duel,0.8819999999996071,0.0039999999999054,France U21 - Georgia U21,0.8819999999996071,0.8819999999996071,0,0,1,0,0,4.460000000000036,4.123999999999796,1,0,1,0,0,8.364000000000033,4.844000000000051,2,0,1,0,0,8.364000000000033,4.844000000000051,2,0,1,0,0,8.364000000000033,4.844000000000051,2,0,1,0,0,46.24,middle_third,62.00946460017212,56.07904421439437,51.24,5.930420385777751,5.0,1.0,7.060024268781814,46.24,middle_third,62.00946460017212,24.86150840154313,85.65,37.14795619862899,39.41,1.0,9.01649422296844,46.24,middle_third,62.00946460017212,14.328660090880792,97.84,47.680804509291335,54.13,0.8462241076150726,5.703445515465384,46.24,middle_third,62.00946460017212,14.328660090880792,97.84,47.680804509291335,54.13,0.8462241076150726,5.703445515465384,46.24,middle_third,62.00946460017212,14.328660090880792,97.84,47.680804509291335,54.13,0.8462241076150726,5.703445515465384,-6.259999999999998,-19.81,0.9988949,0.66,1,France Under 21,france u21,France U21 - Georgia U21,france u21,3,2,True,0,0,1,1,0
6,5706361,4425,2575161778,1,interception,2H,3407.335,0,opponent_on_ball,none,,0.0150000000003274,France U21 - Georgia U21,2.0,2.0,0,0,0,0,0,5.0,5.0,0,0,0,0,0,6.460000000000036,6.460000000000036,0,0,1,0,1,6.460000000000036,6.460000000000036,0,0,1,0,1,6.460000000000036,6.460000000000036,0,0,1,0,1,60.43,middle_third,45.27698974092691,45.27698974092691,61.33,0.0,0.8999999999999986,0.0,0.0,60.43,middle_third,45.27698974092691,36.288401728375966,78.85,8.988588012550942,18.419999999999995,0.3772237175383962,1.812215325111064,60.43,middle_third,45.27698974092691,23.004897304704496,85.82,22.27209243622241,27.199999999999996,0.5999789957875689,3.4800144431597024,60.43,middle_third,45.27698974092691,23.004897304704496,85.82,22.27209243622241,27.199999999999996,0.5999789957875689,3.4800144431597024,60.43,middle_third,45.27698974092691,23.004897304704496,85.82,22.27209243622241,27.199999999999996,0.5999789957875689,3.4800144431597024,7.93,-7.969999999999999,0.8473972,0.66,1,France Under 21,france u21,France U21 - Georgia U21,france u21,3,2,True,1,1,0,1,0
6,5706362,12052,2576070402,1,interception,1H,2165.791,1,game_interruption,pass,1.3299999999999272,0.0090000000000145,England U21 - Slovenia U21,1.3299999999999272,1.3299999999999272,1,0,0,0,0,3.9159999999997126,3.9159999999997126,2,0,0,0,0,7.757999999999811,7.757999999999811,3,0,0,0,0,13.603999999999814,13.603999999999814,5,0,0,0,0,13.603999999999814,13.603999999999814,5,0,0,0,0,8.950000000000003,defensive_third,96.45045826744422,94.79265636113378,11.340000000000003,1.6578019063104392,2.390000000000001,1.0,1.255910535083943,8.950000000000003,defensive_third,96.45045826744422,83.42136417009733,26.340000000000003,13.029094097346883,17.39,1.0,3.3580139426154756,8.950000000000003,defensive_third,96.45045826744422,52.0116852255337,53.65,44.43877304191052,44.7,1.0,5.756317751542963,8.950000000000003,defensive_third,96.45045826744422,15.044926054986115,89.97,81.4055322124581,81.02,0.9997185766299496,6.00335783277717,8.950000000000003,defensive_third,96.45045826744422,15.044926054986115,89.97,81.4055322124581,81.02,0.9997185766299496,6.00335783277717,43.55,-8.780000000000001,0.9989766,0.66,1,Slovenia Under 21,slovenia u21,England U21 - Slovenia U21,draw,0,0,False,0,0,1,1,0
6,5706363,5054,2576115801,1,interception,1H,178.046,0,window_end,pass,0.7970000000000255,0.0060000000000002,Finland U21 - Ukraine U21,0.7970000000000255,0.7970000000000255,1,0,0,0,0,4.195999999999998,4.195999999999998,2,0,0,0,0,6.4410000000000025,6.4410000000000025,3,1,0,0,0,10.598000000000011,10.598000000000011,3,1,1,0,0,15.53400000000002,10.794000000000011,3,1,1,0,0,25.12,defensive_third,85.01201385686613,82.88997044275018,27.04,2.12204341411595,1.9199999999999984,1.0,2.7921623869947045,25.12,defensive_third,85.01201385686613,63.65910539742134,49.31,21.35290845944479,24.19,1.0,5.13291068736654,25.12,defensive_third,85.01201385686613,52.905410876393354,61.15,32.10660298047278,36.03,1.0,5.01665671569889,25.12,defensive_third,85.01201385686613,44.6464623458567,65.16,40.36555151100944,40.08999999999999,0.9977761530462244,3.822495408239539,25.12,defensive_third,85.01201385686613,44.6464623458567,65.08,40.36555151100944,40.08999999999999,0.9943453998115404,3.7514453077146346,-27.38,-29.090000000000003,0.99638844,0.66,1,Finland Under 21,finland u21,Finland U21 - Ukraine U21,ukraine u21,0,2,False,0,0,0,0,0
6,5706363,14628,2576115902,1,interception,1H,532.091,1,opponent_on_ball,duel,1.8039999999999736,0.0109999999999672,Finland U21 - Ukraine U21,1.822999999999979,1.822999999999979,0,0,1,0,0,1.822999999999979,1.822999999999979,0,0,1,0,0,5.092999999999961,5.092999999999961,1,0,1,0,0,5.092999999999961,5.092999999999961,1,0,1,0,0,5.092999999999961,5.092999999999961,1,0,1,0,0,24.709999999999994,defensive_third,80.35294954138274,77.42544930447612,28.11,2.9275002369066243,3.4000000000000057,0.1588783251582701,1.663352407333318,24.709999999999994,defensive_third,80.35294954138274,77.42544930447612,28.11,2.9275002369066243,3.4000000000000057,0.1588783251582701,1.663352407333318,24.709999999999994,defensive_third,80.35294954138274,51.618000736177294,53.82,28.73494880520545,29.550000000000004,0.6116051957462612,5.701378731191598,24.709999999999994,defensive_third,80.35294954138274,51.618000736177294,53.82,28.73494880520545,29.550000000000004,0.6116051957462612,5.701378731191598,24.709999999999994,defensive_third,80.35294954138274,51.618000736177294,53.82,28.73494880520545,29.550000000000004,0.6116051957462612,5.701378731191598,27.790000000000006,3.1799999999999997,0.9771055,0.66,1,Ukraine Under 21,ukraine u21,Finland U21 - Ukraine U21,ukraine u21,0,2,True,0,0,0,0,0
6,5706363,5054,2576115980,1,interception,1H,665.651,0,game_interruption,pass,1.9260000000000448,0.0109999999999672,Finland U21 - Ukraine U21,1.9260000000000448,1.9260000000000448,1,0,0,0,0,3.4050000000000864,3.4050000000000864,1,0,0,0,0,7.826999999999998,7.826999999999998,2,0,1,0,0,7.826999999999998,7.826999999999998,2,0,1,0,0,7.826999999999998,7.826999999999998,2,0,1,0,0,44.82,middle_third,61.39227964491952,50.49849997772211,58.41,10.893779667197409,13.589999999999996,1.0,5.794563652764592,44.82,middle_third,61.39227964491952,39.005366297472456,68.81,22.386913347447063,23.99,1.0,6.662771829597313,44.82,middle_third,61.39227964491952,11.912548006199176,104.12,49.479731638720345,59.3,0.9999999999999996,6.376254077154598,44.82,middle_third,61.39227964491952,11.912548006199176,104.12,49.479731638720345,59.3,0.9999999999999996,6.376254077154598,44.82,middle_third,61.39227964491952,11.912548006199176,104.12,49.479731638720345,59.3,0.9999999999999996,6.376254077154598,-7.68,12.14,0.9998299,0.66,1,Finland Under 21,finland u21,Finland U21 - Ukraine U21,ukraine u21,0,2,False,0,0,1,1,0
6,5706363,5054,2576116105,0,interception,1H,1421.507,0,opponent_on_ball,duel,1.4529999999999743,0.0129999999999199,Finland U21 - Ukraine U21,1.4529999999999743,1.4529999999999743,0,0,1,0,0,4.973999999999933,4.973999999999933,1,0,1,0,0,6.726999999999862,6.726999999999862,1,1,1,0,0,11.812999999999874,7.852999999999838,3,1,2,0,0,11.812999999999874,7.852999999999838,3,1,2,0,0,41.04,middle_third,63.975320241480624,59.6886731298326,45.36,4.286647111648023,4.32,1.0,2.9768382719776807,41.04,middle_third,63.975320241480624,44.17755199193364,65.31,19.797768249546984,24.270000000000003,1.0,3.9914855341828304,41.04,middle_third,63.975320241480624,33.34226896898289,76.87,30.63305127249773,35.830000000000005,1.0,4.585786118637341,41.04,middle_third,63.975320241480624,25.911975995666563,84.08,38.063344245814065,43.04,1.0,4.855018398700825,41.04,middle_third,63.975320241480624,25.911975995666563,84.08,38.063344245814065,43.04,1.0,4.855018398700825,-11.46,-1.3999999999999986,0.74483466,0.66,1,Finland Under 21,finland u21,Finland U21 - Ukraine U21,ukraine u21,0,2,False,0,0,0,1,0
6,5706363,14628,2576116678,1,interception,1H,2526.676,1,opponent_on_ball,none,,0.0039999999999054,Finland U21 - Ukraine U21,2.0,2.0,0,0,0,0,0,2.0520000000001346,2.0520000000001346,0,0,0,0,0,9.124000000000253,8.003999999999905,1,0,1,0,0,9.124000000000253,8.003999999999905,1,0,1,0,0,9.124000000000253,8.003999999999905,1,0,1,0,0,37.72,middle_third,70.11890543926081,57.982212789785805,52.99,12.136692649475007,15.270000000000003,1.0,6.192190127283053,37.72,middle_third,70.11890543926081,57.176612351555065,53.95,12.94229308770575,16.230000000000004,1.0,6.344261317502932,37.72,middle_third,70.11890543926081,17.73007050183388,107.02,52.388834937426935,70.21000000000001,0.9920646691185652,5.74438979577028,37.72,middle_third,70.11890543926081,17.73007050183388,107.02,52.388834937426935,70.21000000000001,0.9920646691185652,5.74438979577028,37.72,middle_third,70.11890543926081,17.73007050183388,107.02,52.388834937426935,70.21000000000001,0.9920646691185652,5.74438979577028,14.78,-19.75,0.9995952,0.66,1,Ukraine Under 21,ukraine u21,Finland U21 - Ukraine U21,ukraine u21,0,2,True,0,0,1,1,0
6,5706363,14628,2576116831,1,interception,2H,3231.511,1,opponent_on_ball,pass,2.355000000000018,0.0090000000004693,Finland U21 - Ukraine U21,2.0,2.0,0,0,0,0,0,4.130999999999858,4.130999999999858,1,0,1,0,0,9.81100000000015,6.609000000000378,2,0,1,0,0,13.023000000000138,6.609000000000378,4,0,1,0,0,13.023000000000138,6.609000000000378,4,0,1,0,0,16.4,defensive_third,89.91475073646149,64.17511199834402,40.83,25.739638738117463,24.43,1.0,13.132468743937238,16.4,defensive_third,89.91475073646149,41.17003036190281,68.65,48.744720374558675,52.25000000000001,1.0,11.831242809359216,16.4,defensive_third,89.91475073646149,39.09864703541543,83.6,50.81610370104605,67.19999999999999,0.9603869028347612,7.3011643248629,16.4,defensive_third,89.91475073646149,39.09864703541543,83.6,50.81610370104605,67.19999999999999,0.9603869028347612,7.3011643248629,16.4,defensive_third,89.91475073646149,39.09864703541543,83.6,50.81610370104605,67.19999999999999,0.9603869028347612,7.3011643248629,36.1,-15.32,0.97991186,0.66,1,Ukraine Under 21,ukraine u21,Finland U21 - Ukraine U21,ukraine u21,0,2,True,0,0,0,0,0
6,5706363,5054,2576116522,1,interception,2H,3524.418,0,opponent_on_ball,pass,1.8089999999997417,0.0180000000000291,Finland U21 - Ukraine U21,1.8089999999997417,1.8089999999997417,1,0,0,0,0,4.400000000000091,4.062000000000353,1,1,0,0,0,7.19399999999996,4.062000000000353,2,1,0,0,0,7.19399999999996,4.062000000000353,2,1,0,0,0,7.19399999999996,4.062000000000353,2,1,0,0,0,19.659999999999997,defensive_third,88.1176378485034,68.29840774132293,43.23,19.819230107180474,23.57,1.0,11.260926197260236,19.659999999999997,defensive_third,88.1176378485034,61.12818008087596,54.8,26.98945776762745,35.14,0.999661132699237,6.190242607253821,19.659999999999997,defensive_third,88.1176378485034,60.96417062504829,55.26,27.153467223455117,35.6,0.9996631787997028,5.954707724441983,19.659999999999997,defensive_third,88.1176378485034,60.96417062504829,55.26,27.153467223455117,35.6,0.9996631787997028,5.954707724441983,19.659999999999997,defensive_third,88.1176378485034,60.96417062504829,55.26,27.153467223455117,35.6,0.9996631787997028,5.954707724441983,-32.84,21.950000000000003,0.9807951,0.66,1,Finland Under 21,finland u21,Finland U21 - Ukraine U21,ukraine u21,0,2,False,0,0,0,0,0
6,5706363,5054,2576116742,1,duel_regain,2H,4335.848,0,window_end,none,,0.0079999999998108,Finland U21 - Ukraine U21,2.0,2.0,0,0,0,0,0,5.0,5.0,0,0,0,0,0,5.738000000000284,5.738000000000284,0,0,1,0,0,11.048999999999978,10.569000000000417,0,0,1,0,0,11.048999999999978,10.569000000000417,0,0,1,0,0,59.28,middle_third,55.72020190200318,42.700010538640385,74.1,13.020191363362798,14.819999999999991,0.8098267532127109,6.642954777225794,59.28,middle_third,55.72020190200318,20.38633120500106,90.49,35.333870697002126,31.210000000000008,0.9203583228446544,7.123764253427796,59.28,middle_third,55.72020190200318,12.612458126788766,95.46,43.107743775214416,36.18000000000001,0.9337693538460392,7.589391509720459,59.28,middle_third,55.72020190200318,3.290972500644754,65.25,52.42922940135843,49.55,0.4614178295957729,4.766293581941675,59.28,middle_third,55.72020190200318,3.290972500644754,65.25,52.42922940135843,49.55,0.4614178295957729,4.766293581941675,6.780000000000001,-31.85,0.99399006,0.66,1,Finland Under 21,finland u21,Finland U21 - Ukraine U21,ukraine u21,0,2,False,0,0,1,1,0
6,5706363,5054,2576117014,1,interception,2H,5376.601,0,opponent_on_ball,pass,3.4390000000003056,0.0009999999992942,Finland U21 - Ukraine U21,2.0,2.0,0,0,0,0,0,4.529000000000451,3.9190000000007785,2,0,0,0,0,4.529000000000451,3.9190000000007785,2,0,0,0,0,4.529000000000451,3.9190000000007785,2,0,0,0,0,4.529000000000451,3.9190000000007785,2,0,0,0,0,104.15,attacking_third,33.350833572790954,33.3408368221315,104.18,0.0099967506594538,0.0499999999999971,0.1230435180819669,0.0051003829895171,104.15,attacking_third,33.350833572790954,15.51797022809362,106.65,17.832863344697333,2.5,0.982155646119551,3.980549853726663,104.15,attacking_third,33.350833572790954,15.51797022809362,106.65,17.832863344697333,2.5,0.982155646119551,3.980549853726663,104.15,attacking_third,33.350833572790954,15.51797022809362,106.65,17.832863344697333,2.5,0.982155646119551,3.980549853726663,104.15,attacking_third,33.350833572790954,15.51797022809362,106.65,17.832863344697333,2.5,0.982155646119551,3.980549853726663,51.65,33.34,0.987076,0.66,1,Finland Under 21,finland u21,Finland U21 - Ukraine U21,ukraine u21,0,2,False,0,0,1,1,0
6,5706364,7719,2576195243,0,interception,1H,178.494,1,opponent_on_ball,pass,0.9339999999999976,0.01400000000001,Netherlands U21 - Denmark U21,1.3259999999999934,1.3259999999999934,1,1,0,0,0,4.153999999999996,4.153999999999996,2,1,0,0,0,4.153999999999996,4.153999999999996,2,1,0,0,0,4.153999999999996,4.153999999999996,2,1,0,0,0,4.153999999999996,4.153999999999996,2,1,0,0,0,27.97,defensive_third,77.54589479785503,71.25334097430098,33.75,6.292553823554044,5.780000000000001,1.0,4.916057674651593,27.97,defensive_third,77.54589479785503,53.5731695907569,52.49,23.97272520709813,24.520000000000003,1.0,5.818622623082104,27.97,defensive_third,77.54589479785503,53.5731695907569,52.49,23.97272520709813,24.520000000000003,1.0,5.818622623082104,27.97,defensive_third,77.54589479785503,53.5731695907569,52.49,23.97272520709813,24.520000000000003,1.0,5.818622623082104,27.97,defensive_third,77.54589479785503,53.5731695907569,52.49,23.97272520709813,24.520000000000003,1.0,5.818622623082104,24.53,-8.93,0.67501724,0.66,1,Denmark Under 21,denmark u21,Netherlands U21 - Denmark U21,denmark u21,1,2,True,0,0,0,0,0
6,5706364,670,2576195039,1,interception,1H,252.207,0,opponent_on_ball,pass,1.1119999999999948,0.007000000000005,Netherlands U21 - Denmark U21,1.1119999999999948,1.1119999999999948,1,0,0,0,0,2.6450000000000102,2.5930000000000177,1,0,1,0,0,6.475000000000023,2.5930000000000177,2,0,1,0,0,14.754999999999995,10.235000000000014,3,0,2,0,1,14.754999999999995,10.235000000000014,3,0,2,0,1,19.260000000000005,defensive_third,85.74571534484974,81.03000987288598,24.05,4.7157054719637586,4.789999999999996,1.0,4.534332184580572,19.260000000000005,defensive_third,85.74571534484974,73.86558197157864,31.99,11.880133373271107,12.729999999999992,1.0,4.640677098934022,19.260000000000005,defensive_third,85.74571534484974,73.86558197157864,31.99,11.880133373271107,12.729999999999992,1.0,4.640677098934022,19.260000000000005,defensive_third,85.74571534484974,8.399476174143237,87.42,77.34623917070651,79.08999999999999,0.7814070637431783,5.254499943662138,19.260000000000005,defensive_third,85.74571534484974,8.399476174143237,87.42,77.34623917070651,79.08999999999999,0.7814070637431783,5.254499943662138,-33.239999999999995,-0.990000000000002,0.9991352,0.66,1,Netherlands Under 21,netherlands u21,Netherlands U21 - Denmark U21,denmark u21,1,2,False,1,1,1,1,1
6,5706364,7719,2576195309,1,interception,1H,430.342,1,window_end,pass,1.768000000000029,0.0180000000000291,Netherlands U21 - Denmark U21,1.768000000000029,1.768000000000029,1,0,0,0,0,3.5400000000000205,3.2180000000000177,2,0,0,0,0,9.926000000000045,6.7660000000000196,3,1,0,0,0,13.230999999999996,10.07099999999997,4,1,0,0,0,17.329000000000008,14.168999999999984,6,1,0,0,0,16.92,defensive_third,90.4205728802909,90.4205728802909,6.590000000000003,0.0,0.0,0.0,0.0,16.92,defensive_third,90.4205728802909,90.4205728802909,4.060000000000002,0.0,0.0,0.0,0.0,16.92,defensive_third,90.4205728802909,60.88582511553901,49.94,29.53474776475189,33.019999999999996,0.5754352869293916,2.989346939752217,16.92,defensive_third,90.4205728802909,45.63285767952737,65.64,44.787715200763536,48.72,0.6689387741322149,3.393008727330574,16.92,defensive_third,90.4205728802909,23.28252778372658,98.75,67.13804509656433,81.83,0.7501274789534041,3.885303535680812,35.58,20.44,0.99669397,0.66,1,Denmark Under 21,denmark u21,Netherlands U21 - Denmark U21,denmark u21,1,2,True,0,0,0,1,0
6,5706364,670,2576195116,1,duel_regain,1H,557.102,0,opponent_on_ball,pass,0.8880000000000337,0.0180000000000291,Netherlands U21 - Denmark U21,0.8880000000000337,0.8880000000000337,1,0,0,0,0,3.935000000000059,3.935000000000059,2,0,1,0,0,6.710000000000036,6.710000000000036,2,0,2,0,1,6.710000000000036,6.710000000000036,2,0,2,0,1,6.710000000000036,6.710000000000036,2,0,2,0,1,73.56,attacking_third,40.989798730903765,35.64239329786932,75.29,5.347405433034446,1.730000000000004,1.0,6.36595884885029,73.56,attacking_third,40.989798730903765,23.985922954933375,82.23,17.00387577597039,8.670000000000002,0.9802012313432836,4.382442210301652,73.56,attacking_third,40.989798730903765,17.535974452536138,87.5,23.453824278367627,13.959999999999994,0.9672096243695292,3.511051538677815,73.56,attacking_third,40.989798730903765,17.535974452536138,87.5,23.453824278367627,13.959999999999994,0.9672096243695292,3.511051538677815,73.56,attacking_third,40.989798730903765,17.535974452536138,87.5,23.453824278367627,13.959999999999994,0.9672096243695292,3.511051538677815,21.06,-26.299999999999997,0.999716,0.66,1,Netherlands Under 21,netherlands u21,Netherlands U21 - Denmark U21,denmark u21,1,2,False,1,1,1,1,1
6,5706364,670,2576195143,1,interception,1H,685.719,0,opponent_on_ball,pass,3.689999999999941,0.0009999999999763,Netherlands U21 - Denmark U21,2.0,2.0,0,0,0,0,0,3.689999999999941,3.689999999999941,1,0,0,0,0,3.689999999999941,3.689999999999941,1,0,0,0,0,3.689999999999941,3.689999999999941,1,0,0,0,0,3.689999999999941,3.689999999999941,1,0,0,0,0,89.83,attacking_third,26.31309369876526,16.803261588156033,95.5,9.509832110609228,5.670000000000002,1.0,4.851955158474287,89.83,attacking_third,26.31309369876526,7.116832160448913,99.14,19.19626153831635,9.310000000000002,0.8672863282118437,5.216375418020818,89.83,attacking_third,26.31309369876526,7.116832160448913,99.14,19.19626153831635,9.310000000000002,0.8672863282118437,5.216375418020818,89.83,attacking_third,26.31309369876526,7.116832160448913,99.14,19.19626153831635,9.310000000000002,0.8672863282118437,5.216375418020818,89.83,attacking_third,26.31309369876526,7.116832160448913,99.14,19.19626153831635,9.310000000000002,0.8672863282118437,5.216375418020818,37.33,21.5,0.9901363,0.66,1,Netherlands Under 21,netherlands u21,Netherlands U21 - Denmark U21,denmark u21,1,2,False,0,0,1,1,0
6,5706364,670,2576195239,1,interception,1H,1098.864,0,opponent_on_ball,touch,1.4139999999999873,0.0160000000000763,Netherlands U21 - Denmark U21,1.4139999999999873,1.4139999999999873,0,1,0,0,0,1.4139999999999873,1.4139999999999873,0,1,0,0,0,8.379999999999882,8.379999999999882,1,2,0,0,0,12.047000000000024,10.975999999999884,1,2,1,0,0,12.047000000000024,10.975999999999884,1,2,1,0,0,32.25,defensive_third,73.66743242437596,68.85109222082103,38.23,4.81634020355493,5.979999999999997,1.0,3.5414266202612383,32.25,defensive_third,73.66743242437596,68.85109222082103,38.23,4.81634020355493,5.979999999999997,1.0,3.5414266202612383,32.25,defensive_third,73.66743242437596,15.520463910592362,98.92,58.1469685137836,66.67,0.9374963208486436,6.955379008825872,32.25,defensive_third,73.66743242437596,4.722478162998746,108.24,68.94495426137722,75.99,0.9259376590518984,5.745412855114768,32.25,defensive_third,73.66743242437596,4.722478162998746,108.24,68.94495426137722,75.99,0.9259376590518984,5.745412855114768,-20.25,11.59,0.9999459,0.66,1,Netherlands Under 21,netherlands u21,Netherlands U21 - Denmark U21,denmark u21,1,2,False,0,0,1,1,0
6,5706364,7719,2576195636,0,interception,1H,1273.688,1,game_interruption,duel,3.944999999999936,0.0080000000000381,Netherlands U21 - Denmark U21,2.0,2.0,0,0,0,0,0,3.944999999999936,3.944999999999936,0,0,1,0,0,5.584999999999809,4.111999999999853,0,0,1,0,1,5.584999999999809,4.111999999999853,0,0,1,0,1,5.584999999999809,4.111999999999853,0,0,1,0,1,83.7,attacking_third,29.618008035652903,18.651190310540507,91.05,10.966817725112396,7.349999999999994,1.0,5.595315165873568,83.7,attacking_third,29.618008035652903,14.80413793505046,93.37,14.813870100602443,9.679999999999993,0.9991647755643228,3.818007757887344,83.7,attacking_third,29.618008035652903,14.719704480729224,93.36,14.89830355492368,9.679999999999993,0.9983403885335737,3.6515449889519473,83.7,attacking_third,29.618008035652903,14.719704480729224,93.36,14.89830355492368,9.679999999999993,0.9983403885335737,3.6515449889519473,83.7,attacking_third,29.618008035652903,14.719704480729224,93.36,14.89830355492368,9.679999999999993,0.9983403885335737,3.6515449889519473,-31.2,20.58,0.7416292,0.66,1,Denmark Under 21,denmark u21,Netherlands U21 - Denmark U21,denmark u21,1,2,True,1,1,1,1,1
6,5706364,7719,2576195667,1,duel_regain,1H,1356.82,1,opponent_on_ball,duel,0.7170000000000982,0.0199999999999818,Netherlands U21 - Denmark U21,0.7170000000000982,0.7170000000000982,0,0,1,0,0,4.504000000000133,4.504000000000133,1,0,2,0,0,4.504000000000133,4.504000000000133,1,0,2,0,0,4.504000000000133,4.504000000000133,1,0,2,0,0,4.504000000000133,4.504000000000133,1,0,2,0,0,84.16,attacking_third,21.239482102913904,21.239482102913904,83.18,0.0,0.0,0.0,0.0,84.16,attacking_third,21.239482102913904,7.288923102900728,100.9,13.950559000013175,17.040000000000006,0.9102811957283552,3.1139640625029283,84.16,attacking_third,21.239482102913904,7.288923102900728,100.9,13.950559000013175,17.040000000000006,0.9102811957283552,3.1139640625029283,84.16,attacking_third,21.239482102913904,7.288923102900728,100.9,13.950559000013175,17.040000000000006,0.9102811957283552,3.1139640625029283,84.16,attacking_third,21.239482102913904,7.288923102900728,100.9,13.950559000013175,17.040000000000006,0.9102811957283552,3.1139640625029283,-31.66,4.100000000000001,0.9668377,0.66,1,Denmark Under 21,denmark u21,Netherlands U21 - Denmark U21,denmark u21,1,2,True,0,0,1,1,0
6,5706364,670,2576195623,1,interception,1H,2647.985,0,opponent_on_ball,duel,2.2390000000000327,0.0149999999998726,Netherlands U21 - Denmark U21,2.0,2.0,0,0,0,0,0,4.356999999999971,4.356999999999971,1,0,1,0,0,8.201000000000022,8.201000000000022,3,1,1,0,0,11.49499999999989,11.49499999999989,4,1,1,0,0,11.49499999999989,11.49499999999989,4,1,1,0,0,15.019999999999996,defensive_third,91.56071209858516,83.42431420155637,25.01,8.136397897028786,9.990000000000006,1.0,4.151223416851344,15.019999999999996,defensive_third,91.56071209858516,69.36368213986336,39.02,22.1970299587218,24.000000000000007,0.9414412884043768,5.138201379333555,15.019999999999996,defensive_third,91.56071209858516,44.68730468488785,65.64,46.87340741369731,50.620000000000005,0.9713872875509564,5.744290124227714,15.019999999999996,defensive_third,91.56071209858516,7.964182318355103,100.71,83.59652978023006,85.69,0.9837523456536084,7.281927681204698,15.019999999999996,defensive_third,91.56071209858516,7.964182318355103,100.71,83.59652978023006,85.69,0.9837523456536084,7.281927681204698,-37.48,16.94,0.9997861,0.66,1,Netherlands Under 21,netherlands u21,Netherlands U21 - Denmark U21,denmark u21,1,2,False,0,0,1,1,0
6,5706364,670,2576195900,0,duel_regain,2H,3762.348,0,opponent_on_ball,pass,2.9279999999998836,0.0120000000001709,Netherlands U21 - Denmark U21,2.0,2.0,0,0,0,0,0,4.394999999999982,4.394999999999982,3,0,0,0,0,7.304999999999836,7.304999999999836,5,0,0,0,0,7.304999999999836,7.304999999999836,5,0,0,0,0,7.304999999999836,7.304999999999836,5,0,0,0,0,85.0,attacking_third,35.39265460515783,27.68578154938018,93.0,7.706873055777649,8.0,1.0,3.932078089682401,85.0,attacking_third,35.39265460515783,15.880560443510804,97.91,19.512094161647028,12.909999999999997,1.0,4.475250954506068,85.0,attacking_third,35.39265460515783,4.747515139522989,97.65,30.64513946563484,15.420000000000002,0.9052816460587764,4.2094971793453295,85.0,attacking_third,35.39265460515783,4.747515139522989,97.65,30.64513946563484,15.420000000000002,0.9052816460587764,4.2094971793453295,85.0,attacking_third,35.39265460515783,4.747515139522989,97.65,30.64513946563484,15.420000000000002,0.9052816460587764,4.2094971793453295,32.5,29.200000000000003,0.9783286,0.66,1,Netherlands Under 21,netherlands u21,Netherlands U21 - Denmark U21,denmark u21,1,2,False,0,0,1,1,0
6,5706364,7719,2576196589,1,interception,2H,4674.68,1,opponent_on_ball,duel,3.2899999999999636,0.0,Netherlands U21 - Denmark U21,2.0,2.0,0,0,0,0,0,4.925999999999476,4.925999999999476,0,0,2,0,0,9.141999999999824,7.880000000000109,1,0,2,0,0,9.141999999999824,7.880000000000109,1,0,2,0,0,9.141999999999824,7.880000000000109,1,0,2,0,0,39.57,middle_third,70.2416358009977,43.60098278708864,73.59,26.64065301390906,34.02,0.9156016550510206,13.32032650695453,39.57,middle_third,70.2416358009977,28.96928200698112,88.88,41.27235379401658,49.309999999999995,0.9438419199335144,8.388689795531702,39.57,middle_third,70.2416358009977,8.492849933915002,105.57,61.748785867082695,66.53999999999999,0.9064080228401468,6.7707002047240605,39.57,middle_third,70.2416358009977,8.492849933915002,105.57,61.748785867082695,66.53999999999999,0.9064080228401468,6.7707002047240605,39.57,middle_third,70.2416358009977,8.492849933915002,105.57,61.748785867082695,66.53999999999999,0.9064080228401468,6.7707002047240605,12.93,-25.55,0.9998037,0.66,1,Denmark Under 21,denmark u21,Netherlands U21 - Denmark U21,denmark u21,1,2,True,0,0,1,1,0
6,5706364,670,2576196199,1,duel_regain,2H,4900.321,0,opponent_on_ball,pass,0.8710000000000946,0.0010000000002037,Netherlands U21 - Denmark U21,0.8710000000000946,0.8710000000000946,1,0,0,0,0,4.63799999999992,4.037999999999556,2,0,2,0,0,5.998000000000502,5.398000000000138,2,0,3,0,0,5.998000000000502,5.398000000000138,2,0,3,0,0,5.998000000000502,5.398000000000138,2,0,3,0,0,84.52,attacking_third,23.998552039654395,23.998552039654395,71.41,0.0,0.0,0.0,0.0,84.52,attacking_third,23.998552039654395,3.4851111890440465,99.96,20.513440850610348,20.190000000000012,0.3117409573733139,4.498561590046632,84.52,attacking_third,23.998552039654395,3.4851111890440465,104.3,20.513440850610348,20.190000000000012,0.3048730765463782,3.465108251792246,84.52,attacking_third,23.998552039654395,3.4851111890440465,104.3,20.513440850610348,20.190000000000012,0.3048730765463782,3.465108251792246,84.52,attacking_third,23.998552039654395,3.4851111890440465,104.3,20.513440850610348,20.190000000000012,0.3048730765463782,3.465108251792246,32.019999999999996,-12.510000000000002,0.9986431,0.66,1,Netherlands Under 21,netherlands u21,Netherlands U21 - Denmark U21,denmark u21,1,2,False,0,0,1,1,0
6,5706366,15880,2578686151,1,duel_regain,1H,1384.405,0,opponent_on_ball,pass,1.4750000000001364,0.0049999999998817,Georgia U21 - Portugal U21,1.4750000000001364,1.1550000000002,1,0,0,0,0,3.9370000000001255,3.617000000000189,1,0,1,0,0,3.9370000000001255,3.617000000000189,1,0,1,0,0,3.9370000000001255,3.617000000000189,1,0,1,0,0,3.9370000000001255,3.617000000000189,1,0,1,0,0,10.759999999999998,defensive_third,99.61189938958096,70.25907272374153,36.58,29.35282666583943,25.82,0.8652182759059184,20.383907406832165,10.759999999999998,defensive_third,99.61189938958096,50.159196564538384,55.77,49.45270282504257,45.010000000000005,0.915363300981091,12.745541965217546,10.759999999999998,defensive_third,99.61189938958096,50.159196564538384,55.77,49.45270282504257,45.010000000000005,0.915363300981091,12.745541965217546,10.759999999999998,defensive_third,99.61189938958096,50.159196564538384,55.77,49.45270282504257,45.010000000000005,0.915363300981091,12.745541965217546,10.759999999999998,defensive_third,99.61189938958096,50.159196564538384,55.77,49.45270282504257,45.010000000000005,0.915363300981091,12.745541965217546,-41.74,32.27,0.96728903,0.66,1,Georgia Under 21,georgia u21,Georgia U21 - Portugal U21,portugal u21,0,4,False,0,0,0,0,0
6,5706366,15880,2578686173,1,interception,1H,1643.307,0,opponent_on_ball,duel,3.3360000000000127,0.0129999999999199,Georgia U21 - Portugal U21,2.0,2.0,0,0,0,0,0,3.3360000000000127,3.3360000000000127,0,0,1,0,0,5.375999999999976,5.375999999999976,1,0,1,0,0,5.375999999999976,5.375999999999976,1,0,1,0,0,5.375999999999976,5.375999999999976,1,0,1,0,0,30.7,defensive_third,80.00128498968,70.74871730285999,40.59,9.252567686820017,9.890000000000004,1.0,4.720697799397879,30.7,defensive_third,80.00128498968,70.02396232719197,39.98,9.977322662488035,10.470000000000002,0.995665610058114,3.005217669423959,30.7,defensive_third,80.00128498968,43.97192399702338,65.49,36.02936099265662,34.78999999999999,0.995876490969401,6.7218957075850305,30.7,defensive_third,80.00128498968,43.97192399702338,65.49,36.02936099265662,34.78999999999999,0.995876490969401,6.7218957075850305,30.7,defensive_third,80.00128498968,43.97192399702338,65.49,36.02936099265662,34.78999999999999,0.995876490969401,6.7218957075850305,-21.8,29.66,0.9998074,0.66,1,Georgia Under 21,georgia u21,Georgia U21 - Portugal U21,portugal u21,0,4,False,0,0,0,0,0
6,5706366,9910,2578686702,0,interception,1H,1997.924,1,opponent_on_ball,touch,3.1800000000000637,0.0039999999999054,Georgia U21 - Portugal U21,2.0,2.0,0,0,0,0,0,3.1800000000000637,3.1800000000000637,0,1,0,0,0,8.52800000000002,8.355999999999995,1,1,0,0,0,11.105000000000018,8.355999999999995,2,2,0,0,0,11.105000000000018,8.355999999999995,2,2,0,0,0,33.370000000000005,defensive_third,71.63004467400533,64.65411355822614,40.379999999999995,6.97593111577919,7.009999999999991,1.0,3.5591485284587043,33.370000000000005,defensive_third,71.63004467400533,58.781150890400234,46.74,12.8488937836051,13.369999999999996,1.0,4.1182351870530605,33.370000000000005,defensive_third,71.63004467400533,37.37960005136491,80.92,34.25044462264042,47.55,1.0,4.116639978682775,33.370000000000005,defensive_third,71.63004467400533,37.37960005136491,80.92,34.25044462264042,47.55,1.0,4.116639978682775,33.370000000000005,defensive_third,71.63004467400533,37.37960005136491,80.92,34.25044462264042,47.55,1.0,4.116639978682775,19.129999999999995,0.0799999999999983,0.7245823,0.66,1,Portugal Under 21,portugal u21,Georgia U21 - Portugal U21,portugal u21,0,4,True,0,0,0,0,0
6,5706367,13876,2578763693,1,duel_regain,1H,2134.702,1,opponent_on_ball,pass,3.2599999999997635,0.0179999999995743,France U21 - Poland U21,2.0,2.0,0,0,0,0,0,3.2599999999997635,3.2599999999997635,1,0,0,0,0,5.220999999999549,5.220999999999549,2,0,0,0,0,5.220999999999549,5.220999999999549,2,0,0,0,0,5.220999999999549,5.220999999999549,2,0,0,0,0,80.02,attacking_third,26.402706300680617,11.90318024731206,92.95,14.499526053368555,13.090000000000003,0.9856144072315918,7.397717374167493,80.02,attacking_third,26.402706300680617,11.607846484167508,97.19,14.794859816513108,17.17,0.8094467262763996,4.566314758182725,80.02,attacking_third,26.402706300680617,4.5699124718094986,101.0,21.83279382887112,20.980000000000004,0.8608482211218069,4.19861419785961,80.02,attacking_third,26.402706300680617,4.5699124718094986,101.0,21.83279382887112,20.980000000000004,0.8608482211218069,4.19861419785961,80.02,attacking_third,26.402706300680617,4.5699124718094986,101.0,21.83279382887112,20.980000000000004,0.8608482211218069,4.19861419785961,-27.52,8.55,0.99505264,0.66,1,Poland Under 21,poland u21,France U21 - Poland U21,france u21,4,1,False,0,0,1,1,0
6,5706367,4425,2578764194,0,duel_regain,2H,3040.244,0,window_end,duel,1.2349999999996726,0.0039999999999054,France U21 - Poland U21,1.2349999999996726,1.2349999999996726,0,0,1,0,0,4.346999999999753,4.346999999999753,0,0,1,0,0,4.346999999999753,4.346999999999753,0,0,1,0,0,4.346999999999753,4.346999999999753,0,0,1,0,0,4.346999999999753,4.346999999999753,0,0,1,0,0,52.38,middle_third,52.63007980233357,46.219584593546486,59.0,6.410495208787083,6.619999999999997,1.0,5.526288973093006,52.38,middle_third,52.63007980233357,17.274188837684974,87.74,35.355890964648594,35.35999999999999,0.9999999999999996,8.2607221880025,52.38,middle_third,52.63007980233357,17.274188837684974,87.74,35.355890964648594,35.35999999999999,0.9999999999999996,8.2607221880025,52.38,middle_third,52.63007980233357,17.274188837684974,87.74,35.355890964648594,35.35999999999999,0.9999999999999996,8.2607221880025,52.38,middle_third,52.63007980233357,17.274188837684974,87.74,35.355890964648594,35.35999999999999,0.9999999999999996,8.2607221880025,-0.1199999999999974,-1.0300000000000011,0.66243565,0.66,1,France Under 21,france u21,France U21 - Poland U21,france u21,4,1,True,0,0,1,1,0
6,5706367,13876,2578764411,0,duel_regain,2H,4789.686,1,opponent_on_ball,pass,1.3789999999999054,0.0059999999994033,France U21 - Poland U21,1.3789999999999054,1.3789999999999054,1,0,0,0,0,2.3150000000005093,2.3150000000005093,1,1,0,0,0,9.72400000000016,6.6840000000001965,2,1,0,0,0,13.19000000000051,7.314000000000306,3,1,0,0,0,13.19000000000051,7.314000000000306,3,1,0,0,0,43.58,middle_third,68.22829691557602,62.43260125927799,48.56,5.795695656298037,4.980000000000004,1.0,4.390678527499481,43.58,middle_third,68.22829691557602,58.55295893462601,51.87,9.675337980950012,8.29,1.0,4.24356928989083,43.58,middle_third,68.22829691557602,29.348248670065473,85.34,38.88004824551055,41.760000000000005,1.0,4.0165339096604376,43.58,middle_third,68.22829691557602,26.226631503111488,89.41,42.00166541246453,45.83,1.0,4.069928819037376,43.58,middle_third,68.22829691557602,26.226631503111488,89.41,42.00166541246453,45.83,1.0,4.069928819037376,8.920000000000002,-29.71,0.90876657,0.66,1,Poland Under 21,poland u21,France U21 - Poland U21,france u21,4,1,False,0,0,0,1,0
6,5706368,11950,2578779799,1,duel_regain,1H,185.55,0,opponent_on_ball,pass,4.11099999999999,0.0099999999999909,Romania U21 - Slovakia U21,2.0,2.0,0,0,0,0,0,4.11099999999999,4.11099999999999,1,0,0,0,0,5.890999999999991,5.890999999999991,2,0,0,0,0,14.72799999999998,14.72799999999998,3,1,1,0,0,14.72799999999998,14.72799999999998,3,1,1,0,0,34.61,defensive_third,75.71764721648448,75.25429024314826,36.79,0.4633569733362179,2.1799999999999997,0.1645586093652863,0.2364066190490898,34.61,defensive_third,75.71764721648448,73.27447645667623,38.82,2.443170759808254,4.390000000000001,0.3455703171222363,0.5988163626981038,34.61,defensive_third,75.71764721648448,51.82736921743182,63.99,23.890277999052657,29.380000000000003,0.8330162499756054,4.062972448818482,34.61,defensive_third,75.71764721648448,11.575223539958094,95.47,64.14242367652639,64.41,0.9251797975742306,4.36937490984512,34.61,defensive_third,75.71764721648448,11.575223539958094,95.47,64.14242367652639,64.41,0.9251797975742306,4.36937490984512,-17.89,27.9,0.9974898,0.66,1,Romania Under 21,romania u21,Romania U21 - Slovakia U21,slovakia u21,1,2,False,0,0,1,1,0
6,5706368,14501,2578779819,1,interception,1H,243.656,1,window_end,pass,1.0139999999999816,0.0160000000000195,Romania U21 - Slovakia U21,1.0139999999999816,1.0139999999999816,1,0,0,0,0,3.679000000000002,3.679000000000002,1,0,0,0,0,6.23599999999999,6.23599999999999,1,0,1,0,0,11.35899999999998,11.35899999999998,1,0,1,0,0,11.35899999999998,11.35899999999998,1,0,1,0,0,31.760000000000005,defensive_third,79.21445575145991,74.5847068774826,37.31,4.629748873977306,5.549999999999997,1.0,4.822655077059796,31.760000000000005,defensive_third,79.21445575145991,59.69222729970796,52.54,19.52222845175195,20.77999999999999,1.0,5.363249574657149,31.760000000000005,defensive_third,79.21445575145991,44.283636932844615,64.99000000000001,34.93081881861529,33.230000000000004,1.0,5.634003035260542,31.760000000000005,defensive_third,79.21445575145991,36.71016480486025,70.31,42.50429094659966,38.55,1.0,3.75479602001764,31.760000000000005,defensive_third,79.21445575145991,36.71016480486025,70.31,42.50429094659966,38.55,1.0,3.75479602001764,20.739999999999995,30.18,0.99679524,0.66,1,Slovakia Under 21,slovakia u21,Romania U21 - Slovakia U21,slovakia u21,1,2,True,0,0,0,0,0
6,5706368,14501,2578779943,1,interception,1H,738.687,1,opponent_on_ball,pass,2.518000000000029,0.0070000000000618,Romania U21 - Slovakia U21,2.0,2.0,0,0,0,0,0,4.1580000000000155,4.1580000000000155,1,0,0,0,0,9.771999999999936,9.771999999999936,2,0,1,0,0,9.771999999999936,9.771999999999936,2,0,1,0,0,9.771999999999936,9.771999999999936,2,0,1,0,0,41.31,middle_third,64.95170282602297,55.63977444238968,49.39,9.311928383633289,8.079999999999998,1.0,4.750983869200844,41.31,middle_third,64.95170282602297,48.649152099497066,56.82,16.3025507265259,15.509999999999998,1.0,3.956929787991719,41.31,middle_third,64.95170282602297,12.250212243059302,100.06,52.701490582963665,58.75,0.9985346972991166,5.421964051745218,41.31,middle_third,64.95170282602297,12.250212243059302,100.06,52.701490582963665,58.75,0.9985346972991166,5.421964051745218,41.31,middle_third,64.95170282602297,12.250212243059302,100.06,52.701490582963665,58.75,0.9985346972991166,5.421964051745218,11.189999999999998,12.739999999999998,0.9998603,0.66,1,Slovakia Under 21,slovakia u21,Romania U21 - Slovakia U21,slovakia u21,1,2,True,0,0,1,1,0
6,5706368,11950,2578780018,1,interception,1H,1134.033,0,opponent_on_ball,duel,1.6380000000001471,0.0070000000000618,Romania U21 - Slovakia U21,1.6380000000001471,1.6380000000001471,0,0,1,0,0,3.759999999999991,3.759999999999991,1,0,1,0,0,3.759999999999991,3.759999999999991,1,0,1,0,0,3.759999999999991,3.759999999999991,1,0,1,0,0,3.759999999999991,3.759999999999991,1,0,1,0,0,53.31,middle_third,53.20116728042723,46.28709755428613,59.73,6.914069726141101,6.419999999999995,1.0,4.321293578837819,53.31,middle_third,53.20116728042723,31.465578017891232,74.01,21.735589262535996,20.700000000000003,1.0,5.8429003393913534,53.31,middle_third,53.20116728042723,31.465578017891232,74.01,21.735589262535996,20.700000000000003,1.0,5.8429003393913534,53.31,middle_third,53.20116728042723,31.465578017891232,74.01,21.735589262535996,20.700000000000003,1.0,5.8429003393913534,53.31,middle_third,53.20116728042723,31.465578017891232,74.01,21.735589262535996,20.700000000000003,1.0,5.8429003393913534,0.8100000000000023,12.59,0.991227,0.66,1,Romania Under 21,romania u21,Romania U21 - Slovakia U21,slovakia u21,1,2,False,0,0,0,1,0
6,5706368,14501,2578780368,1,interception,1H,2054.093,1,window_end,pass,2.7390000000000327,0.0129999999999199,Romania U21 - Slovakia U21,2.0,2.0,0,0,0,0,0,4.139000000000124,4.139000000000124,1,0,1,0,0,8.838000000000193,8.838000000000193,2,0,1,0,0,11.376999999999953,11.376999999999953,2,1,1,0,0,19.526000000000295,19.526000000000295,2,1,2,0,1,13.28,defensive_third,95.17471565494692,89.63186989012335,18.11,5.542845764823568,4.829999999999998,1.0,2.827982533073196,13.28,defensive_third,95.17471565494692,81.6004662976873,25.19,13.574249357259616,11.909999999999997,1.0,3.3270219012891813,13.28,defensive_third,95.17471565494692,62.91472403181944,46.88,32.25999162312748,33.6,1.0,3.665908138991684,13.28,defensive_third,95.17471565494692,54.691210445555136,59.63,40.48350520939179,46.35,1.0,3.576281378921484,13.28,defensive_third,95.17471565494692,14.633198556706594,90.56,80.54151709824033,77.55,0.9976344160123132,4.134574799704326,39.22,25.41,0.9936925,0.66,1,Slovakia Under 21,slovakia u21,Romania U21 - Slovakia U21,slovakia u21,1,2,True,1,0,1,1,1
6,5706368,11950,2578780396,1,interception,1H,2513.952,0,opponent_on_ball,none,,0.0079999999998108,Romania U21 - Slovakia U21,2.0,2.0,0,0,0,0,0,5.0,5.0,0,0,0,0,0,10.0,7.920000000000073,0,0,0,0,0,13.5649999999996,11.484999999999673,1,1,0,0,0,15.191999999999553,13.111999999999624,2,1,0,0,0,6.980000000000004,defensive_third,99.17625925593282,93.88105772731792,11.810000000000002,5.295201528614896,4.829999999999998,0.7592007381784438,2.7016334329667337,6.980000000000004,defensive_third,99.17625925593282,81.73041783815863,23.76,17.44584141777419,16.779999999999998,0.9121843870276614,3.517306737454448,6.980000000000004,defensive_third,99.17625925593282,76.33396688237812,15.39,22.8422923735547,22.179999999999996,0.5157919160102775,2.293402848750463,6.980000000000004,defensive_third,99.17625925593282,64.2182318348925,46.93,34.95802742104031,39.95,0.4877788290940116,2.5856529157574233,6.980000000000004,defensive_third,99.17625925593282,45.26279819012519,61.72,53.91346106580763,54.739999999999995,0.5949188616824173,3.5562969040770547,-45.52,-15.1,0.973511,0.66,1,Romania Under 21,romania u21,Romania U21 - Slovakia U21,slovakia u21,1,2,False,0,0,0,0,0
6,5706368,14501,2578780988,1,duel_regain,2H,4207.844,1,opponent_on_ball,pass,0.73700000000008,0.0039999999999054,Romania U21 - Slovakia U21,0.73700000000008,0.73700000000008,1,0,0,0,0,3.132999999999811,3.132999999999811,2,0,0,0,0,9.177999999999884,9.177999999999884,2,0,2,0,0,9.177999999999884,9.177999999999884,2,0,2,0,0,9.177999999999884,9.177999999999884,2,0,2,0,0,12.6,defensive_third,93.1290336039197,86.84902071986765,18.6,6.2800128840520415,6.0,1.0,9.23531306477846,12.6,defensive_third,93.1290336039197,71.00355836153567,27.54,22.125475242384027,22.129999999999995,0.7739463871386304,7.183595857917061,12.6,defensive_third,93.1290336039197,52.38006681935409,59.33,40.7489667845656,46.73,0.7154178017392973,4.468088463219966,12.6,defensive_third,93.1290336039197,52.38006681935409,59.33,40.7489667845656,46.73,0.7154178017392973,4.468088463219966,12.6,defensive_third,93.1290336039197,52.38006681935409,59.33,40.7489667845656,46.73,0.7154178017392973,4.468088463219966,39.9,11.630000000000004,0.99497163,0.66,1,Slovakia Under 21,slovakia u21,Romania U21 - Slovakia U21,slovakia u21,1,2,True,0,0,0,0,0
6,5706368,14501,2578781194,1,interception,2H,5177.524,1,game_interruption,pass,1.527999999999338,0.0039999999999054,Romania U21 - Slovakia U21,1.527999999999338,1.527999999999338,1,0,0,0,0,4.811999999999898,4.811999999999898,1,1,0,0,0,4.811999999999898,4.811999999999898,1,1,0,0,0,4.811999999999898,4.811999999999898,1,1,0,0,0,4.811999999999898,4.811999999999898,1,1,0,0,0,5.75,defensive_third,99.61931238469778,80.4882208773433,26.04,19.131091507354483,20.29,1.0,12.926413180640791,5.75,defensive_third,99.61931238469778,49.65964659560114,62.48,49.95966578909664,58.23,0.9665393559532144,10.495728106952594,5.75,defensive_third,99.61931238469778,49.65964659560114,62.48,49.95966578909664,58.23,0.9665393559532144,10.495728106952594,5.75,defensive_third,99.61931238469778,49.65964659560114,62.48,49.95966578909664,58.23,0.9665393559532144,10.495728106952594,5.75,defensive_third,99.61931238469778,49.65964659560114,62.48,49.95966578909664,58.23,0.9665393559532144,10.495728106952594,46.75,8.57,0.98211795,0.66,1,Slovakia Under 21,slovakia u21,Romania U21 - Slovakia U21,slovakia u21,1,2,True,0,0,0,0,0
6,5706369,1604,2578750865,1,duel_regain,1H,1065.583,0,opponent_on_ball,pass,4.37299999999982,0.0169999999998253,Spain U21 - Italy U21,2.0,2.0,0,0,0,0,0,4.37299999999982,4.37299999999982,1,0,0,0,0,5.182000000000016,5.182000000000016,1,1,0,0,0,5.182000000000016,5.182000000000016,1,1,0,0,0,5.182000000000016,5.182000000000016,1,1,0,0,0,32.379999999999995,defensive_third,79.9912245186933,67.9788937832913,42.7,12.012330735402005,10.320000000000007,1.0,6.128740171123357,32.379999999999995,defensive_third,79.9912245186933,48.56542391455056,61.2,31.425800604142736,28.820000000000007,1.0,7.274490880588321,32.379999999999995,defensive_third,79.9912245186933,45.09183185456098,68.18,34.89939266413232,35.80000000000001,1.0,6.763448190723211,32.379999999999995,defensive_third,79.9912245186933,45.09183185456098,68.18,34.89939266413232,35.80000000000001,1.0,6.763448190723211,32.379999999999995,defensive_third,79.9912245186933,45.09183185456098,68.18,34.89939266413232,35.80000000000001,1.0,6.763448190723211,-20.120000000000005,33.540000000000006,0.9974444,0.66,1,Spain Under 21,spain u21,Spain U21 - Italy U21,draw,1,1,False,0,0,0,0,0
6,5706369,3763,2578750984,1,interception,1H,1137.091,1,opponent_on_ball,duel,2.604000000000042,0.0109999999999672,Spain U21 - Italy U21,2.0,2.0,0,0,0,0,0,4.888000000000147,4.888000000000147,1,1,1,0,0,4.888000000000147,4.888000000000147,1,1,1,0,0,4.888000000000147,4.888000000000147,1,1,1,0,0,4.888000000000147,4.888000000000147,1,1,1,0,0,77.8,attacking_third,35.28088575985586,24.98530968389225,90.56,10.295576075963613,12.760000000000003,1.0,5.2528449367160315,77.8,attacking_third,35.28088575985586,8.190463967322,102.99,27.090421792533864,25.19,1.0,5.597194585234101,77.8,attacking_third,35.28088575985586,8.190463967322,102.99,27.090421792533864,25.19,1.0,5.597194585234101,77.8,attacking_third,35.28088575985586,8.190463967322,102.99,27.090421792533864,25.19,1.0,5.597194585234101,77.8,attacking_third,35.28088575985586,8.190463967322,102.99,27.090421792533864,25.19,1.0,5.597194585234101,-25.299999999999997,-22.47,0.99822587,0.66,1,Italy Under 21,italy u21,Spain U21 - Italy U21,draw,1,1,False,0,0,1,1,0
6,5706369,1604,2578752634,0,duel_regain,1H,2385.169,0,window_end,duel,2.6849999999999454,0.0090000000000145,Spain U21 - Italy U21,2.0,2.0,0,0,0,0,0,3.664999999999963,3.664999999999963,1,1,1,0,0,7.213000000000193,7.213000000000193,2,1,1,0,0,13.606999999999973,13.606999999999973,3,2,1,0,0,18.097000000000207,17.416999999999916,4,3,2,0,0,39.900000000000006,middle_third,69.0069713869548,69.00365497566052,34.8,0.0033164112942785,0.0899999999999892,0.0007455375050816,0.0016920465787134,39.900000000000006,middle_third,69.0069713869548,69.00365497566052,36.33,0.0033164112942785,0.0899999999999892,0.000376449641033,0.0009212253595217,39.900000000000006,middle_third,69.0069713869548,45.085955684669706,64.47,23.921015702285096,24.569999999999993,0.7002853515919465,3.340923980765931,39.900000000000006,middle_third,69.0069713869548,20.806388442014633,103.77,48.200582944940166,64.28,0.8243042603809468,3.5546152614261612,39.900000000000006,middle_third,69.0069713869548,7.383122645601924,87.81,61.62384874135288,66.19999999999999,0.7265295048677405,3.4159561386559316,-12.599999999999994,-22.89,0.9931918,0.66,1,Spain Under 21,spain u21,Spain U21 - Italy U21,draw,1,1,False,0,0,1,1,0
6,5706369,3763,2578751452,0,duel_regain,1H,2597.837,1,window_end,pass,2.130000000000109,0.0030000000001564,Spain U21 - Italy U21,2.0,2.0,0,0,0,0,0,3.5109999999999673,3.5109999999999673,1,0,1,0,0,5.11200000000008,4.923000000000229,1,0,1,0,0,5.11200000000008,4.923000000000229,1,0,1,0,0,5.11200000000008,4.923000000000229,1,0,1,0,0,26.36,defensive_third,79.77516969583957,62.62298938888178,42.42,17.15218030695779,16.060000000000002,0.7792249576229497,8.751112401508914,26.36,defensive_third,79.77516969583957,51.69417762185602,53.48,28.080992073983545,27.119999999999997,0.8524720933438744,8.06925059597224,26.36,defensive_third,79.77516969583957,47.60971749548615,57.74,32.165452200353414,31.380000000000003,0.868746770516057,6.537693536657101,26.36,defensive_third,79.77516969583957,47.60971749548615,57.74,32.165452200353414,31.380000000000003,0.868746770516057,6.537693536657101,26.36,defensive_third,79.77516969583957,47.60971749548615,57.74,32.165452200353414,31.380000000000003,0.868746770516057,6.537693536657101,26.14,-13.41,0.9503922,0.66,1,Italy Under 21,italy u21,Spain U21 - Italy U21,draw,1,1,False,0,0,0,0,0
6,5706369,3763,2578751919,0,interception,2H,4281.964,1,opponent_on_ball,none,,0.0039999999999054,Spain U21 - Italy U21,2.0,2.0,0,0,0,0,0,2.011999999999716,2.011999999999716,0,0,0,0,0,2.011999999999716,2.011999999999716,0,0,0,0,0,2.011999999999716,2.011999999999716,0,0,0,0,0,2.011999999999716,2.011999999999716,0,0,0,0,0,25.989999999999995,defensive_third,82.92837994317748,70.59595739134076,35.959999999999994,12.332422551836714,9.97,1.0,6.292052322365554,25.989999999999995,defensive_third,82.92837994317748,70.59595739134076,35.959999999999994,12.332422551836714,9.97,1.0,6.292052322365554,25.989999999999995,defensive_third,82.92837994317748,70.59595739134076,35.959999999999994,12.332422551836714,9.97,1.0,6.292052322365554,25.989999999999995,defensive_third,82.92837994317748,70.59595739134076,35.959999999999994,12.332422551836714,9.97,1.0,6.292052322365554,25.989999999999995,defensive_third,82.92837994317748,70.59595739134076,35.959999999999994,12.332422551836714,9.97,1.0,6.292052322365554,26.510000000000005,25.19,0.9853432,0.66,1,Italy Under 21,italy u21,Spain U21 - Italy U21,draw,1,1,False,0,0,0,0,0
6,5706369,3763,2578752658,1,duel_regain,2H,5342.99,1,game_interruption,duel,2.530000000000655,0.0100000000002182,Spain U21 - Italy U21,1.5470000000004802,1.0270000000000437,0,0,0,0,0,3.4020000000000437,2.881999999999607,1,0,1,0,0,6.2520000000004075,5.731999999999971,1,0,2,0,1,6.2520000000004075,5.731999999999971,1,0,2,0,1,6.2520000000004075,5.731999999999971,1,0,2,0,1,60.55,middle_third,54.7879859093214,50.18144079238858,66.91,4.606545116932821,6.359999999999999,0.8713786028849537,3.0306217874549333,60.55,middle_third,54.7879859093214,43.76028907582764,68.97999999999999,11.027696833493756,8.429999999999993,0.940353724722759,3.28205262901543,60.55,middle_third,54.7879859093214,30.053286010018937,71.35,24.734699899302463,17.489999999999995,0.7531668569665332,3.963894214631944,60.55,middle_third,54.7879859093214,30.053286010018937,71.35,24.734699899302463,17.489999999999995,0.7531668569665332,3.963894214631944,60.55,middle_third,54.7879859093214,30.053286010018937,71.35,24.734699899302463,17.489999999999995,0.7531668569665332,3.963894214631944,-8.049999999999997,-32.03,0.99673235,0.66,1,Italy Under 21,italy u21,Spain U21 - Italy U21,draw,1,1,False,1,1,0,1,0
6,5706370,14628,2579476755,1,duel_regain,1H,683.484,1,window_end,pass,1.24899999999991,0.004000000000019,Netherlands U21 - Ukraine U21,1.24899999999991,1.24899999999991,1,0,0,0,0,4.775999999999954,4.775999999999954,3,0,0,0,0,9.493999999999916,9.493999999999916,4,1,0,0,0,13.743999999999916,13.743999999999916,5,2,0,0,0,19.524999999999977,19.284999999999968,8,2,0,0,0,2.549999999999997,defensive_third,104.30050862771476,88.97352246595615,19.989999999999995,15.326986161758612,17.439999999999998,0.9855227494302607,12.772488468131693,2.549999999999997,defensive_third,104.30050862771476,72.1894022693082,37.06999999999999,32.11110635840656,34.519999999999996,0.8788476873523764,6.803200499662367,2.549999999999997,defensive_third,104.30050862771476,35.47038905904473,75.53,68.83011956867003,72.98,0.9395737406891692,7.291326225494664,2.549999999999997,defensive_third,104.30050862771476,23.189534277341576,82.14,81.11097435037318,86.34,0.8779933569289695,5.9291647916939185,2.549999999999997,defensive_third,104.30050862771476,10.57503664296252,102.83,93.72547198475225,102.6,0.8138563389086612,4.8113691983959015,49.95,19.56,0.97997904,0.66,1,Ukraine Under 21,ukraine u21,Netherlands U21 - Ukraine U21,netherlands u21,2,0,False,0,0,1,1,0
6,5706370,670,2579476847,1,interception,1H,1255.289,0,window_end,touch,1.3599999999999,0.0090000000000145,Netherlands U21 - Ukraine U21,1.3599999999999,1.3599999999999,0,1,0,0,0,4.486000000000104,4.486000000000104,1,1,0,0,0,9.499000000000024,9.499000000000024,1,1,1,0,1,10.652000000000044,10.111000000000104,1,1,1,0,1,10.652000000000044,10.111000000000104,1,1,1,0,1,50.85,middle_third,58.463527946917466,51.69554719702655,57.7,6.767980749890917,6.850000000000001,1.0,5.127258143856119,50.85,middle_third,58.463527946917466,39.67178468382787,77.59,18.791743263089593,26.74,1.0,4.2323746088039105,50.85,middle_third,58.463527946917466,8.175891388711085,97.74,50.28763655820638,46.88999999999999,0.9976841111089464,5.3270801438777635,50.85,middle_third,58.463527946917466,2.7101660465735296,102.39,55.75336190034394,51.54,0.9979106726191144,5.531087490113401,50.85,middle_third,58.463527946917466,2.7101660465735296,102.39,55.75336190034394,51.54,0.9979106726191144,5.531087490113401,-1.6499999999999986,-22.04,0.9998343,0.66,1,Netherlands Under 21,netherlands u21,Netherlands U21 - Ukraine U21,netherlands u21,2,0,True,1,1,1,1,1
6,5706370,670,2579477059,1,interception,1H,1988.231,0,window_end,duel,2.6259999999999764,0.0090000000000145,Netherlands U21 - Ukraine U21,2.0,2.0,0,0,0,0,0,3.5299999999999727,3.5299999999999727,0,1,1,0,0,6.707000000000107,5.56899999999996,1,1,1,0,1,6.707000000000107,5.56899999999996,1,1,1,0,1,6.707000000000107,5.56899999999996,1,1,1,0,1,78.17,attacking_third,34.887517825147725,31.271573353446737,91.03,3.615944471700988,12.86,0.6079937868809832,1.8448696284188373,78.17,attacking_third,34.887517825147725,16.88162610651,93.97,18.005891718637724,15.829999999999998,0.757689938949747,5.115310147340288,78.17,attacking_third,34.887517825147725,1.0728000745712098,108.95,33.81471775057651,32.019999999999996,0.7505350045116358,5.062083495595238,78.17,attacking_third,34.887517825147725,1.0728000745712098,108.95,33.81471775057651,32.019999999999996,0.7505350045116358,5.062083495595238,78.17,attacking_third,34.887517825147725,1.0728000745712098,108.95,33.81471775057651,32.019999999999996,0.7505350045116358,5.062083495595238,25.67,22.3,0.9991653,0.66,1,Netherlands Under 21,netherlands u21,Netherlands U21 - Ukraine U21,netherlands u21,2,0,True,1,1,1,1,1
6,5706370,14628,2579478016,1,interception,2H,5172.212,1,opponent_on_ball,pass,3.7919999999994616,0.0120000000006257,Netherlands U21 - Ukraine U21,2.0,2.0,0,0,0,0,0,3.7919999999994616,3.7919999999994616,1,0,0,0,0,3.7919999999994616,3.7919999999994616,1,0,0,0,0,3.7919999999994616,3.7919999999994616,1,0,0,0,0,3.7919999999994616,3.7919999999994616,1,0,0,0,0,73.2,attacking_third,33.35633223242627,25.238591482093447,82.17,8.117740750332821,8.969999999999999,1.0,4.141704464455444,73.2,attacking_third,33.35633223242627,14.088608873838467,94.33,19.2677233585878,21.129999999999995,1.0,5.124394510262416,73.2,attacking_third,33.35633223242627,14.088608873838467,94.33,19.2677233585878,21.129999999999995,1.0,5.124394510262416,73.2,attacking_third,33.35633223242627,14.088608873838467,94.33,19.2677233585878,21.129999999999995,1.0,5.124394510262416,73.2,attacking_third,33.35633223242627,14.088608873838467,94.33,19.2677233585878,21.129999999999995,1.0,5.124394510262416,-20.700000000000003,-10.07,0.9962411,0.66,1,Ukraine Under 21,ukraine u21,Netherlands U21 - Ukraine U21,netherlands u21,2,0,False,0,0,1,1,0
6,5706371,7719,2579468114,1,duel_regain,1H,86.769,0,opponent_on_ball,pass,1.98299999999999,0.0090000000000003,Denmark U21 - Finland U21,1.98299999999999,1.98299999999999,1,0,0,0,0,4.760999999999996,4.760999999999996,2,0,1,0,0,4.760999999999996,4.760999999999996,2,0,1,0,0,4.760999999999996,4.760999999999996,2,0,1,0,0,4.760999999999996,4.760999999999996,2,0,1,0,0,34.21,defensive_third,73.50420532187256,64.18106418563033,46.37,9.323141136242228,12.159999999999997,0.7227524438586235,4.855802675126156,34.21,defensive_third,73.50420532187256,50.88658074581157,53.96,22.617624576060997,21.39,0.8001373088825067,4.7918696135722465,34.21,defensive_third,73.50420532187256,50.88658074581157,53.96,22.617624576060997,21.39,0.8001373088825067,4.7918696135722465,34.21,defensive_third,73.50420532187256,50.88658074581157,53.96,22.617624576060997,21.39,0.8001373088825067,4.7918696135722465,34.21,defensive_third,73.50420532187256,50.88658074581157,53.96,22.617624576060997,21.39,0.8001373088825067,4.7918696135722465,-18.29,19.79,0.9640657,0.66,1,Denmark Under 21,denmark u21,Denmark U21 - Finland U21,draw,2,2,False,0,0,0,0,0
6,5706371,5054,2579468455,1,duel_regain,1H,342.565,1,window_end,pass,1.7919999999999732,0.0049999999999954,Denmark U21 - Finland U21,1.7919999999999732,1.7919999999999732,1,0,0,0,0,4.4879999999999995,4.4879999999999995,2,0,0,0,0,6.540999999999997,6.540999999999997,2,0,0,0,0,6.540999999999997,6.540999999999997,2,0,0,0,0,6.540999999999997,6.540999999999997,2,0,0,0,0,61.66,middle_third,50.86236329546632,41.286000048442574,71.97,9.57636324702375,10.310000000000002,1.0,5.567653050595299,61.66,middle_third,50.86236329546632,29.874619662850943,85.52,20.98774363261538,23.86,1.0,4.7269692866250885,61.66,middle_third,50.86236329546632,26.797762966337327,90.05,24.064600329128996,28.39,1.0,3.713672890297707,61.66,middle_third,50.86236329546632,26.797762966337327,90.05,24.064600329128996,28.39,1.0,3.713672890297707,61.66,middle_third,50.86236329546632,26.797762966337327,90.05,24.064600329128996,28.39,1.0,3.713672890297707,-9.159999999999997,-26.619999999999997,0.9886479,0.66,1,Finland Under 21,finland u21,Denmark U21 - Finland U21,draw,2,2,False,0,0,0,1,0
6,5706371,7719,2579468258,1,interception,1H,715.979,0,game_interruption,pass,2.0979999999999563,0.0190000000000054,Denmark U21 - Finland U21,2.0,2.0,0,0,0,0,0,2.0979999999999563,2.0979999999999563,1,0,0,0,0,9.78699999999992,5.100999999999999,2,1,1,0,0,10.41999999999996,5.100999999999999,2,1,1,0,1,10.41999999999996,5.100999999999999,2,1,1,0,1,79.4,attacking_third,42.36062440521857,34.00654201767654,86.68,8.354082387542036,7.280000000000001,1.0,4.262286932419327,79.4,attacking_third,42.36062440521857,33.66396292773624,86.8,8.69666147748233,7.399999999999992,1.0,4.2630693517071006,79.4,attacking_third,42.36062440521857,5.207475396005249,108.38,37.15314900921332,29.319999999999993,0.817467545576158,3.806675103403008,79.4,attacking_third,42.36062440521857,5.207475396005249,107.3,37.15314900921332,29.319999999999993,0.7973701084936963,3.5862112943256057,79.4,attacking_third,42.36062440521857,5.207475396005249,107.3,37.15314900921332,29.319999999999993,0.7973701084936963,3.5862112943256057,26.90000000000001,-33.75,0.9982938,0.66,1,Denmark Under 21,denmark u21,Denmark U21 - Finland U21,draw,2,2,False,1,1,1,1,1
6,5706371,5054,2579468682,1,duel_regain,1H,1006.906,1,opponent_on_ball,duel,2.633000000000038,0.01400000000001,Denmark U21 - Finland U21,2.0,2.0,0,0,0,0,0,2.633000000000038,2.633000000000038,0,0,1,0,0,6.182999999999993,6.182999999999993,0,0,2,0,0,13.791000000000054,13.791000000000054,2,0,3,0,0,13.791000000000054,13.791000000000054,2,0,3,0,0,33.489999999999995,defensive_third,76.88785729879588,76.88785729879588,30.65000000000001,0.0,0.0,0.0,0.0,33.489999999999995,defensive_third,76.88785729879588,76.88785729879588,30.989999999999995,0.0,0.0,0.0,0.0,33.489999999999995,defensive_third,76.88785729879588,73.34157483992281,36.400000000000006,3.5462824588730655,3.030000000000001,0.3844755188567821,0.575695204362503,33.489999999999995,defensive_third,76.88785729879588,27.80187223911368,83.03999999999999,49.0859850596822,49.55,0.808574986988488,3.5672954258489997,33.489999999999995,defensive_third,76.88785729879588,27.80187223911368,83.03999999999999,49.0859850596822,49.55,0.808574986988488,3.5672954258489997,19.010000000000005,-28.25,0.99270976,0.66,1,Finland Under 21,finland u21,Denmark U21 - Finland U21,draw,2,2,False,0,0,0,1,0
6,5706371,7719,2579468314,1,interception,1H,1022.72,0,opponent_on_ball,pass,4.010999999999967,0.0,Denmark U21 - Finland U21,2.0,2.0,0,0,0,0,0,4.010999999999967,4.010999999999967,1,0,0,0,0,4.010999999999967,4.010999999999967,1,0,0,0,0,12.404999999999973,11.399999999999864,3,0,0,0,0,12.404999999999973,11.399999999999864,3,0,0,0,0,31.84,defensive_third,73.30636056987142,68.59124215233311,36.44,4.7151184175383065,4.599999999999998,1.0,2.3575592087691533,31.84,defensive_third,73.30636056987142,66.01911011214858,39.05,7.287250457722834,7.209999999999997,0.9996689925065462,1.8218126144307083,31.84,defensive_third,73.30636056987142,66.01911011214858,39.05,7.287250457722834,7.209999999999997,0.9996689925065462,1.8218126144307083,31.84,defensive_third,73.30636056987142,20.28863967840131,80.1,53.017720891470105,62.209999999999994,0.5628060732718223,4.275622652537959,31.84,defensive_third,73.30636056987142,20.28863967840131,80.1,53.017720891470105,62.209999999999994,0.5628060732718223,4.275622652537959,-20.66,-4.630000000000003,0.9982742,0.66,1,Denmark Under 21,denmark u21,Denmark U21 - Finland U21,draw,2,2,False,0,0,0,1,0
6,5706371,5054,2579469256,1,duel_regain,2H,2958.472,1,window_end,pass,1.4289999999996326,0.0079999999998108,Denmark U21 - Finland U21,1.4289999999996326,1.4289999999996326,1,0,0,0,0,3.634999999999763,3.634999999999763,2,0,1,0,0,8.971000000000004,4.7280000000000655,3,0,2,0,0,8.971000000000004,4.7280000000000655,3,0,2,0,0,8.971000000000004,4.7280000000000655,3,0,2,0,0,84.93,attacking_third,30.63865858682458,27.112751612479325,82.27,3.5259069743452542,0.0,1.0,2.518504981675018,84.93,attacking_third,30.63865858682458,8.194736115336477,97.39,22.4439224714881,12.459999999999994,1.0,6.234422908746852,84.93,attacking_third,30.63865858682458,3.761090267462347,107.64,26.877568319362233,23.379999999999995,0.6154477117567859,2.9997286070716656,84.93,attacking_third,30.63865858682458,3.761090267462347,107.64,26.877568319362233,23.379999999999995,0.6154477117567859,2.9997286070716656,84.93,attacking_third,30.63865858682458,3.761090267462347,107.64,26.877568319362233,23.379999999999995,0.6154477117567859,2.9997286070716656,-32.43000000000001,23.15,0.98122644,0.66,1,Finland Under 21,finland u21,Denmark U21 - Finland U21,draw,2,2,False,0,0,1,1,0
6,5706371,7719,2579469333,1,interception,2H,5407.652,0,window_end,pass,3.82799999999952,0.0119999999997162,Denmark U21 - Finland U21,2.0,2.0,0,0,0,0,0,3.82799999999952,3.82799999999952,1,0,0,0,0,7.98700000000008,7.266999999999825,2,0,0,0,0,14.890999999999622,14.170999999999369,3,0,1,0,1,19.873999999999796,18.26800000000003,4,0,1,0,2,5.489999999999995,defensive_third,99.73328932708478,99.6980365904966,5.439999999999998,0.0352527365881769,0.0300000000000011,0.2773033797009684,0.0179860900960083,5.489999999999995,defensive_third,99.73328932708478,99.6980365904966,5.409999999999997,0.0352527365881769,0.0300000000000011,0.2234948488970708,0.0092770359442588,5.489999999999995,defensive_third,99.73328932708478,39.16240033501522,66.9,60.570888992069555,61.41000000000001,0.9940593023866784,7.647839519200631,5.489999999999995,defensive_third,99.73328932708478,25.50778116575411,79.0,74.22550816133067,74.01,0.8020927828095534,5.001718878795818,5.489999999999995,defensive_third,99.73328932708478,25.50778116575411,58.25,74.22550816133067,74.01,0.6261393332165088,3.914847476863424,-47.010000000000005,-6.670000000000002,0.9751018,0.66,1,Denmark Under 21,denmark u21,Denmark U21 - Finland U21,draw,2,2,False,1,1,0,1,0
6,5706373,3155,2579547811,1,duel_regain,1H,934.586,1,opponent_on_ball,pass,1.5259999999999536,0.01400000000001,England U21 - Germany U21,1.5259999999999536,1.5259999999999536,1,0,0,0,0,3.545999999999935,3.545999999999935,1,1,0,0,0,3.545999999999935,3.545999999999935,1,1,0,0,0,3.545999999999935,3.545999999999935,1,1,0,0,0,3.545999999999935,3.545999999999935,1,1,0,0,0,57.84,middle_third,47.1796057635076,34.58167289186571,71.61,12.597932871641897,13.769999999999996,1.0,8.512116805163338,57.84,middle_third,47.1796057635076,20.50534564448988,86.46000000000001,26.674260119017724,28.620000000000005,1.0,7.577914806539165,57.84,middle_third,47.1796057635076,20.50534564448988,86.46000000000001,26.674260119017724,28.620000000000005,1.0,7.577914806539165,57.84,middle_third,47.1796057635076,20.50534564448988,86.46000000000001,26.674260119017724,28.620000000000005,1.0,7.577914806539165,57.84,middle_third,47.1796057635076,20.50534564448988,86.46000000000001,26.674260119017724,28.620000000000005,1.0,7.577914806539165,-5.340000000000003,1.3599999999999994,0.80252224,0.66,1,Germany Under 21,germany u21,England U21 - Germany U21,germany u21,1,2,True,0,0,0,1,0
6,5706373,2420,2579547803,1,duel_regain,1H,1077.044,0,game_interruption,duel,0.7959999999998217,0.0040000000001327,England U21 - Germany U21,1.3070000000000164,1.3070000000000164,1,0,2,0,0,3.7679999999998017,3.7679999999998017,2,1,2,0,0,9.661999999999807,9.661999999999807,3,1,2,0,1,9.661999999999807,9.661999999999807,3,1,2,0,1,9.661999999999807,9.661999999999807,3,1,2,0,1,49.09,middle_third,55.91377826618408,51.88782612520975,53.13,4.025952140974333,4.039999999999999,1.0,3.246735597559922,49.09,middle_third,55.91377826618408,41.88857242733392,63.34,14.025205838850162,14.25,1.0,3.77021662334679,49.09,middle_third,55.91377826618408,5.408003328401349,99.45,50.50577493778273,51.22999999999999,0.9840746214245496,5.261018222685626,49.09,middle_third,55.91377826618408,5.408003328401349,99.45,50.50577493778273,51.22999999999999,0.9840746214245496,5.261018222685626,49.09,middle_third,55.91377826618408,5.408003328401349,99.45,50.50577493778273,51.22999999999999,0.9840746214245496,5.261018222685626,-3.4099999999999966,0.6499999999999986,0.99982977,0.66,1,England Under 21,england u21,England U21 - Germany U21,germany u21,1,2,False,1,1,1,1,1
6,5706373,3155,2579547891,1,duel_regain,1H,1280.423,1,game_interruption,none,,0.0170000000000527,England U21 - Germany U21,2.0,2.0,0,0,0,0,0,5.0,5.0,0,0,0,0,0,9.258000000000038,9.258000000000038,2,0,0,0,1,9.258000000000038,9.258000000000038,2,0,0,0,1,9.258000000000038,9.258000000000038,2,0,0,0,1,69.72999999999999,middle_third,42.984390189928256,32.465213690964674,79.99,10.51917649896358,10.260000000000003,1.0,5.3669267851854014,69.72999999999999,middle_third,42.984390189928256,24.46071339924492,87.92,18.523676790683336,18.190000000000012,1.0,3.734612256186129,69.72999999999999,middle_third,42.984390189928256,6.928347566339323,99.26,36.05604262358894,29.53,0.9975589321586674,3.902169115107024,69.72999999999999,middle_third,42.984390189928256,6.928347566339323,99.26,36.05604262358894,29.53,0.9975589321586674,3.902169115107024,69.72999999999999,middle_third,42.984390189928256,6.928347566339323,99.26,36.05604262358894,29.53,0.9975589321586674,3.902169115107024,-17.229999999999997,24.57,0.9961689,0.66,1,Germany Under 21,germany u21,England U21 - Germany U21,germany u21,1,2,True,1,1,1,1,1
6,5706373,2420,2579547996,0,duel_regain,1H,1885.603,0,opponent_on_ball,pass,1.4139999999999873,0.0769999999999981,England U21 - Germany U21,1.4139999999999873,1.336999999999989,1,0,0,0,0,3.418999999999869,3.341999999999871,2,1,0,0,0,8.030999999999949,7.953999999999951,2,2,1,0,0,8.030999999999949,7.953999999999951,2,2,1,0,0,8.030999999999949,7.953999999999951,2,2,1,0,0,53.73,middle_third,51.270035108238424,48.652125338981854,56.78,2.6179097692565705,3.0500000000000043,1.0,1.9832649767096189,53.73,middle_third,51.270035108238424,40.69404133285363,66.89,10.575993775384797,13.160000000000004,1.0,3.185540293790662,53.73,middle_third,51.270035108238424,24.34275662286423,84.07,26.927278485374195,30.339999999999996,0.9590610479778652,3.3999088996685254,53.73,middle_third,51.270035108238424,24.34275662286423,84.07,26.927278485374195,30.339999999999996,0.9590610479778652,3.3999088996685254,53.73,middle_third,51.270035108238424,24.34275662286423,84.07,26.927278485374195,30.339999999999996,0.9590610479778652,3.3999088996685254,1.2299999999999969,-0.0600000000000022,0.9518925,0.66,1,England Under 21,england u21,England U21 - Germany U21,germany u21,1,2,False,0,0,0,1,0
6,5706373,3155,2579548277,1,duel_regain,1H,1895.717,1,opponent_on_ball,none,,0.002999999999929,England U21 - Germany U21,0.0269999999998162,0.0269999999998162,0,0,0,0,0,2.487999999999829,2.487999999999829,0,0,0,0,0,7.755999999999858,7.755999999999858,2,0,0,0,0,7.755999999999858,7.755999999999858,2,0,0,0,0,7.755999999999858,7.755999999999858,2,0,0,0,0,,,,,,,,,,22.44,defensive_third,83.38350976062355,67.30028603208162,38.78,16.083223728541938,16.340000000000003,1.0,6.485170858282992,22.44,defensive_third,83.38350976062355,37.49949599661308,81.99,45.88401376401048,59.55,1.0,5.9435250989650665,22.44,defensive_third,83.38350976062355,37.49949599661308,81.99,45.88401376401048,59.55,1.0,5.9435250989650665,22.44,defensive_third,83.38350976062355,37.49949599661308,81.99,45.88401376401048,59.55,1.0,5.9435250989650665,30.06,-11.689999999999998,0.98929614,0.66,1,Germany Under 21,germany u21,England U21 - Germany U21,germany u21,1,2,True,0,0,0,0,0
6,5706374,9910,2581948065,1,duel_regain,1H,530.005,0,game_interruption,pass,3.3210000000000264,0.0049999999999954,Portugal U21 - Netherlands U21,2.0,2.0,0,0,0,0,0,3.3210000000000264,3.3210000000000264,1,0,0,0,0,6.352999999999952,4.9950000000000045,1,0,1,0,1,6.352999999999952,4.9950000000000045,1,0,1,0,1,6.352999999999952,4.9950000000000045,1,0,1,0,1,65.75,middle_third,40.033197474096426,27.58981152527143,78.41,12.443385948824996,12.659999999999997,1.0,6.348666300420799,65.75,middle_third,40.033197474096426,18.122254274786012,90.56,21.910943199310413,24.81,1.0,6.680165609545682,65.75,middle_third,40.033197474096426,15.528296751414812,95.76,24.50490072268161,30.019999999999996,0.9996720882688483,4.940504177959966,65.75,middle_third,40.033197474096426,15.528296751414812,95.76,24.50490072268161,30.019999999999996,0.9996720882688483,4.940504177959966,65.75,middle_third,40.033197474096426,15.528296751414812,95.76,24.50490072268161,30.019999999999996,0.9996720882688483,4.940504177959966,13.25,-7.880000000000003,0.9986524,0.66,1,Portugal Under 21,portugal u21,Portugal U21 - Netherlands U21,netherlands u21,0,1,False,1,1,1,1,1
6,5706374,670,2581948652,1,interception,1H,1036.386,1,opponent_on_ball,duel,0.79300000000012,0.0140000000001236,Portugal U21 - Netherlands U21,0.79300000000012,0.79300000000012,0,0,1,0,0,0.79300000000012,0.79300000000012,0,0,1,0,0,6.357999999999947,6.357999999999947,1,0,2,0,0,6.357999999999947,6.357999999999947,1,0,2,0,0,6.357999999999947,6.357999999999947,1,0,2,0,0,43.69,middle_third,66.42461667183335,66.42461667183335,40.0,0.0,0.0,0.0,0.0,43.69,middle_third,66.42461667183335,66.42461667183335,40.0,0.0,0.0,0.0,0.0,43.69,middle_third,66.42461667183335,42.42063766611719,69.33,24.00397900571616,25.64,0.5648748675825588,3.798097943942469,43.69,middle_third,66.42461667183335,42.42063766611719,69.33,24.00397900571616,25.64,0.5648748675825588,3.798097943942469,43.69,middle_third,66.42461667183335,42.42063766611719,69.33,24.00397900571616,25.64,0.5648748675825588,3.798097943942469,8.810000000000002,-25.56,0.9955532,0.66,1,Netherlands Under 21,netherlands u21,Portugal U21 - Netherlands U21,netherlands u21,0,1,True,0,0,0,0,0
6,5706374,9910,2581948256,1,duel_regain,1H,1869.927,0,opponent_on_ball,pass,1.125,0.0069999999998344,Portugal U21 - Netherlands U21,1.125,1.125,1,0,0,0,0,4.324000000000069,4.324000000000069,2,0,0,0,0,5.436000000000149,5.436000000000149,3,0,0,0,0,5.436000000000149,5.436000000000149,3,0,0,0,0,5.436000000000149,5.436000000000149,3,0,0,0,0,61.63,middle_third,48.225978476335754,43.47945031851254,65.49,4.746528157823214,3.859999999999992,1.0,4.394933479466235,61.63,middle_third,48.225978476335754,30.700249184656467,74.97,17.525729291679287,13.339999999999996,0.991534522628946,4.094796563476495,61.63,middle_third,48.225978476335754,29.49628451178215,73.41,18.729693964553604,14.550000000000004,0.7967489659158324,3.468461845287792,61.63,middle_third,48.225978476335754,29.49628451178215,73.41,18.729693964553604,14.550000000000004,0.7967489659158324,3.468461845287792,61.63,middle_third,48.225978476335754,29.49628451178215,73.41,18.729693964553604,14.550000000000004,0.7967489659158324,3.468461845287792,9.130000000000004,21.09,0.9533133,0.66,1,Portugal Under 21,portugal u21,Portugal U21 - Netherlands U21,netherlands u21,0,1,False,0,0,0,1,0
6,5706374,670,2581949545,1,duel_regain,2H,5018.316,1,window_end,pass,2.2390000000004875,0.0039999999999054,Portugal U21 - Netherlands U21,2.0,2.0,0,0,0,0,0,3.0270000000000437,3.0270000000000437,2,0,0,0,0,9.516000000000531,9.516000000000531,2,1,1,0,1,9.516000000000531,9.516000000000531,2,1,1,0,1,9.516000000000531,9.516000000000531,2,1,1,0,1,22.21,defensive_third,87.08147966129192,86.24831882419507,22.41,0.8331608370968553,0.2899999999999991,0.2823182308111998,0.4250820597430884,22.21,defensive_third,87.08147966129192,77.92187112743122,29.42,9.159608533860704,7.210000000000001,0.7919009574844175,3.0532028446202353,22.21,defensive_third,87.08147966129192,24.86250992961089,91.38,62.21896973168103,69.16999999999999,0.9610674032590726,6.56318246114746,22.21,defensive_third,87.08147966129192,24.86250992961089,91.38,62.21896973168103,69.16999999999999,0.9610674032590726,6.56318246114746,22.21,defensive_third,87.08147966129192,24.86250992961089,91.38,62.21896973168103,69.16999999999999,0.9610674032590726,6.56318246114746,30.29,-27.0,0.999255,0.66,1,Netherlands Under 21,netherlands u21,Portugal U21 - Netherlands U21,netherlands u21,0,1,True,1,1,0,1,0
6,5706375,1604,2581805814,1,duel_regain,1H,90.878,0,opponent_on_ball,touch,0.9059999999999916,0.0019999999999953,Spain U21 - England U21,0.9059999999999916,0.8259999999999934,0,1,0,0,0,4.3870000000000005,4.307000000000002,0,2,0,0,1,4.3870000000000005,4.307000000000002,0,2,0,0,1,4.3870000000000005,4.307000000000002,0,2,0,0,1,4.3870000000000005,4.307000000000002,0,2,0,0,1,53.68,middle_third,54.74510023737284,38.597028383024515,75.25,16.148071854348323,21.57,0.9566956661493414,18.350081652668347,53.68,middle_third,54.74510023737284,15.575419737522324,90.61,39.169680499850514,36.93,0.9814401480492366,8.983871674277642,53.68,middle_third,54.74510023737284,15.575419737522324,90.61,39.169680499850514,36.93,0.9814401480492366,8.983871674277642,53.68,middle_third,54.74510023737284,15.575419737522324,90.61,39.169680499850514,36.93,0.9814401480492366,8.983871674277642,53.68,middle_third,54.74510023737284,15.575419737522324,90.61,39.169680499850514,36.93,0.9814401480492366,8.983871674277642,1.1799999999999995,19.06,0.9594304,0.66,1,Spain Under 21,spain u21,Spain U21 - England U21,england u21,1,3,False,1,1,1,1,1
6,5706375,1604,2581805819,1,interception,1H,304.752,0,opponent_on_ball,pass,2.375,0.0079999999999813,Spain U21 - England U21,2.0,2.0,0,0,0,0,0,3.6119999999999663,3.6119999999999663,2,0,0,0,0,3.6119999999999663,3.6119999999999663,2,0,0,0,0,3.6119999999999663,3.6119999999999663,2,0,0,0,0,3.6119999999999663,3.6119999999999663,2,0,0,0,0,61.78,middle_third,52.48634870135281,43.150556195720114,72.68,9.335792505632696,10.900000000000006,0.9759850573311192,4.763159441649246,61.78,middle_third,52.48634870135281,38.466703783922014,78.33,14.019644917430796,16.549999999999997,0.9838789169055684,3.894345810397419,61.78,middle_third,52.48634870135281,38.466703783922014,78.33,14.019644917430796,16.549999999999997,0.9838789169055684,3.894345810397419,61.78,middle_third,52.48634870135281,38.466703783922014,78.33,14.019644917430796,16.549999999999997,0.9838789169055684,3.894345810397419,61.78,middle_third,52.48634870135281,38.466703783922014,78.33,14.019644917430796,16.549999999999997,0.9838789169055684,3.894345810397419,9.28,29.78,0.9931692,0.66,1,Spain Under 21,spain u21,Spain U21 - England U21,england u21,1,3,False,0,0,0,0,0
6,5706375,1604,2581806031,1,duel_regain,1H,1815.018,0,opponent_on_ball,pass,1.372000000000071,0.0180000000000291,Spain U21 - England U21,1.372000000000071,1.372000000000071,1,0,0,0,0,4.219000000000051,3.4220000000000255,1,1,1,0,0,8.011999999999944,3.4220000000000255,2,2,1,0,0,11.995999999999867,7.395999999999958,3,2,1,0,0,11.995999999999867,7.395999999999958,3,2,1,0,0,35.56,middle_third,70.285635089967,59.404329808524906,45.62,10.881305281442096,10.059999999999995,1.0,8.243413092001985,35.56,middle_third,70.285635089967,49.847737160276395,55.25,20.437897929690607,19.69,1.0,6.011146449908841,35.56,middle_third,70.285635089967,49.847737160276395,55.25,20.437897929690607,19.69,1.0,6.011146449908841,35.56,middle_third,70.285635089967,25.203581094757155,89.02,45.08205399520985,53.459999999999994,1.0000000000000002,3.769402507960678,35.56,middle_third,70.285635089967,25.203581094757155,89.02,45.08205399520985,53.459999999999994,1.0000000000000002,3.769402507960678,-16.939999999999998,10.87,0.9869332,0.66,1,Spain Under 21,spain u21,Spain U21 - England U21,england u21,1,3,False,0,0,0,1,0
6,5706375,2420,2581807162,1,interception,2H,3457.5,1,opponent_on_ball,pass,2.4029999999997926,0.019999999999527,Spain U21 - England U21,2.0,2.0,0,0,0,0,0,4.2159999999998945,4.2159999999998945,2,0,0,0,0,5.108000000000175,5.108000000000175,2,0,1,0,0,5.108000000000175,5.108000000000175,2,0,1,0,0,5.108000000000175,5.108000000000175,2,0,1,0,0,40.52,middle_third,64.6966343792318,54.36364226208543,51.28,10.332992117146368,11.139999999999992,0.8956815806455104,5.271934753646009,40.52,middle_third,64.6966343792318,45.37231865355792,60.07,19.324315725673877,19.549999999999997,0.9163332914376904,4.645268203286644,40.52,middle_third,64.6966343792318,41.210059451546535,63.89,23.48657492768526,23.369999999999997,0.9301245282490134,4.623341521197538,40.52,middle_third,64.6966343792318,41.210059451546535,63.89,23.48657492768526,23.369999999999997,0.9301245282490134,4.623341521197538,40.52,middle_third,64.6966343792318,41.210059451546535,63.89,23.48657492768526,23.369999999999997,0.9301245282490134,4.623341521197538,11.979999999999997,-5.289999999999999,0.99369085,0.66,1,England Under 21,england u21,Spain U21 - England U21,england u21,1,3,True,0,0,0,0,0
6,5706375,2420,2581807267,1,duel_regain,2H,4137.731,1,opponent_on_ball,pass,0.7190000000000509,0.011000000000422,Spain U21 - England U21,0.7190000000000509,0.7190000000000509,1,0,0,0,0,3.967000000000553,3.967000000000553,2,0,1,0,0,3.967000000000553,3.967000000000553,2,0,1,0,0,3.967000000000553,3.967000000000553,2,0,1,0,0,3.967000000000553,3.967000000000553,2,0,1,0,0,81.47,attacking_third,27.82948975457509,22.429846187613503,84.36,5.399643566961586,2.890000000000001,1.0,7.940652304362496,81.47,attacking_third,27.82948975457509,7.240062154429334,97.76,20.58942760014575,16.290000000000006,0.9866551362038328,5.2524050000370845,81.47,attacking_third,27.82948975457509,7.240062154429334,97.76,20.58942760014575,16.290000000000006,0.9866551362038328,5.2524050000370845,81.47,attacking_third,27.82948975457509,7.240062154429334,97.76,20.58942760014575,16.290000000000006,0.9866551362038328,5.2524050000370845,81.47,attacking_third,27.82948975457509,7.240062154429334,97.76,20.58942760014575,16.290000000000006,0.9866551362038328,5.2524050000370845,-28.97,14.86,0.99886596,0.66,1,England Under 21,england u21,Spain U21 - England U21,england u21,1,3,True,0,0,1,1,0
6,5706376,3155,2583235461,0,interception,1H,2090.842,0,opponent_on_ball,touch,3.0670000000000073,0.0019999999999527,Germany U21 - Italy U21,2.0,0.0,0,0,0,0,0,3.0670000000000073,0.0,0,1,0,0,0,9.719000000000053,0.0,1,1,2,0,0,12.455999999999676,0.0,2,1,3,0,0,12.455999999999676,0.0,2,1,3,0,0,31.42,defensive_third,73.59113261799956,62.806448713488,42.2,10.78468390451156,10.78,1.0,5.502389747199674,31.42,defensive_third,73.59113261799956,55.27583287477449,49.76,18.315299743225076,18.339999999999996,1.0,6.105099914408359,31.42,defensive_third,73.59113261799956,17.684742011123593,88.58,55.90639060687597,57.760000000000005,0.9998511733108948,5.775453575090591,31.42,defensive_third,73.59113261799956,4.76151236478495,102.48,68.82962025321461,71.06,0.9866928872088516,5.550775826872106,31.42,defensive_third,73.59113261799956,4.76151236478495,102.48,68.82962025321461,71.06,0.9866928872088516,5.550775826872106,-21.08,-1.2800000000000011,0.93698734,0.66,1,Germany Under 21,germany u21,Germany U21 - Italy U21,germany u21,3,2,True,0,0,1,1,0
6,5706377,4425,2583136634,1,interception,1H,444.215,1,opponent_on_ball,none,,0.0149999999999863,Denmark U21 - France U21,1.1330000000000382,1.1330000000000382,0,0,0,0,0,1.1330000000000382,1.1330000000000382,0,0,0,0,0,6.5680000000000405,6.5680000000000405,1,0,0,0,0,13.575000000000044,13.575000000000044,1,0,2,0,0,13.575000000000044,13.575000000000044,1,0,2,0,0,15.909999999999997,defensive_third,89.32607793919982,83.23200886678154,22.319999999999993,6.094069072418279,6.409999999999997,1.0,5.642656548535526,15.909999999999997,defensive_third,89.32607793919982,83.23200886678154,22.319999999999993,6.094069072418279,6.409999999999997,1.0,5.642656548535526,15.909999999999997,defensive_third,89.32607793919982,36.29572151094395,70.87,53.030356428255864,54.96000000000001,1.0,8.133490249732517,15.909999999999997,defensive_third,89.32607793919982,24.929189718079485,96.91,64.39688822112034,81.0,0.8597029893767899,4.763083448307723,15.909999999999997,defensive_third,89.32607793919982,24.929189718079485,96.91,64.39688822112034,81.0,0.8597029893767899,4.763083448307723,36.59,6.489999999999998,0.99908817,0.66,1,France Under 21,france u21,Denmark U21 - France U21,france u21,2,3,True,0,0,0,1,0
6,5706377,7719,2583137097,0,duel_regain,1H,1971.376,0,window_end,pass,2.372000000000071,0.0160000000000763,Denmark U21 - France U21,2.0,2.0,0,0,0,0,0,4.865000000000009,4.865000000000009,1,0,1,0,0,7.873000000000047,7.873000000000047,1,0,1,0,0,7.873000000000047,7.873000000000047,1,0,1,0,0,7.873000000000047,7.873000000000047,1,0,1,0,0,23.84,defensive_third,82.31150587858298,72.77497440741563,35.63,9.53653147116735,11.790000000000004,0.940009828069604,4.8655772812083065,23.84,defensive_third,82.31150587858298,58.40056506575943,50.08,23.910940812823547,26.24,0.97517863438213,4.940277027442965,23.84,defensive_third,82.31150587858298,51.93233000742408,56.38,30.3791758711589,32.540000000000006,0.9803597220103648,3.8748948815254103,23.84,defensive_third,82.31150587858298,51.93233000742408,56.38,30.3791758711589,32.540000000000006,0.9803597220103648,3.8748948815254103,23.84,defensive_third,82.31150587858298,51.93233000742408,56.38,30.3791758711589,32.540000000000006,0.9803597220103648,3.8748948815254103,-28.66,13.72,0.68957525,0.66,1,Denmark Under 21,denmark u21,Denmark U21 - France U21,france u21,2,3,False,0,0,0,0,0
6,5706377,4425,2583137245,1,interception,1H,2100.149,1,opponent_on_ball,touch,0.8760000000002037,0.0109999999999672,Denmark U21 - France U21,1.98700000000008,1.98700000000008,0,1,0,0,0,3.809000000000197,3.608999999999923,1,1,2,0,0,3.809000000000197,3.608999999999923,1,1,2,0,0,3.809000000000197,3.608999999999923,1,1,2,0,0,3.809000000000197,3.608999999999923,1,1,2,0,0,88.32,attacking_third,27.992370389089956,24.28812467029927,100.01,3.704245718790688,11.689999999999998,1.0,1.8899212850972544,88.32,attacking_third,27.992370389089956,14.294117671266036,96.47,13.69825271782392,17.330000000000013,0.9691886827997525,3.64315231856998,88.32,attacking_third,27.992370389089956,14.294117671266036,96.47,13.69825271782392,17.330000000000013,0.9691886827997525,3.64315231856998,88.32,attacking_third,27.992370389089956,14.294117671266036,96.47,13.69825271782392,17.330000000000013,0.9691886827997525,3.64315231856998,88.32,attacking_third,27.992370389089956,14.294117671266036,96.47,13.69825271782392,17.330000000000013,0.9691886827997525,3.64315231856998,-35.82,22.48,0.99776995,0.66,1,France Under 21,france u21,Denmark U21 - France U21,france u21,2,3,True,0,0,1,1,0
6,5706378,670,2586437385,1,interception,1H,249.888,1,opponent_on_ball,pass,2.151999999999987,0.0080000000000097,England U21 - Netherlands U21,2.0,2.0,0,0,0,0,0,4.606999999999999,4.606999999999999,1,1,0,0,0,9.335999999999984,9.335999999999984,1,1,1,0,1,9.335999999999984,9.335999999999984,1,1,1,0,1,9.335999999999984,9.335999999999984,1,1,1,0,1,54.92,middle_third,54.67914501891923,47.88318494001835,62.15,6.795960078900883,7.229999999999997,1.0,3.4673265708677836,54.92,middle_third,54.67914501891923,38.93174540140732,78.18,15.747399617511917,23.260000000000005,1.0,3.4533771091034886,54.92,middle_third,54.67914501891923,22.084284004694386,84.6,32.594861014224854,30.239999999999995,0.9700204645433206,3.512377264463885,54.92,middle_third,54.67914501891923,22.084284004694386,84.6,32.594861014224854,30.239999999999995,0.9700204645433206,3.512377264463885,54.92,middle_third,54.67914501891923,22.084284004694386,84.6,32.594861014224854,30.239999999999995,0.9700204645433206,3.512377264463885,-2.4200000000000017,21.95,0.9993635,0.66,1,Netherlands Under 21,netherlands u21,England U21 - Netherlands U21,england u21,2,1,False,1,1,0,1,0
6,5706378,670,2586437451,1,duel_regain,1H,385.371,1,opponent_on_ball,none,,0.0109999999999672,England U21 - Netherlands U21,0.0800000000000409,0.0800000000000409,0,0,0,0,0,0.0800000000000409,0.0800000000000409,0,0,0,0,0,9.475000000000025,9.475000000000025,1,0,1,0,0,12.942000000000007,12.942000000000007,2,0,1,0,0,12.942000000000007,12.942000000000007,2,0,1,0,0,19.489999999999995,defensive_third,85.59218772761918,85.42631093521479,19.65000000000001,0.16587679240439,0.1600000000000108,1.0,4.146919810107629,19.489999999999995,defensive_third,85.59218772761918,85.42631093521479,19.65000000000001,0.16587679240439,0.1600000000000108,1.0,4.146919810107629,19.489999999999995,defensive_third,85.59218772761918,24.866654378906706,90.61,60.725533348712474,71.12,0.9999838303850868,6.432789549651747,19.489999999999995,defensive_third,85.59218772761918,12.93689298092861,95.88,72.65529474669057,82.9,0.9964062959880564,5.640939033128152,19.489999999999995,defensive_third,85.59218772761918,12.93689298092861,95.88,72.65529474669057,82.9,0.9964062959880564,5.640939033128152,33.010000000000005,3.75,0.9994978,0.66,1,Netherlands Under 21,netherlands u21,England U21 - Netherlands U21,england u21,2,1,False,0,0,1,1,0
6,5706378,2420,2586438044,1,interception,2H,2780.033,0,opponent_on_ball,touch,0.7260000000001128,0.0070000000000618,England U21 - Netherlands U21,1.5700000000001637,1.5700000000001637,1,1,0,0,0,4.44399999999996,4.44399999999996,2,1,0,0,0,9.664999999999964,6.007000000000062,2,2,1,0,0,13.23700000000008,7.51700000000028,3,3,2,0,1,13.23700000000008,7.51700000000028,3,3,2,0,1,32.12,defensive_third,73.50564128010855,57.77910435442903,48.15,15.726536925679518,16.03,1.0,10.08111341389748,32.12,defensive_third,73.50564128010855,46.60483451317042,67.4,26.900806766938132,35.29,0.9373641534881646,6.11381971975854,32.12,defensive_third,73.50564128010855,40.455917984888195,79.03,33.04972329522035,46.91,0.87823225997088,5.508287215870059,32.12,defensive_third,73.50564128010855,10.321128814233449,104.45,63.1845124658751,76.9,0.8011068377972659,4.786705489839089,32.12,defensive_third,73.50564128010855,10.321128814233449,104.45,63.1845124658751,76.9,0.8011068377972659,4.786705489839089,-20.380000000000003,-9.57,0.9975363,0.66,1,England Under 21,england u21,England U21 - Netherlands U21,england u21,2,1,True,1,1,1,1,1
6,5706379,4425,2586439518,1,duel_regain,1H,94.316,1,opponent_on_ball,pass,1.1910000000000025,0.0039999999999906,Germany U21 - France U21,1.1910000000000025,1.1910000000000025,1,0,0,0,0,4.804000000000002,4.804000000000002,3,0,0,0,0,4.804000000000002,4.804000000000002,3,0,0,0,0,4.804000000000002,4.804000000000002,3,0,0,0,0,4.804000000000002,4.804000000000002,3,0,0,0,0,70.78999999999999,attacking_third,38.545320079096506,32.02836555305313,74.99,6.516954526043378,4.200000000000003,1.0,5.618064246589067,70.78999999999999,attacking_third,38.545320079096506,17.219018555074502,88.35,21.326301524022004,21.190000000000012,0.7845343827295698,4.44297948417124,70.78999999999999,attacking_third,38.545320079096506,17.219018555074502,88.35,21.326301524022004,21.190000000000012,0.7845343827295698,4.44297948417124,70.78999999999999,attacking_third,38.545320079096506,17.219018555074502,88.35,21.326301524022004,21.190000000000012,0.7845343827295698,4.44297948417124,70.78999999999999,attacking_third,38.545320079096506,17.219018555074502,88.35,21.326301524022004,21.190000000000012,0.7845343827295698,4.44297948417124,-18.29,-17.759999999999998,0.99635845,0.66,1,France Under 21,france u21,Germany U21 - France U21,germany u21,3,0,False,0,0,1,1,0
6,5706379,4425,2586439611,1,interception,1H,404.925,1,opponent_on_ball,duel,1.2489999999999668,0.0049999999999954,Germany U21 - France U21,1.8700000000000043,1.8700000000000043,0,0,1,0,0,2.923999999999978,2.923999999999978,1,0,1,0,0,2.923999999999978,2.923999999999978,1,0,1,0,0,2.923999999999978,2.923999999999978,1,0,1,0,0,2.923999999999978,2.923999999999978,1,0,1,0,0,99.32,attacking_third,21.262702086047295,10.048721311689365,99.22,11.213980774357935,4.170000000000016,0.8600775357737609,6.229989319087703,99.32,attacking_third,21.262702086047295,8.334614568172903,95.97,12.928087517874395,4.170000000000016,0.7173019292106294,4.488919277039728,99.32,attacking_third,21.262702086047295,8.334614568172903,95.97,12.928087517874395,4.170000000000016,0.7173019292106294,4.488919277039728,99.32,attacking_third,21.262702086047295,8.334614568172903,95.97,12.928087517874395,4.170000000000016,0.7173019292106294,4.488919277039728,99.32,attacking_third,21.262702086047295,8.334614568172903,95.97,12.928087517874395,4.170000000000016,0.7173019292106294,4.488919277039728,-46.82,20.49,0.9145459,0.66,1,France Under 21,france u21,Germany U21 - France U21,germany u21,3,0,False,0,0,1,1,0
6,5706379,3155,2586441438,1,duel_regain,1H,454.673,0,opponent_on_ball,pass,0.7269999999999754,0.007000000000005,Germany U21 - France U21,1.3940000000000057,1.3940000000000057,2,0,0,0,0,4.108000000000004,4.108000000000004,2,1,0,0,0,5.158999999999992,5.158999999999992,3,1,0,0,0,5.158999999999992,5.158999999999992,3,1,0,0,0,5.158999999999992,5.158999999999992,3,1,0,0,0,76.35,attacking_third,35.427787116894564,27.682369840748827,87.44,7.745417276145737,11.090000000000003,1.0,5.695159761871809,76.35,attacking_third,35.427787116894564,11.904070732316738,98.62,23.523716384577824,22.27000000000001,0.9567715233673768,5.76561676092596,76.35,attacking_third,35.427787116894564,6.469350817508663,101.53,28.9584362993859,25.180000000000007,0.964597128967402,5.655944589723804,76.35,attacking_third,35.427787116894564,6.469350817508663,101.53,28.9584362993859,25.180000000000007,0.964597128967402,5.655944589723804,76.35,attacking_third,35.427787116894564,6.469350817508663,101.53,28.9584362993859,25.180000000000007,0.964597128967402,5.655944589723804,23.84999999999999,20.84,0.99277323,0.66,1,Germany Under 21,germany u21,Germany U21 - France U21,germany u21,3,0,True,0,0,1,1,0
6,5706379,3155,2586439829,1,interception,1H,2246.141,0,opponent_on_ball,none,,0.018999999999778,Germany U21 - France U21,2.0,2.0,0,0,0,0,0,5.0,5.0,0,0,0,0,0,8.539999999999964,8.539999999999964,1,0,1,0,0,13.827999999999976,13.827999999999976,3,1,1,0,0,18.496999999999844,18.496999999999844,4,2,1,0,0,6.119999999999997,defensive_third,99.71275745861207,99.71275745861207,5.649999999999999,0.0,0.0100000000000051,0.0,0.0,6.119999999999997,defensive_third,99.71275745861207,99.71275745861207,5.230000000000004,0.0,0.0100000000000051,0.0,0.0,6.119999999999997,defensive_third,99.71275745861207,60.18578652804995,45.08,39.52697093056212,38.96,0.7839428398433964,4.639315836920447,6.119999999999997,defensive_third,99.71275745861207,30.993071806453777,76.81,68.7196856521583,70.69,0.8535514097036591,4.9796873660983625,6.119999999999997,defensive_third,99.71275745861207,19.01609055510622,87.14,80.69666690350586,88.02000000000001,0.8041704794485771,4.376174994767116,-46.38,-12.86,0.9950984,0.66,1,Germany Under 21,germany u21,Germany U21 - France U21,germany u21,3,0,True,0,0,1,1,0
6,5706379,4425,2586440546,1,interception,1H,2568.463,1,opponent_on_ball,pass,2.1239999999997963,0.0169999999998253,Germany U21 - France U21,2.0,1.4969999999998436,0,0,0,0,0,3.996999999999843,1.4969999999998436,2,0,1,0,0,5.898999999999887,3.0589999999997417,3,0,1,0,0,5.898999999999887,3.0589999999997417,3,0,1,0,0,5.898999999999887,3.0589999999997417,3,0,1,0,0,55.12,middle_third,55.70061489786266,44.5890143421,64.13,11.111600555762656,9.169999999999996,0.8750354467944382,7.507838213353054,55.12,middle_third,55.70061489786266,44.5890143421,64.13,11.111600555762656,9.169999999999996,0.8750354467944382,7.507838213353054,55.12,middle_third,55.70061489786266,22.67711842364457,83.94,33.02349647421809,28.82,0.9383377202803228,5.616240896975762,55.12,middle_third,55.70061489786266,22.67711842364457,83.94,33.02349647421809,28.82,0.9383377202803228,5.616240896975762,55.12,middle_third,55.70061489786266,22.67711842364457,83.94,33.02349647421809,28.82,0.9383377202803228,5.616240896975762,-2.6199999999999974,24.79,0.9846491,0.66,1,France Under 21,france u21,Germany U21 - France U21,germany u21,3,0,False,0,0,0,1,0
6,5706379,3155,2586440340,1,duel_regain,2H,4515.934,0,window_end,none,,0.0140000000001236,Germany U21 - France U21,1.8159999999998035,1.8159999999998035,0,0,0,0,0,1.8159999999998035,1.8159999999998035,0,0,0,0,0,1.8159999999998035,1.8159999999998035,0,0,0,0,0,1.8159999999998035,1.8159999999998035,0,0,0,0,0,15.219000000000053,13.225999999999658,0,0,0,0,0,21.519999999999996,defensive_third,86.31242842140406,83.78129266130954,23.33,2.531135760094529,1.8100000000000025,0.4405766752797477,1.4381453182353492,21.519999999999996,defensive_third,86.31242842140406,83.78129266130954,23.33,2.531135760094529,1.8100000000000025,0.4405766752797477,1.4381453182353492,21.519999999999996,defensive_third,86.31242842140406,83.78129266130954,23.33,2.531135760094529,1.8100000000000025,0.4405766752797477,1.4381453182353492,21.519999999999996,defensive_third,86.31242842140406,83.78129266130954,23.33,2.531135760094529,1.8100000000000025,0.4405766752797477,1.4381453182353492,21.519999999999996,defensive_third,86.31242842140406,27.64718068809187,82.25,58.6652477333122,60.73,0.946306418393656,4.44433694949341,-30.980000000000004,-21.93,0.95179814,0.66,1,Germany Under 21,germany u21,Germany U21 - France U21,germany u21,3,0,True,0,0,0,1,0
6,5706379,3155,2586440357,1,duel_regain,2H,4588.956,0,opponent_on_ball,pass,0.6229999999995925,0.0039999999999054,Germany U21 - France U21,1.850999999999658,1.850999999999658,2,0,1,0,0,3.30199999999968,3.30199999999968,3,0,1,0,0,8.09099999999944,8.09099999999944,4,0,2,0,0,8.09099999999944,8.09099999999944,4,0,2,0,0,8.09099999999944,8.09099999999944,4,0,2,0,0,49.02,middle_third,61.72325655698992,61.66003730131859,48.73,0.0632192556713278,0.0,0.2250045720667975,0.0343582911257189,49.02,middle_third,61.72325655698992,61.66003730131859,48.66,0.0632192556713278,0.0,0.1834400335944958,0.0192741633144307,49.02,middle_third,61.72325655698992,32.2871383061429,79.52,29.436118250847024,30.499999999999993,0.9761131094537192,3.6430839419365455,49.02,middle_third,61.72325655698992,32.2871383061429,79.52,29.436118250847024,30.499999999999993,0.9761131094537192,3.6430839419365455,49.02,middle_third,61.72325655698992,32.2871383061429,79.52,29.436118250847024,30.499999999999993,0.9761131094537192,3.6430839419365455,-3.479999999999997,26.0,0.99157846,0.66,1,Germany Under 21,germany u21,Germany U21 - France U21,germany u21,3,0,True,0,0,0,1,0
6,5706379,4425,2586440848,1,duel_regain,2H,4597.28,1,window_end,pass,3.09900000000016,0.0,Germany U21 - France U21,2.0,2.0,0,0,0,0,0,3.878000000000611,3.878000000000611,1,1,0,0,0,9.164999999999964,9.164999999999964,1,1,3,0,0,10.766000000000531,10.766000000000531,1,1,3,0,0,10.766000000000531,10.766000000000531,1,1,3,0,0,23.84,defensive_third,83.60232771879024,83.60232771879024,21.85,0.0,0.0,0.0,0.0,23.84,defensive_third,83.60232771879024,81.92621680512289,28.55,1.676110913667344,4.710000000000001,0.1700242530627716,0.4364872171008543,23.84,defensive_third,83.60232771879024,46.73110420266142,56.08,36.871223516128815,35.61,0.6796402593009117,4.025242741935124,23.84,defensive_third,83.60232771879024,46.73110420266142,50.1,36.871223516128815,35.61,0.6006931076979255,3.4266936353278874,23.84,defensive_third,83.60232771879024,46.73110420266142,50.1,36.871223516128815,35.61,0.6006931076979255,3.4266936353278874,28.66,20.06,0.95963216,0.66,1,France Under 21,france u21,Germany U21 - France U21,germany u21,3,0,False,0,0,0,0,0
6,5706380,2420,2589629253,1,interception,1H,1075.15,0,game_interruption,none,,0.0099999999999909,England U21 - Germany U21,1.783999999999878,1.783999999999878,0,0,0,0,0,1.783999999999878,1.783999999999878,0,0,0,0,0,8.45399999999995,8.45399999999995,1,0,0,0,0,10.27800000000002,10.27800000000002,2,0,0,0,0,10.27800000000002,10.27800000000002,2,0,0,0,0,49.47,middle_third,55.627968684826165,55.627968684826165,48.82,0.0,0.0,0.0,0.0,49.47,middle_third,55.627968684826165,55.627968684826165,48.82,0.0,0.0,0.0,0.0,49.47,middle_third,55.627968684826165,16.878640348084918,88.66,38.74932833674124,39.19,0.9128673297499832,4.591152646533416,49.47,middle_third,55.627968684826165,6.122883307723573,99.56,49.50508537710259,50.09,0.9304822336600804,4.83448099385767,49.47,middle_third,55.627968684826165,6.122883307723573,99.56,49.50508537710259,50.09,0.9304822336600804,4.83448099385767,-3.030000000000001,-3.299999999999997,0.9948767,0.66,1,England Under 21,england u21,England U21 - Germany U21,england u21,3,2,True,0,0,1,1,0
6,5706380,3155,2589628481,1,interception,2H,3030.32,1,opponent_on_ball,pass,2.1849999999999454,0.0,England U21 - Germany U21,2.0,2.0,0,0,0,0,0,4.2039999999997235,4.2039999999997235,2,0,0,0,0,4.2039999999997235,4.2039999999997235,2,0,0,0,0,4.2039999999997235,4.2039999999997235,2,0,0,0,0,4.2039999999997235,4.2039999999997235,2,0,0,0,0,31.83,defensive_third,77.7530636052368,67.66970149187894,40.07,10.083362113357865,8.240000000000002,0.9880882302988396,5.041681056678932,31.83,defensive_third,77.7530636052368,40.04580627231771,66.21,37.70725733291909,34.379999999999995,0.9967866119270816,8.977918412600173,31.83,defensive_third,77.7530636052368,40.04580627231771,66.21,37.70725733291909,34.379999999999995,0.9967866119270816,8.977918412600173,31.83,defensive_third,77.7530636052368,40.04580627231771,66.21,37.70725733291909,34.379999999999995,0.9967866119270816,8.977918412600173,31.83,defensive_third,77.7530636052368,40.04580627231771,66.21,37.70725733291909,34.379999999999995,0.9967866119270816,8.977918412600173,20.67,-26.3,0.9712895,0.66,1,Germany Under 21,germany u21,England U21 - Germany U21,england u21,3,2,False,0,0,0,0,0
6,5706380,2420,2589629927,1,interception,2H,4719.573,0,game_interruption,duel,3.748999999999796,0.0129999999999199,England U21 - Germany U21,2.0,1.4669999999996437,0,0,0,0,0,4.313000000000102,2.193000000000211,0,0,1,0,0,6.106999999999971,3.667000000000371,0,0,2,0,0,6.106999999999971,3.667000000000371,0,0,2,0,0,6.106999999999971,3.667000000000371,0,0,2,0,0,104.19,attacking_third,33.31984693842396,33.309608223454084,104.2,0.0102387149698728,0.0100000000000051,1.0,0.0071102187290803,104.19,attacking_third,33.31984693842396,9.408469588620669,94.48,23.91137734980329,0.0100000000000051,0.9250421451043944,5.5867704088328765,104.19,attacking_third,33.31984693842396,9.408469588620669,83.3,23.91137734980329,0.0100000000000051,0.6282418802017533,4.151280789896247,104.19,attacking_third,33.31984693842396,9.408469588620669,83.3,23.91137734980329,0.0100000000000051,0.6282418802017533,4.151280789896247,104.19,attacking_third,33.31984693842396,9.408469588620669,83.3,23.91137734980329,0.0100000000000051,0.6282418802017533,4.151280789896247,51.69,33.31,0.98799324,0.66,1,England Under 21,england u21,England U21 - Germany U21,england u21,3,2,True,0,0,1,1,0
6,5706380,2420,2589630155,1,interception,1E,5803.201,0,window_end,none,,0.0009999999992942,England U21 - Germany U21,2.0,2.0,0,0,0,0,0,5.0,5.0,0,0,0,0,0,9.467999999999847,9.467999999999847,0,0,1,0,0,9.467999999999847,9.467999999999847,0,0,1,0,0,9.467999999999847,9.467999999999847,0,0,1,0,0,18.17,defensive_third,87.4282162691199,76.79815167046665,28.59999999999999,10.630064598653249,10.429999999999993,1.0,5.42350234624904,18.17,defensive_third,87.4282162691199,64.70094667004494,42.79,22.72726959907496,24.619999999999997,1.0,4.582110806264239,18.17,defensive_third,87.4282162691199,55.69308125790852,59.68,31.735135011211383,41.51,0.9998203054278232,3.376078192681866,18.17,defensive_third,87.4282162691199,55.69308125790852,59.68,31.735135011211383,41.51,0.9998203054278232,3.376078192681866,18.17,defensive_third,87.4282162691199,55.69308125790852,59.68,31.735135011211383,41.51,0.9998203054278232,3.376078192681866,-34.33,-10.21,0.93802905,0.66,1,England Under 21,england u21,England U21 - Germany U21,england u21,3,2,True,0,0,0,0,0
