candidate_cache_version,match_id,team_id,start_event_id,label_counterattack,regain_type,match_period,start_ts,attacking_left,stop_reason,first_action_type,first_action_time_s,tracking_start_dt_s,source_label,short_duration_s,in_play_2s,event_count_pass_2s,event_count_touch_2s,event_count_duel_2s,event_count_clearance_2s,event_count_shot_2s,mid_duration_s,in_play_5s,event_count_pass_5s,event_count_touch_5s,event_count_duel_5s,event_count_clearance_5s,event_count_shot_5s,ten_duration_s,in_play_10s,event_count_pass_10s,event_count_touch_10s,event_count_duel_10s,event_count_clearance_10s,event_count_shot_10s,fifteen_duration_s,in_play_15s,event_count_pass_15s,event_count_touch_15s,event_count_duel_15s,event_count_clearance_15s,event_count_shot_15s,long_duration_s,in_play_20s,event_count_pass_20s,event_count_touch_20s,event_count_duel_20s,event_count_clearance_20s,event_count_shot_20s,short_start_progress_m,short_start_zone,short_start_goal_distance_m,short_min_goal_distance_m,short_end_progress_m,short_progression_goal_m,short_progression_x_m,short_directness_goal,short_avg_progress_speed_mps,mid_start_progress_m,mid_start_zone,mid_start_goal_distance_m,mid_min_goal_distance_m,mid_end_progress_m,mid_progression_goal_m,mid_progression_x_m,mid_directness_goal,mid_avg_progress_speed_mps,ten_start_progress_m,ten_start_zone,ten_start_goal_distance_m,ten_min_goal_distance_m,ten_end_progress_m,ten_progression_goal_m,ten_progression_x_m,ten_directness_goal,ten_avg_progress_speed_mps,fifteen_start_progress_m,fifteen_start_zone,fifteen_start_goal_distance_m,fifteen_min_goal_distance_m,fifteen_end_progress_m,fifteen_progression_goal_m,fifteen_progression_x_m,fifteen_directness_goal,fifteen_avg_progress_speed_mps,long_start_progress_m,long_start_zone,long_start_goal_distance_m,long_min_goal_distance_m,long_end_progress_m,long_progression_goal_m,long_progression_x_m,long_directness_goal,long_avg_progress_speed_mps,tracking_start_x_m_raw,tracking_start_y_m_raw,hybrid_probability,hybrid_threshold,hybrid_label,teamName,team_norm,label_no_score,winner_norm,home_goals,away_goals,team_won_match,shot_20s,shot_15s,box_entry_proxy,final_third_entry_proxy,box_shot_proxy,outcome_type,outcome_is_window_endpoint,outcome_event_id,outcome_time_s,outcome_progress_m,outcome_goal_distance_m,outcome_progression_from_start_m,outcome_goal_progression_m,outcome_goal_progression_speed_mps
6,5544194,3148,2218717200,1,duel_regain,1H,1713.021,1,window_end,pass,2.1700000000000728,0.0056799999999839,Germany - Scotland,2.0,2.0,0,0,0,0,0,4.061000000000149,4.061000000000149,1,0,2,0,0,9.950000000000044,9.950000000000044,1,0,3,0,0,9.950000000000044,9.950000000000044,1,0,3,0,0,9.950000000000044,9.950000000000044,1,0,3,0,0,36.76698690101239,middle_third,75.2948248690204,74.22276374002185,38.633459243892275,1.0720611289985555,1.866472342879888,0.4934598305175147,0.546969963774763,36.76698690101239,middle_third,75.2948248690204,68.6225804904826,44.01023271557765,6.672244378537798,7.243245814565256,0.847856068065685,1.6680610946344494,36.76698690101239,middle_third,75.2948248690204,36.53615831210379,71.27258697231503,38.758666556916616,35.22475643650556,0.960278896246132,3.9229419592020434,36.76698690101239,middle_third,75.2948248690204,36.53615831210379,71.27258697231503,38.758666556916616,35.22475643650556,0.960278896246132,3.9229419592020434,36.76698690101239,middle_third,75.2948248690204,36.53615831210379,71.27258697231503,38.758666556916616,35.22475643650556,0.960278896246132,3.9229419592020434,15.733013098987612,-31.836560358962103,0.99605846,0.66,1,Germany,germany,Germany - Scotland,germany,5,1,True,0,0,0,0,0,window_end_20s,1,,9.950000000000044,71.23286452746234,36.918167440515454,34.46587762644995,38.37665742850495,3.8569504953271134
6,5544194,8664,2218717234,1,interception,1H,2084.571,0,window_end,pass,4.035000000000309,0.0043200000000069,Germany - Scotland,2.0,2.0,0,0,0,0,0,4.035000000000309,4.035000000000309,1,0,0,0,0,9.61999999999989,9.61999999999989,3,0,0,0,0,13.622000000000298,13.622000000000298,4,1,0,0,0,19.626999999999953,19.626999999999953,6,1,1,0,0,18.44374743753078,defensive_third,86.58407336193176,81.01155549799148,24.029040597488095,5.572517863940277,5.585293159957313,0.9939392931581053,2.84312135915315,18.44374743753078,defensive_third,86.58407336193176,78.93259151724564,23.80510725909696,7.651481844686117,7.922452681484234,0.623599733431117,1.9128704611715293,18.44374743753078,defensive_third,86.58407336193176,67.90804447730122,37.28490593401775,18.67602888463054,18.84115849648697,0.6445463365468899,1.9454196754823665,18.44374743753078,defensive_third,86.58407336193176,55.5214724924769,55.9126986891754,31.062600869454855,37.46895125164462,0.7509238861797041,2.284014769812872,18.44374743753078,defensive_third,86.58407336193176,13.368705026110137,94.00110136886792,73.21536833582162,75.55735393133713,0.8753099354005197,3.7354779763174473,-34.05625256246922,-2.1947442416876157,0.96570563,0.66,1,Scotland,scotland,Germany - Scotland,germany,5,1,False,0,0,1,1,0,window_end_20s,1,,19.626999999999953,94.16092895508845,13.552824222600293,75.71718151755766,73.03124913933146,3.7209583298176816
6,5544194,3148,2218717485,1,duel_regain,1H,2803.775,1,throw_in,pass,0.9639999999999418,0.0003200000001015,Germany - Scotland,0.9639999999999418,0.0036799999998038,1,0,0,0,0,4.445999999999913,3.4856799999997747,3,0,0,0,0,4.445999999999913,3.4856799999997747,3,0,0,0,0,4.445999999999913,3.4856799999997747,3,0,0,0,0,4.445999999999913,3.4856799999997747,3,0,0,0,0,57.202145258007505,middle_third,59.00847604346808,55.27030075690614,61.327499471669256,3.738175286561941,4.125354213661751,1.0,3.89393259016854,57.202145258007505,middle_third,59.00847604346808,30.02178983829244,77.26460264514384,28.98668620517564,30.454718826217587,0.9195964903191,6.528532929094201,57.202145258007505,middle_third,59.00847604346808,30.02178983829244,77.26460264514384,28.98668620517564,30.454718826217587,0.9195964903191,6.528532929094201,57.202145258007505,middle_third,59.00847604346808,30.02178983829244,77.26460264514384,28.98668620517564,30.454718826217587,0.9195964903191,6.528532929094201,57.202145258007505,middle_third,59.00847604346808,30.02178983829244,77.26460264514384,28.98668620517564,30.454718826217587,0.9195964903191,6.528532929094201,-4.702145258007505,34.602967026483896,0.770198,0.66,1,Germany,germany,Germany - Scotland,germany,5,1,True,0,0,0,1,0,throw_in,0,2218717430,5.1599999999998545,42.0,71.58910531638176,-15.202145258007505,-12.580629272913683,0.0
6,5544194,3148,2218718127,1,interception,2H,4829.251,0,window_end,pass,1.2139999999999418,0.0043200000000069,Germany - Scotland,1.2139999999999418,1.2139999999999418,1,0,0,0,0,2.1099999999996726,2.1099999999996726,2,0,0,0,0,8.23700000000008,6.324319999999716,3,0,1,0,0,8.23700000000008,6.324319999999716,3,0,1,0,0,8.23700000000008,6.324319999999716,3,0,1,0,0,73.14346781440312,attacking_third,43.066934660322126,40.45979749464717,79.4721307134223,2.607137165674956,6.328662899019179,1.0,2.1726143047294597,73.14346781440312,attacking_third,43.066934660322126,37.37671013087111,83.91664002486608,5.690224529451015,10.77317221046296,1.0,2.7356848699284684,73.14346781440312,attacking_third,43.066934660322126,7.075193968526707,109.6879252238355,35.99174069179542,36.54445740943238,0.8385995952571128,5.11246316644824,73.14346781440312,attacking_third,43.066934660322126,7.075193968526707,109.6879252238355,35.99174069179542,36.54445740943238,0.8385995952571128,5.11246316644824,73.14346781440312,attacking_third,43.066934660322126,7.075193968526707,109.6879252238355,35.99174069179542,36.54445740943238,0.8385995952571128,5.11246316644824,20.643467814403124,-28.98141159682332,0.998437,0.66,1,Germany,germany,Germany - Scotland,germany,5,1,True,0,0,1,1,0,window_end_20s,1,,8.23700000000008,109.6879252238355,,36.54445740943238,,
6,5544194,3148,2218718141,1,interception,2H,4917.148,0,opponent_on_ball,duel,1.28899999999976,0.0126800000007278,Germany - Scotland,1.28899999999976,1.28899999999976,0,0,1,0,0,2.8469999999997526,2.8469999999997526,1,0,1,0,0,9.17199999999957,9.17199999999957,3,0,1,0,0,9.17199999999957,9.17199999999957,3,0,1,0,0,9.17199999999957,9.17199999999957,3,0,1,0,0,28.95224025922095,defensive_third,76.08455904911837,73.49597500238288,31.511997431194303,2.588584046735491,2.5597571719733487,1.0,2.0875677796257635,28.95224025922095,defensive_third,76.08455904911837,65.15017240935295,40.13798877217802,10.93438663976542,11.185748512957066,1.0,3.9051380856315223,28.95224025922095,defensive_third,76.08455904911837,23.44732293834934,87.28157088934685,52.637236110769024,58.329330630125895,1.0000000000000004,5.797052435106767,28.95224025922095,defensive_third,76.08455904911837,23.44732293834934,87.28157088934685,52.637236110769024,58.329330630125895,1.0000000000000004,5.797052435106767,28.95224025922095,defensive_third,76.08455904911837,23.44732293834934,87.28157088934685,52.637236110769024,58.329330630125895,1.0000000000000004,5.797052435106767,-23.54775974077905,-2.366086242622466,0.9996669,0.66,1,Germany,germany,Germany - Scotland,germany,5,1,True,0,0,0,1,0,opponent_on_ball,0,2218717820,19.340000000000146,98.7,13.766175939599202,69.74775974077906,62.31838310951917,3.222253521691763
6,5544194,8664,2218717818,0,duel_regain,2H,4934.639,1,opponent_on_ball,pass,1.84900000000016,0.0163199999997232,Germany - Scotland,1.84900000000016,1.84900000000016,1,0,0,0,0,3.7539999999999054,3.7539999999999054,2,0,0,0,0,3.7539999999999054,3.7539999999999054,2,0,0,0,0,3.7539999999999054,3.7539999999999054,2,0,0,0,0,3.7539999999999054,3.7539999999999054,2,0,0,0,0,16.349273759135286,defensive_third,91.28090688238076,64.82926624602585,42.796799651983,26.451640636354895,26.447525892847715,1.0,14.695355909084569,16.349273759135286,defensive_third,91.28090688238076,48.96599661593568,59.6107734952219,42.31491026644507,43.26149973608661,1.0,11.374975878075851,16.349273759135286,defensive_third,91.28090688238076,48.96599661593568,59.6107734952219,42.31491026644507,43.26149973608661,1.0,11.374975878075851,16.349273759135286,defensive_third,91.28090688238076,48.96599661593568,59.6107734952219,42.31491026644507,43.26149973608661,1.0,11.374975878075851,16.349273759135286,defensive_third,91.28090688238076,48.96599661593568,59.6107734952219,42.31491026644507,43.26149973608661,1.0,11.374975878075851,36.150726240864714,21.75437193386945,0.8599108,0.66,1,Scotland,scotland,Germany - Scotland,germany,5,1,False,0,0,0,0,0,opponent_on_ball,0,2218718149,11.046000000000276,66.15,41.87997254058316,49.80072624086472,49.4009343417976,4.472291720242293
6,5544194,3148,2218718172,1,duel_regain,2H,5108.694,0,window_end,duel,1.9089999999996508,0.0013199999993958,Germany - Scotland,1.91399999999976,1.91399999999976,0,0,1,0,0,4.6119999999991705,3.3213200000000143,0,1,2,0,0,6.765999999999622,3.3213200000000143,0,1,2,0,1,6.765999999999622,3.3213200000000143,0,1,2,0,1,6.765999999999622,3.3213200000000143,0,1,2,0,1,68.22438494211848,middle_third,40.24835752254325,27.358193091860574,78.34579414517965,12.890164430682676,10.121409203061177,1.0,6.85647044185209,68.22438494211848,middle_third,40.24835752254325,3.0780787154677274,106.80830857630988,37.170278807075526,38.58392363419141,0.9726776454866252,10.932434943255751,68.22438494211848,middle_third,40.24835752254325,3.0780787154677274,106.80830857630988,37.170278807075526,38.58392363419141,0.9726776454866252,10.932434943255751,68.22438494211848,middle_third,40.24835752254325,3.0780787154677274,106.80830857630988,37.170278807075526,38.58392363419141,0.9726776454866252,10.932434943255751,68.22438494211848,middle_third,40.24835752254325,3.0780787154677274,106.80830857630988,37.170278807075526,38.58392363419141,0.9726776454866252,10.932434943255751,15.724384942118476,16.35495094388797,0.990849,0.66,1,Germany,germany,Germany - Scotland,germany,5,1,True,1,1,1,1,1,shot,0,2218718175,6.765999999999622,77.7,27.308467551292583,9.475615057881527,12.939889971250668,1.9124874329369483
6,5544195,6697,2219332147,1,interception,2H,2964.293,1,opponent_on_ball,pass,2.8539999999998145,0.0129999999999199,Hungary - Switzerland,2.0,2.0,0,0,0,0,0,2.8539999999998145,2.8539999999998145,1,0,0,0,0,9.623999999999796,9.623999999999796,3,1,0,0,0,12.536999999999807,12.536999999999807,4,1,0,0,0,12.536999999999807,12.536999999999807,4,1,0,0,0,21.634889089629343,defensive_third,83.86038552107982,83.52164253762642,16.917508971013824,0.3387429834534003,0.3317301657607707,0.0661709016398728,0.1728280527823439,21.634889089629343,defensive_third,83.86038552107982,83.52164253762642,14.15533998412522,0.3387429834534003,0.3317301657607707,0.0413931994913233,0.1209796369476547,21.634889089629343,defensive_third,83.86038552107982,64.14254806388216,45.881459803037416,19.71783745719766,24.246570713408072,0.5305072294933808,2.06253529887006,21.634889089629343,defensive_third,83.86038552107982,28.25467928286025,76.74648019359226,55.60570623821957,55.11159110396292,0.7611405686290846,4.455585435754767,21.634889089629343,defensive_third,83.86038552107982,28.25467928286025,76.74648019359226,55.60570623821957,55.11159110396292,0.7611405686290846,4.455585435754767,30.865110910370657,-9.1006891302655,0.99735814,0.66,1,Switzerland,switzerland,Hungary - Switzerland,switzerland,1,3,True,0,0,0,1,0,opponent_on_ball,0,2219332227,18.873000000000047,92.4,13.724197608603568,70.76511091037067,70.13618791247626,3.7162182966394366
6,5544195,6697,2219332472,0,interception,2H,4122.245,1,window_end,duel,2.856999999999971,0.0050000000001091,Hungary - Switzerland,2.0,2.0,0,0,0,0,0,4.110999999999876,4.110999999999876,0,0,1,0,0,4.110999999999876,4.110999999999876,0,0,1,0,0,4.110999999999876,4.110999999999876,0,0,1,0,0,4.110999999999876,4.110999999999876,0,0,1,0,0,59.89628740453698,middle_third,55.628853076535314,42.88876071544713,75.96025025988433,12.740092361088188,16.063962855347356,1.0,6.635464771399846,59.89628740453698,middle_third,55.628853076535314,37.000496609700505,83.64095464610128,18.62835646683481,23.7446672415643,1.0,4.657089116708702,59.89628740453698,middle_third,55.628853076535314,37.000496609700505,83.64095464610128,18.62835646683481,23.7446672415643,1.0,4.657089116708702,59.89628740453698,middle_third,55.628853076535314,37.000496609700505,83.64095464610128,18.62835646683481,23.7446672415643,1.0,4.657089116708702,59.89628740453698,middle_third,55.628853076535314,37.000496609700505,83.64095464610128,18.62835646683481,23.7446672415643,1.0,4.657089116708702,-7.396287404536977,-32.56108727786315,0.7840404,0.66,1,Switzerland,switzerland,Hungary - Switzerland,switzerland,1,3,True,0,0,0,0,0,window_end_20s,1,,4.110999999999876,83.73323824380955,36.93924258117817,23.836950839272575,18.689610495357144,4.546244343312504
6,5544195,10451,2219332781,1,interception,2H,4566.285,0,opponent_on_ball,pass,2.738000000000284,0.0349999999998544,Hungary - Switzerland,2.0,2.0,0,0,0,0,0,4.1270000000004075,4.1270000000004075,1,0,0,0,0,8.929000000000087,8.929000000000087,2,0,1,0,0,8.929000000000087,8.929000000000087,2,0,1,0,0,8.929000000000087,8.929000000000087,2,0,1,0,0,46.27864540035103,middle_third,59.007825680014946,52.4127705774111,56.193406629701215,6.595055102603844,9.914761229350184,0.9728384861310764,3.4349245326060385,46.27864540035103,middle_third,59.007825680014946,37.73337311478048,74.19136347806737,21.274452565234466,27.91271807771634,0.9829842992010818,5.214326609126187,46.27864540035103,middle_third,59.007825680014946,14.610610872308506,86.83371503572467,44.39721480770644,44.80485684887259,0.8853176578057247,4.999686352219133,46.27864540035103,middle_third,59.007825680014946,14.610610872308506,86.83371503572467,44.39721480770644,44.80485684887259,0.8853176578057247,4.999686352219133,46.27864540035103,middle_third,59.007825680014946,14.610610872308506,86.83371503572467,44.39721480770644,44.80485684887259,0.8853176578057247,4.999686352219133,-6.2213545996489685,5.80740953139324,0.99976224,0.66,1,Hungary,hungary,Hungary - Switzerland,switzerland,1,3,False,0,0,1,1,0,opponent_on_ball,0,2219332671,10.73700000000008,92.4,16.21110730332755,46.121354599648974,42.796718376687394,3.9859102520896967
6,5544195,6697,2219332692,1,interception,2H,4685.294,1,opponent_on_ball,pass,3.0969999999997526,0.0259999999998399,Hungary - Switzerland,2.0,2.0,0,0,0,0,0,3.0969999999997526,3.0969999999997526,1,0,0,0,0,7.931999999999789,7.931999999999789,3,0,0,0,0,7.931999999999789,7.931999999999789,3,0,0,0,0,7.931999999999789,7.931999999999789,3,0,0,0,0,26.429122600998344,defensive_third,79.09725701647257,74.47336441276154,28.396347415853768,4.6238926037110275,4.8533973879011825,0.6038703440997961,2.408277397766069,26.429122600998344,defensive_third,79.09725701647257,74.47336441276154,27.341853932118916,4.6238926037110275,4.8533973879011825,0.4912611502995199,1.5210173038518748,26.429122600998344,defensive_third,79.09725701647257,45.67533295952533,59.56788470908559,33.42192405694724,33.13876210808725,0.7885388434203537,4.241360920932332,26.429122600998344,defensive_third,79.09725701647257,45.67533295952533,59.56788470908559,33.42192405694724,33.13876210808725,0.7885388434203537,4.241360920932332,26.429122600998344,defensive_third,79.09725701647257,45.67533295952533,59.56788470908559,33.42192405694724,33.13876210808725,0.7885388434203537,4.241360920932332,26.070877399001656,9.110065437798518,0.99839514,0.66,1,Switzerland,switzerland,Hungary - Switzerland,switzerland,1,3,True,0,0,0,0,0,opponent_on_ball,0,2219332847,13.927999999999884,67.2,38.67073311950525,40.77087739900166,40.42652389696732,2.9025361787024453
6,5544195,10451,2219332899,1,duel_regain,2H,4862.454,0,opponent_on_ball,duel,4.5349999999998545,0.0139999999992141,Hungary - Switzerland,2.0,2.0,0,0,0,0,0,4.5349999999998545,4.5349999999998545,0,0,1,0,0,5.904000000000451,5.904000000000451,1,0,1,0,0,5.904000000000451,5.904000000000451,1,0,1,0,0,5.904000000000451,5.904000000000451,1,0,1,0,0,85.76706080760212,attacking_third,28.509231381229014,28.509231381229014,87.97711316287433,0.0,2.210052355272211,0.0,0.0,85.76706080760212,attacking_third,28.509231381229014,7.665648946737091,98.40814353694904,20.84358243449193,12.64108272934692,0.8830033926321625,4.652585364841457,85.76706080760212,attacking_third,28.509231381229014,6.509186280354739,98.53617774987154,22.00004510087428,12.76911694226942,0.8751570995226587,3.767131010423584,85.76706080760212,attacking_third,28.509231381229014,6.509186280354739,98.53617774987154,22.00004510087428,12.76911694226942,0.8751570995226587,3.767131010423584,85.76706080760212,attacking_third,28.509231381229014,6.509186280354739,98.53617774987154,22.00004510087428,12.76911694226942,0.8751570995226587,3.767131010423584,33.26706080760212,-21.044484407321058,0.9982839,0.66,1,Hungary,hungary,Hungary - Switzerland,switzerland,1,3,False,0,0,1,1,0,opponent_on_ball,0,2219332750,15.47900000000027,86.1,22.154990408483595,0.3329391923978733,6.354240972745419,0.4105072015469545
6,5544196,1598,2219389934,1,duel_regain,1H,846.67,0,opponent_on_ball,pass,1.83400000000006,0.0099999999999909,Spain - Croatia,1.83400000000006,1.83400000000006,1,0,0,0,0,4.358000000000061,4.358000000000061,1,1,0,0,0,6.475999999999999,6.475999999999999,1,1,1,0,1,6.475999999999999,6.475999999999999,1,1,1,0,1,6.475999999999999,6.475999999999999,1,1,1,0,1,51.78813063018617,middle_third,55.035230085056504,41.68922413830175,63.364629665834336,13.346005946754753,11.576499035648167,1.0,7.414447748196803,51.78813063018617,middle_third,55.035230085056504,23.97484144423079,84.19808200727674,31.06038864082571,32.40995137709057,1.0,7.189904777968832,51.78813063018617,middle_third,55.035230085056504,10.40906978736444,98.19694803649364,44.62616029769207,46.40881740630747,1.0000000000000002,6.929527996535977,51.78813063018617,middle_third,55.035230085056504,10.40906978736444,98.19694803649364,44.62616029769207,46.40881740630747,1.0000000000000002,6.929527996535977,51.78813063018617,middle_third,55.035230085056504,10.40906978736444,98.19694803649364,44.62616029769207,46.40881740630747,1.0000000000000002,6.929527996535977,-0.711869369813833,-14.048968242720772,0.99983037,0.66,1,Spain,spain,Spain - Croatia,spain,3,0,True,1,1,1,1,1,shot,0,2219389941,6.475999999999999,90.3,16.812959287406844,38.51186936981383,38.22227079764966,5.902141877339355
6,5544196,1598,2219390869,1,interception,2H,3460.468,0,opponent_on_ball,touch,0.774000000000342,0.0120000000001709,Spain - Croatia,0.774000000000342,0.774000000000342,0,1,0,0,0,0.774000000000342,0.774000000000342,0,1,0,0,0,8.140000000000327,8.140000000000327,2,1,0,0,0,8.140000000000327,8.140000000000327,2,1,0,0,0,8.140000000000327,8.140000000000327,2,1,0,0,0,61.205315089293606,middle_third,53.869967409622745,51.04484150379372,64.37134349262874,2.825125905829026,3.166028403335133,1.0,3.717270928723559,61.205315089293606,middle_third,53.869967409622745,51.04484150379372,64.37134349262874,2.825125905829026,3.166028403335133,1.0,3.717270928723559,61.205315089293606,middle_third,53.869967409622745,23.90336366871207,82.8879276762714,29.96660374091067,22.829084635228597,0.8279696332643158,3.690468440998901,61.205315089293606,middle_third,53.869967409622745,23.90336366871207,82.8879276762714,29.96660374091067,22.829084635228597,0.8279696332643158,3.690468440998901,61.205315089293606,middle_third,53.869967409622745,23.90336366871207,82.8879276762714,29.96660374091067,22.829084635228597,0.8279696332643158,3.690468440998901,8.705315089293606,-31.368757742151075,0.9895481,0.66,1,Spain,spain,Spain - Croatia,spain,3,0,True,0,0,0,1,0,opponent_on_ball,0,2219391131,9.432999999999993,81.9,26.467648176594754,20.6946849107064,27.402319233027992,2.904942142799535
6,5544196,9598,2219391444,1,duel_regain,2H,4259.663,1,opponent_on_ball,duel,1.2890000000006694,0.0170000000007348,Spain - Croatia,1.2890000000006694,1.2890000000006694,0,0,1,0,0,1.2890000000006694,1.2890000000006694,0,0,1,0,0,6.249000000000706,6.249000000000706,1,0,1,0,0,6.249000000000706,6.249000000000706,1,0,1,0,0,6.249000000000706,6.249000000000706,1,0,1,0,0,75.41898351162453,attacking_third,42.30122330650045,42.30122330650045,77.28066693234724,0.0,1.8616834207227129,0.0,0.0,75.41898351162453,attacking_third,42.30122330650045,42.30122330650045,77.28066693234724,0.0,1.8616834207227129,0.0,0.0,75.41898351162453,attacking_third,42.30122330650045,18.486012619390692,92.13506857283345,23.81521068710975,16.7160850612089,0.9055525750469096,3.841163014050073,75.41898351162453,attacking_third,42.30122330650045,18.486012619390692,92.13506857283345,23.81521068710975,16.7160850612089,0.9055525750469096,3.841163014050073,75.41898351162453,attacking_third,42.30122330650045,18.486012619390692,92.13506857283345,23.81521068710975,16.7160850612089,0.9055525750469096,3.841163014050073,-22.918983511624532,30.23833587915968,0.99961674,0.66,1,Croatia,croatia,Spain - Croatia,spain,3,0,False,0,0,1,1,0,opponent_on_ball,0,2219391181,7.503000000000611,89.25,22.196218146341955,13.831016488375468,20.10500516015849,2.679595516480988
6,5544196,1598,2219391398,1,duel_regain,2H,4994.716,0,opponent_on_ball,pass,2.5399999999999636,0.0039999999999054,Spain - Croatia,2.0,2.0,0,0,0,0,0,3.1929999999993015,3.1929999999993015,1,0,0,0,0,3.1929999999993015,3.1929999999993015,1,0,0,0,0,10.643000000000027,10.643000000000027,1,0,1,0,0,10.643000000000027,10.643000000000027,1,0,1,0,0,46.842986692583054,middle_third,58.25744473307511,53.4095580271417,52.833383337671734,4.847886705933412,5.99039664508868,0.7320617800771119,2.4734115846598583,46.842986692583054,middle_third,58.25744473307511,47.14870656476144,60.504897279183744,11.108738168313671,13.66191058660069,0.8622729001210993,3.515423470985501,46.842986692583054,middle_third,58.25744473307511,47.14870656476144,60.504897279183744,11.108738168313671,13.66191058660069,0.8622729001210993,3.515423470985501,46.842986692583054,middle_third,58.25744473307511,18.527889626686093,88.3985941907275,39.729555106389014,46.03035770233048,0.8605809123536081,3.748071236451987,46.842986692583054,middle_third,58.25744473307511,18.527889626686093,88.3985941907275,39.729555106389014,46.03035770233048,0.8605809123536081,3.748071236451987,-5.657013307416946,-3.4193084078843583,0.9983962,0.66,1,Spain,spain,Spain - Croatia,spain,3,0,True,0,0,1,1,0,opponent_on_ball,0,2219391637,13.388999999999214,78.75,30.55604850107422,31.907013307416946,27.701396232000892,2.068966781089142
6,5544196,9598,2219391636,0,duel_regain,2H,5005.359,1,window_end,pass,2.745999999999185,0.0010000000002037,Spain - Croatia,2.0,2.0,0,0,0,0,0,2.745999999999185,2.745999999999185,1,0,0,0,0,9.885999999999513,9.885999999999513,3,0,1,0,0,12.96099999999933,12.96099999999933,4,1,1,0,0,17.547999999999774,17.547999999999774,5,2,1,0,0,16.84820114518913,defensive_third,89.64672747039921,84.19017139139619,24.89782164541909,5.456556079003022,8.04962050022996,1.0,2.7839571831660472,16.84820114518913,defensive_third,89.64672747039921,83.28530009435039,27.102033857618625,6.361427376048823,10.253832712429492,1.0,2.338760064724395,16.84820114518913,defensive_third,89.64672747039921,42.94821859965182,70.89305625861383,46.69850887074739,54.044855113424696,0.9938298359029988,4.726569723760241,16.84820114518913,defensive_third,89.64672747039921,37.49023381281866,72.36289767103543,52.156493657580555,55.5146965258463,0.9309805698361012,4.024420806912351,16.84820114518913,defensive_third,89.64672747039921,25.54000209016578,88.48985195166058,64.10672538023343,71.64165080647146,0.8462962568867567,3.6590596678216416,35.65179885481087,-16.30325442397914,0.9955087,0.66,1,Croatia,croatia,Spain - Croatia,spain,3,0,False,0,0,0,1,0,window_end_20s,1,,17.547999999999774,88.57108264531051,25.424867506577357,71.72288150012139,64.22185996382186,3.659782309312895
6,5544196,1598,2219391449,1,duel_regain,2H,5259.818,0,opponent_on_ball,pass,2.36200000000008,0.0180000000000291,Spain - Croatia,2.0,2.0,0,0,0,0,0,4.014000000000124,4.014000000000124,2,0,0,0,0,9.17199999999957,9.17199999999957,4,0,1,0,0,14.179000000000087,14.179000000000087,4,1,2,0,0,15.011999999999716,14.42199999999957,4,1,2,0,1,34.44987293544115,defensive_third,71.20173341328169,61.378545826707736,43.1678647262904,9.823187586573953,9.206904187584094,0.9515204420047836,5.011830401313147,34.44987293544115,defensive_third,71.20173341328169,61.378545826707736,35.873159650564276,9.823187586573953,9.206904187584094,0.54050124349805,2.48060292590249,34.44987293544115,defensive_third,71.20173341328169,39.382128318016875,69.41469850004708,31.819605095264812,34.96482556460593,0.6473570984307916,3.488991786761534,34.44987293544115,defensive_third,71.20173341328169,14.387725408640634,102.03383311018882,56.81400800464105,67.58396017474767,0.7662296024030285,4.0236549578358,34.44987293544115,defensive_third,71.20173341328169,14.142377910846085,109.5051988065861,57.0593555024356,75.05532587114494,0.7618045511304193,3.814128041606649,-18.05012706455885,-9.610744624150328,0.9859644,0.66,1,Spain,spain,Spain - Croatia,spain,3,0,True,1,0,1,1,1,shot,0,2219391463,15.011999999999716,96.6,16.56738965558546,62.150127064558845,54.63434375769623,3.639378081381379
6,5544197,8731,2219456923,1,duel_regain,1H,430.295,0,opponent_on_ball,duel,1.0809999999999604,0.016145999999992,Italy - Albania,1.0809999999999604,1.0809999999999604,0,0,1,0,0,2.540999999999997,2.540999999999997,1,0,1,0,0,8.122000000000014,8.122000000000014,2,1,1,0,0,11.387,10.103853999999956,2,1,2,0,1,11.387,10.103853999999956,2,1,2,0,1,58.65901374052024,middle_third,48.44703653088177,41.79453577551487,65.79556675555175,6.652500755366894,7.1365530150315095,1.0,6.396635341698811,58.65901374052024,middle_third,48.44703653088177,33.31573381211007,73.11640721433885,15.1313027187717,14.457393473818613,1.0,6.101331741440156,58.65901374052024,middle_third,48.44703653088177,15.801643227094043,94.75329583559612,32.64539330378772,36.0942820950759,0.9262829953628176,4.040271448488587,58.65901374052024,middle_third,48.44703653088177,4.523833505008766,105.30050878023587,43.923203025873,46.64149503971563,0.91125477839418,4.3231499041213475,58.65901374052024,middle_third,48.44703653088177,4.523833505008766,105.30050878023587,43.923203025873,46.64149503971563,0.91125477839418,4.3231499041213475,6.159013740520237,-14.128989387896794,0.9998331,0.66,1,Albania,albania,Italy - Albania,italy,2,1,False,1,1,1,1,1,shot,0,2219456934,11.387,93.45,18.8998439146994,34.790986259479766,29.547192616182368,2.5948180044069877
6,5544197,3757,2219457103,1,duel_regain,1H,1069.159,1,game_interruption,duel,4.198999999999842,0.0001460000000861,Italy - Albania,0.7169999999998709,0.7169999999998709,0,0,0,0,0,4.198999999999842,4.198999999999842,0,0,1,0,0,7.710999999999785,6.6798539999999775,1,0,1,0,0,7.710999999999785,6.6798539999999775,1,0,1,0,0,7.710999999999785,6.6798539999999775,1,0,1,0,0,69.60772314142693,middle_third,48.885175111525896,46.62240968542976,71.55419683863487,2.262765426096138,1.946473697207935,0.9100751220284614,3.5355709782746625,69.60772314142693,middle_third,48.885175111525896,29.089715503006342,82.76028112596617,19.79545960851955,13.152557984539245,0.9888313981936484,4.804723205951209,69.60772314142693,middle_third,48.885175111525896,9.22414690548124,107.89109903107504,39.661028206044655,38.91756413822313,0.9943231700914206,5.19123405838274,69.60772314142693,middle_third,48.885175111525896,9.22414690548124,107.89109903107504,39.661028206044655,38.91756413822313,0.9943231700914206,5.19123405838274,69.60772314142693,middle_third,48.885175111525896,9.22414690548124,107.89109903107504,39.661028206044655,38.91756413822313,0.9943231700914206,5.19123405838274,-17.10772314142693,-33.721611534009824,0.99965525,0.66,1,Italy,italy,Italy - Albania,italy,2,1,True,0,0,1,1,0,game_interruption,0,2219457112,10.259999999999991,105.0,12.24,35.39227685857307,36.645175111525894,3.5716544943007724
6,5544197,8731,2219458017,1,interception,2H,3892.511,1,opponent_on_ball,pass,1.7269999999998618,0.001944000000094,Italy - Albania,1.7269999999998618,1.7269999999998618,1,0,0,0,0,4.472999999999956,4.472999999999956,2,0,0,0,0,6.036999999999807,6.036999999999807,3,0,0,0,0,6.036999999999807,6.036999999999807,3,0,0,0,0,6.036999999999807,6.036999999999807,3,0,0,0,0,23.41070514803673,defensive_third,82.5801786385428,82.48462358127469,18.29572126934663,0.0955550572681147,0.0,0.0171812494350039,0.0555552658535615,23.41070514803673,defensive_third,82.5801786385428,79.41759700754692,25.898253310567156,3.162581630995888,2.4875481625304303,0.0775519833646363,0.7122931601342731,23.41070514803673,defensive_third,82.5801786385428,50.57559257820607,54.44809638016345,32.004586060336734,31.037391232126723,0.4596896725127801,5.334097676722789,23.41070514803673,defensive_third,82.5801786385428,50.57559257820607,54.44809638016345,32.004586060336734,31.037391232126723,0.4596896725127801,5.334097676722789,23.41070514803673,defensive_third,82.5801786385428,50.57559257820607,54.44809638016345,32.004586060336734,31.037391232126723,0.4596896725127801,5.334097676722789,29.08929485196327,-12.754327482585708,0.99664634,0.66,1,Albania,albania,Italy - Albania,italy,2,1,False,0,0,0,0,0,opponent_on_ball,0,2219458257,11.204999999999927,56.7,48.3,33.28929485196328,34.28017863854281,3.059364447884251
6,5544197,8731,2219458129,1,duel_regain,2H,4302.79,1,opponent_on_ball,none,,0.002943999999843,Italy - Albania,2.0,2.0,0,0,0,0,0,5.0,5.0,0,0,0,0,0,9.55199999999968,9.55199999999968,3,0,0,0,0,9.55199999999968,9.55199999999968,3,0,0,0,0,9.55199999999968,9.55199999999968,3,0,0,0,0,34.72043262747974,defensive_third,77.51399155372873,77.51399155372873,29.19970600097264,0.0,0.0,0.0,0.0,34.72043262747974,defensive_third,77.51399155372873,74.03086410973094,36.94981660545599,3.4831274439977875,2.229383977976255,0.2230876644852087,0.7022434362898714,34.72043262747974,defensive_third,77.51399155372873,23.560844235348792,87.32255389655342,53.95314731837993,52.60212126907368,0.8164416334829869,5.66734740739259,34.72043262747974,defensive_third,77.51399155372873,23.560844235348792,87.32255389655342,53.95314731837993,52.60212126907368,0.8164416334829869,5.66734740739259,34.72043262747974,defensive_third,77.51399155372873,23.560844235348792,87.32255389655342,53.95314731837993,52.60212126907368,0.8164416334829869,5.66734740739259,17.779567372520262,32.69864364959065,0.9973803,0.66,1,Albania,albania,Italy - Albania,italy,2,1,False,0,0,0,1,0,opponent_on_ball,0,2219458374,12.949999999999818,94.5,17.181676286090365,59.77956737252026,60.332315267638364,4.658866043833144
6,5544198,12046,2220250128,1,duel_regain,1H,287.977,0,opponent_on_ball,pass,1.094000000000051,0.0169999999999959,Slovenia - Denmark,1.094000000000051,1.094000000000051,1,0,0,0,0,2.097000000000037,2.097000000000037,2,1,0,0,0,9.663000000000013,9.663000000000013,4,1,0,0,0,9.663000000000013,9.663000000000013,4,1,0,0,0,9.663000000000013,9.663000000000013,4,1,0,0,0,25.649012995219348,defensive_third,82.24363102108109,78.42329106032896,30.483332346497058,3.820339960752122,4.834319351277706,1.0,3.6734038084154297,25.649012995219348,defensive_third,82.24363102108109,74.29893791138318,35.905733844064024,7.9446931096979085,10.256720848844676,1.0,3.894457406714622,25.649012995219348,defensive_third,82.24363102108109,31.84474919282335,91.600527011768,50.398881828257736,65.95151401654864,1.0,5.22809977471554,25.649012995219348,defensive_third,82.24363102108109,31.84474919282335,91.600527011768,50.398881828257736,65.95151401654864,1.0,5.22809977471554,25.649012995219348,defensive_third,82.24363102108109,31.84474919282335,91.600527011768,50.398881828257736,65.95151401654864,1.0,5.22809977471554,-26.850987004780652,21.62026144381383,0.9992199,0.66,1,Slovenia,slovenia,Slovenia - Denmark,draw,1,1,False,0,0,0,1,0,opponent_on_ball,0,2220250488,11.69500000000005,92.4,13.244108123992337,66.75098700478065,68.99952289708875,5.899916451226033
6,5544198,7712,2220250711,1,interception,1H,877.548,1,window_end,pass,1.2999999999999543,0.0119999999999436,Slovenia - Denmark,1.881999999999948,1.881999999999948,2,0,0,0,0,4.897000000000048,4.897000000000048,7,0,0,0,0,8.753000000000043,8.753000000000043,8,0,1,0,0,12.07299999999998,12.07299999999998,8,0,1,0,0,12.07299999999998,12.07299999999998,8,0,1,0,0,20.97170934767459,defensive_third,85.29365876497509,82.12121070375501,24.069850341348555,3.1724480612200807,3.0981409936739652,0.6047217897815902,1.7241565550108835,20.97170934767459,defensive_third,85.29365876497509,78.62514208784482,21.698601826538592,6.66851667713027,6.882744398822837,0.2809346738949957,1.366499319084041,20.97170934767459,defensive_third,85.29365876497509,54.30852360975399,54.05866458680754,30.9851351552211,33.08695523913295,0.5173652584621569,3.5533411875253447,20.97170934767459,defensive_third,85.29365876497509,45.353266914661226,71.98515472039641,39.940391850313866,51.01344537272182,0.5748364346074699,3.317308293215416,20.97170934767459,defensive_third,85.29365876497509,45.353266914661226,71.98515472039641,39.940391850313866,51.01344537272182,0.5748364346074699,3.317308293215416,31.52829065232541,14.637438148949862,0.9595251,0.66,1,Denmark,denmark,Slovenia - Denmark,draw,1,1,False,0,0,0,0,0,window_end_20s,1,,12.07299999999998,72.13843818455943,46.13822359944946,51.16672883688484,39.15543516552563,3.243223321918802
6,5544198,12046,2220250221,1,interception,1H,935.643,0,opponent_on_ball,pass,1.0229999999999109,0.0030000000000427,Slovenia - Denmark,1.8099999999999457,1.8099999999999457,2,0,0,0,0,3.858999999999923,3.858999999999923,3,1,0,0,0,3.858999999999923,3.858999999999923,3,1,0,0,0,3.858999999999923,3.858999999999923,3,1,0,0,0,3.858999999999923,3.858999999999923,3,1,0,0,0,43.20271704531363,middle_third,68.25988335853691,59.582261305593825,49.58476581468606,8.677622052943086,6.382048769372425,1.0,4.930467075535551,43.20271704531363,middle_third,68.25988335853691,44.70600859132306,62.30511457998752,23.55387476721385,19.102397534673884,1.0,6.198388096635112,43.20271704531363,middle_third,68.25988335853691,44.70600859132306,62.30511457998752,23.55387476721385,19.102397534673884,1.0,6.198388096635112,43.20271704531363,middle_third,68.25988335853691,44.70600859132306,62.30511457998752,23.55387476721385,19.102397534673884,1.0,6.198388096635112,43.20271704531363,middle_third,68.25988335853691,44.70600859132306,62.30511457998752,23.55387476721385,19.102397534673884,1.0,6.198388096635112,-9.297282954686366,-28.99150730023355,0.99456704,0.66,1,Slovenia,slovenia,Slovenia - Denmark,draw,1,1,False,0,0,0,0,0,opponent_on_ball,0,2220250743,5.178999999999974,76.65,29.003049839628932,33.44728295468637,39.25683351890798,7.58000261033176
6,5544198,12046,2220250425,1,interception,1H,1853.486,0,opponent_on_ball,pass,3.030999999999949,0.0060000000000854,Slovenia - Denmark,2.0,2.0,0,0,0,0,0,4.660999999999831,4.660999999999831,1,1,0,0,0,4.660999999999831,4.660999999999831,1,1,0,0,0,11.636999999999944,11.636999999999944,2,1,1,0,0,11.636999999999944,11.636999999999944,2,1,1,0,0,30.686015090828327,defensive_third,74.36593045429461,66.39233510133398,38.91416594482012,7.973595352960629,8.228150853991792,1.0,4.068160894367592,30.686015090828327,defensive_third,74.36593045429461,52.168482083387445,58.236178995114585,22.197448370907168,27.550163904286254,1.0,4.825532254545132,30.686015090828327,defensive_third,74.36593045429461,52.168482083387445,58.236178995114585,22.197448370907168,27.550163904286254,1.0,4.825532254545132,30.686015090828327,defensive_third,74.36593045429461,20.32013269243062,99.86683737824444,54.045797761863994,70.32153159311744,0.9446589137385732,4.6591204967124495,30.686015090828327,defensive_third,74.36593045429461,20.32013269243062,99.86683737824444,54.045797761863994,70.32153159311744,0.9446589137385732,4.6591204967124495,-21.813984909171673,2.779075251299865,0.998895,0.66,1,Slovenia,slovenia,Slovenia - Denmark,draw,1,1,False,0,0,0,1,0,opponent_on_ball,0,2220251057,12.733999999999924,93.45,12.76699259810234,62.763984909171675,61.59893785619227,4.837359655739959
6,5544198,12046,2220250827,1,interception,2H,3830.607,0,opponent_on_ball,pass,1.945999999999913,0.006999999999607,Slovenia - Denmark,1.945999999999913,1.945999999999913,1,0,0,0,0,4.405999999999949,4.405999999999949,1,0,1,0,0,4.405999999999949,4.405999999999949,1,0,1,0,0,4.405999999999949,4.405999999999949,1,0,1,0,0,4.405999999999949,4.405999999999949,1,0,1,0,0,46.10506486125947,middle_third,60.96807989994864,47.23359715991528,60.70663458172395,13.734482740033364,14.601569720464475,1.0,7.305575925551005,46.10506486125947,middle_third,60.96807989994864,32.32520842916221,71.32024908794779,28.64287147078643,27.644435743791384,0.8894752063145928,6.569465933667106,46.10506486125947,middle_third,60.96807989994864,32.32520842916221,71.32024908794779,28.64287147078643,27.644435743791384,0.8894752063145928,6.569465933667106,46.10506486125947,middle_third,60.96807989994864,32.32520842916221,71.32024908794779,28.64287147078643,27.644435743791384,0.8894752063145928,6.569465933667106,46.10506486125947,middle_third,60.96807989994864,32.32520842916221,71.32024908794779,28.64287147078643,27.644435743791384,0.8894752063145928,6.569465933667106,-6.394935138740529,-15.763672848992655,0.9975018,0.66,1,Slovenia,slovenia,Slovenia - Denmark,draw,1,1,False,0,0,0,1,0,opponent_on_ball,0,2220251574,9.476000000000113,60.9,44.1,14.794935138740527,16.86807989994864,1.7800844132490965
6,5544198,12046,2220250899,1,duel_regain,2H,4144.695,0,window_end,pass,2.717000000000553,0.0149999999994179,Slovenia - Denmark,0.3320000000003347,0.3320000000003347,0,0,0,0,0,4.2020000000002256,4.2020000000002256,1,0,1,0,0,6.548000000000684,6.548000000000684,1,0,1,0,0,6.548000000000684,6.548000000000684,1,0,1,0,0,6.548000000000684,6.548000000000684,1,0,1,0,0,42.36722110809217,middle_third,62.81255316360953,62.81255316360953,42.29679680789299,0.0,0.0,0.0,0.0,42.36722110809217,middle_third,62.81255316360953,43.204131063953064,62.571983160500466,19.608422099656465,20.2047620524083,0.9611521574883984,4.713563004725277,42.36722110809217,middle_third,62.81255316360953,33.63984117915695,73.99476346837949,29.172711984452576,31.62754236028732,0.9602284745613948,4.474342328904094,42.36722110809217,middle_third,62.81255316360953,33.63984117915695,73.99476346837949,29.172711984452576,31.62754236028732,0.9602284745613948,4.474342328904094,42.36722110809217,middle_third,62.81255316360953,33.63984117915695,73.99476346837949,29.172711984452576,31.62754236028732,0.9602284745613948,4.474342328904094,-10.132778891907831,4.748878099999871,0.977557,0.66,1,Slovenia,slovenia,Slovenia - Denmark,draw,1,1,False,0,0,0,1,0,window_end_20s,1,,6.548000000000684,73.99476346837949,33.63984117915695,31.627542360287322,29.172711984452576,4.455209527252524
6,5544198,7712,2220251632,1,duel_regain,2H,4185.098,1,window_end,pass,1.811999999999898,0.0180000000000291,Slovenia - Denmark,1.811999999999898,1.811999999999898,1,0,0,0,0,4.748999999999796,4.748999999999796,1,0,1,0,0,8.364999999999782,8.364999999999782,3,0,2,0,0,14.97900000000027,14.97900000000027,4,1,3,0,0,15.199999999999818,15.199999999999818,4,1,3,0,0,14.092322551573872,defensive_third,91.0211061121849,81.64134677372665,23.599011971561364,9.379759338458244,9.506689419987492,0.8845778699050691,5.329408715032431,14.092322551573872,defensive_third,91.0211061121849,60.889433465463526,44.13801959017087,30.13167264672137,30.045697038597,0.9609671716780992,6.383828950576217,14.092322551573872,defensive_third,91.0211061121849,50.450731431628704,54.89392415203681,40.57037468055619,40.80160160046294,0.8529617290482217,4.876246956797257,14.092322551573872,defensive_third,91.0211061121849,15.102613651461164,99.034582239915,75.91849246072373,84.94225968834114,0.9156488089241156,5.088370808359474,14.092322551573872,defensive_third,91.0211061121849,14.635343957829992,100.92473382082456,76.38576215435491,86.8324112692507,0.9161215240557868,5.0519683964520805,38.40767744842613,4.542679695789744,0.98112524,0.66,1,Denmark,denmark,Slovenia - Denmark,draw,1,1,False,0,0,1,1,0,window_end_20s,1,,15.199999999999818,101.6086844086778,14.468599654847656,87.51636185710393,76.55250645733724,5.036349109035405
6,5544199,17322,2220315340,1,duel_regain,1H,1321.544,0,opponent_on_ball,duel,1.724999999999909,0.0064020000002074,Serbia - England,1.724999999999909,1.724999999999909,0,0,1,0,0,4.285999999999831,4.285999999999831,1,0,2,0,0,5.7849999999998545,5.7849999999998545,3,0,2,0,0,5.7849999999998545,5.7849999999998545,3,0,2,0,0,5.7849999999998545,5.7849999999998545,3,0,2,0,0,54.53967835441006,middle_third,56.978526305174896,37.07965110164481,68.10962343734424,19.89887520353009,13.569945082934185,0.9822470721618124,11.84456857353097,54.53967835441006,middle_third,56.978526305174896,27.57386508556893,77.72032345117921,29.404661219605966,23.180645096769155,0.9879168000013936,6.935061608397619,54.53967835441006,middle_third,56.978526305174896,20.783249510076928,84.24234503131446,36.19527679509797,29.7026666769044,0.9901614323277492,6.327845593548566,54.53967835441006,middle_third,56.978526305174896,20.783249510076928,84.24234503131446,36.19527679509797,29.7026666769044,0.9901614323277492,6.327845593548566,54.53967835441006,middle_third,56.978526305174896,20.783249510076928,84.24234503131446,36.19527679509797,29.7026666769044,0.9901614323277492,6.327845593548566,2.039678354410057,26.46334066842496,0.99474734,0.66,1,Serbia,serbia,Serbia - England,england,0,1,False,0,0,0,1,0,opponent_on_ball,0,2220315462,5.939999999999827,58.8,53.61231201878912,4.26032164558994,3.3662142863857767,0.5667027418158038
6,5544199,17322,2220315350,0,duel_regain,1H,1342.58,0,window_end,pass,1.5700000000001637,0.0024019999998472,Serbia - England,1.5700000000001637,1.5700000000001637,1,0,0,0,0,3.4420000000000073,3.4420000000000073,2,0,0,0,0,5.997000000000071,5.997000000000071,3,0,0,0,0,10.965000000000146,10.965000000000146,4,0,0,0,0,19.279999999999973,19.279999999999973,6,0,2,0,0,18.66107101924066,defensive_third,89.43312827222188,89.43312827222188,15.765389105280072,0.0,0.0,0.0,0.0,18.66107101924066,defensive_third,89.43312827222188,89.43312827222188,10.658534528091671,0.0,0.0,0.0,0.0,18.66107101924066,defensive_third,89.43312827222188,89.43312827222188,11.453108889615358,0.0,0.0,0.0,0.0,18.66107101924066,defensive_third,89.43312827222188,50.45295153559754,53.866764546329314,38.98017673662434,36.996379788441736,0.6794944578283215,3.5696132542696786,18.66107101924066,defensive_third,89.43312827222188,18.99131388969184,74.9635069155506,70.44181438253004,67.75063975140185,0.6612304955298643,3.6612169637489607,-33.83892898075934,23.32110149652219,0.95254093,0.66,1,Serbia,serbia,Serbia - England,england,0,1,False,0,0,1,1,0,window_end_20s,1,,19.279999999999973,74.9635069155506,35.7456673095591,56.30243589630994,53.687460962662776,2.784619344536455
6,5544199,2413,2220316011,1,interception,2H,2891.711,0,opponent_on_ball,clearance,1.2390000000000327,0.0066359999996166,Serbia - England,1.2390000000000327,1.2390000000000327,0,0,0,1,0,4.1460000000001855,4.1460000000001855,1,0,0,1,0,4.1460000000001855,4.1460000000001855,1,0,0,1,0,14.30600000000004,14.30600000000004,2,0,1,1,0,14.30600000000004,14.30600000000004,2,0,1,1,0,18.205892201132265,defensive_third,86.8918715898702,84.82824703423232,20.173622998318756,2.0636245556378867,1.9677307971864904,1.0,1.7196871296984997,18.205892201132265,defensive_third,86.8918715898702,44.14312274549687,64.82936552143943,42.74874884437334,46.62347332030716,1.0,10.477634520679926,18.205892201132265,defensive_third,86.8918715898702,44.14312274549687,64.82936552143943,42.74874884437334,46.62347332030716,1.0,10.477634520679926,18.205892201132265,defensive_third,86.8918715898702,27.61957970965125,73.43101705515927,59.27229188021896,59.192946563180335,0.7028259415944598,4.162380047768249,18.205892201132265,defensive_third,86.8918715898702,27.61957970965125,73.43101705515927,59.27229188021896,59.192946563180335,0.7028259415944598,4.162380047768249,-34.294107798867735,-4.120703797777566,0.9152637,0.66,1,England,england,Serbia - England,england,0,1,True,0,0,0,1,0,opponent_on_ball,0,2220316015,16.226000000000113,78.75,27.489054185257086,60.544107798867735,59.40281740461312,3.660964957759935
6,5544199,17322,2220316406,1,duel_regain,2H,3880.942,1,opponent_on_ball,duel,1.681999999999789,0.0023639999999431,Serbia - England,1.9909999999999857,1.9909999999999857,0,0,2,0,0,4.764999999999873,4.764999999999873,1,0,3,0,0,4.764999999999873,4.764999999999873,1,0,3,0,0,4.764999999999873,4.764999999999873,1,0,3,0,0,4.764999999999873,4.764999999999873,1,0,3,0,0,78.78671114663531,attacking_third,29.22513881174305,23.25508430292925,83.48296441013267,5.970054508813799,4.696253263497354,1.0,3.0459461779661674,78.78671114663531,attacking_third,29.22513881174305,5.141522337130762,100.30963126125468,24.08361647461229,21.88554600451711,0.9564653369540698,5.059583292985542,78.78671114663531,attacking_third,29.22513881174305,5.141522337130762,100.30963126125468,24.08361647461229,21.88554600451711,0.9564653369540698,5.059583292985542,78.78671114663531,attacking_third,29.22513881174305,5.141522337130762,100.30963126125468,24.08361647461229,21.88554600451711,0.9564653369540698,5.059583292985542,78.78671114663531,attacking_third,29.22513881174305,5.141522337130762,100.30963126125468,24.08361647461229,21.88554600451711,0.9564653369540698,5.059583292985542,-26.286711146635316,-12.921773332469384,0.9982273,0.66,1,Serbia,serbia,Serbia - England,england,0,1,False,0,0,1,1,0,opponent_on_ball,0,2220316405,7.300000000000182,101.85,4.161838536031886,23.063288853364682,25.063300275711164,3.433328804891855
6,5544200,664,2220208287,1,duel_regain,1H,614.373,1,opponent_on_ball,clearance,2.5,0.0130000000000336,Poland - Netherlands,2.0,2.0,0,0,0,0,0,2.5,2.5,0,0,0,1,0,2.5,2.5,0,0,0,1,0,10.45799999999997,10.45799999999997,0,0,1,1,0,10.45799999999997,10.45799999999997,0,0,1,1,0,20.215120760017054,defensive_third,84.8322923245483,64.87018244997822,41.08267585666863,19.96210987457009,20.86755509665157,1.0,10.18474993600496,20.215120760017054,defensive_third,84.8322923245483,61.211268892651056,45.263123461244525,23.62102343189725,25.048002701227468,1.0,9.680747308154396,20.215120760017054,defensive_third,84.8322923245483,61.211268892651056,45.263123461244525,23.62102343189725,25.048002701227468,1.0,9.680747308154396,20.215120760017054,defensive_third,84.8322923245483,47.66952866739947,57.82566671658635,37.16276365714884,42.4157856025238,0.782580226256341,3.5733426593412423,20.215120760017054,defensive_third,84.8322923245483,47.66952866739947,57.82566671658635,37.16276365714884,42.4157856025238,0.782580226256341,3.5733426593412423,32.28487923998294,2.8358549502977866,0.9832767,0.66,1,Netherlands,netherlands,Poland - Netherlands,netherlands,1,2,True,0,0,0,0,0,opponent_on_ball,0,2220208548,10.57899999999995,49.35,59.75299239368686,29.134879239982947,25.079299930861445,2.3706682985973684
6,5544200,13869,2220208803,1,duel_regain,1H,1220.263,0,opponent_on_ball,interception,2.338000000000193,0.0170000000000527,Poland - Netherlands,2.0,2.0,0,0,0,0,0,4.4370000000001255,4.4370000000001255,0,0,1,0,0,9.550000000000182,9.550000000000182,1,1,2,0,0,9.550000000000182,9.550000000000182,1,1,2,0,0,9.550000000000182,9.550000000000182,1,1,2,0,0,17.462051332743194,defensive_third,92.28199218272854,89.48424093566678,21.97413886555033,2.7977512470617683,4.512087532807136,0.7727502108661318,1.427424105643733,17.462051332743194,defensive_third,92.28199218272854,74.48764869773754,34.309775779940686,17.794343484991003,16.847724447197493,0.9558062017002504,4.044168973861508,17.462051332743194,defensive_third,92.28199218272854,58.2559163792088,54.195803613061834,34.026075803519745,37.05183000425128,0.9689453048165122,3.589248502480979,17.462051332743194,defensive_third,92.28199218272854,58.2559163792088,54.195803613061834,34.026075803519745,37.05183000425128,0.9689453048165122,3.589248502480979,17.462051332743194,defensive_third,92.28199218272854,58.2559163792088,54.195803613061834,34.026075803519745,37.05183000425128,0.9689453048165122,3.589248502480979,-35.037948667256806,-29.207424130550805,0.9829395,0.66,1,Poland,poland,Poland - Netherlands,netherlands,1,2,False,0,0,0,0,0,opponent_on_ball,0,2220208460,13.485000000000127,56.7,55.76902724631299,39.23794866725681,36.51296493641556,2.7076725944690554
6,5544200,664,2220208484,1,duel_regain,1H,1358.96,1,game_interruption,pass,2.594000000000051,0.0,Poland - Netherlands,2.0,2.0,0,0,0,0,0,2.594000000000051,2.594000000000051,1,0,0,0,0,9.403999999999996,9.403999999999996,3,0,0,0,1,9.403999999999996,9.403999999999996,3,0,0,0,1,9.403999999999996,9.403999999999996,3,0,0,0,1,42.68846003275428,middle_third,63.24824124185495,52.548908838328025,55.825088769611334,10.699332403526924,13.136628736857055,1.0,5.349666201763462,42.68846003275428,middle_third,63.24824124185495,48.8291251536263,59.64922929922182,14.419116088228648,16.960769266467544,1.0,5.632467221964435,42.68846003275428,middle_third,63.24824124185495,2.8696370923015926,103.79127748874647,60.378604149553354,61.10281745599221,0.7262799793163704,6.423255760590876,42.68846003275428,middle_third,63.24824124185495,2.8696370923015926,103.79127748874647,60.378604149553354,61.10281745599221,0.7262799793163704,6.423255760590876,42.68846003275428,middle_third,63.24824124185495,2.8696370923015926,103.79127748874647,60.378604149553354,61.10281745599221,0.7262799793163704,6.423255760590876,9.811539967245722,-10.844906965862831,0.9997081,0.66,1,Netherlands,netherlands,Poland - Netherlands,netherlands,1,2,True,1,1,1,1,1,shot,0,2220208497,9.403999999999996,100.8,13.585521705109453,58.11153996724572,49.6627195367455,5.281020792933381
6,5544200,13869,2220208926,1,interception,1H,1508.154,0,opponent_on_ball,none,,0.0060000000000854,Poland - Netherlands,2.0,2.0,0,0,0,0,0,2.247000000000071,2.247000000000071,0,0,0,0,0,9.259000000000016,9.259000000000016,1,0,0,0,0,9.259000000000016,9.259000000000016,1,0,0,0,0,9.259000000000016,9.259000000000016,1,0,0,0,0,32.06331265860948,defensive_third,76.97396418279021,63.40495917526607,48.461748695922296,13.56900500752414,16.398436037312813,1.0,6.922961738533399,32.06331265860948,defensive_third,76.97396418279021,61.2097040653281,51.351834518418926,15.764260117462117,19.288521859809443,1.0,7.037616123866987,32.06331265860948,defensive_third,76.97396418279021,16.659844574307996,92.07569416742233,60.314119608482216,60.01238150881283,0.9999999999999996,6.5275021221301035,32.06331265860948,defensive_third,76.97396418279021,16.659844574307996,92.07569416742233,60.314119608482216,60.01238150881283,0.9999999999999996,6.5275021221301035,32.06331265860948,defensive_third,76.97396418279021,16.659844574307996,92.07569416742233,60.314119608482216,60.01238150881283,0.9999999999999996,6.5275021221301035,-20.436687341390517,24.60143901640133,0.99691075,0.66,1,Poland,poland,Poland - Netherlands,netherlands,1,2,False,0,0,1,1,0,opponent_on_ball,0,2220208561,10.95900000000006,89.25,18.403611058702584,57.18668734139052,58.57035312408763,5.3444979582158325
6,5544200,664,2220208645,0,interception,1H,1728.457,1,window_end,duel,2.3799999999998818,0.0170000000000527,Poland - Netherlands,2.0,1.102999999999838,0,0,0,0,0,3.1469999999999345,1.9869999999998529,0,0,1,0,1,5.108999999999924,3.9489999999998417,0,0,1,0,1,5.108999999999924,3.9489999999998417,0,0,1,0,1,5.108999999999924,3.9489999999998417,0,0,1,0,1,84.14713469053979,attacking_third,21.59337880525559,0.1830556410229804,105.7559958900736,21.410323164232608,23.9966973828231,0.8330604020025463,10.923634267465411,84.14713469053979,attacking_third,21.59337880525559,0.1830556410229804,104.16520774277151,21.410323164232608,23.9966973828231,0.7609099027032757,6.862283065459409,84.14713469053979,attacking_third,21.59337880525559,0.1830556410229804,100.04402913260252,21.410323164232608,23.9966973828231,0.623618218271055,4.214630544140338,84.14713469053979,attacking_third,21.59337880525559,0.1830556410229804,100.04402913260252,21.410323164232608,23.9966973828231,0.623618218271055,4.214630544140338,84.14713469053979,attacking_third,21.59337880525559,0.1830556410229804,100.04402913260252,21.410323164232608,23.9966973828231,0.623618218271055,4.214630544140338,-31.64713469053978,5.6064263673727055,0.8340413,0.66,1,Netherlands,netherlands,Poland - Netherlands,netherlands,1,2,True,1,1,1,1,1,shot,0,2220209725,3.1469999999999345,87.15,19.101374296107593,3.002865309460219,2.4920045091479963,0.7918667013498724
6,5544200,664,2220208679,1,duel_regain,1H,1900.05,1,opponent_on_ball,duel,0.0,0.0099999999999909,Poland - Netherlands,2.0,2.0,0,0,1,0,0,2.770999999999958,2.770999999999958,0,0,1,0,0,9.272000000000162,9.272000000000162,0,0,2,0,0,10.16599999999994,10.16599999999994,0,0,3,0,0,10.16599999999994,10.16599999999994,0,0,3,0,0,22.903152306089112,defensive_third,83.48602862838659,70.56757369401488,36.29654431492766,12.91845493437171,13.393392008838546,1.0,6.591048435903811,22.903152306089112,defensive_third,83.48602862838659,63.547369453202904,43.53077589835914,19.938659175183687,20.627623592270027,1.0,7.330389402640988,22.903152306089112,defensive_third,83.48602862838659,19.7928956261463,85.26519620269057,63.69313300224029,62.36204389660146,1.0000000000000009,6.8931962123636605,22.903152306089112,defensive_third,83.48602862838659,19.533779959733344,85.3783721921514,63.95224866865325,62.61967368717089,0.9936432260074486,6.319392160934042,22.903152306089112,defensive_third,83.48602862838659,19.533779959733344,85.3783721921514,63.95224866865325,62.61967368717089,0.9936432260074486,6.319392160934042,29.596847693910888,15.166561075688264,0.9994604,0.66,1,Netherlands,netherlands,Poland - Netherlands,netherlands,1,2,True,0,0,1,1,0,opponent_on_ball,0,2220209132,13.728000000000065,85.05,19.950000000000003,62.146847693910885,63.53602862838659,4.6282072136062276
6,5544200,13869,2220209252,1,interception,1H,2082.491,0,opponent_on_ball,duel,1.7519999999999527,0.0109999999999672,Poland - Netherlands,1.7519999999999527,1.7519999999999527,0,0,1,0,0,4.786000000000058,4.786000000000058,2,0,1,0,0,9.536999999999807,9.536999999999807,4,0,1,0,0,9.536999999999807,9.536999999999807,4,0,1,0,0,9.536999999999807,9.536999999999807,4,0,1,0,0,68.19603920623719,middle_third,45.847440509833774,33.529096778842764,76.90322773260282,12.31834373099101,8.707188526365627,0.9765732124168,7.161827750577002,68.19603920623719,middle_third,45.847440509833774,29.803727960434895,82.3047894057423,16.04371254939888,14.322805000502925,0.7022567023205922,3.399091641821941,68.19603920623719,middle_third,45.847440509833774,9.99632702139622,97.00495944512213,35.851113488437555,28.808920238884937,0.6935544906898163,3.781763026206486,68.19603920623719,middle_third,45.847440509833774,9.99632702139622,97.00495944512213,35.851113488437555,28.808920238884937,0.6935544906898163,3.781763026206486,68.19603920623719,middle_third,45.847440509833774,9.99632702139622,97.00495944512213,35.851113488437555,28.808920238884937,0.6935544906898163,3.781763026206486,15.696039206237188,-27.33964650821069,0.9955486,0.66,1,Poland,poland,Poland - Netherlands,netherlands,1,2,False,0,0,1,1,0,opponent_on_ball,0,2220208732,11.610999999999876,93.45,16.341239243092918,25.253960793762815,29.506201266740856,2.541228254822252
6,5544200,664,2220208915,1,duel_regain,1H,2619.913,1,opponent_on_ball,duel,0.3209999999999127,0.0070000000000618,Poland - Netherlands,1.8789999999999056,1.8789999999999056,1,0,1,0,0,4.108999999999924,4.108999999999924,2,0,2,0,0,4.108999999999924,4.108999999999924,2,0,2,0,0,4.108999999999924,4.108999999999924,2,0,2,0,0,4.108999999999924,4.108999999999924,2,0,2,0,0,58.06382806875814,middle_third,50.913730142374575,35.50667189364296,68.01915185739713,15.407058248731616,13.208381344360092,0.818027425207633,8.373401222136085,58.06382806875814,middle_third,50.913730142374575,35.50667189364296,62.357715843000975,15.407058248731616,13.208381344360092,0.5230115714338615,3.776239766846051,58.06382806875814,middle_third,50.913730142374575,35.50667189364296,62.357715843000975,15.407058248731616,13.208381344360092,0.5230115714338615,3.776239766846051,58.06382806875814,middle_third,50.913730142374575,35.50667189364296,62.357715843000975,15.407058248731616,13.208381344360092,0.5230115714338615,3.776239766846051,58.06382806875814,middle_third,50.913730142374575,35.50667189364296,62.357715843000975,15.407058248731616,13.208381344360092,0.5230115714338615,3.776239766846051,-5.563828068758141,-19.728245777347897,0.98856515,0.66,1,Netherlands,netherlands,Poland - Netherlands,netherlands,1,2,True,0,0,0,0,0,opponent_on_ball,0,2220209462,6.155999999999949,61.95,44.24186365875651,3.8861719312418614,6.671866483618068,1.0837989739470635
6,5544200,664,2220209096,1,duel_regain,2H,3075.62,1,opponent_on_ball,duel,2.7829999999999018,0.0199999999999818,Poland - Netherlands,2.0,2.0,0,0,0,0,0,4.644999999999982,4.644999999999982,1,0,1,0,0,7.907000000000153,7.907000000000153,2,0,2,0,0,7.907000000000153,7.907000000000153,2,0,2,0,0,7.907000000000153,7.907000000000153,2,0,2,0,0,68.5119112260675,middle_third,42.59069202948355,35.11796410892087,70.5628160545737,7.472727920562683,2.050904828506205,0.9770538332058823,3.812616286001298,68.5119112260675,middle_third,42.59069202948355,24.393572661771053,80.66701930702631,18.197119367712503,12.155108080958811,0.9904478792083814,3.955895514720188,68.5119112260675,middle_third,42.59069202948355,3.9339548409764302,101.08399510383045,38.65673718850712,32.572083877762935,0.9954806243637389,4.905677308186115,68.5119112260675,middle_third,42.59069202948355,3.9339548409764302,101.08399510383045,38.65673718850712,32.572083877762935,0.9954806243637389,4.905677308186115,68.5119112260675,middle_third,42.59069202948355,3.9339548409764302,101.08399510383045,38.65673718850712,32.572083877762935,0.9954806243637389,4.905677308186115,-16.011911226067497,21.96784980775167,0.9996061,0.66,1,Netherlands,netherlands,Poland - Netherlands,netherlands,1,2,True,0,0,1,1,0,opponent_on_ball,0,2220209699,9.776000000000295,87.15,21.643477077401396,18.63808877393251,20.947214952082152,2.142718387078715
6,5544200,664,2220209123,1,interception,2H,3218.368,1,game_interruption,pass,1.9859999999998763,0.0079999999998108,Poland - Netherlands,1.9859999999998763,1.9859999999998763,1,0,0,0,0,3.01700000000028,3.01700000000028,2,0,0,0,0,9.54300000000012,6.592000000000098,3,0,0,0,1,9.54300000000012,6.592000000000098,3,0,0,0,1,9.54300000000012,6.592000000000098,3,0,0,0,1,49.02289304763994,middle_third,56.21151274442684,39.07889326426055,67.91904261487136,17.13261948016629,18.89614956723142,1.0,8.923239312586272,49.02289304763994,middle_third,56.21151274442684,32.56466873906851,73.48149100553962,23.646844005358332,24.458597957899684,1.0,7.988798650458798,49.02289304763994,middle_third,56.21151274442684,4.960454185447515,107.57613965542627,51.25105855897933,58.553246607786335,0.9956719887518852,5.406229805799496,49.02289304763994,middle_third,56.21151274442684,4.960454185447515,107.57613965542627,51.25105855897933,58.553246607786335,0.9956719887518852,5.406229805799496,49.02289304763994,middle_third,56.21151274442684,4.960454185447515,107.57613965542627,51.25105855897933,58.553246607786335,0.9956719887518852,5.406229805799496,3.47710695236006,5.128124633908932,0.9997681,0.66,1,Netherlands,netherlands,Poland - Netherlands,netherlands,1,2,True,1,1,1,1,1,shot,0,2220209135,9.54300000000012,91.35,18.794916866003962,42.327106952360054,37.41659587842288,3.9208420704623714
6,5544200,13869,2220209763,1,duel_regain,2H,3521.49,0,opponent_on_ball,touch,2.286000000000058,0.0099999999997635,Poland - Netherlands,2.0,2.0,0,0,0,0,0,2.286000000000058,2.286000000000058,0,1,0,0,0,9.615000000000236,9.615000000000236,2,1,0,0,0,9.615000000000236,9.615000000000236,2,1,0,0,0,9.615000000000236,9.615000000000236,2,1,0,0,0,44.341916323598184,middle_third,61.38157791564278,52.939251573070415,55.15783984231036,8.442326342572365,10.815923518712175,1.0,4.307309358455208,44.341916323598184,middle_third,61.38157791564278,52.413220994925794,56.16479061477432,8.968356920716985,11.822874291176134,1.0,4.003730768176803,44.341916323598184,middle_third,61.38157791564278,22.134825683915956,80.77142685288395,39.24675223172682,43.96030337103067,0.8153988362857144,4.10530881085011,44.341916323598184,middle_third,61.38157791564278,22.134825683915956,80.77142685288395,39.24675223172682,43.96030337103067,0.8153988362857144,4.10530881085011,44.341916323598184,middle_third,61.38157791564278,22.134825683915956,80.77142685288395,39.24675223172682,43.96030337103067,0.8153988362857144,4.10530881085011,-8.158083676401816,9.396541497847014,0.9924229,0.66,1,Poland,poland,Poland - Netherlands,netherlands,1,2,False,0,0,0,1,0,opponent_on_ball,0,2220209215,10.58600000000024,88.2,21.61480973777007,43.85808367640182,39.766768177872706,3.75654337595615
6,5544200,664,2220209215,1,interception,2H,3532.076,1,opponent_on_ball,pass,2.0450000000000728,0.0039999999999054,Poland - Netherlands,2.0,2.0,0,0,0,0,0,3.992999999999938,3.992999999999938,2,0,0,0,0,6.61200000000008,6.61200000000008,3,0,0,0,0,6.61200000000008,6.61200000000008,3,0,0,0,0,6.61200000000008,6.61200000000008,3,0,0,0,0,23.353691670042544,defensive_third,82.5275168177003,77.3522133392639,27.987536793915943,5.175303478436405,4.6338451238733995,0.970833672321884,2.6404609583858716,23.353691670042544,defensive_third,82.5275168177003,55.81998125679317,49.20549459860604,26.707535560907132,25.851802928563497,0.9942121403914812,6.744327161845174,23.353691670042544,defensive_third,82.5275168177003,28.74617595186735,80.55067170125957,53.781340865832945,57.19698003121703,0.9971173799573292,8.14868800997424,23.353691670042544,defensive_third,82.5275168177003,28.74617595186735,80.55067170125957,53.781340865832945,57.19698003121703,0.9971173799573292,8.14868800997424,23.353691670042544,defensive_third,82.5275168177003,28.74617595186735,80.55067170125957,53.781340865832945,57.19698003121703,0.9971173799573292,8.14868800997424,29.146308329957456,12.02794114490613,0.9870734,0.66,1,Netherlands,netherlands,Poland - Netherlands,netherlands,1,2,True,0,0,0,1,0,opponent_on_ball,0,2220209771,10.681999999999789,80.85,30.752952703764887,57.49630832995745,51.77456411393541,4.8468979698498815
6,5544200,664,2220209225,1,interception,2H,3592.597,1,opponent_on_ball,duel,3.9229999999997744,0.0029999999997016,Poland - Netherlands,2.0,2.0,0,0,0,0,0,3.9229999999997744,3.9229999999997744,0,0,1,0,0,5.630999999999858,5.630999999999858,0,0,1,1,0,5.630999999999858,5.630999999999858,0,0,1,1,0,5.630999999999858,5.630999999999858,0,0,1,1,0,12.91696437335871,defensive_third,94.63057593225824,92.88932451135584,16.14842132134668,1.7412514209023868,3.231456947987972,1.0,0.888393582093038,12.91696437335871,defensive_third,94.63057593225824,65.37045006558736,42.32845605737674,29.260125866670876,29.41149168401803,1.0,7.464317823130187,12.91696437335871,defensive_third,94.63057593225824,51.98083574810477,56.385008899616416,42.64974018415347,43.46804452625771,1.0,7.616025032884672,12.91696437335871,defensive_third,94.63057593225824,51.98083574810477,56.385008899616416,42.64974018415347,43.46804452625771,1.0,7.616025032884672,12.91696437335871,defensive_third,94.63057593225824,51.98083574810477,56.385008899616416,42.64974018415347,43.46804452625771,1.0,7.616025032884672,39.58303562664129,-21.80964124082745,0.9540923,0.66,1,Netherlands,netherlands,Poland - Netherlands,netherlands,1,2,True,0,0,0,0,0,opponent_on_ball,0,2220209783,13.599999999999909,65.1,47.17028301801888,52.183035626641285,47.46029291423936,3.4897274201646824
6,5544200,13869,2220210011,1,interception,2H,3726.609,0,opponent_on_ball,pass,2.7780000000002474,0.0089999999995598,Poland - Netherlands,2.0,2.0,0,0,0,0,0,2.7780000000002474,2.7780000000002474,1,0,0,0,0,5.305000000000291,5.305000000000291,2,0,0,0,0,5.305000000000291,5.305000000000291,2,0,0,0,0,5.305000000000291,5.305000000000291,2,0,0,0,0,84.62640241995463,attacking_third,26.96185537025493,19.013779248058626,96.23131993741404,7.948076122196305,11.620503396863896,0.9961285249331172,4.055140878671509,84.62640241995463,attacking_third,26.96185537025493,8.613698356737448,96.67852680760768,18.348157013517483,12.052124387653052,0.9983192616467508,6.745645960852512,84.62640241995463,attacking_third,26.96185537025493,7.962809444736788,83.305376092571,18.999045925518143,12.598884113744816,0.5743347528875271,3.625772123190637,84.62640241995463,attacking_third,26.96185537025493,7.962809444736788,83.305376092571,18.999045925518143,12.598884113744816,0.5743347528875271,3.625772123190637,84.62640241995463,attacking_third,26.96185537025493,7.962809444736788,83.305376092571,18.999045925518143,12.598884113744816,0.5743347528875271,3.625772123190637,32.12640241995463,-17.659506410228857,0.99536645,0.66,1,Poland,poland,Poland - Netherlands,netherlands,1,2,False,0,0,1,1,0,opponent_on_ball,0,2220209241,6.7840000000001055,97.65,10.48679646031141,13.023597580045376,16.47505890994352,2.4285169383760707
6,5544200,664,2220209556,1,duel_regain,2H,4895.123,1,opponent_on_ball,free_kick,4.373000000000502,0.0029999999997016,Poland - Netherlands,2.0,2.0,0,0,0,0,0,4.373000000000502,4.373000000000502,0,0,0,0,0,7.129000000000815,7.129000000000815,1,0,0,0,0,7.129000000000815,7.129000000000815,1,0,0,0,0,7.129000000000815,7.129000000000815,1,0,0,0,0,44.71896109541473,middle_third,65.0727017608386,61.97305909070845,45.305269401213025,3.0996426701301445,0.5863083057982976,0.991303161080206,1.5814503419031056,44.71896109541473,middle_third,65.0727017608386,42.0469460186012,62.97460566415877,23.025755742237394,18.25564456874405,0.9988203855870786,5.3300360514442,44.71896109541473,middle_third,65.0727017608386,13.62195518432209,96.52318714954282,51.45074657651651,51.804226054128094,0.9994717428241008,7.267054601202971,44.71896109541473,middle_third,65.0727017608386,13.62195518432209,96.52318714954282,51.45074657651651,51.804226054128094,0.9994717428241008,7.267054601202971,44.71896109541473,middle_third,65.0727017608386,13.62195518432209,96.52318714954282,51.45074657651651,51.804226054128094,0.9994717428241008,7.267054601202971,7.781038904585273,24.50822031561905,0.99645126,0.66,1,Netherlands,netherlands,Poland - Netherlands,netherlands,1,2,True,0,0,1,1,0,opponent_on_ball,0,2220209910,8.913000000000466,77.7,28.912288045051017,32.981038904585276,36.160413715787584,4.057041817097015
6,5544200,13869,2220209934,1,duel_regain,2H,5317.805,0,game_interruption,interception,2.6099999999996726,0.0050000000001091,Poland - Netherlands,2.0,2.0,0,0,0,0,0,3.5369999999993524,3.5369999999993524,1,0,0,0,0,6.345999999999549,6.345999999999549,2,0,0,0,0,13.355999999999767,9.914999999999964,3,0,1,0,2,13.355999999999767,9.914999999999964,3,0,1,0,2,52.10816012066416,middle_third,58.51126964702674,47.50493676738218,68.84636465190977,11.006332879644551,16.738204531245607,1.0,5.615475959002219,52.10816012066416,middle_third,58.51126964702674,37.749543157325256,79.52129735132154,20.76172648970148,27.413137230657377,1.0,5.966013359110369,52.10816012066416,middle_third,58.51126964702674,24.23691542673466,94.70135487321936,34.274354220292075,42.59319475255521,1.0,5.45769971660724,52.10816012066416,middle_third,58.51126964702674,3.698949004922416,107.8921979766582,54.81232064210432,55.78403785599403,0.8521052701635048,4.364038267683641,52.10816012066416,middle_third,58.51126964702674,3.698949004922416,107.8921979766582,54.81232064210432,55.78403785599403,0.8521052701635048,4.364038267683641,-0.3918398793358406,-25.020430649486663,0.9995301,0.66,1,Poland,poland,Poland - Netherlands,netherlands,1,2,False,1,1,1,1,1,shot,0,2220209941,12.286000000000058,97.65,8.098302291221286,45.541839879335846,50.41296735580545,4.1032856385972005
6,5544201,4418,2220776400,1,interception,1H,843.857,1,opponent_on_ball,pass,2.175000000000068,0.016999999999939,Austria - France,2.0,2.0,0,0,0,0,0,3.7250000000000223,3.7250000000000223,2,0,0,0,0,3.7250000000000223,3.7250000000000223,2,0,0,0,0,3.7250000000000223,3.7250000000000223,2,0,0,0,0,3.7250000000000223,3.7250000000000223,2,0,0,0,0,52.178690239876325,middle_third,57.33454915738181,47.2683145960188,66.4422067106126,10.06623456136301,14.26351647073627,1.0,5.135833959878992,52.178690239876325,middle_third,57.33454915738181,43.00061888310204,73.41979308108046,14.333930274279766,21.241102841204132,1.0,3.8950897484456415,52.178690239876325,middle_third,57.33454915738181,43.00061888310204,73.41979308108046,14.333930274279766,21.241102841204132,1.0,3.8950897484456415,52.178690239876325,middle_third,57.33454915738181,43.00061888310204,73.41979308108046,14.333930274279766,21.241102841204132,1.0,3.8950897484456415,52.178690239876325,middle_third,57.33454915738181,43.00061888310204,73.41979308108046,14.333930274279766,21.241102841204132,1.0,3.8950897484456415,0.3213097601236754,-22.297079681099397,0.99066037,0.66,1,France,france,Austria - France,france,0,1,True,0,0,0,0,0,opponent_on_ball,0,2220776229,10.651000000000067,76.65,37.904460159722625,24.47130976012368,19.430088997659183,1.8242502110279843
6,5544201,9109,2220776295,1,interception,1H,1173.047,0,opponent_on_ball,pass,2.6790000000000873,0.0070000000000618,Austria - France,2.0,2.0,0,0,0,0,0,4.600999999999885,4.600999999999885,2,1,0,0,0,9.478000000000064,9.478000000000064,4,2,0,0,0,11.094000000000053,11.094000000000053,5,2,0,0,0,11.094000000000053,11.094000000000053,5,2,0,0,0,33.823392232586414,defensive_third,72.5121440328757,63.75140013401115,43.5081284984009,8.76074389886454,9.684736265814486,1.0,4.562887447325108,33.823392232586414,defensive_third,72.5121440328757,52.06402359173238,56.10405735445472,20.448120441143317,22.280665121868303,1.0,4.52392045158017,33.823392232586414,defensive_third,72.5121440328757,27.828297320558704,74.58626069850219,44.68384671231699,43.481859639646586,0.9449774580404288,4.75360071407623,33.823392232586414,defensive_third,72.5121440328757,24.90411032008047,80.37462652563855,47.608033712795226,46.55123429305213,0.8538835845921507,4.328003064799566,33.823392232586414,defensive_third,72.5121440328757,24.90411032008047,80.37462652563855,47.608033712795226,46.55123429305213,0.8538835845921507,4.328003064799566,-18.676607767413586,13.85285309848733,0.98695534,0.66,1,Austria,austria,Austria - France,france,0,1,False,0,0,0,1,0,opponent_on_ball,0,2220776540,14.366999999999962,76.65,29.32017905811627,42.82660776741359,43.19196497475943,3.006331521873707
6,5544201,9109,2220776576,1,interception,1H,2024.622,0,window_end,duel,3.245999999999867,0.0180000000000291,Austria - France,2.0,2.0,0,0,0,0,0,4.754999999999882,4.754999999999882,1,0,1,0,0,8.883000000000038,8.883000000000038,2,1,1,0,0,14.39799999999991,14.39799999999991,4,2,1,0,0,16.460000000000036,16.460000000000036,5,2,1,0,0,24.559066880342073,defensive_third,82.1117139422393,69.8674492981431,37.554443190450854,12.244264644096203,12.995376310108782,1.0,6.247073798008877,24.559066880342073,defensive_third,82.1117139422393,56.278918547579536,48.87625733497764,25.83279539465977,24.317190454635565,1.0,5.473049871750183,24.559066880342073,defensive_third,82.1117139422393,35.60677563670912,73.43735538438344,46.50493830553018,48.878288504041365,1.0,5.260739627322468,24.559066880342073,defensive_third,82.1117139422393,9.024588371196945,92.97526539535218,73.08712557104236,73.80745756934648,0.8557436722573548,5.089632699933348,24.559066880342073,defensive_third,82.1117139422393,9.024588371196945,88.95761093396291,73.08712557104236,73.80745756934648,0.8135570529073274,4.445688903348122,-27.940933119657927,-16.479983172650876,0.969175,0.66,1,Austria,austria,Austria - France,france,0,1,False,0,0,1,1,0,window_end_20s,1,,16.460000000000036,88.95761093396291,16.89766121645714,64.39854405362084,65.21405272578217,3.961971611529892
6,5544201,4418,2220777381,1,interception,2H,3267.948,1,game_interruption,pass,3.5640000000003056,0.0120000000001709,Austria - France,2.0,2.0,0,0,0,0,0,3.5640000000003056,3.5640000000003056,1,0,0,0,0,6.775000000000091,6.175000000000182,1,0,1,0,0,10.691000000000258,10.09100000000035,1,0,1,0,1,10.691000000000258,10.09100000000035,1,0,1,0,1,57.09127872415605,middle_third,52.379273647929274,32.466013903848996,75.37050678877007,19.91325974408028,18.279228064614024,1.0,10.15982640004077,57.09127872415605,middle_third,52.379273647929274,23.241589780268963,83.08795212975562,29.13768386766031,25.996673405599573,1.0,8.277751098767176,57.09127872415605,middle_third,52.379273647929274,3.9560871555617982,98.41585711136663,48.42318649236748,51.85700579182912,0.8624521072467558,7.163193268101467,57.09127872415605,middle_third,52.379273647929274,3.9560871555617982,81.58746246260704,48.42318649236748,51.85700579182912,0.6628614378764203,4.551051362064667,57.09127872415605,middle_third,52.379273647929274,3.9560871555617982,81.58746246260704,48.42318649236748,51.85700579182912,0.6628614378764203,4.551051362064667,-4.591278724156048,21.174105260864152,0.9997327,0.66,1,France,france,Austria - France,france,0,1,True,1,1,1,1,1,shot,0,2220777392,10.691000000000258,91.35,13.717583606451983,34.258721275843946,38.66169004147729,3.616283793983384
6,5544201,4418,2220777550,1,interception,2H,3821.586,1,game_interruption,none,,0.0140000000005784,Austria - France,2.0,2.0,0,0,0,0,0,3.3280000000004293,3.0140000000005784,0,0,0,0,0,7.764000000000124,3.0140000000005784,0,0,1,0,1,7.764000000000124,3.0140000000005784,0,0,1,0,1,7.764000000000124,3.0140000000005784,0,0,1,0,1,84.46649971498442,attacking_third,33.913078324995716,21.75965668820345,88.77204007018577,12.15342163679227,4.3055403552013445,1.0,6.200725324895339,84.46649971498442,attacking_third,33.913078324995716,4.458846901136118,107.93344877728391,29.454231423859596,23.466949062299506,0.7864244302197007,8.97994860483594,84.46649971498442,attacking_third,33.913078324995716,4.458846901136118,105.97413613689436,29.454231423859596,24.376549244320515,0.5982262358530968,3.8153149512774736,84.46649971498442,attacking_third,33.913078324995716,4.458846901136118,105.97413613689436,29.454231423859596,24.376549244320515,0.5982262358530968,3.8153149512774736,84.46649971498442,attacking_third,33.913078324995716,4.458846901136118,105.97413613689436,29.454231423859596,24.376549244320515,0.5982262358530968,3.8153149512774736,-31.966499714984423,-26.990225036530532,0.9638595,0.66,1,France,france,Austria - France,france,0,1,True,1,1,1,1,1,shot,0,2220777558,7.764000000000124,85.05,26.210732534593532,0.5835002850155746,7.702345790402184,0.9920589632151032
6,5544201,4418,2220777572,1,interception,2H,3908.056,1,opponent_on_ball,duel,3.891999999999826,0.0160000000000763,Austria - France,2.0,2.0,0,0,0,0,0,3.891999999999826,3.891999999999826,0,0,1,0,0,3.891999999999826,3.891999999999826,0,0,1,0,0,3.891999999999826,3.891999999999826,0,0,1,0,0,3.891999999999826,3.891999999999826,0,0,1,0,0,46.721947607568346,middle_third,58.27824550734322,49.8685262645816,55.3876012990265,8.409719242761625,8.665653691458154,1.0,4.290673083041566,46.721947607568346,middle_third,58.27824550734322,43.80352911195324,63.53199858444655,14.474716395389985,16.810050976878202,1.0,3.7694573946326657,46.721947607568346,middle_third,58.27824550734322,43.80352911195324,63.53199858444655,14.474716395389985,16.810050976878202,1.0,3.7694573946326657,46.721947607568346,middle_third,58.27824550734322,43.80352911195324,63.53199858444655,14.474716395389985,16.810050976878202,1.0,3.7694573946326657,46.721947607568346,middle_third,58.27824550734322,43.80352911195324,63.53199858444655,14.474716395389985,16.810050976878202,1.0,3.7694573946326657,5.778052392431654,-0.1500291943653025,0.9930086,0.66,1,France,france,Austria - France,france,0,1,True,0,0,0,0,0,opponent_on_ball,0,2220777265,8.09900000000016,59.85,45.47654450373291,13.128052392431655,12.801701003610312,1.5806520562551005
6,5544201,9109,2220777294,1,interception,2H,3963.584,0,opponent_on_ball,none,,0.0160000000005311,Austria - France,2.0,2.0,0,0,0,0,0,5.0,5.0,0,0,0,0,0,9.064000000000306,9.064000000000306,2,0,0,0,0,12.070000000000164,12.070000000000164,2,0,1,0,0,12.070000000000164,12.070000000000164,2,0,1,0,0,19.271023720746257,defensive_third,91.63479677651712,81.28966485850083,27.20301131244234,10.345131918016309,7.931987591696082,1.0,5.278128529601283,19.271023720746257,defensive_third,91.63479677651712,54.98281050112416,50.0409526767761,36.65198627539297,30.769928956029844,0.9982377647387596,7.389513361975013,19.271023720746257,defensive_third,91.63479677651712,39.81673609221667,75.82016750103848,51.81806068430046,56.549143780292226,0.99684974948402,5.7320863588828175,19.271023720746257,defensive_third,91.63479677651712,24.265250947138675,87.41352494297973,67.36954582937847,68.14250122223348,0.996121687721177,5.59547722835371,19.271023720746257,defensive_third,91.63479677651712,24.265250947138675,87.41352494297973,67.36954582937847,68.14250122223348,0.996121687721177,5.59547722835371,-33.22897627925374,-32.36477415933474,0.9952305,0.66,1,Austria,austria,Austria - France,france,0,1,False,0,0,0,1,0,opponent_on_ball,0,2220777619,16.527000000000044,84.0,32.253223094754425,64.72897627925374,59.381573681762696,3.593003792688482
6,5544201,4418,2220777682,1,duel_regain,2H,4087.795,1,opponent_on_ball,duel,4.020999999999731,0.0050000000001091,Austria - France,2.0,2.0,0,0,0,0,0,4.020999999999731,4.020999999999731,0,0,1,0,0,5.581000000000131,5.581000000000131,1,0,1,0,0,5.581000000000131,5.581000000000131,1,0,1,0,0,5.581000000000131,5.581000000000131,1,0,1,0,0,20.348140383229605,defensive_third,87.97170640537915,59.42281114727984,49.79722342569467,28.54889525809931,29.449083042465062,1.0,14.565762886785096,20.348140383229605,defensive_third,87.97170640537915,50.55465377656961,55.38677816616082,37.41705262880954,35.663174550587286,1.0,9.354263157202386,20.348140383229605,defensive_third,87.97170640537915,49.80720319977123,55.28248409907399,38.16450320560792,35.663174550587286,1.0,6.864119281584226,20.348140383229605,defensive_third,87.97170640537915,49.80720319977123,55.28248409907399,38.16450320560792,35.663174550587286,1.0,6.864119281584226,20.348140383229605,defensive_third,87.97170640537915,49.80720319977123,55.28248409907399,38.16450320560792,35.663174550587286,1.0,6.864119281584226,32.151859616770395,23.939168559012735,0.9850289,0.66,1,France,france,Austria - France,france,0,1,True,0,0,0,0,0,opponent_on_ball,0,2220777325,8.454999999999927,59.85,49.82859520395894,39.501859616770396,38.14311120142021,4.511308243810826
6,5544201,4418,2220777934,1,duel_regain,2H,4920.917,1,opponent_on_ball,pass,1.8319999999994252,0.0029999999997016,Austria - France,1.8319999999994252,1.8319999999994252,1,0,0,0,0,3.7089999999998327,3.7089999999998327,1,1,1,0,0,8.555999999999585,8.555999999999585,3,1,1,0,0,13.764999999999418,13.764999999999418,4,1,1,0,1,13.764999999999418,13.764999999999418,4,1,1,0,1,62.13463141512156,middle_third,49.99408578990472,44.22571187316041,74.72946298402026,5.768373916744309,12.594831568898698,1.0,3.2046521759687367,62.13463141512156,middle_third,49.99408578990472,36.17502240078173,85.42816517703389,13.819063389122988,23.29353376191233,1.0,3.755180268783123,62.13463141512156,middle_third,49.99408578990472,3.708484687157024,100.98125832959067,46.28560110274769,40.9635665157666,0.970311970817706,5.432582289054615,62.13463141512156,middle_third,49.99408578990472,3.708484687157024,69.77585583593665,46.28560110274769,40.9635665157666,0.5620849836404022,3.363779149908936,62.13463141512156,middle_third,49.99408578990472,3.708484687157024,69.77585583593665,46.28560110274769,40.9635665157666,0.5620849836404022,3.363779149908936,-9.63463141512156,25.728754148828685,0.99808025,0.66,1,France,france,Austria - France,france,0,1,True,1,1,1,1,1,shot,0,2220777945,12.886999999999716,95.55,11.642272115012604,33.415368584878436,38.35181367489212,2.9760078897255346
6,5544202,5629,2220757857,1,duel_regain,2H,3649.621,0,opponent_on_ball,duel,0.681999999999789,0.0189989999998942,Belgium - Slovakia,0.681999999999789,0.681999999999789,0,0,1,0,0,2.743999999999687,2.743999999999687,2,0,1,0,0,6.644999999999982,6.644999999999982,3,1,1,0,0,11.078999999999724,9.09900000000016,4,1,1,0,0,11.078999999999724,9.09900000000016,4,1,1,0,0,49.14129229933757,middle_third,60.81270308163634,57.00390783916019,55.014389640690936,3.808795242476151,5.873097341353365,1.0,5.9512332675650415,49.14129229933757,middle_third,60.81270308163634,48.17596300801957,67.11628476411941,12.636740073616773,17.97499246478184,1.0,4.645858613146145,49.14129229933757,middle_third,60.81270308163634,20.009796248880352,85.70260939539818,40.802906832755994,36.56131709606061,1.0000000000000004,6.182257674318121,49.14129229933757,middle_third,60.81270308163634,3.5641774016594843,110.40872456586904,57.24852567997686,61.26743226653148,0.9100894319564922,5.56892273151515,49.14129229933757,middle_third,60.81270308163634,3.5641774016594843,110.40872456586904,57.24852567997686,61.26743226653148,0.9100894319564922,5.56892273151515,-3.3587077006624284,-24.04141489403687,0.9995758,0.66,1,Belgium,belgium,Belgium - Slovakia,slovakia,0,1,False,0,0,1,1,0,opponent_on_ball,0,2220758579,12.491999999999734,91.35,15.565118052877088,42.20870770066242,45.247585028759254,3.6221249622766742
6,5544202,5629,2220757880,1,interception,2H,3706.187,0,opponent_on_ball,duel,4.027000000000044,0.0129999999999199,Belgium - Slovakia,2.0,2.0,0,0,0,0,0,4.027000000000044,4.027000000000044,0,0,1,0,0,5.798999999999978,5.798999999999978,1,0,1,0,0,5.798999999999978,5.798999999999978,1,0,1,0,0,5.798999999999978,5.798999999999978,1,0,1,0,0,100.27524123360335,attacking_third,21.823735450145342,4.577401080698848,96.77375735936226,17.246334369446497,2.2043129247940385,0.8232775276804296,8.799150188492948,100.27524123360335,attacking_third,21.823735450145342,0.9454802398382508,89.5897944918845,20.878255210307096,4.0164920646728035,0.4756677816640847,5.219563802576774,100.27524123360335,attacking_third,21.823735450145342,0.9454802398382508,73.35464453573465,20.878255210307096,4.0164920646728035,0.343390456454438,3.624697085122622,100.27524123360335,attacking_third,21.823735450145342,0.9454802398382508,73.35464453573465,20.878255210307096,4.0164920646728035,0.343390456454438,3.624697085122622,100.27524123360335,attacking_third,21.823735450145342,0.9454802398382508,73.35464453573465,20.878255210307096,4.0164920646728035,0.343390456454438,3.624697085122622,47.77524123360337,-21.306151308889383,0.99386543,0.66,1,Belgium,belgium,Belgium - Slovakia,slovakia,0,1,False,0,0,1,1,0,opponent_on_ball,0,2220758587,6.239000000000033,103.95,1.2509596316428417,3.67475876639665,20.5727758185025,3.297447638804679
6,5544202,14496,2220758801,1,duel_regain,2H,5366.67,1,game_interruption,pass,1.0190000000002328,0.0100000000002182,Belgium - Slovakia,1.0190000000002328,1.0190000000002328,1,0,0,0,0,4.917000000000371,4.917000000000371,3,0,0,0,0,4.917000000000371,4.917000000000371,3,0,0,0,0,11.268000000000027,11.268000000000027,4,0,0,0,0,11.268000000000027,11.268000000000027,4,0,0,0,0,32.1577713609653,defensive_third,74.00807723693868,59.12359815123079,48.761640437233694,14.884479085707888,16.603869076268396,1.0,14.884479085707888,32.1577713609653,defensive_third,74.00807723693868,35.37184508124025,85.29333711157187,38.63623215569842,53.135565750606574,1.0,7.917260687644418,32.1577713609653,defensive_third,74.00807723693868,35.37184508124025,85.29333711157187,38.63623215569842,53.135565750606574,1.0,7.917260687644418,32.1577713609653,defensive_third,74.00807723693868,33.67734046026894,55.88710056290981,40.33073677666974,57.50125522815719,0.6956291682786746,3.5881438413407936,32.1577713609653,defensive_third,74.00807723693868,33.67734046026894,55.88710056290981,40.33073677666974,57.50125522815719,0.6956291682786746,3.5881438413407936,20.3422286390347,13.084541383146508,0.95750487,0.66,1,Slovakia,slovakia,Belgium - Slovakia,slovakia,0,1,True,0,0,0,1,0,game_interruption,0,2220758806,15.690999999999804,65.1,52.421465069187065,32.942228639034695,21.58661216775161,1.3757320864031535
6,5544203,11944,2220695869,1,duel_regain,1H,458.423,0,opponent_on_ball,pass,4.986999999999966,0.0169999999999959,Romania - Ukraine,1.3100000000000025,1.3100000000000025,0,0,0,0,0,4.986999999999966,4.986999999999966,1,0,0,0,0,4.986999999999966,4.986999999999966,1,0,0,0,0,4.986999999999966,4.986999999999966,1,0,0,0,0,4.986999999999966,4.986999999999966,1,0,0,0,0,74.25285284950665,attacking_third,32.13978304308832,28.208725854284445,77.59723171788593,3.931057188803877,3.3443788683792803,1.0,3.0711384287529575,74.25285284950665,attacking_third,32.13978304308832,1.442112172110865,95.52100643773224,30.697670870977458,29.32919407899537,0.7439469249348222,6.189046546568061,74.25285284950665,attacking_third,32.13978304308832,1.442112172110865,95.52100643773224,30.697670870977458,29.32919407899537,0.7439469249348222,6.189046546568061,74.25285284950665,attacking_third,32.13978304308832,1.442112172110865,95.52100643773224,30.697670870977458,29.32919407899537,0.7439469249348222,6.189046546568061,74.25285284950665,attacking_third,32.13978304308832,1.442112172110865,95.52100643773224,30.697670870977458,29.32919407899537,0.7439469249348222,6.189046546568061,21.75285284950665,-9.35834366555838,0.99762815,0.66,1,Romania,romania,Romania - Ukraine,romania,3,0,True,0,0,1,1,0,opponent_on_ball,0,2220695781,6.274000000000001,79.8,28.015310100014958,5.547147150493345,4.124472943073364,0.6573912883444953
6,5544203,11944,2220697416,1,interception,2H,3631.759,0,opponent_on_ball,pass,4.0949999999998,0.0010000000002037,Romania - Ukraine,2.0,2.0,0,0,0,0,0,4.0949999999998,4.0949999999998,1,0,0,0,0,4.0949999999998,4.0949999999998,1,0,0,0,0,4.0949999999998,4.0949999999998,1,0,0,0,0,4.0949999999998,4.0949999999998,1,0,0,0,0,78.4301965300859,attacking_third,36.57382915277746,13.022623022389668,93.59282419228292,23.551206130387797,15.16262766219704,1.0,12.015921495095592,78.4301965300859,attacking_third,36.57382915277746,11.65735898687319,88.97241018110972,24.916470165904272,15.98646647505663,0.8501505407308106,6.106977981839392,78.4301965300859,attacking_third,36.57382915277746,11.65735898687319,88.97241018110972,24.916470165904272,15.98646647505663,0.8501505407308106,6.106977981839392,78.4301965300859,attacking_third,36.57382915277746,11.65735898687319,88.97241018110972,24.916470165904272,15.98646647505663,0.8501505407308106,6.106977981839392,78.4301965300859,attacking_third,36.57382915277746,11.65735898687319,88.97241018110972,24.916470165904272,15.98646647505663,0.8501505407308106,6.106977981839392,25.930196530085897,25.133454248604487,0.99314004,0.66,1,Romania,romania,Romania - Ukraine,romania,3,0,True,0,0,1,1,0,opponent_on_ball,0,2220696687,9.326000000000022,76.65,36.58219375597915,-1.7801965300858882,-0.008364603201684417,0.0
6,5544204,4687,2221660107,1,interception,1H,257.79200000000003,1,opponent_on_ball,touch,1.686999999999955,0.0320000000000391,Turkey - Georgia,1.686999999999955,1.686999999999955,0,1,0,0,0,4.380999999999972,4.380999999999972,0,1,1,0,0,4.380999999999972,4.380999999999972,0,1,1,0,0,4.380999999999972,4.380999999999972,0,1,1,0,0,4.380999999999972,4.380999999999972,0,1,1,0,0,72.84178249400688,attacking_third,39.625574663786615,34.71616252635242,74.77095537732606,4.909412137434195,1.9291728833191824,1.0,3.0683825858963285,72.84178249400688,attacking_third,39.625574663786615,19.374617021015005,87.2642726885962,20.25095764277161,14.422490194589315,1.0,4.687721676567448,72.84178249400688,attacking_third,39.625574663786615,19.374617021015005,87.2642726885962,20.25095764277161,14.422490194589315,1.0,4.687721676567448,72.84178249400688,attacking_third,39.625574663786615,19.374617021015005,87.2642726885962,20.25095764277161,14.422490194589315,1.0,4.687721676567448,72.84178249400688,attacking_third,39.625574663786615,19.374617021015005,87.2642726885962,20.25095764277161,14.422490194589315,1.0,4.687721676567448,-20.34178249400688,23.152434305544745,0.992046,0.66,1,Türkiye,turkiye,Turkey - Georgia,turkiye,3,1,True,0,0,1,1,0,opponent_on_ball,0,2221659930,6.058999999999969,32.55,75.84560699209943,-40.29178249400688,-36.22003232831282,0.0
6,5544204,4687,2221660115,1,interception,1H,267.587,0,opponent_on_ball,touch,2.049000000000035,0.0130000000000336,Turkey - Georgia,2.0,2.0,0,0,0,0,0,3.8380000000000223,3.8380000000000223,1,1,0,0,0,7.918000000000006,7.918000000000006,1,1,1,0,0,11.494000000000028,11.494000000000028,2,1,1,0,0,11.494000000000028,11.494000000000028,2,1,1,0,0,37.59320973583384,middle_third,71.81142857871592,63.35187188918861,47.9371850743516,8.45955668952731,10.343975338517764,1.0,4.316100351799694,37.59320973583384,middle_third,71.81142857871592,54.24857106760886,59.55793486815277,17.56285751110706,21.964725132318932,1.0,4.621804608186125,37.59320973583384,middle_third,71.81142857871592,24.93049378056036,90.96351985055529,46.880934798155565,53.37031011472145,1.0,5.949357207887766,37.59320973583384,middle_third,71.81142857871592,22.000522436405028,104.21109596682076,49.81090614231089,66.79185420178673,0.9403808739742642,4.338929106473088,37.59320973583384,middle_third,71.81142857871592,22.000522436405028,104.21109596682076,49.81090614231089,66.79185420178673,0.9403808739742642,4.338929106473088,-14.906790264166162,-24.7629945846364,0.9995926,0.66,1,Türkiye,turkiye,Turkey - Georgia,turkiye,3,1,True,0,0,0,1,0,opponent_on_ball,0,2221659938,11.947000000000003,75.6,36.57673577562657,38.006790264166156,35.23469280308935,2.9492502555528035
6,5544204,4687,2221660760,1,interception,1H,1587.208,0,window_end,pass,4.76299999999992,0.0080000000000381,Turkey - Georgia,2.0,2.0,0,0,0,0,0,4.76299999999992,4.76299999999992,1,0,0,0,0,8.992999999999938,6.311999999999898,2,1,0,0,0,12.824999999999818,6.311999999999898,4,1,0,0,0,12.824999999999818,6.311999999999898,4,1,0,0,0,59.716809097912986,middle_third,50.13572195711889,37.17741505356618,75.97846423860224,12.95830690355271,16.261655140689257,0.953692532862807,6.611381073241056,59.716809097912986,middle_third,50.13572195711889,21.06616320062876,92.78335476020196,29.06955875649013,33.06654566228896,0.9788138246998908,6.158804821290246,59.716809097912986,middle_third,50.13572195711889,2.341419744764852,106.49646367475842,47.79430221235404,47.48789314215339,0.9415258521821284,5.334185514771635,59.716809097912986,middle_third,50.13572195711889,1.563285088276437,105.54826737309256,48.57243686884245,47.48789314215339,0.9265115787435564,3.8066173094704143,59.716809097912986,middle_third,50.13572195711889,1.563285088276437,105.54826737309256,48.57243686884245,47.48789314215339,0.9265115787435564,3.8066173094704143,7.216809097912986,21.517974762664743,0.9956989,0.66,1,Türkiye,turkiye,Turkey - Georgia,turkiye,3,1,True,0,0,1,1,0,window_end_20s,1,,12.824999999999818,105.50201133777307,1.5553216576247115,45.785202239860084,48.58040029949418,3.78794544245574
6,5544204,15874,2221660488,1,duel_regain,1H,2275.321,1,opponent_on_ball,pass,2.7539999999999054,0.0009999999997489,Turkey - Georgia,1.08199999999988,1.08199999999988,0,0,0,0,0,3.9650000000001455,3.9650000000001455,1,1,0,0,0,7.889999999999873,7.889999999999873,2,1,1,0,0,10.32400000000007,10.32400000000007,3,1,1,0,0,10.32400000000007,10.32400000000007,3,1,1,0,0,13.289999583748028,defensive_third,96.05269309986112,93.34791957354098,17.178336291664124,2.704773526320153,3.888336707916096,0.7231590885112074,2.6007437753079303,13.289999583748028,defensive_third,96.05269309986112,79.66514817165502,27.85619613452085,16.38754492820611,14.566196550772824,0.940570151140375,4.180496155154542,13.289999583748028,defensive_third,96.05269309986112,74.35706818634327,36.247323650491765,21.69562491351786,22.957324066743737,0.5431794055712942,2.767299096112082,13.289999583748028,defensive_third,96.05269309986112,53.24868829572103,59.1011622275297,42.8040048041401,45.81116264378167,0.7011269286691653,4.180078594154396,13.289999583748028,defensive_third,96.05269309986112,53.24868829572103,59.1011622275297,42.8040048041401,45.81116264378167,0.7011269286691653,4.180078594154396,39.21000041625197,28.55513395848768,0.99230003,0.66,1,Georgia,georgia,Turkey - Georgia,turkiye,3,1,False,0,0,0,0,0,opponent_on_ball,0,2221660990,12.01299999999992,28.349999999999994,78.09624894961345,15.060000416251967,17.956444150247663,1.4947510322357265
6,5544204,15874,2221660761,1,duel_regain,2H,2897.429,1,window_end,pass,2.382000000000062,0.0109999999999672,Turkey - Georgia,1.9989999999997965,1.9989999999997965,0,0,0,0,0,4.809999999999945,4.809999999999945,1,1,0,0,0,8.735000000000127,8.735000000000127,2,1,0,0,0,8.735000000000127,8.735000000000127,2,1,0,0,0,18.10699999999997,18.10699999999997,2,1,1,0,1,82.27266007404876,attacking_third,37.58480730362372,26.96826169095836,90.74628154908706,10.61654561266536,8.4736214750383,1.0,5.416604904421001,82.27266007404876,attacking_third,37.58480730362372,10.533135243881173,93.72336802206378,27.051672059742547,12.20335234328141,0.8217496220616124,5.683124382299137,82.27266007404876,attacking_third,37.58480730362372,10.533135243881173,95.09309464319288,27.051672059742547,14.179232707402916,0.6109258760789907,3.102255970154033,82.27266007404876,attacking_third,37.58480730362372,10.533135243881173,95.09309464319288,27.051672059742547,14.179232707402916,0.6109258760789907,3.102255970154033,82.27266007404876,attacking_third,37.58480730362372,3.7552227327933303,90.74064098628244,33.82958457083039,21.615182962531236,0.4607099062579035,1.8711053413069985,-29.77266007404875,-29.93469157918266,0.9794168,0.66,1,Georgia,georgia,Turkey - Georgia,turkiye,3,1,False,1,0,1,1,1,shot,0,2221660779,16.652000000000044,97.65,17.898740179129923,15.377339925951247,19.686067124493796,1.18220436731286
6,5544204,15874,2221660798,0,interception,2H,3035.044,1,window_end,touch,0.2719999999999345,0.0039999999999054,Turkey - Georgia,0.9280000000003384,0.9280000000003384,0,1,0,1,0,4.161000000000058,4.161000000000058,1,1,1,1,0,8.331000000000131,8.331000000000131,2,1,2,1,0,13.016000000000076,13.016000000000076,3,1,4,1,0,16.033000000000357,16.033000000000357,3,1,4,1,0,13.590142127353005,defensive_third,96.22973269059348,91.36579671258464,19.024962751841656,4.863935978008826,5.434820624488651,1.0,5.527199975009344,13.590142127353005,defensive_third,96.22973269059348,75.17560167452807,37.24573002568938,21.054131016065412,23.65558789833638,1.0,5.110225974773294,13.590142127353005,defensive_third,96.22973269059348,65.0627542020824,40.137829862627854,31.166978488511077,26.54768773527485,0.9512982136137133,3.764127836776609,13.590142127353005,defensive_third,96.22973269059348,43.36081744941978,67.8984944937823,52.8689152411737,54.30835236642929,0.9707039342520732,4.079391608115244,13.590142127353005,defensive_third,96.22973269059348,29.960848278744212,87.86223685830018,66.26888441184927,74.27209473094717,0.9764884974881646,4.152185740090797,38.909857872646995,-30.073232905784337,0.8541862,0.66,1,Georgia,georgia,Turkey - Georgia,turkiye,3,1,False,0,0,0,1,0,window_end_20s,1,,16.033000000000357,88.05451314449212,29.902318405345955,74.46437101713911,66.32741428524753,4.136930972696692
6,5544204,4687,2221661740,1,duel_regain,2H,4282.43,0,opponent_on_ball,pass,3.0039999999999054,0.0100000000002182,Turkey - Georgia,2.0,2.0,0,0,0,0,0,4.292999999999665,4.292999999999665,2,0,0,0,0,7.299999999999272,7.299999999999272,4,1,0,0,0,13.277000000000044,13.277000000000044,4,1,0,0,1,13.277000000000044,13.277000000000044,4,1,0,0,1,26.229846405431424,defensive_third,81.25414756805834,67.98955714889732,38.35421237736296,13.264590419161024,12.124365971931532,1.0,6.767648173044353,26.229846405431424,defensive_third,81.25414756805834,60.159813590196535,44.91618196143256,21.094333977861808,18.68633555600114,1.0,4.928582705108193,26.229846405431424,defensive_third,81.25414756805834,9.907401391091248,95.66189265641624,71.34674617696709,69.43204625098483,1.0,9.800377222111209,26.229846405431424,defensive_third,81.25414756805834,6.71293167850714,75.49987207477676,74.54121588955121,73.61319961564936,0.7651193296250698,5.6300012001172535,26.229846405431424,defensive_third,81.25414756805834,6.71293167850714,75.49987207477676,74.54121588955121,73.61319961564936,0.7651193296250698,5.6300012001172535,-26.270153594568576,-19.937386982748677,0.9993395,0.66,1,Türkiye,turkiye,Turkey - Georgia,turkiye,3,1,True,1,1,1,1,1,shot,0,2221661746,10.722999999999956,48.3,56.704077454800384,22.070153594568573,24.55007011325796,2.2894777686522483
6,5544204,4687,2221661802,1,duel_regain,2H,5166.871,0,window_end,none,,0.0090000000000145,Turkey - Georgia,2.0,2.0,0,0,0,0,0,2.729000000000269,2.729000000000269,0,0,0,0,0,7.890999999999622,7.890999999999622,1,0,0,0,0,11.557999999999993,11.557999999999993,2,0,0,0,0,17.149000000000342,17.149000000000342,3,1,0,0,0,46.61883384171067,middle_third,62.535637400028726,50.045958458465904,60.385158970078514,12.489678941562822,13.766325128367846,1.0,6.3722851742666275,46.61883384171067,middle_third,62.535637400028726,47.8912125723627,64.9202378558727,14.644424827666027,18.30140401416203,1.0,5.383979716053183,46.61883384171067,middle_third,62.535637400028726,46.79979425147761,52.052795838470175,15.73584314855112,24.17533169824276,0.7051453195293468,1.9969344097145816,46.61883384171067,middle_third,62.535637400028726,46.11977771539147,63.9633575995655,16.415859684637255,24.17533169824276,0.4945636993938092,1.4249878198470425,46.61883384171067,middle_third,62.535637400028726,2.762171951461515,102.52736273897034,59.77346544856721,55.90852889725967,0.7808399406939741,3.4914407388182003,-5.881166158289332,-22.413062776561446,0.9522935,0.66,1,Türkiye,turkiye,Turkey - Georgia,turkiye,3,1,True,0,0,1,1,0,window_end_20s,1,,17.149000000000342,103.12138942167832,2.2055195677746555,56.50255557996765,60.33011783225407,3.5179962582222206
6,5544206,8664,2222167221,1,interception,1H,443.295,0,opponent_on_ball,pass,2.401999999999987,0.0150000000000432,Scotland - Switzerland,2.0,2.0,0,0,0,0,0,4.548000000000002,4.548000000000002,2,0,0,0,0,6.5919999999999845,6.5919999999999845,3,0,0,0,0,10.414999999999964,10.414999999999964,4,0,0,0,0,10.414999999999964,10.414999999999964,4,0,0,0,0,19.280251406373793,defensive_third,85.7199016762167,85.7199016762167,17.80264452757303,0.0,0.0,0.0,0.0,19.280251406373793,defensive_third,85.7199016762167,85.7199016762167,22.80595833559824,0.0,3.5257069292244445,0.0,0.0,19.280251406373793,defensive_third,85.7199016762167,59.43916666135475,51.07275860145543,26.280735014861943,32.35906227262454,0.7111884793280767,4.0062096059240755,19.280251406373793,defensive_third,85.7199016762167,45.54594091367554,56.62078034116392,40.17396076254116,40.8041006527677,0.6821580646043347,3.877795440399721,19.280251406373793,defensive_third,85.7199016762167,45.54594091367554,56.62078034116392,40.17396076254116,40.8041006527677,0.6821580646043347,3.877795440399721,-33.21974859362621,-0.1620013141152725,0.99269414,0.66,1,Scotland,scotland,Scotland - Switzerland,draw,1,1,False,0,0,0,0,0,opponent_on_ball,0,2222167363,13.010999999999967,48.3,61.492519870306175,29.019748593626204,24.227381805910518,1.8620691573215418
6,5544206,8664,2222167304,1,interception,1H,751.361,0,opponent_on_ball,pass,2.30600000000004,0.0009999999999763,Scotland - Switzerland,2.0,2.0,0,0,0,0,0,3.454000000000065,3.454000000000065,1,0,0,0,0,9.373000000000047,7.519000000000005,2,0,0,0,0,14.262000000000056,7.519000000000005,3,0,0,0,1,14.262000000000056,7.519000000000005,3,0,0,0,1,59.45724642736883,middle_third,47.96370447746239,31.919322844207553,75.17123380254327,16.04438163325484,15.71398737517444,1.0,8.18590899655844,59.45724642736883,middle_third,47.96370447746239,21.72295821165297,86.19317619041007,26.240746265809424,26.73592976304124,1.0,7.717866548767529,59.45724642736883,middle_third,47.96370447746239,2.8023527398041983,105.97902350422254,45.161351737658194,47.682119759544136,0.8859818617979818,4.845638598461154,59.45724642736883,middle_third,47.96370447746239,2.8023527398041983,105.01644456126638,45.161351737658194,47.682119759544136,0.8642768201518694,3.1803768829336656,59.45724642736883,middle_third,47.96370447746239,2.8023527398041983,105.01644456126638,45.161351737658194,47.682119759544136,0.8642768201518694,3.1803768829336656,6.95724642736883,-15.045748376997963,0.96384156,0.66,1,Scotland,scotland,Scotland - Switzerland,draw,1,1,False,1,1,1,1,1,shot,0,2222167315,12.692999999999984,90.3,16.49364726190057,30.842753572631167,31.470057215561823,2.4793238175027073
6,5544206,8664,2222167406,1,duel_regain,1H,1340.636,0,opponent_on_ball,pass,1.530999999999949,0.0040000000001327,Scotland - Switzerland,1.530999999999949,1.530999999999949,1,0,0,0,0,4.621000000000095,4.621000000000095,4,0,0,0,0,6.352000000000089,6.352000000000089,5,1,0,0,0,12.384000000000016,12.384000000000016,5,1,1,0,0,12.384000000000016,12.384000000000016,5,1,1,0,0,22.93040006921602,defensive_third,85.82487816244027,77.41582278340748,33.943542122777586,8.409055379032793,11.013142053561566,1.0,5.532273275679535,22.93040006921602,defensive_third,85.82487816244027,61.67790092182464,51.93761475804521,24.146977240615627,29.007214688829187,1.0,5.249342878394805,22.93040006921602,defensive_third,85.82487816244027,54.32038417724344,60.77732383934108,31.50449398519683,37.84692377012506,1.0,4.984888288797017,22.93040006921602,defensive_third,85.82487816244027,12.682122955286012,95.50264832434785,73.14275520715427,74.09076162108026,0.9940296558982064,5.917698641355571,22.93040006921602,defensive_third,85.82487816244027,12.682122955286012,95.50264832434785,73.14275520715427,74.09076162108026,0.9940296558982064,5.917698641355571,-29.56959993078398,-25.109569466615284,0.999527,0.66,1,Scotland,scotland,Scotland - Switzerland,draw,1,1,False,0,0,1,1,0,opponent_on_ball,0,2222167771,14.659000000000106,73.5,44.874175201333784,50.56959993078398,40.95070296110649,2.793553650392673
6,5544206,6697,2222168111,1,duel_regain,1H,2458.652,1,opponent_on_ball,pass,2.3229999999998654,0.0279999999997926,Scotland - Switzerland,2.0,2.0,0,0,0,0,0,4.617999999999938,4.617999999999938,1,0,0,0,0,9.985000000000127,9.985000000000127,2,0,0,0,0,11.947000000000116,11.947000000000116,3,0,0,0,0,11.947000000000116,11.947000000000116,3,0,0,0,0,53.75817275663534,middle_third,56.68868357837164,46.20868556420863,65.30245123139501,10.479998014163009,11.544278474759672,1.0,5.458332299043027,53.75817275663534,middle_third,56.68868357837164,33.05936783150046,85.77872390521114,23.62931574687118,32.0205511485758,1.0,5.181867488349004,53.75817275663534,middle_third,56.68868357837164,8.919589811125201,102.0086809598763,47.76909376724644,48.25050820324096,0.8083315984975789,4.81543283944013,53.75817275663534,middle_third,56.68868357837164,8.919589811125201,83.37731199643781,47.76909376724644,49.88568421765253,0.6521448850007305,4.020967488825421,53.75817275663534,middle_third,56.68868357837164,8.919589811125201,83.37731199643781,47.76909376724644,49.88568421765253,0.6521448850007305,4.020967488825421,-1.2581727566353391,-24.24627778876406,0.99776614,0.66,1,Switzerland,switzerland,Scotland - Switzerland,draw,1,1,False,0,0,1,1,0,opponent_on_ball,0,2222167740,14.061999999999898,95.55,17.694747808318716,41.79182724336466,38.99393577005292,2.7730006947840424
6,5544206,6697,2222168177,1,duel_regain,1H,2590.242,1,opponent_on_ball,pass,2.77599999999984,0.0020000000004074,Scotland - Switzerland,2.0,2.0,0,0,0,0,0,3.9899999999997817,3.9899999999997817,2,0,0,0,0,5.852999999999611,5.852999999999611,2,0,1,0,0,5.852999999999611,5.852999999999611,2,0,1,0,0,5.852999999999611,5.852999999999611,2,0,1,0,0,50.72832942086198,middle_third,56.59018167371355,50.15165709740013,55.44354480317363,6.438524576313419,4.715215382311648,1.0,3.284961518527956,50.72832942086198,middle_third,56.59018167371355,34.09577862597553,70.90672462365535,22.494403047738025,20.178395202793368,1.0,5.738368124423525,50.72832942086198,middle_third,56.59018167371355,18.59468716302062,86.66063194992762,37.995494510692936,35.93230252906564,1.0,6.550947329430125,50.72832942086198,middle_third,56.59018167371355,18.59468716302062,86.66063194992762,37.995494510692936,35.93230252906564,1.0,6.550947329430125,50.72832942086198,middle_third,56.59018167371355,18.59468716302062,86.66063194992762,37.995494510692936,35.93230252906564,1.0,6.550947329430125,1.7716705791380178,16.032293485756462,0.99953663,0.66,1,Switzerland,switzerland,Scotland - Switzerland,draw,1,1,False,0,0,1,1,0,opponent_on_ball,0,2222167782,13.423999999999978,92.4,14.007655050007473,41.67167057913802,42.58252662370608,3.1721190869864535
6,5544206,8664,2222168297,1,interception,2H,4495.377,0,opponent_on_ball,duel,2.07799999999952,0.0169999999998253,Scotland - Switzerland,2.0,2.0,0,0,0,0,0,3.780999999999949,3.780999999999949,2,0,1,0,0,3.780999999999949,3.780999999999949,2,0,1,0,0,3.780999999999949,3.780999999999949,2,0,1,0,0,3.780999999999949,3.780999999999949,2,0,1,0,0,104.45178675513476,attacking_third,15.418261242792235,7.465634805925028,103.06527370133358,7.9526264368672095,0.0,1.0,4.057462467787435,104.45178675513476,attacking_third,15.418261242792235,3.1688289666379736,103.3914136043625,12.249432276154264,0.0,0.9966554140917262,3.2928581387509204,104.45178675513476,attacking_third,15.418261242792235,3.1688289666379736,103.3914136043625,12.249432276154264,0.0,0.9966554140917262,3.2928581387509204,104.45178675513476,attacking_third,15.418261242792235,3.1688289666379736,103.3914136043625,12.249432276154264,0.0,0.9966554140917262,3.2928581387509204,104.45178675513476,attacking_third,15.418261242792235,3.1688289666379736,103.3914136043625,12.249432276154264,0.0,0.9966554140917262,3.2928581387509204,51.95178675513475,-15.408511997890765,0.98930794,0.66,1,Scotland,scotland,Scotland - Switzerland,draw,1,1,False,0,0,1,1,0,opponent_on_ball,0,2222168727,5.294999999999163,94.5,27.891855442046158,-9.951786755134762,-12.473594199253922,0.0
6,5544207,10451,2222144139,1,interception,1H,9.893,1,opponent_on_ball,touch,1.5439999999999987,0.0129999999999999,Germany - Hungary,1.5439999999999987,1.5439999999999987,0,1,0,0,0,3.0429999999999993,3.0429999999999993,1,1,0,0,0,5.556999999999999,5.556999999999999,1,1,1,0,0,5.556999999999999,5.556999999999999,1,1,1,0,0,5.556999999999999,5.556999999999999,1,1,1,0,0,68.94061980367982,middle_third,42.373473690226234,25.950920527151993,81.55284780800488,16.42255316307424,12.61222800432506,1.0,11.096319704779887,68.94061980367982,middle_third,42.373473690226234,18.23541412640556,86.76478378613169,24.138059563820676,17.824163982451864,1.0,8.046019854606891,68.94061980367982,middle_third,42.373473690226234,7.474338361319627,94.09797524084256,34.89913532890661,30.304485173048135,0.8940976179523512,6.322307124801923,68.94061980367982,middle_third,42.373473690226234,7.474338361319627,94.09797524084256,34.89913532890661,30.304485173048135,0.8940976179523512,6.322307124801923,68.94061980367982,middle_third,42.373473690226234,7.474338361319627,94.09797524084256,34.89913532890661,30.304485173048135,0.8940976179523512,6.322307124801923,-16.44061980367983,-22.253817030647298,0.99905986,0.66,1,Hungary,hungary,Germany - Hungary,germany,2,0,False,0,0,1,1,0,opponent_on_ball,0,2222144156,7.574999999999999,86.1,19.094721783780987,17.15938019632017,23.278751906445247,3.0731025619069636
6,5544207,3148,2222144240,1,duel_regain,1H,231.934,0,window_end,pass,1.352000000000004,0.01400000000001,Germany - Hungary,1.352000000000004,1.352000000000004,1,0,0,0,0,3.6239999999999952,3.6239999999999952,2,0,0,0,0,7.340000000000003,7.340000000000003,3,0,0,0,0,14.646000000000017,14.646000000000017,3,1,1,0,0,16.65100000000001,16.65100000000001,3,1,1,0,1,30.13359484087685,defensive_third,76.4357819855234,75.43761333878632,31.62815836158032,0.9981686467370848,1.494563520703469,1.0,0.7561883687402198,30.13359484087685,defensive_third,76.4357819855234,66.68434567086044,42.02077608500352,9.751436314662968,11.887181244126667,1.0,2.7391675041188095,30.13359484087685,defensive_third,76.4357819855234,30.474606712936435,84.32545980928056,45.96117527258697,54.191864968403706,0.993216398747743,6.3133482517289785,30.13359484087685,defensive_third,76.4357819855234,2.644697382923842,103.3048969560206,73.79108460259957,73.5421575726679,0.9750161442353676,5.0541838768903835,30.13359484087685,defensive_third,76.4357819855234,2.644697382923842,102.76105841028298,73.79108460259957,73.5421575726679,0.9617199296689606,4.445246060397566,-22.36640515912315,15.409417454546585,0.9950717,0.66,1,Germany,germany,Germany - Hungary,germany,2,0,True,1,0,1,1,1,shot,0,2222144246,15.613,86.1,20.865176730619854,55.96640515912314,55.570605254903555,3.559252242035711
6,5544207,10451,2222144431,1,duel_regain,1H,465.105,1,opponent_on_ball,pass,2.7169999999999845,0.0149999999999863,Germany - Hungary,2.0,2.0,0,0,0,0,0,3.745000000000005,3.745000000000005,2,0,0,0,0,7.390999999999963,7.390999999999963,3,0,1,0,0,7.390999999999963,7.390999999999963,3,0,1,0,0,7.390999999999963,7.390999999999963,3,0,1,0,0,37.52486028396463,middle_third,69.41113216065425,47.94451804988985,58.05680946422939,21.466614110764397,20.53194918026476,1.0,10.952354138145214,37.52486028396463,middle_third,69.41113216065425,45.90793466256426,58.909996018052,23.50319749808999,22.599696081001547,0.8554278223140034,6.318063843572628,37.52486028396463,middle_third,69.41113216065425,39.80933865423351,68.55518143184344,29.60179350642074,31.03032114787881,0.8206269791532305,4.021982813372376,37.52486028396463,middle_third,69.41113216065425,39.80933865423351,68.55518143184344,29.60179350642074,31.03032114787881,0.8206269791532305,4.021982813372376,37.52486028396463,middle_third,69.41113216065425,39.80933865423351,68.55518143184344,29.60179350642074,31.03032114787881,0.8206269791532305,4.021982813372376,14.975139716035372,-16.279151947362493,0.98335916,0.66,1,Hungary,hungary,Germany - Hungary,germany,2,0,False,0,0,0,0,0,opponent_on_ball,0,2222144275,10.629999999999995,64.05,44.87752332738517,26.52513971603537,24.533608833269078,2.307959438689472
6,5544207,10451,2222145631,1,interception,2H,3526.914,1,window_end,touch,1.55199999999968,0.0059999999998581,Germany - Hungary,1.55199999999968,1.55199999999968,0,1,0,0,0,1.55199999999968,1.55199999999968,0,1,0,0,0,9.505999999999858,9.505999999999858,1,1,0,0,0,13.18899999999985,13.18899999999985,2,2,0,0,0,19.917999999999665,19.917999999999665,2,3,1,0,0,6.480725479103867,defensive_third,98.59916628996136,96.26800898746151,8.748333738964092,2.3311573024998182,2.267608259860225,1.0,1.5336561200656882,6.480725479103867,defensive_third,98.59916628996136,96.26800898746151,8.748333738964092,2.3311573024998182,2.267608259860225,1.0,1.5336561200656882,6.480725479103867,defensive_third,98.59916628996136,93.22568396522266,14.474074092350804,5.3734823247386885,7.993348613246937,0.5400448150138965,0.5668230300357255,6.480725479103867,defensive_third,98.59916628996136,40.88697959512743,73.38348120076671,57.71218669483392,66.90275572166284,0.9265263229114618,4.385424520884085,6.480725479103867,defensive_third,98.59916628996136,3.7202400303027456,101.28196080654212,94.8789262596586,94.80123532743823,0.9297470932139476,4.772581803805738,46.01927452089613,3.9683927416217095,0.99327105,0.66,1,Hungary,hungary,Germany - Hungary,germany,2,0,False,0,0,1,1,0,window_end_20s,1,,19.917999999999665,101.690294778274,3.346104331944235,95.20956929917013,95.25306195801713,4.782260365399073
6,5544207,3148,2222145488,1,interception,2H,4066.168,0,opponent_on_ball,pass,3.1539999999999964,0.0080000000002655,Germany - Hungary,2.0,2.0,0,0,0,0,0,4.518999999999778,4.518999999999778,2,0,0,0,0,6.67699999999968,6.67699999999968,2,1,0,0,0,6.67699999999968,6.67699999999968,2,1,0,0,0,6.67699999999968,6.67699999999968,2,1,0,0,0,20.995875486408153,defensive_third,88.6843399579453,77.33283999715333,31.612061244680035,11.351499960791967,10.616185758271882,0.488251260813544,5.791581612648856,20.995875486408153,defensive_third,88.6843399579453,58.17787840832567,50.05935996575787,30.50646154961963,29.06348447934972,0.7194197120854469,6.809478024467949,20.995875486408153,defensive_third,88.6843399579453,43.7114937708584,61.60141330980548,44.972846187086894,40.68452225816459,0.7907918987457321,6.773019004079018,20.995875486408153,defensive_third,88.6843399579453,43.7114937708584,61.60141330980548,44.972846187086894,40.68452225816459,0.7907918987457321,6.773019004079018,20.995875486408153,defensive_third,88.6843399579453,43.7114937708584,61.60141330980548,44.972846187086894,40.68452225816459,0.7907918987457321,6.773019004079018,-31.504124513591847,-28.42919658522505,0.99822766,0.66,1,Germany,germany,Germany - Hungary,germany,2,0,True,0,0,0,0,0,opponent_on_ball,0,2222145791,7.980999999999767,51.45,55.42130366564828,30.45412451359185,33.263036292297016,4.167778009309358
6,5544207,3148,2222145959,1,interception,2H,5268.157,0,opponent_on_ball,touch,1.445999999999913,0.0029999999997016,Germany - Hungary,1.445999999999913,1.445999999999913,0,1,0,0,0,4.1229999999995925,4.1229999999995925,2,1,0,0,0,8.289999999999964,6.76299999999992,2,1,2,0,1,8.289999999999964,6.76299999999992,2,1,2,0,1,8.289999999999964,6.76299999999992,2,1,2,0,1,66.136750302184,middle_third,42.49654365829127,36.58718171885679,75.48567973572536,5.909361939434483,9.348929433541358,0.8875564322596246,4.103723569050272,66.136750302184,middle_third,42.49654365829127,21.170134504185373,88.58966141500952,21.3264091541059,22.45291111282552,0.9660861306938656,5.227061067182912,66.136750302184,middle_third,42.49654365829127,5.270672267762138,108.60385200653344,37.225871390529136,43.85106680487704,0.7511472021933626,4.495878187261617,66.136750302184,middle_third,42.49654365829127,5.270672267762138,108.60385200653344,37.225871390529136,43.85106680487704,0.7511472021933626,4.495878187261617,66.136750302184,middle_third,42.49654365829127,5.270672267762138,108.60385200653344,37.225871390529136,43.85106680487704,0.7511472021933626,4.495878187261617,13.636750302183998,17.193139498830945,0.99993277,0.66,1,Germany,germany,Germany - Hungary,germany,2,0,True,1,1,1,1,1,shot,0,2222145969,8.289999999999964,93.45,15.409169348151117,27.313249697816005,27.087374310140156,3.267475791331758
6,5544207,10451,2222146142,1,duel_regain,2H,5311.552,1,window_end,pass,3.11200000000008,0.0079999999998108,Germany - Hungary,2.0,2.0,0,0,0,0,0,3.11200000000008,3.11200000000008,1,0,0,0,0,9.975000000000364,9.975000000000364,2,0,1,0,0,11.219000000000053,11.219000000000053,2,0,1,0,0,11.219000000000053,11.219000000000053,2,0,1,0,0,8.044440780232627,defensive_third,99.52707046928788,95.55907915134271,15.308905667913642,3.967991317945163,7.264464887681015,1.0,2.0244853662975757,8.044440780232627,defensive_third,99.52707046928788,90.73220837944804,20.41864467326164,8.794862089839839,12.374203893029012,1.0,2.855474704493522,8.044440780232627,defensive_third,99.52707046928788,53.628199426099854,55.98204247549257,45.89887104318804,47.93760169525994,0.9801751714862234,4.608320385861815,8.044440780232627,defensive_third,99.52707046928788,53.628199426099854,57.455387908943194,45.89887104318804,49.41094712871057,0.9170844533419134,4.098113485998666,8.044440780232627,defensive_third,99.52707046928788,53.628199426099854,57.455387908943194,45.89887104318804,49.41094712871057,0.9170844533419134,4.098113485998666,44.45555921976737,-22.477929010048527,0.99383545,0.66,1,Hungary,hungary,Germany - Hungary,germany,2,0,False,0,0,0,0,0,window_end_20s,1,,11.219000000000053,57.455387908943194,56.9717570854247,49.41094712871057,42.55531338386318,3.7931467496089653
6,5544208,8731,2222027990,0,duel_regain,1H,13.648,1,opponent_on_ball,pass,2.1639999999999997,0.0079999999999991,Croatia - Albania,2.0,2.0,0,0,0,0,0,4.018000000000001,4.018000000000001,2,0,0,0,0,9.595,9.595,6,0,0,0,0,9.595,9.595,6,0,0,0,0,9.595,9.595,6,0,0,0,0,60.157957241461624,middle_third,50.25138934127719,46.445938122586696,63.47068749473773,3.805451218690493,4.9661428541048664,0.3816205258538673,1.9415567442298425,60.157957241461624,middle_third,50.25138934127719,46.445938122586696,59.53342325173143,3.805451218690493,4.9661428541048664,0.2915080023735482,0.9609725299723464,60.157957241461624,middle_third,50.25138934127719,8.832076782886409,97.14944958332424,41.41931255839078,36.99149234186262,0.7109614038279836,4.33256407514548,60.157957241461624,middle_third,50.25138934127719,8.832076782886409,97.14944958332424,41.41931255839078,36.99149234186262,0.7109614038279836,4.33256407514548,60.157957241461624,middle_third,50.25138934127719,8.832076782886409,97.14944958332424,41.41931255839078,36.99149234186262,0.7109614038279836,4.33256407514548,-7.657957241461624,22.680241003350083,0.99357754,0.66,1,Albania,albania,Croatia - Albania,draw,2,2,False,0,0,1,1,0,opponent_on_ball,0,2222023897,11.454,80.85,30.336646156093135,20.69204275853837,19.914743185184054,1.7386714846502578
6,5544208,8731,2222024294,1,interception,1H,1155.136,1,opponent_on_ball,pass,0.8900000000001,0.0160000000000763,Croatia - Albania,0.8900000000001,0.8900000000001,1,0,0,0,0,4.97199999999998,4.97199999999998,3,0,0,0,0,7.719000000000051,7.719000000000051,3,1,0,0,0,7.719000000000051,7.719000000000051,3,1,0,0,0,7.719000000000051,7.719000000000051,3,1,0,0,0,33.597670323436034,defensive_third,71.40236671156725,65.87594220439007,39.3421376859139,5.5264245071771825,5.744467362477863,1.0,6.5790767942591915,33.597670323436034,defensive_third,71.40236671156725,31.06349125524239,75.70657108488687,40.338875456324864,42.10890076145084,0.9999999999999998,8.26616300334546,33.597670323436034,defensive_third,71.40236671156725,8.98884816140609,83.98821124411586,62.413518550161164,62.41782789828787,0.8384411092089853,8.126760227885741,33.597670323436034,defensive_third,71.40236671156725,8.98884816140609,83.98821124411586,62.413518550161164,62.41782789828787,0.8384411092089853,8.126760227885741,33.597670323436034,defensive_third,71.40236671156725,8.98884816140609,83.98821124411586,62.413518550161164,62.41782789828787,0.8384411092089853,8.126760227885741,18.90232967656397,-0.0727239465491678,0.921387,0.66,1,Albania,albania,Croatia - Albania,draw,2,2,False,0,0,1,1,0,opponent_on_ball,0,2222024372,9.776000000000067,79.8,27.448395217207146,46.20232967656396,43.953971494360104,4.496110013743842
6,5544208,8731,2222024536,1,interception,1H,1822.211,1,opponent_on_ball,touch,0.7850000000000819,0.0109999999999672,Croatia - Albania,0.7850000000000819,0.7850000000000819,0,1,0,0,0,0.7850000000000819,0.7850000000000819,0,1,0,0,0,7.712999999999965,7.712999999999965,1,1,0,0,0,7.712999999999965,7.712999999999965,1,1,0,0,0,7.712999999999965,7.712999999999965,1,1,0,0,0,52.43737529636868,middle_third,55.24868549136327,51.24698803107412,56.960436633103704,4.001697460289151,4.523061336735026,1.0,5.557913139290276,52.43737529636868,middle_third,55.24868549136327,51.24698803107412,56.960436633103704,4.001697460289151,4.523061336735026,1.0,5.557913139290276,52.43737529636868,middle_third,55.24868549136327,6.2943789390220815,91.27555497096009,48.95430655234119,47.214147094957305,0.8575227382324259,6.374258665669372,52.43737529636868,middle_third,55.24868549136327,6.2943789390220815,91.27555497096009,48.95430655234119,47.214147094957305,0.8575227382324259,6.374258665669372,52.43737529636868,middle_third,55.24868549136327,6.2943789390220815,91.27555497096009,48.95430655234119,47.214147094957305,0.8575227382324259,6.374258665669372,0.0626247036313216,-17.017277478750245,0.9989077,0.66,1,Albania,albania,Croatia - Albania,draw,2,2,False,0,0,1,1,0,opponent_on_ball,0,2222024590,8.136999999999944,77.7,27.37611367597673,25.262624703631325,27.87257181538654,3.425411308269231
6,5544208,8731,2222024621,1,interception,1H,2088.909,1,opponent_on_ball,pass,3.269999999999982,0.0109999999999672,Croatia - Albania,2.0,2.0,0,0,0,0,0,4.288000000000011,4.288000000000011,1,1,0,0,0,9.139999999999873,9.139999999999873,2,1,0,0,0,9.139999999999873,9.139999999999873,2,1,0,0,0,9.139999999999873,9.139999999999873,2,1,0,0,0,35.98899229003044,middle_third,73.18263510917181,65.97597538730882,46.58403286802415,7.206659721862991,10.595040577993714,1.0,3.67686720503207,35.98899229003044,middle_third,73.18263510917181,57.607479739826424,54.87411215106915,15.575155369345389,18.885119861038717,1.0,3.708370326034777,35.98899229003044,middle_third,73.18263510917181,30.886083249045825,58.30221139189692,42.29655186012599,38.12806410544897,0.7218645376551853,4.637779809224396,35.98899229003044,middle_third,73.18263510917181,30.886083249045825,58.30221139189692,42.29655186012599,38.12806410544897,0.7218645376551853,4.637779809224396,35.98899229003044,middle_third,73.18263510917181,30.886083249045825,58.30221139189692,42.29655186012599,38.12806410544897,0.7218645376551853,4.637779809224396,16.51100770996956,-24.355264243623186,0.9916441,0.66,1,Albania,albania,Croatia - Albania,draw,2,2,False,0,0,0,1,0,opponent_on_ball,0,2222024690,10.308999999999742,77.7,27.333854466576785,41.711007709969564,45.84878064259503,4.447451803530525
6,5544208,9598,2222025182,1,duel_regain,2H,3316.185,1,opponent_on_ball,pass,0.5050000000001091,0.0083230000000185,Croatia - Albania,1.8820000000000616,1.8820000000000616,2,0,0,0,0,4.104000000000269,4.104000000000269,3,0,0,0,0,4.104000000000269,4.104000000000269,3,0,0,0,0,4.104000000000269,4.104000000000269,3,0,0,0,0,4.104000000000269,4.104000000000269,3,0,0,0,0,63.99584792440079,middle_third,42.99380479126699,29.87070574817627,77.45929160833049,13.123099043090717,13.463443683929697,1.0,7.132119045157433,63.99584792440079,middle_third,42.99380479126699,22.29431810746289,82.21289042216381,20.6994866838041,21.87640215886013,0.9231741180078148,5.123635317772761,63.99584792440079,middle_third,42.99380479126699,22.29431810746289,82.21289042216381,20.6994866838041,21.87640215886013,0.9231741180078148,5.123635317772761,63.99584792440079,middle_third,42.99380479126699,22.29431810746289,82.21289042216381,20.6994866838041,21.87640215886013,0.9231741180078148,5.123635317772761,63.99584792440079,middle_third,42.99380479126699,22.29431810746289,82.21289042216381,20.6994866838041,21.87640215886013,0.9231741180078148,5.123635317772761,-11.495847924400792,12.927751660312213,0.99095833,0.66,1,Croatia,croatia,Croatia - Albania,draw,2,2,False,0,0,0,1,0,opponent_on_ball,0,2222024990,6.9520000000002256,86.1,21.16223995705559,22.104152075599202,21.8315648342114,3.1403286585458416
6,5544208,8731,2222025090,1,duel_regain,2H,3489.412,0,opponent_on_ball,pass,2.00400000000036,0.0046770000003562,Croatia - Albania,2.0,2.0,0,0,0,0,0,4.682999999999993,4.682999999999993,3,0,0,0,0,7.7140000000003965,7.7140000000003965,4,0,0,0,0,10.390000000000327,10.390000000000327,5,0,0,0,0,10.390000000000327,10.390000000000327,5,0,0,0,0,21.29064935467429,defensive_third,84.51625709268806,84.51625709268806,18.72356276813171,0.0,0.0,0.0,0.0,21.29064935467429,defensive_third,84.51625709268806,83.86956962103706,26.031843350995757,0.6466874716510063,4.741193996321467,0.0344639045998788,0.1393722999247896,21.29064935467429,defensive_third,84.51625709268806,60.6450260343239,50.62822139822891,23.871231058364167,29.337572043554623,0.5685150617747435,3.108233210724567,21.29064935467429,defensive_third,84.51625709268806,34.609959471235854,71.63479579358551,49.90629762145221,50.344146438911224,0.7336592910039808,4.817210195121022,21.29064935467429,defensive_third,84.51625709268806,34.609959471235854,71.63479579358551,49.90629762145221,50.344146438911224,0.7336592910039808,4.817210195121022,-31.20935064532571,11.650850934384684,0.99703574,0.66,1,Albania,albania,Croatia - Albania,draw,2,2,False,0,0,0,1,0,opponent_on_ball,0,2222025265,14.776000000000295,72.45,32.72709122424417,51.159350645325716,51.789165868443895,3.5049516694939675
6,5544208,8731,2222025209,1,duel_regain,2H,3927.955,0,opponent_on_ball,none,,0.018322999999782,Croatia - Albania,2.0,2.0,0,0,0,0,0,5.0,5.0,0,0,0,0,0,5.927999999999884,5.927999999999884,1,0,0,0,0,5.927999999999884,5.927999999999884,1,0,0,0,0,5.927999999999884,5.927999999999884,1,0,0,0,0,75.61924928693617,attacking_third,34.27944281948415,30.660517909654992,77.77497663738957,3.618924909829161,2.785867599544588,1.0,1.846390260116885,75.61924928693617,attacking_third,34.27944281948415,10.855174476673188,92.3800977131981,23.424268342810965,20.4110243807433,0.9242289924296014,4.7226347465344345,75.61924928693617,attacking_third,34.27944281948415,10.855174476673188,87.46846919778457,23.424268342810965,20.4110243807433,0.7532141756768549,3.9837191059204664,75.61924928693617,attacking_third,34.27944281948415,10.855174476673188,87.46846919778457,23.424268342810965,20.4110243807433,0.7532141756768549,3.9837191059204664,75.61924928693617,attacking_third,34.27944281948415,10.855174476673188,87.46846919778457,23.424268342810965,20.4110243807433,0.7532141756768549,3.9837191059204664,23.119249286936167,-17.659322964119625,0.9634748,0.66,1,Albania,albania,Croatia - Albania,draw,2,2,False,0,0,1,1,0,opponent_on_ball,0,2222025417,6.934999999999945,93.45,14.967728618598079,17.830750713063836,19.311714200886072,2.7846740015697513
6,5544208,9598,2222025570,1,interception,2H,4338.101,1,window_end,pass,2.5600000000004,0.004323000000113,Croatia - Albania,2.0,2.0,0,0,0,0,0,2.5600000000004,2.5600000000004,1,0,0,0,0,9.442000000000007,9.442000000000007,3,1,0,0,0,14.847000000000662,14.847000000000662,5,1,0,0,0,19.20600000000013,19.20600000000013,6,2,0,0,0,15.889340708288884,defensive_third,89.18054611647507,89.18054611647507,15.260012476824896,0.0,0.0,0.0,0.0,15.889340708288884,defensive_third,89.18054611647507,86.98039844863264,18.17524816134238,2.2001476678424297,2.285907453053497,0.2198102737726509,0.8730744713662074,15.889340708288884,defensive_third,89.18054611647507,66.11719887577536,40.125789374542535,23.063347240699713,24.23644866625365,0.639333418860153,2.4535475787979366,15.889340708288884,defensive_third,89.18054611647507,43.98397591364208,74.0079712660445,45.196570202832994,58.11863055775562,0.776476307070261,3.0538223110023797,15.889340708288884,defensive_third,89.18054611647507,12.194211897550865,93.75048698758243,76.98633421892421,78.86075188624572,0.7523296148021377,4.018075898691273,36.61065929171112,3.52990173083029,0.9705715,0.66,1,Croatia,croatia,Croatia - Albania,draw,2,2,False,0,0,1,1,0,window_end_20s,1,,19.20600000000013,93.75048698758243,24.527763684056463,77.86114627929355,64.6527824324186,3.3662804557127024
6,5544208,8731,2222025332,1,duel_regain,2H,4369.765,0,opponent_on_ball,none,,0.0116769999995085,Croatia - Albania,2.0,2.0,0,0,0,0,0,3.108999999999469,3.108999999999469,0,0,0,0,0,9.342999999999847,9.342999999999847,0,0,1,0,1,9.342999999999847,9.342999999999847,0,0,1,0,1,9.342999999999847,9.342999999999847,0,0,1,0,1,62.56785889662203,middle_third,45.546283204935634,33.6540985492498,74.45348584419253,11.892184655685831,11.8856269475705,1.0,6.067441150860005,62.56785889662203,middle_third,45.546283204935634,30.465569512962944,77.31654143170792,15.08071369197269,14.74868253508589,1.0,4.896335614276963,62.56785889662203,middle_third,45.546283204935634,3.73806656151066,85.20386296655127,41.80821664342497,39.08037557590971,0.6946685317744755,4.4858601548740635,62.56785889662203,middle_third,45.546283204935634,3.73806656151066,85.20386296655127,41.80821664342497,39.08037557590971,0.6946685317744755,4.4858601548740635,62.56785889662203,middle_third,45.546283204935634,3.73806656151066,85.20386296655127,41.80821664342497,39.08037557590971,0.6946685317744755,4.4858601548740635,10.067858896622027,-16.552260122630486,0.9976593,0.66,1,Albania,albania,Croatia - Albania,draw,2,2,False,1,1,1,1,1,shot,0,2222025336,8.216999999999643,79.8,26.488216247984692,17.23214110337797,19.05806695695094,2.3193461064806824
6,5544208,8731,2222025437,1,interception,2H,4842.927,0,opponent_on_ball,pass,1.2890000000006694,0.0096770000000105,Croatia - Albania,1.2890000000006694,1.2890000000006694,1,0,0,0,0,4.456000000000131,4.456000000000131,2,0,0,0,0,4.456000000000131,4.456000000000131,2,0,0,0,0,4.456000000000131,4.456000000000131,2,0,0,0,0,4.456000000000131,4.456000000000131,2,0,0,0,0,39.059072278451126,middle_third,69.58082220471947,62.53208297270321,48.32969772980589,7.04873923201626,9.270625451354768,1.0,5.684467122594759,39.059072278451126,middle_third,69.58082220471947,24.935832035367937,87.56575216197261,44.64499016935153,48.506679883521485,0.9820739920389168,10.05517796606901,39.059072278451126,middle_third,69.58082220471947,24.935832035367937,87.56575216197261,44.64499016935153,48.506679883521485,0.9820739920389168,10.05517796606901,39.059072278451126,middle_third,69.58082220471947,24.935832035367937,87.56575216197261,44.64499016935153,48.506679883521485,0.9820739920389168,10.05517796606901,39.059072278451126,middle_third,69.58082220471947,24.935832035367937,87.56575216197261,44.64499016935153,48.506679883521485,0.9820739920389168,10.05517796606901,-13.440927721548874,-22.210017332416623,0.9455555,0.66,1,Albania,albania,Croatia - Albania,draw,2,2,False,0,0,0,1,0,opponent_on_ball,0,2222025737,7.686000000000604,84.0,27.451455334826967,44.940927721548874,42.1293668698925,5.481312369228362
6,5544208,8731,2222025457,1,duel_regain,2H,4902.972,0,opponent_on_ball,duel,1.3760000000002035,0.0046770000008109,Croatia - Albania,1.3760000000002035,1.3760000000002035,0,0,1,0,0,3.3070000000006985,3.3070000000006985,1,0,1,0,0,9.909999999999854,9.909999999999854,2,0,3,0,0,11.923999999999978,11.923999999999978,3,0,3,0,0,11.923999999999978,11.923999999999978,3,0,3,0,0,60.954845504481376,middle_third,45.612719209670736,37.87603448440981,68.8096103172281,7.736684725260929,7.85476481274673,1.0,5.688738768575582,60.954845504481376,middle_third,45.612719209670736,33.84712626271201,77.90913934734984,11.765592946958726,16.95429384286846,1.0,3.587071020415519,60.954845504481376,middle_third,45.612719209670736,8.961990977081824,96.61642611451418,36.65072823258891,35.66158061003281,0.902537425588756,3.7095878777927,60.954845504481376,middle_third,45.612719209670736,1.51385808083969,102.95586671267384,44.09886112883105,42.54343637364669,0.9072050431003378,3.712025347544951,60.954845504481376,middle_third,45.612719209670736,1.51385808083969,102.95586671267384,44.09886112883105,42.54343637364669,0.9072050431003378,3.712025347544951,8.454845504481376,-11.855147370073531,0.9996599,0.66,1,Albania,albania,Croatia - Albania,draw,2,2,False,0,0,1,1,0,opponent_on_ball,0,2222025791,13.322000000000116,97.65,7.627850286941919,36.69515449551863,37.984868922728815,2.851288764654593
6,5544208,9598,2222025857,1,duel_regain,2H,5257.015,1,game_interruption,duel,1.043999999999869,0.0016769999992902,Croatia - Albania,1.043999999999869,1.043999999999869,0,0,1,0,0,4.51299999999992,3.63300000000072,1,0,2,0,0,5.7280000000000655,4.848000000000866,1,0,2,0,1,5.7280000000000655,4.848000000000866,1,0,2,0,1,5.7280000000000655,4.848000000000866,1,0,2,0,1,71.80264228275419,attacking_third,33.21745534294403,28.751913879964455,76.3678100445367,4.465541462979573,4.565167761782504,1.0,4.293789868245985,71.80264228275419,attacking_third,33.21745534294403,4.577075280391107,103.6616573070296,28.64038006255292,37.4459782060603,0.806566642072744,6.3929419782477455,71.80264228275419,attacking_third,33.21745534294403,4.577075280391107,98.28067451715329,28.64038006255292,37.4459782060603,0.7146945017153647,5.007059451495043,71.80264228275419,attacking_third,33.21745534294403,4.577075280391107,98.28067451715329,28.64038006255292,37.4459782060603,0.7146945017153647,5.007059451495043,71.80264228275419,attacking_third,33.21745534294403,4.577075280391107,98.28067451715329,28.64038006255292,37.4459782060603,0.7146945017153647,5.007059451495043,-19.302642282754192,1.1553268168363076,0.9996276,0.66,1,Croatia,croatia,Croatia - Albania,draw,2,2,False,1,1,1,1,1,shot,0,2222025860,5.7280000000000655,79.8,26.101340961720727,7.997357717245805,7.116114381223301,1.24233840454316
6,5544208,9598,2222025866,1,duel_regain,2H,5290.964,1,window_end,duel,1.5839999999998329,0.0126770000006217,Croatia - Albania,1.7330000000001746,1.7330000000001746,0,0,1,0,0,3.4489999999996144,3.4489999999996144,0,0,2,0,0,9.791000000000167,9.791000000000167,0,0,4,0,0,14.466999999999643,14.466999999999643,0,0,5,0,1,14.466999999999643,14.466999999999643,0,0,5,0,1,47.6605343401781,middle_third,59.88567159775054,50.212680105688285,59.153770221166106,9.672991492062252,11.493235880988005,1.0,5.623832262829032,47.6605343401781,middle_third,59.88567159775054,40.29824923970799,71.56583359573763,19.587422358042545,23.905299255559527,1.0,5.7610065758954825,47.6605343401781,middle_third,59.88567159775054,7.638419127962528,100.9731146527817,52.24725246978801,53.3125803126036,0.9999999999999998,5.353202097314725,47.6605343401781,middle_third,59.88567159775054,3.211795930605671,92.52191681323664,56.67387566714487,55.1798489098862,0.8465043596978629,3.924783633458895,47.6605343401781,middle_third,59.88567159775054,3.211795930605671,92.52191681323664,56.67387566714487,55.1798489098862,0.8465043596978629,3.924783633458895,4.839465659821897,17.276554649574408,0.9520701,0.66,1,Croatia,croatia,Croatia - Albania,draw,2,2,False,1,1,1,1,1,shot,0,2222025872,12.824999999999818,98.7,14.374157366607617,51.0394656598219,45.51151423114292,3.5486560804010576
6,5544209,3757,2222757638,1,duel_regain,1H,755.723,1,opponent_on_ball,pass,3.634999999999991,0.002999999999929,Spain - Italy,0.6100000000000136,0.6100000000000136,0,0,0,0,0,3.634999999999991,3.634999999999991,1,0,0,0,0,9.413999999999987,9.413999999999987,2,0,0,0,0,11.331999999999994,11.331999999999994,3,0,0,0,0,11.331999999999994,11.331999999999994,3,0,0,0,0,19.110911661944613,defensive_third,90.24622424124956,88.5441719681117,21.090492078826657,1.7020522731378662,1.979580416882044,1.0,3.0393790591744403,19.110911661944613,defensive_third,90.24622424124956,68.91535561667276,43.563204825571695,21.33086862457681,24.452293163627083,1.0,5.991817029375409,19.110911661944613,defensive_third,90.24622424124956,33.49747126825862,87.94175628451866,56.74875297299094,68.83084462257405,1.0,6.06290095865287,19.110911661944613,defensive_third,90.24622424124956,10.709872000493128,94.51734826973384,79.53635224075643,75.81651446099544,0.9914136198702584,7.051095056804665,19.110911661944613,defensive_third,90.24622424124956,10.709872000493128,94.51734826973384,79.53635224075643,75.81651446099544,0.9914136198702584,7.051095056804665,33.38908833805539,27.702806613403276,0.9988734,0.66,1,Italy,italy,Spain - Italy,spain,1,0,False,0,0,1,1,0,opponent_on_ball,0,2222757360,12.547000000000025,94.5,10.696335821205315,75.38908833805539,79.54988842004425,6.340152101701131
6,5544209,1598,2222757422,1,interception,1H,949.526,0,opponent_on_ball,pass,1.3190000000000737,0.0059999999999718,Spain - Italy,1.3190000000000737,1.3190000000000737,1,0,0,0,0,4.2549999999999955,4.2549999999999955,1,1,1,0,0,4.2549999999999955,4.2549999999999955,1,1,1,0,0,4.2549999999999955,4.2549999999999955,1,1,1,0,0,4.2549999999999955,4.2549999999999955,1,1,1,0,0,42.4448762761032,middle_third,62.742887378935826,53.84949814100808,51.15253256694866,8.893389237927742,8.707656290845456,1.0,6.94796034213058,42.4448762761032,middle_third,62.742887378935826,40.88385663694782,65.7081583104163,21.859030741988008,23.263282034313093,1.0,5.204531129044708,42.4448762761032,middle_third,62.742887378935826,40.88385663694782,65.7081583104163,21.859030741988008,23.263282034313093,1.0,5.204531129044708,42.4448762761032,middle_third,62.742887378935826,40.88385663694782,65.7081583104163,21.859030741988008,23.263282034313093,1.0,5.204531129044708,42.4448762761032,middle_third,62.742887378935826,40.88385663694782,65.7081583104163,21.859030741988008,23.263282034313093,1.0,5.204531129044708,-10.0551237238968,-4.850403337227611,0.9939626,0.66,1,Spain,spain,Spain - Italy,spain,1,0,True,0,0,0,0,0,opponent_on_ball,0,2222757747,6.599000000000046,58.8,47.97255882272698,16.355123723896796,14.770328556208845,2.2382677005923233
6,5544209,1598,2222757719,1,duel_regain,1H,1781.717,0,opponent_on_ball,touch,2.3989999999998872,0.002999999999929,Spain - Italy,2.0,2.0,0,0,0,0,0,2.3989999999998872,2.3989999999998872,0,1,0,0,0,7.33199999999988,7.33199999999988,1,2,0,0,0,13.045999999999822,13.045999999999822,3,2,0,0,0,13.045999999999822,13.045999999999822,3,2,0,0,0,33.413082776336395,defensive_third,71.63615945125656,63.45355707165109,41.560967231881065,8.18260237960547,8.14788445554467,1.0,4.174797132451693,33.413082776336395,defensive_third,71.63615945125656,61.648383404806545,43.3740644509802,9.987776046450016,9.960981674643804,1.0,4.232108494258661,33.413082776336395,defensive_third,71.63615945125656,39.702255341877496,75.59368737469285,31.933904109379064,42.18060459835645,1.0,4.362555206199364,33.413082776336395,defensive_third,71.63615945125656,25.24922465796993,89.57382883690558,46.386934793286635,56.16074606056918,0.8828984389922467,3.557280275558801,33.413082776336395,defensive_third,71.63615945125656,25.24922465796993,89.57382883690558,46.386934793286635,56.16074606056918,0.8828984389922467,3.557280275558801,-19.086917223663605,-2.655677566684197,0.9752852,0.66,1,Spain,spain,Spain - Italy,spain,1,0,True,0,0,0,1,0,window_end_20s,1,,13.045999999999822,89.57382883690558,27.986715041869807,56.16074606056918,43.64944440938675,3.3458105480137474
6,5544209,1598,2222757867,0,duel_regain,1H,2383.541,0,window_end,touch,3.3599999999996726,0.018999999999778,Spain - Italy,0.3669999999997344,0.3669999999997344,0,0,0,0,0,3.3599999999996726,3.3599999999996726,0,1,0,0,0,3.3599999999996726,3.3599999999996726,0,1,0,0,0,12.446999999999662,12.446999999999662,1,1,0,0,0,12.446999999999662,12.446999999999662,1,1,0,0,0,43.11770253182306,middle_third,67.49502466802758,67.4210836057819,43.336632741961765,0.0739410622456802,0.2189302101387014,0.3518183675952887,0.2310658195176324,43.11770253182306,middle_third,67.49502466802758,53.443585323020784,59.310018145273254,14.051439345006798,16.19231561345019,0.9903981940847156,4.232361248495815,43.11770253182306,middle_third,67.49502466802758,53.443585323020784,59.310018145273254,14.051439345006798,16.19231561345019,0.9903981940847156,4.232361248495815,43.11770253182306,middle_third,67.49502466802758,22.45079666286145,82.12255020063031,45.04422800516613,43.4238858454214,0.9830341193459312,3.6325990326746616,43.11770253182306,middle_third,67.49502466802758,22.45079666286145,82.12255020063031,45.04422800516613,43.4238858454214,0.9830341193459312,3.6325990326746616,-9.382297468176937,-26.947348941922144,0.8067902,0.66,1,Spain,spain,Spain - Italy,spain,1,0,True,0,0,0,1,0,window_end_20s,1,,12.446999999999662,82.03599431127587,23.028770323202224,38.91829177945281,44.46625434482536,3.572447525092518
6,5544209,3757,2222758612,1,duel_regain,2H,3031.408,1,opponent_on_ball,pass,0.9100000000003092,0.0079999999998108,Spain - Italy,0.9100000000003092,0.9100000000003092,1,0,0,0,0,3.9909999999999854,3.9909999999999854,1,0,1,0,0,8.893000000000029,8.893000000000029,2,0,1,0,0,8.893000000000029,8.893000000000029,2,0,1,0,0,8.893000000000029,8.893000000000029,2,0,1,0,0,18.30007567235004,defensive_third,86.75676365408546,73.1078275418099,31.92338086595664,13.648936112275564,13.623305193606598,1.0,16.248733466991904,18.30007567235004,defensive_third,86.75676365408546,57.189937447418025,48.40301220436909,29.566826206667436,30.102936532019044,1.0,7.542557705782369,18.30007567235004,defensive_third,86.75676365408546,23.468742678572777,86.65674117029472,63.28802097551268,68.35666549794468,1.0000000000000002,7.159278390894982,18.30007567235004,defensive_third,86.75676365408546,23.468742678572777,86.65674117029472,63.28802097551268,68.35666549794468,1.0000000000000002,7.159278390894982,18.30007567235004,defensive_third,86.75676365408546,23.468742678572777,86.65674117029472,63.28802097551268,68.35666549794468,1.0000000000000002,7.159278390894982,34.19992432764996,3.139930144225005,0.9988175,0.66,1,Italy,italy,Spain - Italy,spain,1,0,False,0,0,0,1,0,opponent_on_ball,0,2222758070,10.512000000000171,88.2,20.78599528528764,69.89992432764996,65.97076836879782,6.275758025950984
6,5544209,1598,2222758135,1,duel_regain,2H,3330.684,0,opponent_on_ball,duel,1.5559999999995853,0.0039999999999054,Spain - Italy,1.5559999999995853,1.5559999999995853,0,0,1,0,0,1.5559999999995853,1.5559999999995853,0,0,1,0,0,7.399999999999636,7.399999999999636,1,0,1,0,0,7.399999999999636,7.399999999999636,1,0,1,0,0,7.399999999999636,7.399999999999636,1,0,1,0,0,60.43464794795999,middle_third,53.17976051896225,47.27051865477382,66.55769128762273,5.909241864188431,6.123043339662743,1.0,3.887659121177809,60.43464794795999,middle_third,53.17976051896225,47.27051865477382,66.55769128762273,5.909241864188431,6.123043339662743,1.0,3.887659121177809,60.43464794795999,middle_third,53.17976051896225,10.385927127954565,95.08384290798917,42.79383339100768,34.64919496002916,1.0000000000000002,5.814379536821955,60.43464794795999,middle_third,53.17976051896225,10.385927127954565,95.08384290798917,42.79383339100768,34.64919496002916,1.0000000000000002,5.814379536821955,60.43464794795999,middle_third,53.17976051896225,10.385927127954565,95.08384290798917,42.79383339100768,34.64919496002916,1.0000000000000002,5.814379536821955,7.934647947959988,29.017517559776003,0.9991155,0.66,1,Spain,spain,Spain - Italy,spain,1,0,True,0,0,1,1,0,window_end_20s,1,,7.399999999999636,95.08384290798915,10.385927127954563,34.64919496002916,42.79383339100768,5.782950458244565
6,5544209,1598,2222758249,1,duel_regain,2H,3651.766,0,opponent_on_ball,pass,1.79300000000012,0.0059999999998581,Spain - Italy,1.79300000000012,1.79300000000012,1,0,0,0,0,3.5960000000000036,3.5960000000000036,1,0,1,0,0,3.5960000000000036,3.5960000000000036,1,0,1,0,0,3.5960000000000036,3.5960000000000036,1,0,1,0,0,3.5960000000000036,3.5960000000000036,1,0,1,0,0,88.83594738495881,attacking_third,34.78903578508085,23.79736066947169,88.9131003844426,10.99167511560916,0.4791635429191103,1.0,6.390508788145603,88.83594738495881,attacking_third,34.78903578508085,19.60677309315467,78.64732882468041,15.18226269192618,0.4791635429191103,0.681205339367764,4.264680531440003,88.83594738495881,attacking_third,34.78903578508085,19.60677309315467,78.64732882468041,15.18226269192618,0.4791635429191103,0.681205339367764,4.264680531440003,88.83594738495881,attacking_third,34.78903578508085,19.60677309315467,78.64732882468041,15.18226269192618,0.4791635429191103,0.681205339367764,4.264680531440003,88.83594738495881,attacking_third,34.78903578508085,19.60677309315467,78.64732882468041,15.18226269192618,0.4791635429191103,0.681205339367764,4.264680531440003,36.33594738495881,30.805850319603508,0.99597836,0.66,1,Spain,spain,Spain - Italy,spain,1,0,True,0,0,1,1,0,opponent_on_ball,0,2222758798,5.923999999999978,77.7,27.333854466576785,-11.135947384958811,7.455181318504064,1.2584708505239857
6,5544209,3757,2222758876,1,duel_regain,2H,4075.597,1,opponent_on_ball,pass,0.2349999999996725,0.0030000000001564,Spain - Italy,1.6659999999997126,1.6659999999997126,2,0,0,0,0,3.675999999999931,3.675999999999931,2,0,1,0,0,3.675999999999931,3.675999999999931,2,0,1,0,0,3.675999999999931,3.675999999999931,2,0,1,0,0,3.675999999999931,3.675999999999931,2,0,1,0,0,51.97154541075126,middle_third,61.65290934493003,55.71583020305554,58.65883698346375,5.9370791418744915,6.687291572712489,0.7842173595598256,3.620170208461341,51.97154541075126,middle_third,61.65290934493003,44.194684094079015,68.74569349240458,17.458225250851015,16.774148081653323,0.8632302349794992,4.7962157282565405,51.97154541075126,middle_third,61.65290934493003,44.194684094079015,68.74569349240458,17.458225250851015,16.774148081653323,0.8632302349794992,4.7962157282565405,51.97154541075126,middle_third,61.65290934493003,44.194684094079015,68.74569349240458,17.458225250851015,16.774148081653323,0.8632302349794992,4.7962157282565405,51.97154541075126,middle_third,61.65290934493003,44.194684094079015,68.74569349240458,17.458225250851015,16.774148081653323,0.8632302349794992,4.7962157282565405,0.5284545892487387,31.449391640700227,0.97762567,0.66,1,Italy,italy,Spain - Italy,spain,1,0,False,0,0,0,0,0,opponent_on_ball,0,2222758422,5.153999999999996,73.5,35.79455265819088,21.52845458924874,25.85835668673915,5.01714332299945
6,5544209,1598,2222758541,1,duel_regain,2H,4803.858,0,opponent_on_ball,pass,0.8189999999995052,0.0180000000000291,Spain - Italy,0.8189999999995052,0.8189999999995052,1,0,0,0,0,4.507999999999811,4.507999999999811,2,0,0,0,0,9.871000000000096,9.871000000000096,3,1,1,0,0,10.091999999999643,10.091999999999643,3,1,1,0,1,10.091999999999643,10.091999999999643,3,1,1,0,1,47.16147334641951,middle_third,65.3689007496288,65.3689007496288,44.55647999297922,0.0,0.0,0.0,0.0,47.16147334641951,middle_third,65.3689007496288,41.565774440338814,64.5727765782651,23.803126309289993,17.411303231845594,0.932822844288792,5.313197836894527,47.16147334641951,middle_third,65.3689007496288,10.652229487128311,102.34241296421212,54.7166712625005,55.1809396177926,0.9696233527714464,5.560637323424765,47.16147334641951,middle_third,65.3689007496288,10.308103943604497,104.30429812789627,55.060796806024314,57.14282478147676,0.9698074722694068,5.484143108169772,47.16147334641951,middle_third,65.3689007496288,10.308103943604497,104.30429812789627,55.060796806024314,57.14282478147676,0.9698074722694068,5.484143108169772,-5.338526653580487,30.459777079911163,0.9993926,0.66,1,Spain,spain,Spain - Italy,spain,1,0,True,1,1,1,1,1,shot,0,2222758553,10.091999999999643,97.65,14.277258140133206,50.48852665358049,51.0916426094956,5.062588447235177
6,5544210,7712,2222640715,1,interception,1H,56.897,0,opponent_on_ball,pass,4.639000000000003,0.0169999999999959,Denmark - England,2.0,2.0,0,0,0,0,0,4.639000000000003,4.639000000000003,1,0,0,0,0,5.746000000000002,5.746000000000002,2,0,0,0,0,5.746000000000002,5.746000000000002,2,0,0,0,0,5.746000000000002,5.746000000000002,2,0,0,0,0,54.680668448656355,middle_third,52.68869742717202,45.04181032393797,62.74659338183029,7.64688710323405,8.065924933173932,1.0,3.9014730118541054,54.680668448656355,middle_third,52.68869742717202,28.470886840587156,76.73574012488874,24.217810586584868,22.05507167623238,1.0,5.264741431866274,54.680668448656355,middle_third,52.68869742717202,28.413629116360507,70.45092452942819,24.275068310811516,22.105363816747975,0.7919223071900735,4.243893061330685,54.680668448656355,middle_third,52.68869742717202,28.413629116360507,70.45092452942819,24.275068310811516,22.105363816747975,0.7919223071900735,4.243893061330685,54.680668448656355,middle_third,52.68869742717202,28.413629116360507,70.45092452942819,24.275068310811516,22.105363816747975,0.7919223071900735,4.243893061330685,2.1806684486563555,-15.62253848764778,0.99453026,0.66,1,Denmark,denmark,Denmark - England,draw,1,1,False,0,0,0,1,0,opponent_on_ball,0,2222640539,8.676000000000009,67.2,38.98038481082504,12.519331551343647,13.70831261634698,1.5800268114738318
6,5544210,7712,2222641380,1,duel_regain,1H,2156.555,0,opponent_on_ball,pass,1.9039999999999964,0.0050000000001091,Denmark - England,1.9039999999999964,1.9039999999999964,1,0,0,0,0,2.5579999999999927,2.5579999999999927,1,1,0,0,0,5.23700000000008,5.23700000000008,2,1,0,0,0,5.23700000000008,5.23700000000008,2,1,0,0,0,5.23700000000008,5.23700000000008,2,1,0,0,0,47.80222037961689,middle_third,58.11042163919973,55.92291256949052,49.48601373824134,2.1875090697092077,1.683793358624449,0.6479551432148255,1.1635686541005748,47.80222037961689,middle_third,58.11042163919973,54.6206810157103,50.8799921767186,3.489740623489425,3.077771797101711,0.7459498713893853,1.3848177077339088,47.80222037961689,middle_third,58.11042163919973,30.773574626379208,74.2699906413385,27.33684701282052,26.467770261721604,0.9583349571691676,5.257085964003671,47.80222037961689,middle_third,58.11042163919973,30.773574626379208,74.2699906413385,27.33684701282052,26.467770261721604,0.9583349571691676,5.257085964003671,47.80222037961689,middle_third,58.11042163919973,30.773574626379208,74.2699906413385,27.33684701282052,26.467770261721604,0.9583349571691676,5.257085964003671,-4.697779620383109,10.25841652418432,0.9946443,0.66,1,Denmark,denmark,Denmark - England,draw,1,1,False,0,0,0,1,0,opponent_on_ball,0,2222641112,7.186000000000149,85.05,20.36292955348027,37.247779620383106,37.74749208571946,5.25292124766472
6,5544210,7712,2222641854,1,interception,2H,3186.316,0,window_end,pass,0.7730000000001382,0.0040000000003601,Denmark - England,0.7730000000001382,0.7730000000001382,1,0,0,0,0,3.3970000000003893,3.3970000000003893,2,0,0,0,0,3.3970000000003893,3.3970000000003893,2,0,0,0,0,3.3970000000003893,3.3970000000003893,2,0,0,0,0,3.3970000000003893,3.3970000000003893,2,0,0,0,0,70.3691637650179,attacking_third,45.511055429920226,45.33794406664505,69.76637252698086,0.1731113632751757,0.0,0.036260277994329,0.2277781095726705,70.3691637650179,attacking_third,45.511055429920226,26.885819190791864,81.72901178427712,18.625236239128363,12.770344462000736,0.764639349038906,5.543225071168945,70.3691637650179,attacking_third,45.511055429920226,26.885819190791864,81.72901178427712,18.625236239128363,12.770344462000736,0.764639349038906,5.543225071168945,70.3691637650179,attacking_third,45.511055429920226,26.885819190791864,81.72901178427712,18.625236239128363,12.770344462000736,0.764639349038906,5.543225071168945,70.3691637650179,attacking_third,45.511055429920226,26.885819190791864,81.72901178427712,18.625236239128363,12.770344462000736,0.764639349038906,5.543225071168945,17.869163765017902,29.528991652461187,0.9404366,0.66,1,Denmark,denmark,Denmark - England,draw,1,1,False,0,0,0,1,0,window_end_20s,1,,3.3970000000003893,81.56758982588127,28.156828460444217,11.198426060863369,17.35422696947601,5.108692072262002
6,5544210,7712,2222642370,1,duel_regain,2H,4967.505,0,opponent_on_ball,pass,4.914999999999964,0.0150000000003274,Denmark - England,2.0,2.0,0,0,0,0,0,4.914999999999964,4.914999999999964,1,0,0,0,0,4.914999999999964,4.914999999999964,1,0,0,0,0,4.914999999999964,4.914999999999964,1,0,0,0,0,4.914999999999964,4.914999999999964,1,0,0,0,0,75.04892817250288,attacking_third,39.0783961836043,30.48454590471063,84.4905638423763,8.593850278893669,9.44163566987342,1.0,4.384617489233417,75.04892817250288,attacking_third,39.0783961836043,13.57973598088886,99.91916627310108,25.49866020271544,24.8702381005982,1.0,5.225135287442545,75.04892817250288,attacking_third,39.0783961836043,13.57973598088886,99.91916627310108,25.49866020271544,24.8702381005982,1.0,5.225135287442545,75.04892817250288,attacking_third,39.0783961836043,13.57973598088886,99.91916627310108,25.49866020271544,24.8702381005982,1.0,5.225135287442545,75.04892817250288,attacking_third,39.0783961836043,13.57973598088886,99.91916627310108,25.49866020271544,24.8702381005982,1.0,5.225135287442545,22.548928172502883,25.100883344353583,0.99571073,0.66,1,Denmark,denmark,Denmark - England,draw,1,1,False,0,0,1,1,0,opponent_on_ball,0,2222642128,5.48700000000008,96.6,17.75301664506627,21.55107182749711,21.325379538538026,3.8865280733620766
6,5544210,7712,2222642380,1,interception,2H,5038.774,0,game_interruption,touch,1.3859999999995125,0.0140000000001236,Denmark - England,1.3859999999995125,1.3859999999995125,0,1,0,0,0,4.791999999999462,4.791999999999462,0,1,3,0,0,5.9399999999996,5.9399999999996,0,1,3,0,1,5.9399999999996,5.9399999999996,0,1,3,0,1,5.9399999999996,5.9399999999996,0,1,3,0,1,76.17061375117768,attacking_third,37.35289808179671,30.232174712613464,82.39940331346028,7.120723369183246,6.2287895622826,1.0,5.235826006753647,76.17061375117768,attacking_third,37.35289808179671,19.67981023041061,87.81261993489751,17.6730878513861,12.305955458032074,0.9278508149536352,3.7128335822245098,76.17061375117768,attacking_third,37.35289808179671,11.425772520983896,93.91408670526036,25.92712556081281,17.743472954082677,0.9241984536214018,4.409375095376246,76.17061375117768,attacking_third,37.35289808179671,11.425772520983896,93.91408670526036,25.92712556081281,17.743472954082677,0.9241984536214018,4.409375095376246,76.17061375117768,attacking_third,37.35289808179671,11.425772520983896,93.91408670526036,25.92712556081281,17.743472954082677,0.9241984536214018,4.409375095376246,23.670613751177683,-23.750904901188648,0.9965406,0.66,1,Denmark,denmark,Denmark - England,draw,1,1,False,1,1,1,1,1,shot,0,2222642385,5.9399999999996,82.95,26.27015226449972,6.77938624882232,11.082745817296988,1.8657821241241979
6,5544210,7712,2222642388,1,duel_regain,2H,5088.37,0,opponent_on_ball,pass,2.980999999999767,0.0099999999993087,Denmark - England,2.0,2.0,0,0,0,0,0,2.980999999999767,2.980999999999767,1,0,0,0,0,6.911000000000058,6.911000000000058,1,0,1,0,0,6.911000000000058,6.911000000000058,1,0,1,0,0,6.911000000000058,6.911000000000058,1,0,1,0,0,27.139442888551297,defensive_third,80.69482944469337,80.69482944469337,22.581351389504007,0.0,0.0,0.0,0.0,27.139442888551297,defensive_third,80.69482944469337,80.69482944469337,24.777369889625717,0.0,0.0,0.0,0.0,27.139442888551297,defensive_third,80.69482944469337,50.48058488477072,55.36123727946714,30.214244559922648,28.221794390915843,0.6405038536587692,4.417287216362866,27.139442888551297,defensive_third,80.69482944469337,50.48058488477072,55.36123727946714,30.214244559922648,28.221794390915843,0.6405038536587692,4.417287216362866,27.139442888551297,defensive_third,80.69482944469337,50.48058488477072,55.36123727946714,30.214244559922648,28.221794390915843,0.6405038536587692,4.417287216362866,-25.360557111448703,21.19880056519679,0.99563205,0.66,1,Denmark,denmark,Denmark - England,draw,1,1,False,0,0,0,0,0,opponent_on_ball,0,2222642154,9.328999999999724,68.25,37.25609882958762,41.1105571114487,43.43873061510575,4.656311567703616
6,5544211,17322,2222601750,1,duel_regain,1H,2555.523,0,opponent_on_ball,duel,1.5979999999999563,0.0164169999998193,Slovenia - Serbia,1.98299999999972,1.98299999999972,0,0,1,0,0,3.735999999999876,3.735999999999876,0,1,1,0,0,7.253999999999905,7.253999999999905,0,1,1,0,0,12.899999999999636,12.899999999999636,1,1,1,0,0,15.030999999999947,15.030999999999947,2,1,1,0,0,8.187884249302655,defensive_third,97.43664311946876,96.9778331603595,9.856806226690663,0.45880995910926,1.6689219773880095,0.0936958212517614,0.2340867138312507,8.187884249302655,defensive_third,97.43664311946876,90.11693246047774,18.523671099939097,7.319710658991013,10.335786850636438,0.6225459473452811,1.989051809508516,8.187884249302655,defensive_third,97.43664311946876,67.46920514776149,42.106681063126345,29.96743797170727,33.91879681382369,0.8710089445430457,4.162144162737226,8.187884249302655,defensive_third,97.43664311946876,29.472252520904668,90.30972207607584,67.96439059856408,82.12183782677319,0.9387037743427132,5.276738400509589,8.187884249302655,defensive_third,97.43664311946876,12.75072990972212,90.58224212347533,84.68591320974663,86.49134703332287,0.9204173276983004,5.645727547316442,-44.312115750697345,-11.014248329518214,0.99900216,0.66,1,Serbia,serbia,Slovenia - Serbia,draw,1,1,False,0,0,1,1,0,opponent_on_ball,0,2222601578,16.28099999999995,93.45,13.071224120180936,85.26211575069735,84.36541899928781,5.181832749787364
6,5544211,12046,2222601580,1,interception,1H,2573.926,1,opponent_on_ball,none,,0.0134170000001176,Slovenia - Serbia,2.0,2.0,0,0,0,0,0,2.6579999999999018,2.6579999999999018,0,0,0,0,0,9.789000000000216,9.789000000000216,2,0,0,0,0,13.327000000000226,13.327000000000226,3,0,0,0,0,16.796000000000276,16.41341700000021,3,0,0,0,1,20.967268913616607,defensive_third,85.89997234099938,76.52202688388061,32.18705426025704,9.37794545711877,11.219785346640435,1.0,4.784666049550304,20.967268913616607,defensive_third,85.89997234099938,72.77226338167473,35.53553197418539,13.12770895932465,14.568263060568782,1.0,4.972617030047456,20.967268913616607,defensive_third,85.89997234099938,34.06724792625177,73.19683541440588,51.83272441474762,52.229566500789275,1.0,5.310729960527548,20.967268913616607,defensive_third,85.89997234099938,28.08741685015021,78.84923607817502,57.81255549084918,57.88196716455842,0.9914749119791176,4.353355082142341,20.967268913616607,defensive_third,85.89997234099938,6.829712805440104,107.04109241412084,79.07025953555927,86.07382350050422,0.9566009592630624,4.71779591500957,31.532731086383393,-17.813066955132527,0.99749243,0.66,1,Slovenia,slovenia,Slovenia - Serbia,draw,1,1,False,1,0,1,1,1,shot,0,2222601821,16.796000000000276,80.85,26.774168521169806,59.88273108638339,59.12580381982958,3.5202312348076092
6,5544211,17322,2222602183,1,interception,2H,3541.588,1,opponent_on_ball,duel,1.1879999999996471,0.0085830000002715,Slovenia - Serbia,1.3460000000000036,1.3460000000000036,0,0,1,0,0,3.687999999999647,3.687999999999647,1,0,1,0,0,3.687999999999647,3.687999999999647,1,0,1,0,0,3.687999999999647,3.687999999999647,1,0,1,0,0,3.687999999999647,3.687999999999647,1,0,1,0,0,99.469751615649,attacking_third,29.103567486264875,29.103567486264875,98.76292231149785,0.0,0.0,0.0,0.0,99.469751615649,attacking_third,29.103567486264875,12.073817972914018,100.27478940983364,17.029749513350858,2.533740594713919,0.5619110120130582,4.678502613557507,99.469751615649,attacking_third,29.103567486264875,12.073817972914018,100.27478940983364,17.029749513350858,2.533740594713919,0.5619110120130582,4.678502613557507,99.469751615649,attacking_third,29.103567486264875,12.073817972914018,100.27478940983364,17.029749513350858,2.533740594713919,0.5619110120130582,4.678502613557507,99.469751615649,attacking_third,29.103567486264875,12.073817972914018,100.27478940983364,17.029749513350858,2.533740594713919,0.5619110120130582,4.678502613557507,-46.969751615648995,28.573309105438895,0.9901928,0.66,1,Serbia,serbia,Slovenia - Serbia,draw,1,1,False,0,0,1,1,0,opponent_on_ball,0,2222601834,8.067999999999756,75.6,40.05246559202068,-23.869751615649008,-10.948898105755806,0.0
6,5544211,12046,2222602001,1,duel_regain,2H,4084.093,0,window_end,duel,3.414000000000214,0.0064170000000558,Slovenia - Serbia,0.5779999999999745,0.5779999999999745,0,0,0,0,0,3.414000000000214,2.3264170000002196,0,0,1,0,0,7.920000000000073,6.440000000000055,1,0,1,0,0,14.506000000000313,13.026000000000296,2,1,1,0,0,18.082000000000335,16.602000000000317,2,1,1,0,1,90.6278508467712,attacking_third,24.29793678991491,22.042968498834583,91.98442294851884,2.2549682910803277,1.3565721017476449,1.0,4.026729091215263,90.6278508467712,attacking_third,24.29793678991491,0.9039809280471482,105.83663482317384,23.393955861867767,17.5232525048917,0.8443191827648417,6.880575253490336,90.6278508467712,attacking_third,24.29793678991491,0.8118218562318942,99.84084638153476,23.48611493368302,17.5232525048917,0.6688089270384182,2.980471438284606,90.6278508467712,attacking_third,24.29793678991491,0.8118218562318942,82.28742206352537,23.48611493368302,17.5232525048917,0.4615000124369278,1.621969263375897,90.6278508467712,attacking_third,24.29793678991491,0.8118218562318942,62.86729818040537,23.48611493368302,17.5232525048917,0.3332855482005181,1.3018910717118888,38.12785084677121,-19.59160690101875,0.95934063,0.66,1,Slovenia,slovenia,Slovenia - Serbia,draw,1,1,False,1,0,1,1,1,shot,0,2222602016,15.735000000000582,98.7,9.269843580125825,8.072149153228807,15.028093209789086,0.9550742427574535
6,5544212,9109,2223223957,1,interception,1H,187.929,1,game_interruption,pass,1.983000000000004,0.0090000000000145,Poland - Austria,1.983000000000004,1.983000000000004,1,0,0,0,0,4.087999999999994,4.087999999999994,2,0,0,0,0,4.087999999999994,4.087999999999994,2,0,0,0,0,4.087999999999994,4.087999999999994,2,0,0,0,0,4.087999999999994,4.087999999999994,2,0,0,0,0,56.03885926450793,middle_third,51.428217916825815,34.06955645873642,70.94586913349272,17.358661458089394,14.907009868984794,0.9890717475176886,9.040969509421618,56.03885926450793,middle_third,51.428217916825815,25.4947602997526,88.36552378270284,25.933457617073216,32.32666451819491,0.9907698741197488,6.419172677493383,56.03885926450793,middle_third,51.428217916825815,25.4947602997526,88.36552378270284,25.933457617073216,32.32666451819491,0.9907698741197488,6.419172677493383,56.03885926450793,middle_third,51.428217916825815,25.4947602997526,88.36552378270284,25.933457617073216,32.32666451819491,0.9907698741197488,6.419172677493383,56.03885926450793,middle_third,51.428217916825815,25.4947602997526,88.36552378270284,25.933457617073216,32.32666451819491,0.9907698741197488,6.419172677493383,-3.538859264507927,-15.737480610944765,0.97579396,0.66,1,Austria,austria,Poland - Austria,austria,1,3,True,0,0,0,1,0,game_interruption,0,2223223960,10.49199999999999,105.0,29.24,48.96114073549207,22.188217916825817,2.1147748681686847
6,5544212,9109,2223223961,1,duel_regain,1H,230.387,1,opponent_on_ball,duel,2.6740000000000066,0.0130000000000052,Poland - Austria,2.0,2.0,0,0,0,0,0,4.668000000000006,4.668000000000006,1,0,1,0,0,7.778999999999996,7.778999999999996,2,1,1,0,0,7.778999999999996,7.778999999999996,2,1,1,0,0,7.778999999999996,7.778999999999996,2,1,1,0,0,51.79474063554778,middle_third,54.1070117795779,37.97002911158353,67.33219505920773,16.136982667994374,15.537454423659952,1.0,8.233154422446075,51.79474063554778,middle_third,54.1070117795779,27.97148263566059,80.71208050322977,26.135529143917314,28.91733986768199,1.0,5.632657143085645,51.79474063554778,middle_third,54.1070117795779,7.110390284429738,97.91042644098349,46.99662149514816,46.1156858054357,0.9999999999999996,6.056265656591265,51.79474063554778,middle_third,54.1070117795779,7.110390284429738,97.91042644098349,46.99662149514816,46.1156858054357,0.9999999999999996,6.056265656591265,51.79474063554778,middle_third,54.1070117795779,7.110390284429738,97.91042644098349,46.99662149514816,46.1156858054357,0.9999999999999996,6.056265656591265,0.7052593644522176,9.837128629673993,0.9998468,0.66,1,Austria,austria,Poland - Austria,austria,1,3,True,0,0,1,1,0,opponent_on_ball,0,2223224311,9.490000000000009,97.65,8.756717421499904,45.85525936445222,45.350294358078,4.7787454539597425
6,5544212,13869,2223224427,1,interception,1H,682.982,0,opponent_on_ball,none,,0.0180000000000291,Poland - Austria,2.0,2.0,0,0,0,0,0,5.0,5.0,0,0,0,0,0,7.1159999999999854,7.1159999999999854,0,0,1,0,0,12.027000000000044,12.027000000000044,1,0,1,0,0,12.027000000000044,12.027000000000044,1,0,1,0,0,14.13225210135444,defensive_third,92.64386808008,92.57895340943271,16.72265081065126,0.0649146706472834,2.590398709296821,0.1231347230918148,0.0331197299220827,14.13225210135444,defensive_third,92.64386808008,85.85330105148033,26.022913057568903,6.790567028599682,11.890660956214465,0.7848603805968855,1.3690659331854098,14.13225210135444,defensive_third,92.64386808008,73.80864120003534,38.12050632112779,18.835226880044672,23.988254219773353,0.9100637095840992,2.660342779667311,14.13225210135444,defensive_third,92.64386808008,35.175472413661275,74.21081663244978,57.468395666418736,60.07856453109534,0.96862661670802,4.789032972201562,14.13225210135444,defensive_third,92.64386808008,35.175472413661275,74.21081663244978,57.468395666418736,60.07856453109534,0.96862661670802,4.789032972201562,-38.36774789864556,-18.053772034327423,0.98425215,0.66,1,Poland,poland,Poland - Austria,austria,1,3,False,0,0,0,0,0,opponent_on_ball,0,2223224047,12.999000000000024,67.2,42.32447991411117,53.067747898645564,50.319388165968824,3.871019937377393
6,5544212,9109,2223224190,1,interception,1H,1257.851,1,opponent_on_ball,duel,2.0659999999998035,0.0110000000001946,Poland - Austria,1.905999999999949,1.905999999999949,0,0,0,0,0,4.942999999999984,4.942999999999984,2,0,1,0,0,7.2009999999997945,7.2009999999997945,3,0,1,0,0,7.2009999999997945,7.2009999999997945,3,0,1,0,0,7.2009999999997945,7.2009999999997945,3,0,1,0,0,46.69867096018726,middle_third,64.52810769840201,64.52810769840201,46.59811940328459,0.0,0.0,0.0,0.0,46.69867096018726,middle_third,64.52810769840201,64.34834448931714,44.59842079174281,0.1797632090848679,0.0,0.0125428074761166,0.0368367231731295,46.69867096018726,middle_third,64.52810769840201,36.59846333667971,69.54357939254027,27.929644361722303,22.84490843235301,0.6636980067569235,3.9007883186763785,46.69867096018726,middle_third,64.52810769840201,36.59846333667971,69.54357939254027,27.929644361722303,22.84490843235301,0.6636980067569235,3.9007883186763785,46.69867096018726,middle_third,64.52810769840201,36.59846333667971,69.54357939254027,27.929644361722303,22.84490843235301,0.6636980067569235,3.9007883186763785,5.801329039812742,27.655591031978616,0.9863821,0.66,1,Austria,austria,Poland - Austria,austria,1,3,True,0,0,0,0,0,opponent_on_ball,0,2223224652,10.082999999999856,82.95,23.2841770307649,36.251329039812745,41.24393066763711,4.090442394886214
6,5544212,9109,2223224211,1,interception,1H,1348.57,1,opponent_on_ball,pass,0.8830000000000382,0.0099999999999909,Poland - Austria,0.8830000000000382,0.8830000000000382,1,0,0,0,0,4.7309999999999945,4.7309999999999945,1,1,0,0,0,9.672000000000024,9.672000000000024,2,1,1,0,0,10.577999999999976,10.577999999999976,3,1,1,0,0,10.577999999999976,10.577999999999976,3,1,1,0,0,59.91100229049495,middle_third,52.27925998194932,46.87778227809697,66.01240570278458,5.4014777038523505,6.101403412289628,1.0,6.430330599823113,59.91100229049495,middle_third,52.27925998194932,42.104156142339995,73.63480954225665,10.175103839609328,13.723807251761698,0.813014524388277,2.1741674870959806,59.91100229049495,middle_third,52.27925998194932,12.682342656384671,92.50390987314388,39.59691732556465,32.59290758264892,0.94419795709334,4.107564037921601,59.91100229049495,middle_third,52.27925998194932,8.063378137145564,96.96024775100892,44.21588184480376,37.04924546051396,0.9497342432666344,4.203030593612532,59.91100229049495,middle_third,52.27925998194932,8.063378137145564,96.96024775100892,44.21588184480376,37.04924546051396,0.9497342432666344,4.203030593612532,-7.411002290494949,26.459465410557655,0.99968266,0.66,1,Austria,austria,Poland - Austria,austria,1,3,True,0,0,1,1,0,opponent_on_ball,0,2223224667,10.66800000000012,92.4,12.673184288094285,32.48899770950506,39.60607569385504,3.712605520608792
6,5544212,9109,2223224499,1,duel_regain,1H,2292.97,1,opponent_on_ball,pass,2.2960000000002765,0.0099999999997635,Poland - Austria,2.0,2.0,0,0,0,0,0,3.700000000000273,3.700000000000273,2,0,0,0,0,9.316000000000258,9.316000000000258,3,0,0,0,0,11.226000000000113,11.226000000000113,3,0,1,0,1,11.226000000000113,11.226000000000113,3,0,1,0,1,35.72853799136361,middle_third,70.34105432435602,65.86146781922514,41.583752484733,4.479586505130882,5.855214493369388,1.0,2.2855033189442855,35.72853799136361,middle_third,70.34105432435602,52.81103204100239,52.533452259032224,17.53002228335363,16.804914267668615,1.0,4.869450634265021,35.72853799136361,middle_third,70.34105432435602,14.898487070405764,93.96259041191875,55.44256725395026,58.23405242055516,0.9971248776670096,5.974414574778994,35.72853799136361,middle_third,70.34105432435602,9.21102846914863,93.91590713153448,61.13002585520739,60.87307608673906,0.9338453919717662,5.497304483382014,35.72853799136361,middle_third,70.34105432435602,9.21102846914863,93.91590713153448,61.13002585520739,60.87307608673906,0.9338453919717662,5.497304483382014,16.77146200863639,-12.22000305433879,0.9994287,0.66,1,Austria,austria,Poland - Austria,austria,1,3,True,1,1,1,1,1,shot,0,2223224512,11.226000000000113,92.4,14.317821063276346,56.6714620086364,56.023233261079675,4.990489333785775
6,5544212,9109,2223224858,1,interception,2H,2992.103,1,opponent_on_ball,touch,1.26299999999992,0.0169999999998253,Poland - Austria,1.985000000000127,1.985000000000127,0,2,0,0,0,4.614999999999782,4.614999999999782,3,2,0,0,0,7.4659999999998945,7.4659999999998945,4,2,0,0,0,7.4659999999998945,7.4659999999998945,4,2,0,0,0,7.4659999999998945,7.4659999999998945,4,2,0,0,0,51.6287804346225,middle_third,60.421876552281674,60.421876552281674,46.74188198848937,0.0,0.0,0.0,0.0,51.6287804346225,middle_third,60.421876552281674,43.60879588757529,61.40430064758236,16.813080664706384,9.775520212959862,0.8463724990796477,3.6870790931370414,51.6287804346225,middle_third,60.421876552281674,17.641880082582865,85.74634070372144,42.77999646969881,36.546395642140965,0.8881186103554308,5.74999952549711,51.6287804346225,middle_third,60.421876552281674,17.641880082582865,85.74634070372144,42.77999646969881,36.546395642140965,0.8881186103554308,5.74999952549711,51.6287804346225,middle_third,60.421876552281674,17.641880082582865,85.74634070372144,42.77999646969881,36.546395642140965,0.8881186103554308,5.74999952549711,0.8712195653775012,-28.32518469848752,0.9872329,0.66,1,Austria,austria,Poland - Austria,austria,1,3,True,0,0,1,1,0,opponent_on_ball,0,2223225173,9.192999999999756,85.05,21.077060990565077,33.4212195653775,39.3448155617166,4.279866807540263
6,5544212,9109,2223224918,1,duel_regain,2H,3157.493,1,window_end,pass,2.95699999999988,0.0129999999999199,Poland - Austria,2.0,2.0,0,0,0,0,0,2.95699999999988,2.95699999999988,1,0,0,0,0,8.838999999999942,8.838999999999942,1,0,1,0,0,10.970000000000256,10.970000000000256,1,0,1,0,0,10.970000000000256,10.970000000000256,1,0,1,0,0,21.364492088266513,defensive_third,84.22420266691486,59.24189405369245,45.91131834046568,24.982308613222415,24.546826252199164,1.0,12.746075823072424,21.364492088266513,defensive_third,84.22420266691486,54.74826100281664,50.297344236654375,29.475941664098222,28.932852148387862,1.0,10.0945005698964,21.364492088266513,defensive_third,84.22420266691486,38.10160124433381,50.4207172402258,46.122601422581056,47.43412239916435,0.7067309982847528,5.241204707111375,21.364492088266513,defensive_third,84.22420266691486,38.10160124433381,62.48917137421184,46.122601422581056,47.43412239916435,0.5079512952987765,4.223681448954281,21.364492088266513,defensive_third,84.22420266691486,38.10160124433381,62.48917137421184,46.122601422581056,47.43412239916435,0.5079512952987765,4.223681448954281,31.135507911733487,9.940730920003578,0.99488163,0.66,1,Austria,austria,Poland - Austria,austria,1,3,True,0,0,0,0,0,window_end_20s,1,,10.970000000000256,62.747416395788754,43.22432889846691,41.382924307522245,40.999873768447955,3.7374543088830445
6,5544212,9109,2223224933,1,duel_regain,2H,3239.86,1,opponent_on_ball,pass,1.6720000000000257,0.0199999999999818,Poland - Austria,1.6720000000000257,1.6720000000000257,1,0,0,0,0,3.2399999999997817,3.2399999999997817,1,0,0,0,0,5.281999999999698,4.820000000000164,1,0,0,0,1,5.281999999999698,4.820000000000164,1,0,0,0,1,5.281999999999698,4.820000000000164,1,0,0,0,1,69.99013067511655,middle_third,36.42382534384587,26.32495912278658,82.25316010182308,10.09886622105929,12.263029426706538,1.0,6.157845256743947,69.99013067511655,middle_third,36.42382534384587,16.240815601574262,92.81505026012336,20.183009742271608,23.34634095890732,0.8977989248750564,6.307190544460236,69.99013067511655,middle_third,36.42382534384587,16.240815601574262,84.86155514816076,20.183009742271608,23.34634095890732,0.4327304278447086,3.851719416464208,69.99013067511655,middle_third,36.42382534384587,16.240815601574262,84.86155514816076,20.183009742271608,23.34634095890732,0.4327304278447086,3.851719416464208,69.99013067511655,middle_third,36.42382534384587,16.240815601574262,84.86155514816076,20.183009742271608,23.34634095890732,0.4327304278447086,3.851719416464208,-17.490130675116546,10.050079727722242,0.9974591,0.66,1,Austria,austria,Poland - Austria,austria,1,3,True,1,1,1,1,1,shot,0,2223224942,5.281999999999698,91.35,18.794916866003962,21.359869324883448,17.628908477841907,3.337544202545043
6,5544212,9109,2223225057,1,interception,2H,3680.589,1,window_end,duel,2.688999999999851,0.0109999999999672,Poland - Austria,2.0,2.0,0,0,0,0,0,4.5340000000001055,4.5340000000001055,1,0,2,0,0,7.302999999999884,7.302999999999884,1,0,2,0,0,7.302999999999884,7.302999999999884,1,0,2,0,0,7.302999999999884,7.302999999999884,1,0,2,0,0,60.56330708775744,middle_third,48.063571943693205,37.53472151870562,69.33619678727501,10.528850424987588,8.772889699517577,1.0,5.371862461728262,60.56330708775744,middle_third,48.063571943693205,19.311569754203074,88.52184643899713,28.75200218949013,27.958539351239693,1.0,6.361062431303152,60.56330708775744,middle_third,48.063571943693205,8.758075400805243,98.95318960697088,39.305496542887965,41.118330458177255,0.893835333556192,5.399106667978968,60.56330708775744,middle_third,48.063571943693205,8.758075400805243,98.95318960697088,39.305496542887965,41.118330458177255,0.893835333556192,5.399106667978968,60.56330708775744,middle_third,48.063571943693205,8.758075400805243,98.95318960697088,39.305496542887965,41.118330458177255,0.893835333556192,5.399106667978968,-8.063307087757437,18.316311610409564,0.9987765,0.66,1,Austria,austria,Poland - Austria,austria,1,3,True,0,0,1,1,0,window_end_20s,1,,7.302999999999884,98.95318960697088,13.426558255786944,38.389882519213444,34.63701368790626,4.742847280283009
6,5544212,9109,2223225139,1,duel_regain,2H,4119.415,1,opponent_on_ball,touch,0.6850000000004002,0.0150000000003274,Poland - Austria,1.761000000000422,1.761000000000422,1,2,0,0,0,4.658999999999651,4.658999999999651,2,2,0,0,0,5.545000000000073,5.545000000000073,3,2,0,0,0,5.545000000000073,5.545000000000073,3,2,0,0,0,5.545000000000073,5.545000000000073,3,2,0,0,0,25.407069857969056,defensive_third,79.99072845129247,72.01880523190951,33.75962533823022,7.971923219382958,8.352555480261167,1.0,4.634839081038368,25.407069857969056,defensive_third,79.99072845129247,50.35715283168576,54.64864980192336,29.63357561960671,29.241579943954303,0.8531864248781178,6.442081656437005,25.407069857969056,defensive_third,79.99072845129247,41.34683133797,63.94242870796961,38.64389711332247,38.53535885000056,0.8834274474847578,7.0007059987909015,25.407069857969056,defensive_third,79.99072845129247,41.34683133797,63.94242870796961,38.64389711332247,38.53535885000056,0.8834274474847578,7.0007059987909015,25.407069857969056,defensive_third,79.99072845129247,41.34683133797,63.94242870796961,38.64389711332247,38.53535885000056,0.8834274474847578,7.0007059987909015,27.092930142030944,-7.96756610102431,0.98671293,0.66,1,Austria,austria,Poland - Austria,austria,1,3,True,0,0,0,0,0,opponent_on_ball,0,2223225504,8.247999999999593,65.1,41.18312761313789,39.69293014203094,38.80760083815458,4.705092245169313
6,5544212,9109,2223225302,1,interception,2H,4962.011,1,opponent_on_ball,pass,3.0159999999996217,0.011000000000422,Poland - Austria,2.0,2.0,0,0,0,0,0,3.0159999999996217,3.0159999999996217,1,0,0,0,0,8.160999999999149,8.160999999999149,2,1,0,0,0,14.24499999999989,14.24499999999989,2,1,2,0,0,14.24499999999989,14.24499999999989,2,1,2,0,0,25.92256413932258,defensive_third,85.54535801639602,66.21053327374085,40.22153224633382,19.334824742655172,14.29896810701124,1.0,9.864706501354496,25.92256413932258,defensive_third,85.54535801639602,65.28429320072446,41.353292830947574,20.26106481567156,15.434069838587028,0.987039234540879,6.844954329618686,25.92256413932258,defensive_third,85.54535801639602,37.57910976454866,72.97670225961511,47.96624825184736,47.05413812029253,0.9693861322818182,5.907173430030543,25.92256413932258,defensive_third,85.54535801639602,12.268694772832648,89.716690593186,73.27666324356338,66.94878959155301,0.9155649378025512,5.160328397434107,25.92256413932258,defensive_third,85.54535801639602,12.268694772832648,89.716690593186,73.27666324356338,66.94878959155301,0.9155649378025512,5.160328397434107,26.57743586067742,-32.63077406151777,0.9979589,0.66,1,Austria,austria,Poland - Austria,austria,1,3,True,0,0,1,1,0,opponent_on_ball,0,2223225645,15.622999999999593,92.4,12.89024437316841,66.47743586067742,72.65511364322761,4.650522540051814
6,5544212,13869,2223225703,1,duel_regain,2H,5339.375,0,game_interruption,duel,4.57300000000032,0.0149999999994179,Poland - Austria,0.1729999999997744,0.1729999999997744,0,0,0,0,0,4.778000000000247,4.025000000000546,0,0,1,0,0,4.778000000000247,4.025000000000546,0,0,1,0,0,4.778000000000247,4.025000000000546,0,0,1,0,0,4.778000000000247,4.025000000000546,0,0,1,0,0,21.971160764809383,defensive_third,85.72091229575025,85.61435528055624,22.2230700265401,0.1065570151940136,0.2519092617307166,1.0,0.8879751266108576,21.971160764809383,defensive_third,85.72091229575025,55.40104971125081,61.356486597139416,30.31986258449944,39.38532583233003,0.9627560797778016,6.423699700105467,21.971160764809383,defensive_third,85.72091229575025,55.40104971125081,61.356486597139416,30.31986258449944,39.38532583233003,0.9627560797778016,6.423699700105467,21.971160764809383,defensive_third,85.72091229575025,55.40104971125081,61.356486597139416,30.31986258449944,39.38532583233003,0.9627560797778016,6.423699700105467,21.971160764809383,defensive_third,85.72091229575025,55.40104971125081,61.356486597139416,30.31986258449944,39.38532583233003,0.9627560797778016,6.423699700105467,-30.528839235190617,-21.314001503063132,0.96007466,0.66,1,Poland,poland,Poland - Austria,austria,1,3,False,0,0,0,0,0,game_interruption,0,2223225445,8.681999999999789,31.5,80.9830229122129,9.528839235190617,4.73788938353735,0.5457140501655685
6,5544213,4418,2223281628,1,interception,2H,5299.374,1,opponent_on_ball,pass,4.2409999999999854,0.0060000000003128,Netherlands - France,2.0,2.0,0,0,0,0,0,4.2409999999999854,4.2409999999999854,1,0,0,0,0,9.546000000000276,9.546000000000276,2,0,1,0,0,10.649000000000342,10.649000000000342,2,0,2,0,0,10.649000000000342,10.649000000000342,2,0,2,0,0,46.5865880428202,middle_third,59.32724933278193,59.006560712626296,45.28533600080231,0.3206886201556358,0.2255573113277833,0.0629510626572767,0.1619639495735147,46.5865880428202,middle_third,59.32724933278193,51.44092337791975,54.3124004388332,7.88632595486218,7.725812396012998,0.4973041561437284,1.8687976196354747,46.5865880428202,middle_third,59.32724933278193,26.643656521433368,83.48598149667116,32.68359281134856,36.899393453850955,0.8039172150416407,3.425953124879317,46.5865880428202,middle_third,59.32724933278193,21.53155618115246,87.23962990633997,37.79569315162947,40.65304186351977,0.8258190974851616,3.5522267999650667,46.5865880428202,middle_third,59.32724933278193,21.53155618115246,87.23962990633997,37.79569315162947,40.65304186351977,0.8258190974851616,3.5522267999650667,5.913411957179797,10.372840349435547,0.9991411,0.66,1,France,france,Netherlands - France,draw,0,0,False,0,0,0,1,0,game_interruption,0,2223281411,18.266999999999825,98.7,34.57875070039402,52.1134119571798,24.748498632387914,1.3548200926472957
6,5544214,14622,2223173842,1,duel_regain,1H,532.458,1,opponent_on_ball,pass,2.2180000000000746,0.0179999999999154,Slovakia - Ukraine,0.0750000000000454,0.0750000000000454,0,0,0,0,0,3.548999999999978,3.548999999999978,2,0,0,0,0,8.052999999999997,8.052999999999997,3,1,0,0,0,10.649,10.649,4,1,0,0,0,10.649,10.649,4,1,0,0,0,,,,,,,,,,30.1996047403716,defensive_third,76.09141475459636,56.63080059826432,58.373326378296255,19.460614156332035,28.173721637924658,0.9862318042923928,5.528583567139811,30.1996047403716,defensive_third,76.09141475459636,12.10819512441883,98.97570569262076,63.98321963017753,68.77610095224915,0.9957718699932616,7.997902453772191,30.1996047403716,defensive_third,76.09141475459636,11.36934287135496,96.01762135985788,64.7220718832414,69.26922299331945,0.940053084492399,6.105855838041628,30.1996047403716,defensive_third,76.09141475459636,11.36934287135496,96.01762135985788,64.7220718832414,69.26922299331945,0.940053084492399,6.105855838041628,22.3003952596284,-13.957229967273818,0.9981742,0.66,1,Ukraine,ukraine,Slovakia - Ukraine,ukraine,1,2,True,0,0,1,1,0,opponent_on_ball,0,2223173797,12.96300000000008,99.75,11.471813282999335,69.5503952596284,64.61960147159702,4.9849264423047615
6,5544214,14622,2223174472,1,interception,1H,2199.086,1,game_interruption,pass,0.7140000000003965,0.0059999999998581,Slovakia - Ukraine,0.7140000000003965,0.7140000000003965,1,0,0,0,0,3.9890000000000327,3.9890000000000327,2,1,0,0,0,8.554000000000087,5.153999999999996,3,1,1,0,0,8.554000000000087,5.153999999999996,3,1,1,0,0,8.554000000000087,5.153999999999996,3,1,1,0,0,43.02916936186472,middle_third,62.87200129983548,58.49973596625113,48.25093997670512,4.372265333584352,5.221770614840402,1.0,6.429801961150707,43.02916936186472,middle_third,62.87200129983548,31.17296332934878,81.54529519673731,31.699037970486703,38.5161258348726,1.0,8.086489278185233,43.02916936186472,middle_third,62.87200129983548,31.17296332934878,99.89720835592809,31.699037970486703,57.47483585348583,0.8511109572344919,3.7380941002932353,43.02916936186472,middle_third,62.87200129983548,31.17296332934878,99.89720835592809,31.699037970486703,57.47483585348583,0.8511109572344919,3.7380941002932353,43.02916936186472,middle_third,62.87200129983548,31.17296332934878,99.89720835592809,31.699037970486703,57.47483585348583,0.8511109572344919,3.7380941002932353,9.470830638135284,-10.606823156160765,0.994975,0.66,1,Ukraine,ukraine,Slovakia - Ukraine,ukraine,1,2,True,0,0,0,1,0,game_interruption,0,2223174487,12.96600000000035,95.55,35.28884384617893,52.52083063813528,27.583157453656554,2.1273451684139912
6,5544214,14496,2223174860,1,interception,2H,3451.751,0,opponent_on_ball,pass,4.7029999999999745,0.0090000000000145,Slovakia - Ukraine,2.0,2.0,0,0,0,0,0,4.7029999999999745,4.7029999999999745,1,0,0,0,0,9.496999999999844,9.496999999999844,3,0,0,0,0,13.446999999999662,13.446999999999662,5,0,0,0,0,16.838999999999942,16.838999999999942,5,0,0,0,1,20.86064021167239,defensive_third,85.13796543824711,59.62507158195281,45.54253383205796,25.512893856294298,24.707112132290476,0.9986946637760336,13.016782579741747,20.86064021167239,defensive_third,85.13796543824711,37.80380436753219,70.03984282449106,47.33416107071492,49.17920261281867,0.9879039280902844,10.114136980922344,20.86064021167239,defensive_third,85.13796543824711,29.3384830070224,84.95704146734182,55.7994824312247,64.2862136879129,0.9318061182682325,5.886021353504987,20.86064021167239,defensive_third,85.13796543824711,19.152190590187963,85.70375707058139,65.98577484805915,66.04085364821076,0.9355625862623316,4.924311555825444,20.86064021167239,defensive_third,85.13796543824711,19.152190590187963,86.3089155082067,65.98577484805915,68.406707415025,0.8800566417658546,3.927724693336918,-31.63935978832761,13.001588109708734,0.9900933,0.66,1,Slovakia,slovakia,Slovakia - Ukraine,ukraine,1,2,False,1,0,1,1,1,shot,0,2223174876,16.838999999999942,84.0,28.80761010566479,63.13935978832761,56.330355332582315,3.345231624952937
6,5544214,14622,2223175317,1,duel_regain,2H,4415.091,1,opponent_on_ball,pass,2.969000000000051,0.011000000000422,Slovakia - Ukraine,2.0,2.0,0,0,0,0,0,4.210000000000036,4.210000000000036,2,0,1,0,0,6.339999999999236,6.339999999999236,3,0,1,0,0,6.339999999999236,6.339999999999236,3,0,1,0,0,6.339999999999236,6.339999999999236,3,0,1,0,0,34.450821475705624,defensive_third,72.68032926210067,57.70768608383676,47.48358642727006,14.972643178263908,13.032764951564438,1.0,7.639103662379403,34.450821475705624,defensive_third,72.68032926210067,43.612983944961314,61.43069215062771,29.067345317139356,26.97987067492209,1.0,7.055180902218477,34.450821475705624,defensive_third,72.68032926210067,26.488315655850183,78.98974970296206,46.19201360625048,44.538928227256434,1.0000000000000002,7.355416179339548,34.450821475705624,defensive_third,72.68032926210067,26.488315655850183,78.98974970296206,46.19201360625048,44.538928227256434,1.0000000000000002,7.355416179339548,34.450821475705624,defensive_third,72.68032926210067,26.488315655850183,78.98974970296206,46.19201360625048,44.538928227256434,1.0000000000000002,7.355416179339548,18.049178524294376,17.471224089759943,0.99656314,0.66,1,Ukraine,ukraine,Slovakia - Ukraine,ukraine,1,2,True,0,0,0,1,0,opponent_on_ball,0,2223175123,7.516999999999825,44.1,61.63960090720899,9.649178524294378,11.040728354891684,1.4687679067303365
6,5544215,11944,2223779759,1,interception,1H,2205.341,1,opponent_on_ball,pass,1.570999999999913,0.0190000000002328,Belgium - Romania,1.570999999999913,1.570999999999913,1,0,0,0,0,3.86200000000008,3.86200000000008,1,1,0,0,0,3.86200000000008,3.86200000000008,1,1,0,0,0,12.375,12.375,2,1,0,0,0,12.375,12.375,2,1,0,0,0,9.8731262912749,defensive_third,97.23550745566465,70.96797019023114,38.80635842875543,26.26753726543349,28.93323213748053,0.990331130232312,17.281274516732765,9.8731262912749,defensive_third,97.23550745566465,56.38775880867798,57.81125502007723,40.84774864698665,47.93812872880233,0.9937608076255228,10.637434543486965,9.8731262912749,defensive_third,97.23550745566465,56.38775880867798,57.81125502007723,40.84774864698665,47.93812872880233,0.9937608076255228,10.637434543486965,9.8731262912749,defensive_third,97.23550745566465,29.98475109437307,74.98302751156828,67.25075636129156,65.18732250256994,0.9947162169695088,5.458665289066003,9.8731262912749,defensive_third,97.23550745566465,29.98475109437307,74.98302751156828,67.25075636129156,65.18732250256994,0.9947162169695088,5.458665289066003,42.6268737087251,20.140054830235215,0.9920953,0.66,1,Romania,romania,Belgium - Romania,belgium,2,0,False,0,0,0,1,0,opponent_on_ball,0,2223779623,15.429000000000087,68.25,36.80657685794755,58.3768737087251,60.4289305977171,3.916581152227413
6,5544215,5629,2223779623,1,interception,1H,2220.77,0,game_interruption,touch,3.3330000000000837,0.0099999999997635,Belgium - Romania,2.0,2.0,0,0,0,0,0,3.3330000000000837,3.3330000000000837,0,1,0,0,0,6.597000000000207,6.597000000000207,0,1,1,0,0,6.597000000000207,6.597000000000207,0,1,1,0,0,6.597000000000207,6.597000000000207,0,1,1,0,0,62.48893291481878,middle_third,45.333789636890714,35.12054535818132,78.11043353548828,10.213244278709396,15.6215006206695,1.0,5.210838917708779,62.48893291481878,middle_third,45.333789636890714,25.371649924484057,87.53441662431109,19.962139712406657,25.04548370949231,1.0,6.086018205002502,62.48893291481878,middle_third,45.333789636890714,12.443680270671798,103.27472121816923,32.890109366218915,40.785788303350465,0.9999364734131916,5.013736183874876,62.48893291481878,middle_third,45.333789636890714,12.443680270671798,103.27472121816923,32.890109366218915,40.785788303350465,0.9999364734131916,5.013736183874876,62.48893291481878,middle_third,45.333789636890714,12.443680270671798,103.27472121816923,32.890109366218915,40.785788303350465,0.9999364734131916,5.013736183874876,9.988932914818784,15.74679834509486,0.99824345,0.66,1,Belgium,belgium,Belgium - Romania,belgium,2,0,True,0,0,1,1,0,game_interruption,0,2223779629,11.567000000000007,105.0,17.68,42.51106708518122,27.653789636890714,2.39074865020236
6,5544215,11944,2223779937,1,duel_regain,2H,2741.369,1,opponent_on_ball,pass,0.8989999999998872,0.0090000000000145,Belgium - Romania,0.8989999999998872,0.8989999999998872,1,0,0,0,0,4.347999999999956,4.347999999999956,1,0,1,0,1,4.347999999999956,4.347999999999956,1,0,1,0,1,4.347999999999956,4.347999999999956,1,0,1,0,1,4.347999999999956,4.347999999999956,1,0,1,0,1,81.67611115254348,attacking_third,35.448228037704325,31.24457484431185,83.31680934464941,4.203653193392476,1.6406981921059298,1.0,5.004349039752081,81.67611115254348,attacking_third,35.448228037704325,3.1130903570940607,103.27037384506843,32.335137680610266,21.65890169926905,0.973241973882904,7.554938710423409,81.67611115254348,attacking_third,35.448228037704325,3.1130903570940607,103.27037384506843,32.335137680610266,21.65890169926905,0.973241973882904,7.554938710423409,81.67611115254348,attacking_third,35.448228037704325,3.1130903570940607,103.27037384506843,32.335137680610266,21.65890169926905,0.973241973882904,7.554938710423409,81.67611115254348,attacking_third,35.448228037704325,3.1130903570940607,103.27037384506843,32.335137680610266,21.65890169926905,0.973241973882904,7.554938710423409,-29.176111152543484,-26.69406450963548,0.9990816,0.66,1,Romania,romania,Belgium - Romania,belgium,2,0,False,1,1,1,1,1,shot,0,2223779941,4.347999999999956,81.9,26.142448240361873,0.2238888474565215,9.305779797342453,2.14024374363904
6,5544215,5629,2223779898,1,interception,2H,2927.346,0,opponent_on_ball,pass,1.436999999999898,0.0140000000001236,Belgium - Romania,1.436999999999898,1.436999999999898,1,0,0,0,0,3.1909999999998035,3.1909999999998035,2,0,0,0,0,6.791999999999916,6.791999999999916,3,0,0,0,0,10.152000000000044,10.152000000000044,4,0,0,0,0,10.152000000000044,10.152000000000044,4,0,0,0,0,15.668906524533668,defensive_third,89.43644369822968,89.43644369822968,9.110902526956266,0.0,0.0,0.0,0.0,15.668906524533668,defensive_third,89.43644369822968,89.43644369822968,14.916498637219917,0.0,0.0,0.0,0.0,15.668906524533668,defensive_third,89.43644369822968,71.62442854738475,38.03239031424161,17.81201515084493,22.363483789707946,0.4976537980112086,2.634913483852892,15.668906524533668,defensive_third,89.43644369822968,31.067026588301133,74.05765648283906,58.36941710992855,58.3887499583054,0.7645041132057414,5.767728963431737,15.668906524533668,defensive_third,89.43644369822968,31.067026588301133,74.05765648283906,58.36941710992855,58.3887499583054,0.7645041132057414,5.767728963431737,-36.83109347546633,4.339723477838817,0.9953307,0.66,1,Belgium,belgium,Belgium - Romania,belgium,2,0,True,0,0,0,1,0,opponent_on_ball,0,2223779995,18.128999999999905,92.4,29.976657585528105,76.73109347546634,59.45978611270158,3.279816101974841
6,5544215,5629,2223780031,1,interception,2H,3279.868,0,window_end,pass,2.326000000000022,0.0120000000001709,Belgium - Romania,2.0,2.0,0,0,0,0,0,4.568000000000211,4.568000000000211,1,0,1,0,1,5.6720000000000255,5.6720000000000255,1,0,1,0,1,5.6720000000000255,5.6720000000000255,1,0,1,0,1,5.6720000000000255,5.6720000000000255,1,0,1,0,1,86.88822146210629,attacking_third,24.652026457263812,17.573664386952434,87.45592624147855,7.078362070311378,0.5677047793722636,0.996670694404455,3.6114092195465544,86.88822146210629,attacking_third,24.652026457263812,3.818422906346734,100.98215732411666,20.83360355091708,14.653318828633118,0.9565957193604144,4.609204325424151,86.88822146210629,attacking_third,24.652026457263812,3.818422906346734,100.79295706077974,20.83360355091708,14.653318828633118,0.9329313128602422,3.693901338815168,86.88822146210629,attacking_third,24.652026457263812,3.818422906346734,100.79295706077974,20.83360355091708,14.653318828633118,0.9329313128602422,3.693901338815168,86.88822146210629,attacking_third,24.652026457263812,3.818422906346734,100.79295706077974,20.83360355091708,14.653318828633118,0.9329313128602422,3.693901338815168,34.388221462106294,-16.72381196509719,0.9973568,0.66,1,Belgium,belgium,Belgium - Romania,belgium,2,0,True,1,1,1,1,1,shot,0,2223780034,4.568000000000211,87.15,18.170924577467154,0.2617785378937185,6.4811018797966575,1.4188051400604986
6,5544215,5629,2223780135,1,duel_regain,2H,3772.06,0,window_end,pass,1.7420000000001892,0.0199999999999818,Belgium - Romania,1.7420000000001892,1.7420000000001892,1,0,0,0,0,4.40099999999984,4.40099999999984,3,0,0,0,0,7.375,6.660000000000309,3,0,0,0,0,7.375,6.660000000000309,3,0,0,0,0,7.375,6.660000000000309,3,0,0,0,0,39.79312546919303,middle_third,65.44028381864254,58.1563004107009,46.883075994821375,7.283983407941641,7.089950525628346,1.0,4.234874074384048,39.79312546919303,middle_third,65.44028381864254,29.10047444027294,76.10370508811722,36.3398093783696,36.310579618924194,1.0,8.334818664763427,39.79312546919303,middle_third,65.44028381864254,3.204297275193492,106.59106891540662,62.23598654344905,68.04491508766897,0.9755704833078972,8.502183954022904,39.79312546919303,middle_third,65.44028381864254,3.204297275193492,106.59106891540662,62.23598654344905,68.04491508766897,0.9755704833078972,8.502183954022904,39.79312546919303,middle_third,65.44028381864254,3.204297275193492,106.59106891540662,62.23598654344905,68.04491508766897,0.9755704833078972,8.502183954022904,-12.70687453080697,5.522160825988898,0.98937,0.66,1,Belgium,belgium,Belgium - Romania,belgium,2,0,True,0,0,1,1,0,window_end_20s,1,,7.375,106.48573064858908,3.1266714883649285,66.69260517939605,62.313612330277614,8.449303366817304
6,5544215,5629,2223780234,1,duel_regain,2H,4075.353,0,window_end,duel,1.1159999999999854,0.0070000000000618,Belgium - Romania,1.1159999999999854,1.1159999999999854,0,0,1,0,0,3.983999999999923,3.983999999999923,2,0,1,0,0,6.364999999999782,6.364999999999782,3,0,1,0,0,13.39599999999973,13.39599999999973,3,0,2,0,0,18.657000000000153,18.657000000000153,5,1,2,0,0,16.656111112430708,defensive_third,92.84575367698264,86.07867679556757,22.32812783720364,6.767076881415065,5.672016724772931,1.0,6.2658119272365935,16.656111112430708,defensive_third,92.84575367698264,66.93434887178591,40.286615795129336,25.911404805196725,23.694929004031124,0.996808401983573,6.543284041717036,16.656111112430708,defensive_third,92.84575367698264,59.85580689214319,45.288601367529076,32.98994678483945,28.632490255098368,0.9645306322635976,5.219928288740284,16.656111112430708,defensive_third,92.84575367698264,32.30404279661612,74.08344286261946,60.54171088036651,57.42733175018875,0.9803551914660926,4.531565185656133,16.656111112430708,defensive_third,92.84575367698264,26.581777688794865,88.68117703863332,66.26397598818778,72.02506592620261,0.8700118820528648,3.55493433413027,-35.84388888756929,-28.560309383263817,0.66648614,0.66,1,Belgium,belgium,Belgium - Romania,belgium,2,0,True,0,0,0,1,0,window_end_20s,1,,18.657000000000153,88.68117703863332,26.581777688794865,72.02506592620261,66.26397598818778,3.5516951272009023
6,5544215,5629,2223780404,1,duel_regain,2H,4905.671,0,opponent_on_ball,duel,3.121999999999389,0.0090000000000145,Belgium - Romania,2.0,2.0,0,0,0,0,0,3.9769999999998618,3.9769999999998618,0,0,2,0,0,9.851999999999862,9.851999999999862,1,1,2,0,0,11.086999999999534,11.086999999999534,2,1,2,0,0,11.086999999999534,11.086999999999534,2,1,2,0,0,40.52836248877861,middle_third,70.7230496076932,57.27768562268727,52.44702336375512,13.445363985005926,11.91866087497651,1.0,6.859879584189753,40.52836248877861,middle_third,70.7230496076932,45.511733107038474,60.79887247343299,25.211316500654725,20.27050998465438,1.0,6.366494065823304,40.52836248877861,middle_third,70.7230496076932,6.847630194028446,98.22860921243984,63.87541941366475,57.70024672366124,0.9999999999999996,6.491404411957704,40.52836248877861,middle_third,70.7230496076932,6.794475162542539,97.0029115459761,63.92857444515066,58.53880182351165,0.9647265591145904,5.790631743220187,40.52836248877861,middle_third,70.7230496076932,6.794475162542539,97.0029115459761,63.92857444515066,58.53880182351165,0.9647265591145904,5.790631743220187,-11.971637511221388,-29.071596145273887,0.9998367,0.66,1,Belgium,belgium,Belgium - Romania,belgium,2,0,True,0,0,1,1,0,opponent_on_ball,0,2223780653,12.181999999999789,97.65,7.8371487162105025,57.121637511221394,62.8859008914827,5.162198398578541
6,5544215,5629,2223780435,1,interception,2H,5016.43,0,game_interruption,pass,2.0270000000000437,0.0100000000002182,Belgium - Romania,2.0,2.0,0,0,0,0,0,3.186999999999898,3.186999999999898,1,1,0,0,0,7.654999999999745,6.569999999999709,2,1,0,0,0,7.654999999999745,6.569999999999709,2,1,0,0,0,7.654999999999745,6.569999999999709,2,1,0,0,0,59.07171481179608,middle_third,46.44801001648047,34.44351589208211,74.73944607699221,12.004494124398356,15.667731265196132,1.0,6.124741900205971,59.07171481179608,middle_third,46.44801001648047,28.322882760044447,84.41786545176144,18.12512725643602,25.34615063996537,1.0,5.735799764695207,59.07171481179608,middle_third,46.44801001648047,0.5430617476076633,106.75773759765276,45.9049482688728,47.728559552882366,0.7035743896885541,6.008501082313652,59.07171481179608,middle_third,46.44801001648047,0.5430617476076633,106.75773759765276,45.9049482688728,47.728559552882366,0.7035743896885541,6.008501082313652,59.07171481179608,middle_third,46.44801001648047,0.5430617476076633,106.75773759765276,45.9049482688728,47.728559552882366,0.7035743896885541,6.008501082313652,6.5717148117960775,6.928943221161354,0.99968565,0.66,1,Belgium,belgium,Belgium - Romania,belgium,2,0,True,0,0,1,1,0,game_interruption,0,2223780680,15.429999999999382,105.0,10.2,45.92828518820392,36.248010016480464,2.3491905389813295
6,5544215,5629,2223780523,1,interception,2H,5302.286,0,game_interruption,duel,1.975999999999658,0.0059999999994033,Belgium - Romania,1.975999999999658,1.975999999999658,0,0,1,0,0,3.293999999999869,3.293999999999869,0,0,1,0,0,9.760999999999513,9.760999999999513,0,0,2,0,1,10.854999999999563,10.854999999999563,0,0,2,0,1,10.854999999999563,10.854999999999563,0,0,2,0,1,53.19235118751876,middle_third,52.650131197752806,44.56663384508815,61.76341208382479,8.083497352664658,8.57106089630603,1.0,4.21015487117935,53.19235118751876,middle_third,52.650131197752806,32.67877798716331,74.72079809167658,19.9713532105895,21.528446904157825,1.0,6.163997904503347,53.19235118751876,middle_third,52.650131197752806,3.810305649356121,91.17962583952983,48.83982554839669,50.11019441960878,0.7623411379733062,5.024673410328746,53.19235118751876,middle_third,52.650131197752806,3.810305649356121,87.0253714200264,48.83982554839669,50.11019441960878,0.6792477188093398,4.522206069295914,53.19235118751876,middle_third,52.650131197752806,3.810305649356121,87.0253714200264,48.83982554839669,50.11019441960878,0.6792477188093398,4.522206069295914,0.69235118751876,9.38103617215043,0.9996575,0.66,1,Belgium,belgium,Belgium - Romania,belgium,2,0,True,1,1,1,1,1,shot,0,2223780526,9.760999999999513,100.8,12.29933331526551,47.60764881248124,40.3507978824873,4.133879508502132
6,5544217,9905,2223728688,1,interception,1H,435.675,1,opponent_on_ball,pass,2.72199999999998,0.0049999999999954,Turkey - Portugal,2.0,2.0,0,0,0,0,0,2.72199999999998,2.72199999999998,1,0,0,0,0,7.913000000000011,7.913000000000011,2,1,0,0,0,7.913000000000011,7.913000000000011,2,1,0,0,0,7.913000000000011,7.913000000000011,2,1,0,0,0,49.764031848421496,middle_third,56.743185932772555,35.19958040817917,72.10424753991346,21.54360552459338,22.340215691491963,0.9977775576910868,10.991635471731431,49.764031848421496,middle_third,56.743185932772555,35.19958040817917,72.53994977065204,21.54360552459338,22.775917922230548,0.9920022545133694,8.03865877783333,49.764031848421496,middle_third,56.743185932772555,10.2878561330906,104.186955455523,46.455329799681955,54.911724777497255,0.96311688845454,5.89534642127944,49.764031848421496,middle_third,56.743185932772555,10.2878561330906,104.186955455523,46.455329799681955,54.911724777497255,0.96311688845454,5.89534642127944,49.764031848421496,middle_third,56.743185932772555,10.2878561330906,104.186955455523,46.455329799681955,54.911724777497255,0.96311688845454,5.89534642127944,2.735968151578504,-12.991419174170389,0.9995047,0.66,1,Portugal,portugal,Turkey - Portugal,portugal,0,3,True,0,0,1,1,0,opponent_on_ball,0,2223728843,10.248999999999967,101.85,11.326822149217318,52.0859681515785,45.41636378355524,4.4312970810377
6,5544217,4687,2223728978,1,interception,1H,865.983,1,opponent_on_ball,duel,4.747000000000071,0.0170000000000527,Turkey - Portugal,2.0,2.0,0,0,0,0,0,4.747000000000071,4.747000000000071,0,0,1,0,0,4.747000000000071,4.747000000000071,0,0,1,0,0,4.747000000000071,4.747000000000071,0,0,1,0,0,4.747000000000071,4.747000000000071,0,0,1,0,0,98.84371772903636,attacking_third,31.753652318424137,27.85988465901116,98.9308729790308,3.893767659412976,0.0871552499944243,0.9975437177795982,1.9866161527616857,98.84371772903636,attacking_third,31.753652318424137,7.749815169421588,98.8227432620852,24.003837149002543,5.194803942250502,0.999600734067844,5.0855587180089845,98.84371772903636,attacking_third,31.753652318424137,7.749815169421588,98.8227432620852,24.003837149002543,5.194803942250502,0.999600734067844,5.0855587180089845,98.84371772903636,attacking_third,31.753652318424137,7.749815169421588,98.8227432620852,24.003837149002543,5.194803942250502,0.999600734067844,5.0855587180089845,98.84371772903636,attacking_third,31.753652318424137,7.749815169421588,98.8227432620852,24.003837149002543,5.194803942250502,0.999600734067844,5.0855587180089845,-46.34371772903637,-31.151157669653003,0.99373394,0.66,1,Türkiye,turkiye,Turkey - Portugal,portugal,0,3,False,0,0,1,1,0,opponent_on_ball,0,2223728998,6.224000000000046,3.1500000000000057,104.29274231699921,-95.69371772903635,-72.53908999857507,0.0
6,5544217,9905,2223729385,1,duel_regain,1H,1672.973,1,opponent_on_ball,pass,0.928000000000111,0.0129999999999199,Turkey - Portugal,1.9629999999999657,1.9629999999999657,2,0,1,0,0,4.277000000000044,4.277000000000044,3,0,1,0,0,4.277000000000044,4.277000000000044,3,0,1,0,0,4.277000000000044,4.277000000000044,3,0,1,0,0,4.277000000000044,4.277000000000044,3,0,1,0,0,59.79512996032941,middle_third,46.66486901909269,34.12835583174916,72.41507523124609,12.53651318734353,12.61994527091668,1.0,6.529433951741175,59.79512996032941,middle_third,46.66486901909269,18.42165370588519,89.83141681417922,28.2432153132075,30.03628685384981,1.0,6.661135687077226,59.79512996032941,middle_third,46.66486901909269,18.42165370588519,89.83141681417922,28.2432153132075,30.03628685384981,1.0,6.661135687077226,59.79512996032941,middle_third,46.66486901909269,18.42165370588519,89.83141681417922,28.2432153132075,30.03628685384981,1.0,6.661135687077226,59.79512996032941,middle_third,46.66486901909269,18.42165370588519,89.83141681417922,28.2432153132075,30.03628685384981,1.0,6.661135687077226,-7.295129960329412,-11.581438825360578,0.9946254,0.66,1,Portugal,portugal,Turkey - Portugal,portugal,0,3,True,0,0,1,1,0,opponent_on_ball,0,2223729196,6.43100000000004,84.0,24.30673980607025,24.20487003967059,22.35812921302244,3.4766178219596178
6,5544217,9905,2223729410,1,duel_regain,1H,1768.756,1,opponent_on_ball,pass,2.5289999999999964,0.0039999999999054,Turkey - Portugal,2.0,2.0,0,0,0,0,0,3.5039999999999054,3.5039999999999054,2,0,0,0,0,9.144000000000004,9.144000000000004,5,0,0,0,0,9.144000000000004,9.144000000000004,5,0,0,0,0,9.144000000000004,9.144000000000004,5,0,0,0,0,26.668829172265013,defensive_third,78.35147665254097,71.34207995131247,28.095052302800497,7.009396701228496,8.174414201360285,0.4507414056822431,3.5762228067491666,26.668829172265013,defensive_third,78.35147665254097,71.34207995131247,29.387129847629716,7.009396701228496,8.174414201360285,0.2629607420491116,2.014194454375994,26.668829172265013,defensive_third,78.35147665254097,43.886326704466406,63.75417434383831,34.46514994807456,37.085345171573294,0.4269347593153099,3.779073459218653,26.668829172265013,defensive_third,78.35147665254097,43.886326704466406,63.75417434383831,34.46514994807456,37.085345171573294,0.4269347593153099,3.779073459218653,26.668829172265013,defensive_third,78.35147665254097,43.886326704466406,63.75417434383831,34.46514994807456,37.085345171573294,0.4269347593153099,3.779073459218653,25.831170827734987,1.7836957111214249,0.9993438,0.66,1,Portugal,portugal,Turkey - Portugal,portugal,0,3,True,0,0,0,0,0,opponent_on_ball,0,2223729209,12.673000000000002,63.0,44.14702707997448,36.33117082773499,34.20444957256649,2.6990017811541454
6,5544217,4687,2223729468,1,duel_regain,1H,2409.474,0,window_end,pass,1.556999999999789,0.0059999999998581,Turkey - Portugal,1.556999999999789,1.556999999999789,1,0,0,0,0,4.993999999999687,4.993999999999687,2,1,0,0,1,6.050999999999931,6.050999999999931,2,1,0,0,1,6.050999999999931,6.050999999999931,2,1,0,0,1,6.050999999999931,6.050999999999931,2,1,0,0,1,68.53907110664572,middle_third,39.355983839261675,28.93309179222838,77.68824747208158,10.422892047033294,9.149176365435864,1.0,6.857165820416722,68.53907110664572,middle_third,39.355983839261675,4.971320879033961,102.7520902181848,34.384662960227715,34.21301911153908,0.9721448328591928,6.932391725852311,68.53907110664572,middle_third,39.355983839261675,4.971320879033961,102.42879636570574,34.384662960227715,34.22051258847094,0.9600527149692076,5.692824993415218,68.53907110664572,middle_third,39.355983839261675,4.971320879033961,102.42879636570574,34.384662960227715,34.22051258847094,0.9600527149692076,5.692824993415218,68.53907110664572,middle_third,39.355983839261675,4.971320879033961,102.42879636570574,34.384662960227715,34.22051258847094,0.9600527149692076,5.692824993415218,16.03907110664572,-14.815334224714247,0.99943835,0.66,1,Türkiye,turkiye,Turkey - Portugal,portugal,0,3,False,1,1,1,1,1,shot,0,2223729477,4.993999999999687,81.9,23.457544628541147,13.360928893354284,15.898439210720529,3.1835080518064727
6,5544217,4687,2223729854,1,duel_regain,2H,3488.046,0,opponent_on_ball,pass,2.711999999999989,0.0059999999998581,Turkey - Portugal,2.0,2.0,0,0,0,0,0,3.538000000000011,3.538000000000011,1,1,0,0,0,7.772000000000389,7.674000000000433,3,1,0,0,0,7.772000000000389,7.674000000000433,3,1,0,0,0,7.772000000000389,7.674000000000433,3,1,0,0,0,63.43648524539613,middle_third,53.3343117870619,49.36846996071354,66.88883164790013,3.96584182634836,3.4523464025040056,0.806843597724324,2.0233886869123907,63.43648524539613,middle_third,53.3343117870619,41.78560041412321,72.2813846605712,11.54871137293869,8.844899415175078,0.9240355671565968,3.3185952221088018,63.43648524539613,middle_third,53.3343117870619,23.513825252417607,105.45766935615994,29.820486534644292,42.02118411076381,0.8860654224646746,3.862757323140325,63.43648524539613,middle_third,53.3343117870619,23.513825252417607,105.45766935615994,29.820486534644292,42.02118411076381,0.8860654224646746,3.862757323140325,63.43648524539613,middle_third,53.3343117870619,23.513825252417607,105.45766935615994,29.820486534644292,42.02118411076381,0.8860654224646746,3.862757323140325,10.936485245396128,33.42189484519626,0.9964206,0.66,1,Türkiye,turkiye,Turkey - Portugal,portugal,0,3,False,0,0,0,1,0,opponent_on_ball,0,2223730098,9.432999999999993,94.5,22.341181705541,31.063514754603872,30.9931300815209,3.2856069205471137
6,5544217,9905,2223730127,1,interception,2H,3576.511,1,opponent_on_ball,pass,2.6599999999998545,0.0090000000000145,Turkey - Portugal,2.0,2.0,0,0,0,0,0,4.472000000000207,4.472000000000207,1,0,0,0,0,9.717000000000098,9.717000000000098,2,0,0,0,0,14.510999999999967,14.510999999999967,4,0,0,0,0,15.586999999999987,15.586999999999987,4,0,1,0,0,35.23375478926977,middle_third,74.724940966496,67.4485375289287,38.363685943463935,7.276403437567311,3.1299311541941677,0.940835756859205,3.71245073345264,35.23375478926977,middle_third,74.724940966496,53.40037582618315,51.63096841966888,21.324565140312856,16.397213630399115,0.978993111925795,4.80282998655689,35.23375478926977,middle_third,74.724940966496,22.032759115672217,91.45292125503777,52.692181850823786,56.219166465768,0.9907070158253556,5.443407215994285,35.23375478926977,middle_third,74.724940966496,6.1071997549555155,98.93582423342215,68.61774121154049,63.80176309317119,0.863871015757277,4.738794282564945,35.23375478926977,middle_third,74.724940966496,6.1071997549555155,97.69388387302808,68.61774121154049,63.80176309317119,0.8252121273110963,4.409880540587451,17.266245210730233,-26.76729033059892,0.9722552,0.66,1,Portugal,portugal,Turkey - Portugal,portugal,0,3,True,0,0,1,1,0,opponent_on_ball,0,2223729944,17.215999999999894,97.65,13.698762717851563,62.41624521073024,61.02617824864444,3.5447361900932166
6,5544218,3148,2224483181,1,interception,1H,770.492,1,window_end,pass,4.302000000000021,0.0119999999999436,Switzerland - Germany,2.0,2.0,0,0,0,0,0,4.302000000000021,4.302000000000021,1,0,0,0,0,8.60200000000009,8.60200000000009,1,0,0,0,0,8.60200000000009,8.60200000000009,1,0,0,0,0,8.60200000000009,8.60200000000009,1,0,0,0,0,31.296183399330317,defensive_third,79.51088068652741,52.69475394891026,62.23283030175525,26.816126737617154,30.936646902424933,1.0,13.681697315110538,31.296183399330317,defensive_third,79.51088068652741,36.36612755555843,83.18840595800343,43.14475313096899,51.89222255867311,1.0,10.17564932334172,31.296183399330317,defensive_third,79.51088068652741,20.08404151240215,95.092031033945,59.42683917412526,65.07583918452838,0.9668250943831636,6.942387753986548,31.296183399330317,defensive_third,79.51088068652741,20.08404151240215,95.092031033945,59.42683917412526,65.07583918452838,0.9668250943831636,6.942387753986548,31.296183399330317,defensive_third,79.51088068652741,20.08404151240215,95.092031033945,59.42683917412526,65.07583918452838,0.9668250943831636,6.942387753986548,21.203816600669683,-29.828301427370036,0.99482477,0.66,1,Germany,germany,Switzerland - Germany,draw,1,1,False,0,0,1,1,0,window_end_20s,1,,8.60200000000009,95.092031033945,22.123169160372743,63.79584763461469,57.387711526154675,6.671438215084176
6,5544219,10451,2224602525,1,interception,1H,444.917,1,opponent_on_ball,clearance,2.4139999999999873,0.0029999999999859,Scotland - Hungary,2.0,2.0,0,0,0,0,0,4.8069999999999595,4.8069999999999595,1,0,0,1,0,8.819999999999993,8.819999999999993,1,1,1,1,0,11.986999999999966,11.986999999999966,3,1,2,1,0,16.81099999999998,16.81099999999998,3,1,2,1,1,9.130076412525083,defensive_third,96.87276617614272,87.43772540029066,19.31027483152542,9.435040775852071,10.180198419000334,0.6911485719167798,4.8137963142102915,9.130076412525083,defensive_third,96.87276617614272,55.8911598761245,50.722008931689835,40.981606300018235,41.59193251916475,0.9067165604158648,8.537834645837112,9.130076412525083,defensive_third,96.87276617614272,42.26750827410995,64.84729584335943,54.60525790203278,56.76426199574772,0.8635906280002597,6.205142943412808,9.130076412525083,defensive_third,96.87276617614272,37.44624290056878,67.6218039459965,59.42652327557395,58.49172753347142,0.6802722782350009,4.968772849128266,9.130076412525083,defensive_third,96.87276617614272,3.16186268268913,96.89658159862029,93.7109034934536,92.78730734827984,0.7197274606357482,5.578029969848425,43.369923587474915,13.902898185247004,0.9995647,0.66,1,Hungary,hungary,Scotland - Hungary,hungary,0,1,True,1,0,1,1,1,shot,0,2224602544,16.01800000000003,77.7,28.912288045051017,68.56992358747492,67.9604781310917,4.242756781813683
6,5544219,8664,2224602803,1,interception,1H,1707.686,0,game_interruption,none,,0.0059999999998581,Scotland - Hungary,2.0,2.0,0,0,0,0,0,5.0,5.0,0,0,0,0,0,9.83400000000006,9.83400000000006,2,0,1,0,0,9.83400000000006,9.83400000000006,2,0,1,0,0,9.83400000000006,9.83400000000006,2,0,1,0,0,35.96394372669527,middle_third,72.86924913019014,59.12462467787523,50.167040901641414,13.744624452314907,14.203097174946144,1.0,7.012563496078905,35.96394372669527,middle_third,72.86924913019014,38.02903866468177,69.93229645112527,34.84021046550837,33.96835272443,1.0,7.024235980949217,35.96394372669527,middle_third,72.86924913019014,33.8940612622735,58.764208231095886,38.97518786791664,39.20888586392622,0.6965752726213441,3.977059986522125,35.96394372669527,middle_third,72.86924913019014,33.8940612622735,58.764208231095886,38.97518786791664,39.20888586392622,0.6965752726213441,3.977059986522125,35.96394372669527,middle_third,72.86924913019014,33.8940612622735,58.764208231095886,38.97518786791664,39.20888586392622,0.6965752726213441,3.977059986522125,-16.53605627330473,-23.32274432880532,0.9907353,0.66,1,Scotland,scotland,Scotland - Hungary,hungary,0,1,False,0,0,0,1,0,game_interruption,0,2224602967,11.897000000000162,105.0,34.0,69.03605627330472,38.86924913019014,3.267147106849593
6,5544219,8664,2224602851,1,duel_regain,1H,1988.781,0,opponent_on_ball,duel,0.2190000000000509,0.0190000000000054,Scotland - Hungary,1.94399999999996,1.94399999999996,1,0,1,0,0,4.403999999999996,4.403999999999996,1,0,2,0,0,4.403999999999996,4.403999999999996,1,0,2,0,0,4.403999999999996,4.403999999999996,1,0,2,0,0,4.403999999999996,4.403999999999996,1,0,2,0,0,31.900112891016335,defensive_third,76.84286223664493,62.353985739464115,47.04055733372206,14.48887649718082,15.140444442705723,0.7861764620311593,7.54628984228139,31.900112891016335,defensive_third,76.84286223664493,47.68576040597156,59.41193180263698,29.157101830673376,28.32674121532462,0.8809384826260076,6.687408676759754,31.900112891016335,defensive_third,76.84286223664493,47.68576040597156,59.41193180263698,29.157101830673376,28.32674121532462,0.8809384826260076,6.687408676759754,31.900112891016335,defensive_third,76.84286223664493,47.68576040597156,59.41193180263698,29.157101830673376,28.32674121532462,0.8809384826260076,6.687408676759754,31.900112891016335,defensive_third,76.84286223664493,47.68576040597156,59.41193180263698,29.157101830673376,28.32674121532462,0.8809384826260076,6.687408676759754,-20.599887108983665,-23.69033518914064,0.9950074,0.66,1,Scotland,scotland,Scotland - Hungary,hungary,0,1,False,0,0,0,0,0,opponent_on_ball,0,2224603045,5.527000000000044,57.75,48.80963122171689,25.849887108983665,28.03323101492804,5.072051929605179
6,5544219,8664,2224603182,1,duel_regain,2H,3167.655,0,opponent_on_ball,duel,0.9619999999999892,0.0150000000003274,Scotland - Hungary,1.4979999999995923,1.4979999999995923,0,0,1,0,0,4.144999999999982,4.144999999999982,1,1,1,0,0,6.935999999999694,6.904999999999745,1,1,2,0,0,6.935999999999694,6.904999999999745,1,1,2,0,0,6.935999999999694,6.904999999999745,1,1,2,0,0,52.74032799455752,middle_third,59.335313816162866,47.928694096750554,66.20387730810016,11.406619719412312,13.463549313542645,1.0,7.9212636940385295,52.74032799455752,middle_third,59.335313816162866,31.134012221990613,81.98131005448543,28.201301594172257,29.240982059927916,1.0,6.844976115090534,52.74032799455752,middle_third,59.335313816162866,0.613519234930861,104.38815399366536,58.721794581232,51.64782599910784,1.0000000000000002,8.53514456122601,52.74032799455752,middle_third,59.335313816162866,0.613519234930861,104.38815399366536,58.721794581232,51.64782599910784,1.0000000000000002,8.53514456122601,52.74032799455752,middle_third,59.335313816162866,0.613519234930861,104.38815399366536,58.721794581232,51.64782599910784,1.0000000000000002,8.53514456122601,0.2403279945575178,-28.09993145091461,0.999783,0.66,1,Scotland,scotland,Scotland - Hungary,hungary,0,1,False,0,0,1,1,0,shot,0,2224603189,7.967999999999847,82.95,23.756011870682332,30.209672005442485,35.57930194548054,4.46527383853931
6,5544219,10451,2224603656,1,duel_regain,2H,3322.38,1,opponent_on_ball,interception,0.9639999999999418,0.0199999999999818,Scotland - Hungary,0.9639999999999418,0.9639999999999418,0,0,0,0,0,0.9639999999999418,0.9639999999999418,0,0,0,0,0,9.652999999999793,9.652999999999793,1,1,0,0,0,11.380999999999858,11.059999999999944,1,1,1,0,1,11.380999999999858,11.059999999999944,1,1,1,0,1,36.65122162670484,middle_third,73.54602998893456,67.47689635360506,42.6969331782054,6.069133635329507,6.04571155150056,1.0,6.596884386227203,36.65122162670484,middle_third,73.54602998893456,67.47689635360506,42.6969331782054,6.069133635329507,6.04571155150056,1.0,6.596884386227203,36.65122162670484,middle_third,73.54602998893456,18.595186734626942,90.37253174891076,54.95084325430762,53.738400147947445,0.957004656121164,5.724046172323765,36.65122162670484,middle_third,73.54602998893456,12.323651099460378,107.26873050848803,61.222378889474186,70.61750888178321,0.9268135882329196,5.389293916326893,36.65122162670484,middle_third,73.54602998893456,12.323651099460378,107.26873050848803,61.222378889474186,70.61750888178321,0.9268135882329196,5.389293916326893,15.84877837329516,-27.156270399512536,0.99991393,0.66,1,Hungary,hungary,Scotland - Hungary,hungary,0,1,True,1,1,1,1,1,shot,0,2224603669,11.380999999999858,90.3,17.892177061498135,53.64877837329516,55.65385292743643,4.890067035184705
6,5544219,10451,2224603799,1,duel_regain,2H,3865.594,1,opponent_on_ball,pass,0.80600000000004,0.0060000000003128,Scotland - Hungary,1.1529999999997926,1.1529999999997926,1,1,0,0,0,3.931999999999789,3.931999999999789,2,1,0,0,0,3.931999999999789,3.931999999999789,2,1,0,0,0,3.931999999999789,3.931999999999789,2,1,0,0,0,3.931999999999789,3.931999999999789,2,1,0,0,0,83.77512634118064,attacking_third,31.931690882769445,27.06797208723775,89.04529340335122,4.863718795531696,5.270167062170586,1.0,4.342606067439437,83.77512634118064,attacking_third,31.931690882769445,18.366472960570587,85.0013805008349,13.565217922198858,11.263355661722272,0.7370929800075197,3.4605147760714745,83.77512634118064,attacking_third,31.931690882769445,18.366472960570587,85.0013805008349,13.565217922198858,11.263355661722272,0.7370929800075197,3.4605147760714745,83.77512634118064,attacking_third,31.931690882769445,18.366472960570587,85.0013805008349,13.565217922198858,11.263355661722272,0.7370929800075197,3.4605147760714745,83.77512634118064,attacking_third,31.931690882769445,18.366472960570587,85.0013805008349,13.565217922198858,11.263355661722272,0.7370929800075197,3.4605147760714745,-31.27512634118064,23.8566053913774,0.98957974,0.66,1,Hungary,hungary,Scotland - Hungary,hungary,0,1,True,0,0,1,1,0,opponent_on_ball,0,2224603400,14.226999999999862,79.8,35.60990873338487,-3.9751263411806406,-3.6782178506154253,0.0
6,5544219,10451,2224603860,1,interception,2H,3995.44,1,opponent_on_ball,pass,3.0289999999999964,0.0,Scotland - Hungary,2.0,2.0,0,0,0,0,0,4.8849999999997635,4.8849999999997635,1,0,0,0,0,4.8849999999997635,4.8849999999997635,1,0,0,0,0,4.8849999999997635,4.8849999999997635,1,0,0,0,0,4.8849999999997635,4.8849999999997635,1,0,0,0,0,75.00709992003898,attacking_third,42.999001036934025,30.26222813706128,83.57847479044084,12.736772899872744,8.571374870401854,1.0,6.368386449936372,75.00709992003898,attacking_third,42.999001036934025,15.248885658027072,94.77619255584756,27.750115378906955,21.52592713726021,0.7466195211839185,5.6864990530551065,75.00709992003898,attacking_third,42.999001036934025,15.248885658027072,94.77619255584756,27.750115378906955,21.52592713726021,0.7466195211839185,5.6864990530551065,75.00709992003898,attacking_third,42.999001036934025,15.248885658027072,94.77619255584756,27.750115378906955,21.52592713726021,0.7466195211839185,5.6864990530551065,75.00709992003898,attacking_third,42.999001036934025,15.248885658027072,94.77619255584756,27.750115378906955,21.52592713726021,0.7466195211839185,5.6864990530551065,-22.507099920038986,-30.81136210828285,0.99818426,0.66,1,Hungary,hungary,Scotland - Hungary,hungary,0,1,True,0,0,1,1,0,opponent_on_ball,0,2224603443,5.692000000000007,94.5,13.297954729957537,19.492900079961018,29.701046306976487,5.218033434113923
6,5544219,8664,2224603496,1,interception,2H,4585.596,0,opponent_on_ball,pass,3.2200000000002547,0.0040000000008149,Scotland - Hungary,2.0,2.0,0,0,0,0,0,4.494000000000597,4.494000000000597,1,1,0,0,0,7.694000000000415,7.694000000000415,2,1,0,0,0,10.608000000000176,10.608000000000176,3,1,0,0,0,10.608000000000176,10.608000000000176,3,1,0,0,0,44.49736818782471,middle_third,62.25706195852936,49.90309361016881,55.47730372320619,12.353968348360546,10.97993553538148,1.0,6.303045075696964,44.49736818782471,middle_third,62.25706195852936,40.05306020244198,65.70860745145346,22.204001756087372,21.211239263628748,1.0,4.9562503919842715,44.49736818782471,middle_third,62.25706195852936,32.60214769699902,84.54328318444601,29.654914261530337,40.0459149966213,0.984134588201416,3.8815332803053137,44.49736818782471,middle_third,62.25706195852936,14.834154673435696,101.7442226156818,47.42290728509366,57.24685442785708,0.9861052128649412,4.4738591778392545,44.49736818782471,middle_third,62.25706195852936,14.834154673435696,101.7442226156818,47.42290728509366,57.24685442785708,0.9861052128649412,4.4738591778392545,-8.002631812175288,-14.675602458111136,0.9960522,0.66,1,Scotland,scotland,Scotland - Hungary,hungary,0,1,False,0,0,1,1,0,opponent_on_ball,0,2224603914,11.57300000000032,93.45,16.829144363276463,48.95263181217529,45.4279175952529,3.925336351443156
6,5544219,10451,2224603916,1,interception,2H,4634.771,1,opponent_on_ball,pass,3.9459999999999127,0.0109999999995125,Scotland - Hungary,2.0,2.0,0,0,0,0,0,3.9459999999999127,3.9459999999999127,1,0,0,0,0,3.9459999999999127,3.9459999999999127,1,0,0,0,0,3.9459999999999127,3.9459999999999127,1,0,0,0,0,3.9459999999999127,3.9459999999999127,1,0,0,0,0,58.89626400859209,middle_third,53.8440264761039,45.36315891212819,69.96782283323742,8.480867563975707,11.07155882464533,1.0,4.3269732469263005,58.89626400859209,middle_third,53.8440264761039,16.029313684638563,91.49463033597652,37.81471279146534,32.59836632738442,1.0,9.74605999780007,58.89626400859209,middle_third,53.8440264761039,16.029313684638563,91.49463033597652,37.81471279146534,32.59836632738442,1.0,9.74605999780007,58.89626400859209,middle_third,53.8440264761039,16.029313684638563,91.49463033597652,37.81471279146534,32.59836632738442,1.0,9.74605999780007,58.89626400859209,middle_third,53.8440264761039,16.029313684638563,91.49463033597652,37.81471279146534,32.59836632738442,1.0,9.74605999780007,-6.396264008592091,27.814109994640063,0.98066896,0.66,1,Hungary,hungary,Scotland - Hungary,hungary,0,1,True,0,0,1,1,0,opponent_on_ball,0,2224603522,9.32300000000032,94.5,12.509596316428441,35.60373599140791,41.334430159675456,4.433597571562162
6,5544219,10451,2224603995,1,duel_regain,2H,5000.928,1,opponent_on_ball,pass,1.7669999999998254,0.0079999999998108,Scotland - Hungary,1.7669999999998254,1.7669999999998254,1,0,0,0,0,4.164999999999964,4.164999999999964,1,0,0,0,0,5.2260000000005675,5.2260000000005675,1,0,1,0,0,5.2260000000005675,5.2260000000005675,1,0,1,0,0,5.2260000000005675,5.2260000000005675,1,0,1,0,0,28.913348466973215,defensive_third,78.49444819064941,63.913919184540674,43.816426281722094,14.580529006108732,14.90307781474888,0.983902822583774,8.47705174773638,28.913348466973215,defensive_third,78.49444819064941,46.43323223386705,59.69538651040645,32.061215956782355,30.782038043433236,0.9926146429977576,7.781848533199807,28.913348466973215,defensive_third,78.49444819064941,42.97806193523687,62.037464523432,35.516386255412534,33.12411605645879,0.9933283254206258,6.8830205921344065,28.913348466973215,defensive_third,78.49444819064941,42.97806193523687,62.037464523432,35.516386255412534,33.12411605645879,0.9933283254206258,6.8830205921344065,28.913348466973215,defensive_third,78.49444819064941,42.97806193523687,62.037464523432,35.516386255412534,33.12411605645879,0.9933283254206258,6.8830205921344065,23.586651533026785,19.292481832213724,0.99072886,0.66,1,Hungary,hungary,Scotland - Hungary,hungary,0,1,True,0,0,0,0,0,opponent_on_ball,0,2224603592,5.431000000000495,69.3,37.52497301797831,40.38665153302678,40.969475172671096,7.5436338008962185
6,5544219,10451,2224604014,1,duel_regain,2H,5065.763,1,opponent_on_ball,touch,1.4890000000004875,0.0029999999997016,Scotland - Hungary,1.4890000000004875,1.4890000000004875,0,1,0,0,0,1.4890000000004875,1.4890000000004875,0,1,0,0,0,9.627000000000407,9.627000000000407,2,2,0,0,0,11.99499999999989,11.99499999999989,2,3,0,0,0,16.850000000000364,16.850000000000364,3,3,1,0,0,39.90258354217285,middle_third,68.75999611590211,60.876906151043144,47.150124445727,7.883089964858968,7.247540903554153,1.0,5.474368031153582,39.90258354217285,middle_third,68.75999611590211,60.876906151043144,47.150124445727,7.883089964858968,7.247540903554153,1.0,5.474368031153582,39.90258354217285,middle_third,68.75999611590211,38.93318883061231,77.44551109489149,29.826807285289803,37.54292755271864,0.7382519758854715,3.119958921055288,39.90258354217285,middle_third,68.75999611590211,29.39340452912466,89.72371443986822,39.36659158677745,49.82113089769537,0.7882506502998804,3.302566408286679,39.90258354217285,middle_third,68.75999611590211,5.380854434738259,101.8692496859207,63.37914168116385,62.1428563050912,0.82130575137556,3.772567957212093,12.597416457827151,-22.141893242789493,0.9878736,0.66,1,Hungary,hungary,Scotland - Hungary,hungary,0,1,True,0,0,1,1,0,opponent_on_ball,0,2224603612,18.396999999999935,101.85,6.883087969799604,61.947416457827146,61.87690814610251,3.3634238270426007
6,5544220,3757,2225800688,1,interception,1H,622.932,1,window_end,pass,0.6129999999999427,0.0120000000000572,Croatia - Italy,1.8980000000000248,1.8980000000000248,2,0,0,0,0,4.121999999999957,4.121999999999957,4,0,0,0,0,9.446000000000026,9.446000000000026,6,1,0,0,0,13.194999999999936,12.235000000000014,7,1,0,0,1,13.194999999999936,12.235000000000014,7,1,0,0,1,39.78858342203402,middle_third,66.4673496732333,64.8702684035345,43.16245277755242,1.5970812696988048,3.3738693555183943,0.2466521051345976,0.8679789509233021,39.78858342203402,middle_third,66.4673496732333,59.515980854022885,46.211903179312785,6.9513688192104155,8.032461038630643,0.4932485685625761,1.7037668674535635,39.78858342203402,middle_third,66.4673496732333,37.25390317228784,77.06180014174109,29.21344650094546,37.273216719707065,0.7120539695406374,3.107813457547397,39.78858342203402,middle_third,66.4673496732333,10.019049385612224,100.18207860583874,56.44830028762108,70.15639303408254,0.7675095102695915,4.289384520335958,39.78858342203402,middle_third,66.4673496732333,10.019049385612224,100.18207860583874,56.44830028762108,70.15639303408254,0.7675095102695915,4.289384520335958,12.711416577965975,-12.860004684246904,0.98311144,0.66,1,Italy,italy,Croatia - Italy,draw,1,1,False,1,1,1,1,1,shot,0,2225800701,13.194999999999936,89.25,21.72243310497238,49.46141657796598,44.74491656826092,3.391050895662079
6,5544220,9598,2225800676,1,duel_regain,1H,1476.551,0,opponent_on_ball,pass,2.59699999999998,0.0090000000000145,Croatia - Italy,2.0,2.0,0,0,0,0,0,5.0,5.0,2,0,1,0,0,8.685000000000173,8.685000000000173,3,0,2,0,0,8.685000000000173,8.685000000000173,3,0,2,0,0,8.685000000000173,8.685000000000173,3,0,2,0,0,26.43765097110247,defensive_third,81.75529671585188,75.73513323033423,29.449342451391203,6.0201634855176565,5.229908090563924,0.8207589576749184,3.0715119824069106,26.43765097110247,defensive_third,81.75529671585188,58.02134290727801,48.22955849672068,23.733953808573872,21.791907525618207,0.90702814369328,4.78507133237373,26.43765097110247,defensive_third,81.75529671585188,35.9138274515454,65.89562036988005,45.84146926430648,42.66045601384545,0.8883544387309061,5.3057256092946705,26.43765097110247,defensive_third,81.75529671585188,35.9138274515454,65.89562036988005,45.84146926430648,42.66045601384545,0.8883544387309061,5.3057256092946705,26.43765097110247,defensive_third,81.75529671585188,35.9138274515454,65.89562036988005,45.84146926430648,42.66045601384545,0.8883544387309061,5.3057256092946705,-26.06234902889753,-22.624894610995753,0.99834466,0.66,1,Croatia,croatia,Croatia - Italy,draw,1,1,False,0,0,0,0,0,opponent_on_ball,0,2225801006,10.72700000000009,70.35,36.12011212607182,43.91234902889752,45.63518458978007,4.254235535543925
6,5544220,3757,2225801999,1,interception,2H,4644.585,1,opponent_on_ball,pass,2.3350000000000364,0.0150000000003274,Croatia - Italy,2.0,2.0,0,0,0,0,0,4.0900000000001455,4.0900000000001455,2,0,0,0,0,6.894999999999527,6.894999999999527,3,0,1,0,0,6.894999999999527,6.894999999999527,3,0,1,0,0,6.894999999999527,6.894999999999527,3,0,1,0,0,25.47544902400915,defensive_third,80.1048454932934,80.1048454932934,25.575617970762295,0.0,0.1001689467531434,0.0,0.0,25.47544902400915,defensive_third,80.1048454932934,66.23541290152419,41.62202550630535,13.869432591769211,16.146576482296197,0.6648143858871133,3.4330278692498357,25.47544902400915,defensive_third,80.1048454932934,49.87116726399904,60.39655306382761,30.233678229294355,34.92110403981846,0.8121578269274898,4.394429975188644,25.47544902400915,defensive_third,80.1048454932934,49.87116726399904,60.39655306382761,30.233678229294355,34.92110403981846,0.8121578269274898,4.394429975188644,25.47544902400915,defensive_third,80.1048454932934,49.87116726399904,60.39655306382761,30.233678229294355,34.92110403981846,0.8121578269274898,4.394429975188644,27.02455097599085,-9.624555240188537,0.9988285,0.66,1,Italy,italy,Croatia - Italy,draw,1,1,False,0,0,0,0,0,opponent_on_ball,0,2225801666,7.318000000000211,46.2,62.018693955935575,20.72455097599085,18.08615153735782,2.471460991713214
6,5544221,1598,2225544692,1,interception,1H,1247.628,1,game_interruption,duel,0.9650000000001456,0.0120000000001709,Albania - Spain,1.9980000000000473,1.9980000000000473,0,0,3,0,0,1.9980000000000473,1.9980000000000473,0,0,3,0,0,9.351000000000113,8.491999999999962,2,1,3,0,0,10.859000000000153,9.45900000000006,2,1,3,0,1,10.859000000000153,9.45900000000006,2,1,3,0,1,59.53155945874891,middle_third,46.31725685112708,39.728912955041665,65.29519487978777,6.588343896085412,5.763635421038863,1.0,3.3613999469826807,59.53155945874891,middle_third,46.31725685112708,39.728912955041665,65.29519487978777,6.588343896085412,5.763635421038863,1.0,3.3613999469826807,59.53155945874891,middle_third,46.31725685112708,6.421031004659166,107.0184573491222,39.896225846467914,49.54837248813764,0.7431553673312793,4.280710927732638,59.53155945874891,middle_third,46.31725685112708,6.421031004659166,102.83464621437568,39.896225846467914,49.54837248813764,0.6439844480097997,3.6804636389730825,59.53155945874891,middle_third,46.31725685112708,6.421031004659166,102.83464621437568,39.896225846467914,49.54837248813764,0.6439844480097997,3.6804636389730825,-7.031559458748909,-8.826618659486343,0.99921393,0.66,1,Spain,spain,Albania - Spain,spain,0,1,True,1,1,1,1,1,shot,0,2225544712,10.859000000000151,82.95,27.432551831719923,23.418440541251094,18.884705019407154,1.7390832507051193
6,5544221,1598,2225546356,1,duel_regain,1H,1319.212,1,opponent_on_ball,pass,1.9790000000000416,0.0119999999999436,Albania - Spain,1.9790000000000416,1.9790000000000416,1,0,0,0,0,3.5470000000000255,3.5470000000000255,2,0,0,0,0,9.435999999999922,9.435999999999922,3,0,0,0,0,11.720000000000027,11.720000000000027,4,0,0,0,0,11.720000000000027,11.720000000000027,4,0,0,0,0,44.33909368435694,middle_third,61.96114682083331,52.16820940971004,52.9129503625375,9.792937411123267,8.573856678180562,1.0,5.100488234959843,44.33909368435694,middle_third,61.96114682083331,41.98089117030106,63.04922954522125,19.98025565053225,18.710135860864312,1.0,5.741452773141421,44.33909368435694,middle_third,61.96114682083331,11.531566548972606,92.34878249319164,50.4295802718607,50.58584735057248,0.9106494755315384,5.364848965091512,44.33909368435694,middle_third,61.96114682083331,11.531566548972606,86.4027277853126,50.4295802718607,50.58584735057248,0.8110506232918184,4.317601050672982,44.33909368435694,middle_third,61.96114682083331,11.531566548972606,86.4027277853126,50.4295802718607,50.58584735057248,0.8110506232918184,4.317601050672982,8.16090631564306,-12.62688244649631,0.9957509,0.66,1,Spain,spain,Albania - Spain,spain,0,1,True,0,0,1,1,0,opponent_on_ball,0,2225544767,12.721000000000004,96.6,9.65492620375734,52.260906315643055,52.306220617075965,4.111801007552547
6,5544221,8731,2225544769,1,interception,1H,1339.675,0,window_end,duel,2.1200000000001182,0.0050000000001091,Albania - Spain,2.0,2.0,0,0,0,0,0,4.7029999999999745,4.7029999999999745,1,0,2,0,0,6.296000000000049,6.296000000000049,1,0,2,0,0,6.296000000000049,6.296000000000049,1,0,2,0,0,6.296000000000049,6.296000000000049,1,0,2,0,0,34.336672363816106,defensive_third,70.66482438038527,70.5805664473859,28.65190962265551,0.084257932999364,0.1044663769445932,0.0143722897571761,0.0429887413262053,34.336672363816106,defensive_third,70.66482438038527,44.77900668756824,60.480038744670466,25.885817692817028,26.14336638085436,0.6684742206687558,5.531157626670499,34.336672363816106,defensive_third,70.66482438038527,35.416606073646044,70.78211309869316,35.248218306739226,36.44544073487705,0.7330224985777097,5.612773615722831,34.336672363816106,defensive_third,70.66482438038527,35.416606073646044,70.78211309869316,35.248218306739226,36.44544073487705,0.7330224985777097,5.612773615722831,34.336672363816106,defensive_third,70.66482438038527,35.416606073646044,70.78211309869316,35.248218306739226,36.44544073487705,0.7330224985777097,5.612773615722831,-18.163327636183897,0.4599261810581367,0.98872536,0.66,1,Albania,albania,Albania - Spain,spain,0,1,False,0,0,0,0,0,window_end_20s,1,,6.296000000000049,70.78211309869316,35.416606073646044,36.44544073487705,35.248218306739226,5.598509896241892
6,5544221,1598,2225544976,1,duel_regain,1H,2023.837,1,opponent_on_ball,pass,2.145999999999958,0.002999999999929,Albania - Spain,0.0550000000000636,0.0550000000000636,0,0,0,0,0,4.935999999999922,4.935999999999922,2,1,0,0,0,9.660000000000082,8.643000000000029,3,1,0,0,0,9.660000000000082,8.643000000000029,3,1,0,0,0,9.660000000000082,8.643000000000029,3,1,0,0,0,52.86451557354331,middle_third,53.771139297326606,53.65949867280062,53.00966969987337,0.1116406245259824,0.1451541263300626,1.0,2.7910156131362345,52.86451557354331,middle_third,53.771139297326606,18.205575487406808,97.08415976975232,35.565563809919794,44.219644196209025,0.9999999999999996,7.2287731320974125,52.86451557354331,middle_third,53.771139297326606,2.199389532196054,110.3059432031656,51.571749765130555,57.441427629622304,0.8371591054210188,5.557300621242533,52.86451557354331,middle_third,53.771139297326606,2.199389532196054,110.3059432031656,51.571749765130555,57.441427629622304,0.8371591054210188,5.557300621242533,52.86451557354331,middle_third,53.771139297326606,2.199389532196054,110.3059432031656,51.571749765130555,57.441427629622304,0.8371591054210188,5.557300621242533,-0.3645155735433079,-13.161560885821746,0.99961865,0.66,1,Spain,spain,Albania - Spain,spain,0,1,True,0,0,1,1,0,opponent_on_ball,0,2225545049,12.360000000000127,102.9,7.769195582555505,50.0354844264567,46.0019437147711,3.721840106373028
6,5544221,8731,2225545142,1,duel_regain,1H,2310.492,0,opponent_on_ball,none,,0.0120000000001709,Albania - Spain,0.168999999999869,0.168999999999869,0,0,0,0,0,0.168999999999869,0.168999999999869,0,0,0,0,0,9.070999999999913,9.070999999999913,1,1,0,0,0,9.070999999999913,9.070999999999913,1,1,0,0,0,15.673999999999978,15.673999999999978,1,1,1,0,0,18.19951438898694,defensive_third,88.05483186832483,87.80826489186225,18.46350979236926,0.2465669764625744,0.2639954033823173,1.0,3.0820872057849833,18.19951438898694,defensive_third,88.05483186832483,87.80826489186225,18.46350979236926,0.2465669764625744,0.2639954033823173,1.0,3.0820872057849833,18.19951438898694,defensive_third,88.05483186832483,37.97873352681547,75.49714771015853,50.07609834150936,57.29763332117159,1.0,5.539391409459022,18.19951438898694,defensive_third,88.05483186832483,37.97873352681547,75.49714771015853,50.07609834150936,57.29763332117159,1.0,5.539391409459022,18.19951438898694,defensive_third,88.05483186832483,29.465187467945015,79.93173385578987,58.58964440037981,61.73221946680293,0.8759102711624812,3.7557464359218047,-34.30048561101306,-14.809764111938703,0.9858409,0.66,1,Albania,albania,Albania - Spain,spain,0,1,False,0,0,0,1,0,opponent_on_ball,0,2225545084,17.059999999999945,72.45,34.775280013250786,54.25048561101306,53.27955185507404,3.1230686902153697
6,5544221,1598,2225545345,1,interception,2H,2935.999,1,opponent_on_ball,pass,0.5470000000000255,0.0010000000002037,Albania - Spain,0.5470000000000255,0.5470000000000255,1,0,0,0,0,3.9329999999999927,3.9329999999999927,3,0,0,0,0,8.728000000000065,8.728000000000065,5,1,0,0,0,8.728000000000065,8.728000000000065,5,1,0,0,0,8.728000000000065,8.728000000000065,5,1,0,0,0,75.68157352078607,attacking_third,43.22612249228798,34.11431729368357,80.12410529315753,9.111805198604408,4.442531772371453,1.0,17.52270230500909,75.68157352078607,attacking_third,43.22612249228798,12.531278693353777,88.8342770099641,30.6948437989342,16.87613413135972,0.884506102499378,7.830317295646335,75.68157352078607,attacking_third,43.22612249228798,12.531278693353777,65.29765322937625,30.6948437989342,16.87613413135972,0.5300272529187541,3.5200508943730853,75.68157352078607,attacking_third,43.22612249228798,12.531278693353777,65.29765322937625,30.6948437989342,16.87613413135972,0.5300272529187541,3.5200508943730853,75.68157352078607,attacking_third,43.22612249228798,12.531278693353777,65.29765322937625,30.6948437989342,16.87613413135972,0.5300272529187541,3.5200508943730853,-23.18157352078607,31.76361966938296,0.99671894,0.66,1,Spain,spain,Albania - Spain,spain,0,1,True,0,0,1,1,0,opponent_on_ball,0,2225545337,9.426000000000386,91.35,14.067071479167232,15.66842647921392,29.159051013120745,3.0934702963207674
6,5544221,8731,2225545391,0,duel_regain,2H,3089.297,0,window_end,pass,2.3849999999997635,0.0169999999998253,Albania - Spain,2.0,2.0,0,0,0,0,0,4.153999999999996,4.153999999999996,2,0,0,0,0,8.583999999999833,8.583999999999833,4,0,0,0,0,11.49499999999989,11.49499999999989,5,0,0,0,0,11.49499999999989,11.49499999999989,5,0,0,0,0,24.796049381561673,defensive_third,86.42079456928964,71.73459705975604,36.07264872721272,14.6861975095336,11.27659934565105,0.999063914877484,7.492957913027207,24.796049381561673,defensive_third,86.42079456928964,57.84322319818083,47.89454960183189,28.57757137110881,23.098500220270218,0.9995187208481122,6.9363037308518365,24.796049381561673,defensive_third,86.42079456928964,39.201825404081646,76.93355163601649,47.218969165207994,52.137502254454816,0.991125828067561,5.516234715561716,24.796049381561673,defensive_third,86.42079456928964,29.824351169158195,81.90806785306371,56.59644340013145,59.349625043182854,0.9925852887916814,4.9472415559555225,24.796049381561673,defensive_third,86.42079456928964,29.824351169158195,81.90806785306371,56.59644340013145,59.349625043182854,0.9925852887916814,4.9472415559555225,-27.703950618438327,-32.18509032428632,0.91510624,0.66,1,Albania,albania,Albania - Spain,spain,0,1,False,0,0,0,1,0,window_end_20s,1,,11.49499999999989,81.80625250645045,29.796788241205693,57.010203124888776,56.62400632808395,4.925968362599781
6,5544221,8731,2225545688,1,duel_regain,2H,3868.123,0,opponent_on_ball,pass,1.8959999999997308,0.0030000000001564,Albania - Spain,1.8959999999997308,1.8959999999997308,1,0,0,0,0,1.8959999999997308,1.8959999999997308,1,0,0,0,0,8.454999999999927,8.454999999999927,2,0,1,0,0,10.521999999999936,10.51700000000028,2,1,1,0,0,10.521999999999936,10.51700000000028,2,1,1,0,0,57.89370092951159,middle_third,54.74708420355248,31.202753949592783,77.02499091077286,23.5443302539597,19.13128998126127,1.0,12.795831659759694,57.89370092951159,middle_third,54.74708420355248,31.202753949592783,77.02499091077286,23.5443302539597,19.13128998126127,1.0,12.795831659759694,57.89370092951159,middle_third,54.74708420355248,24.7005063267522,81.17847369179742,30.046577876800285,25.960989875309203,0.4568522912543338,3.5769735567619,57.89370092951159,middle_third,54.74708420355248,10.20733483173968,104.54089357860347,44.5397493718128,46.6471926490919,0.5549304132272147,4.24997608509645,57.89370092951159,middle_third,54.74708420355248,10.20733483173968,104.54089357860347,44.5397493718128,46.6471926490919,0.5549304132272147,4.24997608509645,5.3937009295115885,27.896949952863437,0.99957615,0.66,1,Albania,albania,Albania - Spain,spain,0,1,False,0,0,1,1,0,opponent_on_ball,0,2225545682,11.485999999999876,84.0,24.656163529632913,26.10629907048841,30.09092067391957,2.619791108647039
6,5544221,1598,2225545885,1,interception,2H,4533.39,1,opponent_on_ball,pass,2.0450000000000728,0.0099999999993087,Albania - Spain,2.0,2.0,0,0,0,0,0,2.912999999999556,2.912999999999556,2,0,0,0,0,6.006999999999607,5.9299999999993815,3,0,0,0,0,6.006999999999607,5.9299999999993815,3,0,0,0,0,6.006999999999607,5.9299999999993815,3,0,0,0,0,88.55576507706027,attacking_third,25.382218286347445,24.611467967461486,86.48754936889014,0.770750318885959,0.0,0.0968580478542115,0.3932399586150954,88.55576507706027,attacking_third,25.382218286347445,14.32047785908982,93.70674859055174,11.061740427257623,5.355767290182769,0.5855137408524336,3.8949790236820623,88.55576507706027,attacking_third,25.382218286347445,5.756641270914056,105.02293155661536,19.62557701543339,16.467166479555075,0.665371199114938,3.292882049568838,88.55576507706027,attacking_third,25.382218286347445,5.756641270914056,105.02293155661536,19.62557701543339,16.467166479555075,0.665371199114938,3.292882049568838,88.55576507706027,attacking_third,25.382218286347445,5.756641270914056,105.02293155661536,19.62557701543339,16.467166479555075,0.665371199114938,3.292882049568838,-36.05576507706027,-19.335049597426952,0.9863392,0.66,1,Spain,spain,Albania - Spain,spain,0,1,True,0,0,1,1,0,opponent_on_ball,0,2225545928,6.360999999999876,86.1,24.53201173976566,-2.4557650770602777,0.8502065465817843,0.13365925901301695
6,5544221,1598,2225545901,1,interception,2H,4571.586,1,opponent_on_ball,pass,1.0969999999997526,0.0140000000001236,Albania - Spain,1.0969999999997526,1.0969999999997526,1,0,0,0,0,3.479999999999563,3.479999999999563,2,0,0,0,0,6.243999999999687,6.243999999999687,2,1,0,0,0,11.398999999999432,11.398999999999432,3,2,0,0,0,17.130999999999403,17.130999999999403,3,2,1,0,1,35.42111043088004,middle_third,75.50377600012463,70.18128793342314,41.45783557098227,5.322488066701496,6.036725140102227,1.0,4.928229691390606,35.42111043088004,middle_third,75.50377600012463,60.937042883827544,50.274225510363074,14.566733116297089,14.853115079483032,1.0,4.23451544078453,35.42111043088004,middle_third,75.50377600012463,39.15200812595868,67.88080691621916,36.35176787416595,32.459696485339116,1.0,5.863188366801132,35.42111043088004,middle_third,75.50377600012463,17.949001275237457,88.57168683540704,57.554774724887174,53.150576404526994,0.962572268912255,5.066441437050074,35.42111043088004,middle_third,75.50377600012463,9.370780084173044,71.40654298121586,66.13299591595158,63.36895020973399,0.6865540221085343,3.871955264399992,17.07888956911996,-29.318907152300326,0.9961451,0.66,1,Spain,spain,Albania - Spain,spain,0,1,True,1,0,1,1,1,shot,0,2225545916,17.130999999999403,81.9,24.280864893985957,46.478889569119964,51.222911106138675,2.9900712804938685
6,5544221,8731,2225545939,0,interception,2H,4588.81,0,window_end,pass,3.9769999999998618,0.0100000000002182,Albania - Spain,2.0,2.0,0,0,0,0,0,3.9769999999998618,3.9769999999998618,1,0,0,0,0,9.582999999999627,9.582999999999627,2,0,0,0,0,13.657999999999449,13.657999999999449,3,0,0,0,0,18.02899999999954,17.06999999999971,4,1,0,0,0,34.24829932423876,defensive_third,72.52980723898435,65.09274279353308,44.88561755081243,7.43706444545127,10.637318226573669,1.0,3.794420635434251,34.24829932423876,defensive_third,72.52980723898435,58.06006996339609,55.749268155770125,14.469737275588258,21.500968831531367,1.0,3.6912595090785687,34.24829932423876,defensive_third,72.52980723898435,15.82462714413899,99.51256998211136,56.70518009484536,65.2642706578726,1.0,5.95642648055071,34.24829932423876,defensive_third,72.52980723898435,15.325653096181547,81.42592909105592,57.2041541428028,69.2244385678197,0.8031609638106233,4.20618780461774,34.24829932423876,defensive_third,72.52980723898435,3.0748438067308275,109.62487640653464,69.45496343225352,75.37657708229588,0.6332959242847979,3.8672028637112126,-18.25170067576124,-15.9615096282185,0.92620265,0.66,1,Albania,albania,Albania - Spain,spain,0,1,False,0,0,1,1,0,window_end_20s,1,,18.02899999999954,109.66206793304704,15.781909294051538,75.41376860880828,56.74789794493281,3.1475898799120445
6,5544221,1598,2225546384,0,duel_regain,2H,4819.835,1,opponent_on_ball,pass,0.8339999999998327,0.0050000000001091,Albania - Spain,0.8339999999998327,0.8339999999998327,1,0,0,0,0,4.5460000000002765,4.5460000000002765,3,0,0,0,0,8.126000000000204,8.126000000000204,4,1,0,0,0,13.623999999999796,13.623999999999796,5,1,1,0,0,13.623999999999796,13.623999999999796,5,1,1,0,0,42.42349836694849,middle_third,62.77795069812836,57.37753255629702,51.04052022722446,5.400418141831338,8.617021860275969,1.0,6.750522677295312,42.42349836694849,middle_third,62.77795069812836,41.12328599778556,70.87236506678663,21.6546647003428,28.448866699838135,1.0,4.790855022199271,42.42349836694849,middle_third,62.77795069812836,26.44095730544668,80.19997977802637,36.33699339268168,37.77648141107788,1.0000000000000009,4.474999186290907,42.42349836694849,middle_third,62.77795069812836,18.266927912938208,84.39595950355519,44.51102278519015,44.77218025154224,0.8995553792373561,3.2728693224403647,42.42349836694849,middle_third,62.77795069812836,18.266927912938208,84.39595950355519,44.51102278519015,44.77218025154224,0.8995553792373561,3.2728693224403647,10.076501633051508,-5.025190267575589,0.9957504,0.66,1,Spain,spain,Albania - Spain,spain,0,1,True,0,0,1,1,0,opponent_on_ball,0,2225545988,17.20299999999952,84.0,21.09885304939584,41.57650163305151,41.67909764873252,2.4227807736286513
6,5544221,8731,2225546025,0,interception,2H,4967.585,0,game_interruption,pass,1.9329999999999927,0.0150000000003274,Albania - Spain,1.9329999999999927,1.9329999999999927,1,0,0,0,0,4.86200000000008,4.86200000000008,2,0,0,0,0,6.878999999999905,6.878999999999905,2,0,0,0,0,14.161000000000058,11.9350000000004,3,1,0,0,0,17.188000000000102,11.9350000000004,3,1,1,0,1,45.69899841760691,middle_third,60.18387210490985,52.29204893468906,54.70545877276819,7.891823170220789,9.006460355161288,0.9917482772451424,4.197778282034122,45.69899841760691,middle_third,60.18387210490985,33.40238999769095,74.79401013474856,26.7814821072189,29.095011717141652,0.9975541917301572,5.533364071739276,45.69899841760691,middle_third,60.18387210490985,22.954122266345394,87.98484364801743,37.22974983856446,42.28584523041052,0.9982393821516812,5.442945882830945,45.69899841760691,middle_third,60.18387210490985,4.300914237577604,105.8316125183828,55.88295786733225,60.13261410077589,0.8558886304951295,4.641441683333608,45.69899841760691,middle_third,60.18387210490985,4.300914237577604,105.8316125183828,55.88295786733225,60.13261410077589,0.8558886304951295,4.641441683333608,-6.801001582393091,-10.27081656272562,0.9831755,0.66,1,Albania,albania,Albania - Spain,spain,0,1,False,1,0,1,1,1,shot,0,2225546042,17.188000000000102,96.6,14.289632605494099,50.901001582393086,45.894239499415754,2.6701326215624555
6,5544221,8731,2225546052,1,duel_regain,2H,5067.752,0,opponent_on_ball,interception,1.832999999999629,0.0079999999998108,Albania - Spain,1.832999999999629,1.832999999999629,0,0,0,0,0,4.3989999999994325,4.3989999999994325,3,0,0,0,0,6.093999999999141,6.093999999999141,4,0,0,0,0,6.093999999999141,6.093999999999141,4,0,0,0,0,6.093999999999141,6.093999999999141,4,0,0,0,0,39.16296710047574,middle_third,68.59131148819351,40.70813525388367,69.05014545960373,27.883176234309843,29.887178359127983,1.0,15.49065346351173,39.16296710047574,middle_third,68.59131148819351,27.09028524006015,79.67418306688188,41.50102624813336,43.77574456149651,0.9288070733604866,9.518584001866165,39.16296710047574,middle_third,68.59131148819351,27.09028524006015,74.79228444019512,41.50102624813336,43.77574456149651,0.8413670130051505,6.825826685548331,39.16296710047574,middle_third,68.59131148819351,27.09028524006015,74.79228444019512,41.50102624813336,43.77574456149651,0.8413670130051505,6.825826685548331,39.16296710047574,middle_third,68.59131148819351,27.09028524006015,74.79228444019512,41.50102624813336,43.77574456149651,0.8413670130051505,6.825826685548331,-13.33703289952426,19.24196223510863,0.9827959,0.66,1,Albania,albania,Albania - Spain,spain,0,1,False,0,0,0,1,0,opponent_on_ball,0,2225546126,10.125999999999294,82.95,27.432551831719923,43.78703289952426,41.15875965647359,4.064661234098011
6,5544222,2413,2226418528,1,duel_regain,1H,572.335,0,window_end,touch,0.65199999999993,0.0149999999999863,England - Slovenia,0.65199999999993,0.65199999999993,0,1,0,0,0,0.65199999999993,0.65199999999993,0,1,0,0,0,7.355999999999995,7.355999999999995,1,1,0,0,0,7.355999999999995,7.355999999999995,1,1,0,0,0,7.355999999999995,7.355999999999995,1,1,0,0,0,40.360736314987605,middle_third,67.20820033231563,57.531226768041854,50.07366751662153,9.676973564273773,9.712931201633928,1.0,16.12828927378901,40.360736314987605,middle_third,67.20820033231563,57.531226768041854,50.07366751662153,9.676973564273773,9.712931201633928,1.0,16.12828927378901,40.360736314987605,middle_third,67.20820033231563,11.837010287414495,88.85299711007738,55.371190044901134,52.81077230931548,0.7822174416693461,7.564370224713335,40.360736314987605,middle_third,67.20820033231563,11.837010287414495,88.85299711007738,55.371190044901134,52.81077230931548,0.7822174416693461,7.564370224713335,40.360736314987605,middle_third,67.20820033231563,11.837010287414495,88.85299711007738,55.371190044901134,52.81077230931548,0.7822174416693461,7.564370224713335,-12.139263685012397,-18.404015381652613,0.99296016,0.66,1,England,england,England - Slovenia,draw,0,0,False,0,0,1,1,0,window_end_20s,1,,7.355999999999995,88.85299711007738,27.25328558812411,48.49226079508978,39.95491474419151,5.431608855925984
6,5544222,12046,2226420296,1,duel_regain,1H,1709.779,1,opponent_on_ball,pass,4.096000000000004,0.0190000000000054,England - Slovenia,2.0,2.0,0,0,0,0,0,4.096000000000004,4.096000000000004,1,0,0,0,0,8.338999999999942,8.338999999999942,2,1,0,0,0,8.338999999999942,8.338999999999942,2,1,0,0,0,8.338999999999942,8.338999999999942,2,1,0,0,0,36.25744038243565,middle_third,68.7440002580902,56.32688031301186,48.703534627851624,12.417119945078332,12.446094245415978,1.0,6.3352652781010725,36.25744038243565,middle_third,68.7440002580902,32.77557171585567,72.55510804189265,35.96842854223453,36.297667659457005,1.0,8.90307637184031,36.25744038243565,middle_third,68.7440002580902,21.69584666737155,89.91630394935426,47.04815359071864,55.577552335692445,0.9699447030894528,5.682144153468454,36.25744038243565,middle_third,68.7440002580902,21.69584666737155,89.91630394935426,47.04815359071864,55.577552335692445,0.9699447030894528,5.682144153468454,36.25744038243565,middle_third,68.7440002580902,21.69584666737155,89.91630394935426,47.04815359071864,55.577552335692445,0.9699447030894528,5.682144153468454,16.242559617564353,0.4450491095557112,0.9992157,0.66,1,Slovenia,slovenia,England - Slovenia,draw,0,0,False,0,0,0,1,0,opponent_on_ball,0,2226418983,13.04099999999994,90.3,22.47420743875076,54.04255961756435,46.269792819339436,3.548024907548474
6,5544222,2413,2226419902,1,duel_regain,2H,5058.694,0,opponent_on_ball,free_kick,3.84099999999944,0.0140000000001236,England - Slovenia,1.375,1.375,0,0,0,0,0,3.84099999999944,3.84099999999944,0,0,0,0,0,9.03399999999965,9.03399999999965,1,1,0,0,0,11.951999999999316,11.951999999999316,2,1,0,0,0,11.951999999999316,11.951999999999316,2,1,0,0,0,18.96215076047761,defensive_third,87.00134505884006,83.8531246541953,21.773005303773186,3.1482204046447606,2.8108545432955765,0.868666192874788,2.3850154580647382,18.96215076047761,defensive_third,87.00134505884006,74.15768138129533,33.89680270729393,12.843663677544724,14.934651946816324,0.9163465612568366,3.3799114940905555,18.96215076047761,defensive_third,87.00134505884006,28.75813485034421,75.09672095769588,58.24321020849585,58.40715075936907,0.95330376879532,6.471467800943984,18.96215076047761,defensive_third,87.00134505884006,28.75813485034421,63.794046893643106,58.24321020849585,58.40715075936907,0.7491930591010271,4.886175353062075,18.96215076047761,defensive_third,87.00134505884006,28.75813485034421,63.794046893643106,58.24321020849585,58.40715075936907,0.7491930591010271,4.886175353062075,-33.537849239522394,-12.912108281941029,0.99757284,0.66,1,England,england,England - Slovenia,draw,0,0,False,0,0,0,1,0,opponent_on_ball,0,2226419476,13.907999999999447,76.65,30.366048475229693,57.68784923952239,56.63529658361037,4.072138092005509
6,5544223,17322,2226410952,1,duel_regain,1H,2018.238,1,opponent_on_ball,pass,0.92899999999986,0.0019999999999527,Denmark - Serbia,0.92899999999986,0.92899999999986,1,0,0,0,0,3.3209999999999127,3.3209999999999127,2,0,0,0,0,3.3209999999999127,3.3209999999999127,2,0,0,0,0,3.3209999999999127,3.3209999999999127,2,0,0,0,0,3.3209999999999127,3.3209999999999127,2,0,0,0,0,47.78365307058117,middle_third,57.76470865596712,51.25310714507621,54.15508685687308,6.511601510890912,6.371433786291917,1.0,7.077827729228693,47.78365307058117,middle_third,57.76470865596712,44.29827711639852,60.78457204065246,13.466431539568596,13.10853892180031,0.986659194218066,4.105619371819728,47.78365307058117,middle_third,57.76470865596712,44.29827711639852,60.78457204065246,13.466431539568596,13.10853892180031,0.986659194218066,4.105619371819728,47.78365307058117,middle_third,57.76470865596712,44.29827711639852,60.78457204065246,13.466431539568596,13.10853892180031,0.986659194218066,4.105619371819728,47.78365307058117,middle_third,57.76470865596712,44.29827711639852,60.78457204065246,13.466431539568596,13.10853892180031,0.986659194218066,4.105619371819728,4.716346929418833,7.940479214829892,0.9812149,0.66,1,Serbia,serbia,Denmark - Serbia,draw,0,0,False,0,0,0,0,0,opponent_on_ball,0,2226410588,5.808999999999969,47.25,57.94583764171505,-0.5336530705811668,-0.18112898574793235,0.0
6,5544223,7712,2226410842,1,interception,2H,2771.62,0,game_interruption,pass,2.6460000000001855,0.0199999999999818,Denmark - Serbia,2.0,1.9800000000000184,0,0,0,0,0,2.6460000000001855,2.6260000000002037,1,0,0,0,0,8.720000000000255,5.179999999999836,3,0,0,0,0,8.720000000000255,5.179999999999836,3,0,0,0,0,8.720000000000255,5.179999999999836,3,0,0,0,0,0.1176816531957669,defensive_third,105.94484304731117,101.49746634630144,6.591866306162181,4.447376701009716,6.568655762043264,0.8841952105442257,2.2690697454130784,0.1176816531957669,defensive_third,105.94484304731117,101.49746634630144,6.570879120186774,4.447376701009716,6.568655762043264,0.7818252104434067,1.7105295003881131,0.1176816531957669,defensive_third,105.94484304731117,46.22088254663658,69.12634228483756,59.72396050067457,69.00866063164179,0.9484646468409248,6.880640610676563,0.1176816531957669,defensive_third,105.94484304731117,46.22088254663658,69.12634228483756,59.72396050067457,69.00866063164179,0.9484646468409248,6.880640610676563,0.1176816531957669,defensive_third,105.94484304731117,46.22088254663658,69.12634228483756,59.72396050067457,69.00866063164179,0.9484646468409248,6.880640610676563,-52.38231834680423,14.966932435172104,0.99733883,0.66,1,Denmark,denmark,Denmark - Serbia,draw,0,0,False,0,0,0,0,0,game_interruption,0,2226411280,12.204999999999927,33.599999999999994,79.08198277736845,33.48231834680423,26.862860269942715,2.2009717550137546
6,5544223,17322,2226411335,1,duel_regain,2H,3167.393,1,window_end,pass,0.8000000000001819,0.0070000000000618,Denmark - Serbia,1.6170000000001892,1.6170000000001892,2,0,0,0,0,1.6170000000001892,1.6170000000001892,2,0,0,0,0,8.541000000000167,6.941000000000258,3,0,0,0,0,8.541000000000167,6.941000000000258,3,0,0,0,0,8.541000000000167,6.941000000000258,3,0,0,0,0,72.71439900143498,attacking_third,35.68399123942287,17.034529161266782,91.25105309442291,18.64946207815609,18.536654092987945,1.0,11.65591379884822,72.71439900143498,attacking_third,35.68399123942287,17.034529161266782,91.25105309442291,18.64946207815609,18.536654092987945,1.0,11.65591379884822,72.71439900143498,attacking_third,35.68399123942287,0.8370925769601834,100.65522709284544,34.84689866246269,35.61812614958056,0.7724069882014769,4.0900115801012635,72.71439900143498,attacking_third,35.68399123942287,0.8370925769601834,100.65522709284544,34.84689866246269,35.61812614958056,0.7724069882014769,4.0900115801012635,72.71439900143498,attacking_third,35.68399123942287,0.8370925769601834,100.65522709284544,34.84689866246269,35.61812614958056,0.7724069882014769,4.0900115801012635,-20.214399001434984,-15.198263023670355,0.98890746,0.66,1,Serbia,serbia,Denmark - Serbia,draw,0,0,False,0,0,1,1,0,window_end_20s,1,,8.541000000000167,100.65522709284545,5.997535729321259,27.940828091410467,29.686455510101617,3.47575875308524
6,5544223,7712,2226411079,1,duel_regain,2H,3526.929,0,opponent_on_ball,pass,1.8769999999999527,0.0090000000000145,Denmark - Serbia,1.8769999999999527,1.8769999999999527,1,0,0,0,0,3.8530000000000655,3.8530000000000655,1,0,1,0,0,3.8530000000000655,3.8530000000000655,1,0,1,0,0,3.8530000000000655,3.8530000000000655,1,0,1,0,0,3.8530000000000655,3.8530000000000655,1,0,1,0,0,63.48228260674324,middle_third,43.8835335746753,33.62446763326254,75.28436972853828,10.259065941412755,11.80208712179504,0.7084338448768572,5.575579315984753,63.48228260674324,middle_third,43.8835335746753,18.732489248304585,90.26454891542237,25.151044326370712,26.782266308679112,0.856255005454523,6.618695875360397,63.48228260674324,middle_third,43.8835335746753,18.732489248304585,90.26454891542237,25.151044326370712,26.782266308679112,0.856255005454523,6.618695875360397,63.48228260674324,middle_third,43.8835335746753,18.732489248304585,90.26454891542237,25.151044326370712,26.782266308679112,0.856255005454523,6.618695875360397,63.48228260674324,middle_third,43.8835335746753,18.732489248304585,90.26454891542237,25.151044326370712,26.782266308679112,0.856255005454523,6.618695875360397,10.98228260674324,-14.214206325128387,0.9972474,0.66,1,Denmark,denmark,Denmark - Serbia,draw,0,0,False,0,0,1,1,0,opponent_on_ball,0,2226411453,5.1159999999999854,69.3,38.9756282822997,5.817717393256757,4.907905292375595,0.9593247248584068
6,5544223,17322,2226411829,1,interception,2H,4920.544,1,opponent_on_ball,pass,1.7600000000002185,0.0159999999996216,Denmark - Serbia,1.7600000000002185,1.7600000000002185,1,0,0,0,0,4.679000000000087,4.679000000000087,2,0,0,0,0,8.985000000000582,8.985000000000582,2,0,1,0,0,13.398000000000138,13.398000000000138,3,0,1,0,0,13.398000000000138,13.398000000000138,3,0,1,0,0,26.792140059230135,defensive_third,78.92586472919189,74.23856792726932,33.54700387144743,4.687296801922571,6.754863812217295,0.9710002197512988,2.790057620191523,26.792140059230135,defensive_third,78.92586472919189,58.15466599088161,54.027613450003365,20.771198738310275,27.23547339077323,0.9933054852071684,4.4765514522217265,26.792140059230135,defensive_third,78.92586472919189,26.1950714124952,80.04798250434592,52.73079331669669,53.25584244511579,0.9973522188507298,5.88513318266642,26.792140059230135,defensive_third,78.92586472919189,24.668166462786065,68.6604330765998,54.257698266405825,53.583748094338105,0.7786188756643369,4.061204960060139,26.792140059230135,defensive_third,78.92586472919189,24.668166462786065,68.6604330765998,54.257698266405825,53.583748094338105,0.7786188756643369,4.061204960060139,25.707859940769865,10.621806189891572,0.9991755,0.66,1,Serbia,serbia,Denmark - Serbia,draw,0,0,False,0,0,0,1,0,opponent_on_ball,0,2226411513,15.44000000000051,80.85,25.49133382151668,54.05785994076986,53.43453090767521,3.460785680548798
6,5544223,17322,2226411879,1,duel_regain,2H,5320.487,1,opponent_on_ball,touch,1.800000000000182,0.0070000000005165,Denmark - Serbia,1.800000000000182,1.800000000000182,0,1,0,0,0,1.800000000000182,1.800000000000182,0,1,0,0,0,7.585000000000036,6.992999999999483,1,1,0,0,0,7.585000000000036,6.992999999999483,1,1,0,0,0,7.585000000000036,6.992999999999483,1,1,0,0,0,64.57490730850314,middle_third,47.52902595323977,40.80231050928012,73.26618336550067,6.726715443959648,8.691276056997523,1.0,3.8219974113402353,64.57490730850314,middle_third,47.52902595323977,40.80231050928012,73.26618336550067,6.726715443959648,8.691276056997523,1.0,3.8219974113402353,64.57490730850314,middle_third,47.52902595323977,0.5448044216907928,106.3887269917048,46.984221531548975,42.24365223365483,0.902542418858316,6.383725751569438,64.57490730850314,middle_third,47.52902595323977,0.5448044216907928,106.3887269917048,46.984221531548975,42.24365223365483,0.902542418858316,6.383725751569438,64.57490730850314,middle_third,47.52902595323977,0.5448044216907928,106.3887269917048,46.984221531548975,42.24365223365483,0.902542418858316,6.383725751569438,-12.074907308503144,-24.9964035202592,0.9996618,0.66,1,Serbia,serbia,Denmark - Serbia,draw,0,0,False,0,0,1,1,0,opponent_on_ball,0,2226411604,8.105999999999767,81.9,29.507619355007268,17.325092691496863,18.0214065982325,2.223218183843205
6,5544224,9109,2226368692,1,duel_regain,1H,290.469,1,opponent_on_ball,duel,1.3480000000000132,0.0110000000000241,Netherlands - Austria,1.3480000000000132,1.3480000000000132,0,0,1,0,0,4.749000000000024,4.749000000000024,1,0,1,0,0,8.103999999999985,8.103999999999985,3,0,1,0,0,12.975000000000025,12.975000000000025,5,0,1,0,0,12.975000000000025,12.975000000000025,5,0,1,0,0,66.67255528190393,middle_third,50.287333018375115,50.287333018375115,59.83162431098085,0.0,0.0,0.0,0.0,66.67255528190393,middle_third,50.287333018375115,36.25263020972398,71.5104856199589,14.034702808651131,4.837930338054974,0.5620835347221862,2.973453984883734,66.67255528190393,middle_third,50.287333018375115,18.54554890563176,94.07738227534328,31.741784112743357,27.404826993439343,0.7437827348648285,3.928438627814779,66.67255528190393,middle_third,50.287333018375115,6.528208485244361,94.14875945583768,43.75912453313075,31.799351769490585,0.6982855324308944,3.376475658420588,66.67255528190393,middle_third,50.287333018375115,6.528208485244361,94.14875945583768,43.75912453313075,31.799351769490585,0.6982855324308944,3.376475658420588,-14.172555281903932,-32.554920418920545,0.9977182,0.66,1,Austria,austria,Netherlands - Austria,austria,2,3,True,0,0,1,1,0,opponent_on_ball,0,2226368310,14.536000000000001,97.65,9.5643557022938,30.97744471809608,40.72297731608131,2.801525682174003
6,5544224,9109,2226368850,0,duel_regain,1H,843.596,1,game_interruption,duel,1.0019999999999527,0.004000000000019,Netherlands - Austria,1.937999999999988,1.937999999999988,0,0,2,0,0,1.937999999999988,1.937999999999988,0,0,2,0,0,9.650999999999954,9.650999999999954,2,0,2,0,0,14.05600000000004,13.364000000000033,4,0,2,0,0,14.05600000000004,13.364000000000033,4,0,2,0,0,38.55941622932514,middle_third,66.63557347478513,64.3634474018774,40.71664853763217,2.2721260729077386,2.15723230830703,1.0,1.183398996306139,38.55941622932514,middle_third,66.63557347478513,64.3634474018774,40.71664853763217,2.2721260729077386,2.15723230830703,1.0,1.183398996306139,38.55941622932514,middle_third,66.63557347478513,24.318120941537476,87.50806439648122,42.31745253324766,48.94864816715608,0.9988080440197572,4.38977723373939,38.55941622932514,middle_third,66.63557347478513,22.195576655422165,106.67008504618516,44.43999681936297,68.11066881686003,0.9461734009380284,3.165241938701074,38.55941622932514,middle_third,66.63557347478513,22.195576655422165,106.67008504618516,44.43999681936297,68.11066881686003,0.9461734009380284,3.165241938701074,13.940583770674865,-5.093965108383195,0.99261606,0.66,1,Austria,austria,Netherlands - Austria,austria,2,3,True,0,0,0,1,0,game_interruption,0,2226368418,18.985000000000014,105.0,23.12,66.44058377067486,43.51557347478513,2.2921028956958174
6,5544224,664,2226368994,1,duel_regain,2H,2767.739,0,window_end,none,,0.018999999999778,Netherlands - Austria,1.1549999999997451,1.1549999999997451,0,0,0,0,0,1.1549999999997451,1.1549999999997451,0,0,0,0,0,9.699999999999818,8.7800000000002,1,0,1,0,1,9.699999999999818,8.7800000000002,1,0,1,0,1,9.699999999999818,8.7800000000002,1,0,1,0,1,68.03031746296912,middle_third,37.33229469306763,28.276169993020904,77.08612693378052,9.056124700046729,9.055809470811395,1.0,8.085825625042508,68.03031746296912,middle_third,37.33229469306763,28.276169993020904,77.08612693378052,9.056124700046729,9.055809470811395,1.0,8.085825625042508,68.03031746296912,middle_third,37.33229469306763,0.5338046937428919,95.26652574579045,36.79848999932474,39.2319619628726,0.6914809978090696,3.817270746817969,68.03031746296912,middle_third,37.33229469306763,0.5338046937428919,95.26652574579045,36.79848999932474,39.2319619628726,0.6914809978090696,3.817270746817969,68.03031746296912,middle_third,37.33229469306763,0.5338046937428919,95.26652574579045,36.79848999932474,39.2319619628726,0.6914809978090696,3.817270746817969,15.530317462969125,-5.190645447456411,0.99849665,0.66,1,Netherlands,netherlands,Netherlands - Austria,austria,2,3,False,1,1,1,1,1,shot,0,2226369004,8.806999999999789,94.5,12.509596316428441,26.469682537030877,24.822698376639188,2.818519175274189
6,5544224,9109,2226369623,1,duel_regain,2H,3489.424,1,opponent_on_ball,pass,2.9050000000002,0.0160000000000763,Netherlands - Austria,2.0,2.0,0,0,0,0,0,2.9050000000002,2.9050000000002,1,0,0,0,0,6.300999999999931,6.300999999999931,2,0,1,0,0,6.300999999999931,6.300999999999931,2,0,1,0,0,6.300999999999931,6.300999999999931,2,0,1,0,0,50.87747676620951,middle_third,54.56051175698843,43.469765642222946,62.02859056698213,11.090746114765489,11.15111380077262,1.0,5.658543936104735,50.87747676620951,middle_third,54.56051175698843,40.75926243344186,64.28573571123644,13.801249323546571,13.523058409540411,0.9888567524056464,4.7921004595646,50.87747676620951,middle_third,54.56051175698843,31.025622972608502,79.2159329533522,23.534888784379927,28.338456187142683,0.728237143060382,3.747593755474391,50.87747676620951,middle_third,54.56051175698843,31.025622972608502,79.2159329533522,23.534888784379927,28.338456187142683,0.728237143060382,3.747593755474391,50.87747676620951,middle_third,54.56051175698843,31.025622972608502,79.2159329533522,23.534888784379927,28.338456187142683,0.728237143060382,3.747593755474391,1.6225232337904885,6.8994146122901086,0.9990108,0.66,1,Austria,austria,Netherlands - Austria,austria,2,3,True,0,0,0,1,0,opponent_on_ball,0,2226369206,8.24200000000019,64.05,41.15275081935594,13.172523233790486,13.407760937632496,1.626760608788181
6,5544224,9109,2226369771,1,interception,2H,4287.075,1,opponent_on_ball,clearance,2.824000000000524,0.0050000000001091,Netherlands - Austria,2.0,2.0,0,0,0,0,0,4.186000000000604,4.186000000000604,0,0,1,2,0,4.186000000000604,4.186000000000604,0,0,1,2,0,4.186000000000604,4.186000000000604,0,0,1,2,0,4.186000000000604,4.186000000000604,0,0,1,2,0,41.06556393076893,middle_third,64.2302372371158,49.93491137331368,55.06583209804914,14.29532586380212,14.000268167280211,1.0,7.293533603980538,41.06556393076893,middle_third,64.2302372371158,36.15275012170377,68.86408435659828,28.077487115412033,27.798520425829352,1.0,6.7493959412050515,41.06556393076893,middle_third,64.2302372371158,36.15275012170377,68.86408435659828,28.077487115412033,27.798520425829352,1.0,6.7493959412050515,41.06556393076893,middle_third,64.2302372371158,36.15275012170377,68.86408435659828,28.077487115412033,27.798520425829352,1.0,6.7493959412050515,41.06556393076893,middle_third,64.2302372371158,36.15275012170377,68.86408435659828,28.077487115412033,27.798520425829352,1.0,6.7493959412050515,11.434436069231069,6.15721203513268,0.97819155,0.66,1,Austria,austria,Netherlands - Austria,austria,2,3,True,0,0,0,0,0,opponent_on_ball,0,2226369438,9.259000000000015,60.9,44.183802461988265,19.834436069231067,20.046434775127537,2.16507557782995
6,5544224,9109,2226369834,1,duel_regain,2H,4439.851,1,opponent_on_ball,touch,2.566000000000713,0.0109999999995125,Netherlands - Austria,2.0,2.0,0,0,0,0,0,2.566000000000713,2.566000000000713,0,1,0,0,0,7.983000000000175,7.983000000000175,1,1,0,0,0,7.983000000000175,7.983000000000175,1,1,0,0,0,7.983000000000175,7.983000000000175,1,1,0,0,0,41.448172816455795,middle_third,65.08955016260714,49.7345091274986,56.66726774311544,15.355041035108542,15.219094926659643,1.0,7.8342046097491105,41.448172816455795,middle_third,65.08955016260714,45.00357674366359,61.02635703159165,20.085973418943553,19.57818421513585,1.0,7.970624372598143,41.448172816455795,middle_third,65.08955016260714,5.87228815598505,89.7758112169627,59.21726200662209,57.944104256738086,0.8182231532299958,7.476927021038074,41.448172816455795,middle_third,65.08955016260714,5.87228815598505,89.7758112169627,59.21726200662209,57.944104256738086,0.8182231532299958,7.476927021038074,41.448172816455795,middle_third,65.08955016260714,5.87228815598505,89.7758112169627,59.21726200662209,57.944104256738086,0.8182231532299958,7.476927021038074,11.051827183544203,14.064665015686783,0.9977791,0.66,1,Austria,austria,Netherlands - Austria,austria,2,3,True,0,0,1,1,0,opponent_on_ball,0,2226369495,9.84100000000035,76.65,28.423302060105534,35.20182718354421,36.666248102501605,3.7258660809369277
6,5544225,4418,2226397711,1,interception,1H,771.202,0,game_interruption,pass,4.979000000000042,0.0105260000000271,France - Poland,2.0,2.0,0,0,0,0,0,4.979000000000042,4.979000000000042,1,0,0,0,0,9.740000000000007,7.010526000000027,3,0,1,0,0,9.740000000000007,7.010526000000027,3,0,1,0,0,9.740000000000007,7.010526000000027,3,0,1,0,0,47.53207761837064,middle_third,57.73614164793326,50.05726032883404,55.06976802632686,7.678881319099219,7.537690407956227,0.8617497246867541,3.9177965913773063,47.53207761837064,middle_third,57.73614164793326,18.894415994959378,90.46925614856065,38.841725652973885,42.93717853019001,0.9692585786162454,7.83099307519647,47.53207761837064,middle_third,57.73614164793326,7.745175668487392,105.42746178326634,49.99096597944587,59.37980061406326,0.7410570482866866,5.1431034958277495,47.53207761837064,middle_third,57.73614164793326,7.745175668487392,105.42746178326634,49.99096597944587,59.37980061406326,0.7410570482866866,5.1431034958277495,47.53207761837064,middle_third,57.73614164793326,7.745175668487392,105.42746178326634,49.99096597944587,59.37980061406326,0.7410570482866866,5.1431034958277495,-4.967922381629364,-5.558772304136632,0.9997514,0.66,1,France,france,France - Poland,draw,1,1,False,0,0,1,1,0,game_interruption,0,2226398018,14.488000000000056,105.0,25.16,57.46792238162936,32.576141647933255,2.248491278846848
6,5544225,4418,2226397823,1,interception,1H,1116.788,0,game_interruption,none,,0.0154740000000401,France - Poland,2.0,2.0,0,0,0,0,0,2.661000000000058,2.661000000000058,0,0,0,0,0,9.769000000000004,9.769000000000004,1,0,0,0,1,14.186999999999898,11.546999999999798,2,0,0,0,1,14.186999999999898,11.546999999999798,2,0,0,0,1,65.80729643647462,middle_third,39.71255704728773,23.605831087086784,81.99429153229254,16.106725960200947,16.18699509581792,1.0,8.217717326632984,65.80729643647462,middle_third,39.71255704728773,18.17692985848152,87.89096168627779,21.535627188806213,22.083665249803175,1.0,8.2829335341558,65.80729643647462,middle_third,39.71255704728773,7.139693221146956,101.1110285944756,32.572863826140775,35.52688181851843,0.7657436664237307,3.35111767758649,65.80729643647462,middle_third,39.71255704728773,7.139693221146956,102.94584785583564,32.572863826140775,42.86864915007463,0.4836674834001018,2.3003434905466515,65.80729643647462,middle_third,39.71255704728773,7.139693221146956,102.94584785583564,32.572863826140775,42.86864915007463,0.4836674834001018,2.3003434905466515,13.307296436474616,6.404621348347412,0.99234277,0.66,1,France,france,France - Poland,draw,1,1,False,1,1,1,1,1,shot,0,2226397829,9.365000000000009,96.6,11.247684206093275,30.79270356352538,28.464872841194456,3.039495231307467
6,5544225,13869,2226398479,1,interception,1H,1884.508,1,opponent_on_ball,pass,3.793999999999869,0.0154740000000401,France - Poland,2.0,2.0,0,0,0,0,0,3.793999999999869,3.793999999999869,1,0,0,0,0,3.793999999999869,3.793999999999869,1,0,0,0,0,3.793999999999869,3.793999999999869,1,0,0,0,0,3.793999999999869,3.793999999999869,1,0,0,0,0,65.19089880660964,middle_third,47.067710480974355,38.31757509408099,71.65950824250304,8.750135386893362,6.4686094358933985,0.644098531097987,4.4643547892312245,65.19089880660964,middle_third,47.067710480974355,29.3887032409265,77.29395356226858,17.679007240047856,12.603657821655348,0.7852464497033623,4.701863627672314,65.19089880660964,middle_third,47.067710480974355,29.3887032409265,77.29395356226858,17.679007240047856,12.603657821655348,0.7852464497033623,4.701863627672314,65.19089880660964,middle_third,47.067710480974355,29.3887032409265,77.29395356226858,17.679007240047856,12.603657821655348,0.7852464497033623,4.701863627672314,65.19089880660964,middle_third,47.067710480974355,29.3887032409265,77.29395356226858,17.679007240047856,12.603657821655348,0.7852464497033623,4.701863627672314,-12.690898806609638,25.111846449339986,0.98955894,0.66,1,Poland,poland,France - Poland,draw,1,1,False,0,0,0,1,0,opponent_on_ball,0,2226398035,4.316000000000031,61.95,52.42622340012677,-3.2408988066096356,-5.3585129191524175,0.0
6,5544225,13869,2226398490,1,duel_regain,1H,1909.047,1,opponent_on_ball,duel,1.6359999999999673,0.0055259999999179,France - Poland,1.6359999999999673,1.6359999999999673,0,0,1,0,0,3.9249999999999545,3.9249999999999545,1,0,1,0,0,6.095000000000027,6.095000000000027,1,0,2,0,0,6.095000000000027,6.095000000000027,1,0,2,0,0,6.095000000000027,6.095000000000027,1,0,2,0,0,44.05906842323874,middle_third,61.25273312550606,46.57471628963504,58.77354956223514,14.67801683587102,14.714481138996398,1.0,9.173760522418606,44.05906842323874,middle_third,61.25273312550606,35.520857269198416,70.01544223823268,25.73187585630765,25.95637381499394,1.0,6.631926767089413,44.05906842323874,middle_third,61.25273312550606,34.76930055565573,63.26388970942575,26.48343256985033,26.47623799882932,0.7302592066871066,4.35582772530422,44.05906842323874,middle_third,61.25273312550606,34.76930055565573,63.26388970942575,26.48343256985033,26.47623799882932,0.7302592066871066,4.35582772530422,44.05906842323874,middle_third,61.25273312550606,34.76930055565573,63.26388970942575,26.48343256985033,26.47623799882932,0.7302592066871066,4.35582772530422,8.440931576761258,-6.1725338314966365,0.98928946,0.66,1,Poland,poland,France - Poland,draw,1,1,False,0,0,0,1,0,opponent_on_ball,0,2226398053,10.911000000000058,68.25,36.90694379110793,24.19093157676126,24.345789334398134,2.231306876949684
6,5544225,13869,2226398771,1,duel_regain,2H,2986.092,1,window_end,none,,0.0005259999998088,France - Poland,2.0,2.0,0,0,0,0,0,5.0,5.0,0,0,0,0,0,8.55199999999968,8.55199999999968,1,1,0,0,0,8.55199999999968,8.55199999999968,1,1,0,0,0,8.55199999999968,8.55199999999968,1,1,0,0,0,40.77424200503856,middle_third,66.28468805218442,40.31523561253461,65.62211423683793,25.969452439649817,24.84787223179937,1.0,13.24972063247415,40.77424200503856,middle_third,66.28468805218442,31.759388335522505,74.71504925863624,34.52529971666192,34.43593445845599,0.9731346546607722,6.9607459106172715,40.77424200503856,middle_third,66.28468805218442,31.759388335522505,72.728334441403,34.52529971666192,34.78446983145979,0.890820773229974,4.052265224960328,40.77424200503856,middle_third,66.28468805218442,31.759388335522505,72.728334441403,34.52529971666192,34.78446983145979,0.890820773229974,4.052265224960328,40.77424200503856,middle_third,66.28468805218442,31.759388335522505,72.728334441403,34.52529971666192,34.78446983145979,0.890820773229974,4.052265224960328,11.72575799496144,-16.392433624939528,0.9640773,0.66,1,Poland,poland,France - Poland,draw,1,1,False,0,0,0,1,0,window_end_20s,1,,8.55199999999968,72.65771152450208,35.39655220378616,31.883469519463517,30.888135848398264,3.6118026015434306
6,5544225,4418,2226398657,1,duel_regain,2H,3676.744,0,opponent_on_ball,pass,0.1999999999998181,0.0114740000003621,France - Poland,0.1999999999998181,0.1999999999998181,1,0,0,0,0,4.1349999999997635,4.1349999999997635,2,0,0,0,0,5.7409999999999854,5.7409999999999854,3,0,0,0,0,5.7409999999999854,5.7409999999999854,3,0,0,0,0,5.7409999999999854,5.7409999999999854,3,0,0,0,0,5.16246259735108,defensive_third,101.49449660507338,101.49449660507338,4.48119777530701,0.0,0.0,0.0,0.0,5.16246259735108,defensive_third,101.49449660507338,51.06618286362669,57.49982885789392,50.428313741446686,52.33736626054284,0.9385986231251592,12.359880818980876,5.16246259735108,defensive_third,101.49449660507338,45.16820901002205,63.60425367191431,56.326287595051326,58.44179107456323,0.944672290460496,9.916599928705711,5.16246259735108,defensive_third,101.49449660507338,45.16820901002205,63.60425367191431,56.326287595051326,58.44179107456323,0.944672290460496,9.916599928705711,5.16246259735108,defensive_third,101.49449660507338,45.16820901002205,63.60425367191431,56.326287595051326,58.44179107456323,0.944672290460496,9.916599928705711,-47.33753740264892,18.26469179843799,0.9808194,0.66,1,France,france,France - Poland,draw,1,1,False,0,0,0,0,0,opponent_on_ball,0,2226398964,8.836999999999989,55.65,52.65464936736357,50.48753740264892,48.83984723770981,5.526745189284811
6,5544225,4418,2226398669,1,interception,2H,3772.442,0,game_interruption,duel,2.8029999999998836,0.0105260000000271,France - Poland,2.0,2.0,0,0,0,0,0,2.8029999999998836,2.8029999999998836,0,0,1,0,0,5.391999999999825,5.391999999999825,0,0,1,0,0,10.422999999999774,6.890526000000136,1,0,1,0,0,10.422999999999774,6.890526000000136,1,0,1,0,0,55.70679481423057,middle_third,58.9517909958408,44.13589756801302,71.8030399434876,14.81589342782778,16.096245129257035,1.0,7.559129299911993,55.70679481423057,middle_third,58.9517909958408,38.868591535116,77.28213652582153,20.083199460724806,21.57534171159096,1.0,7.276521543740296,55.70679481423057,middle_third,58.9517909958408,16.13224624096189,96.52756560270228,42.81954475487891,40.82077078847171,0.9999999999999996,7.988721036358494,55.70679481423057,middle_third,58.9517909958408,3.010528752936358,105.11909820298774,55.94126224290444,51.81450869464822,0.4857823028704016,5.37896752335615,55.70679481423057,middle_third,58.9517909958408,3.010528752936358,105.11909820298774,55.94126224290444,51.81450869464822,0.4857823028704016,5.37896752335615,3.2067948142305696,32.334093216463174,0.9997842,0.66,1,France,france,France - Poland,draw,1,1,False,0,0,1,1,0,game_interruption,0,2226399008,13.68899999999985,105.0,12.92,49.29320518576943,46.0317909958408,3.3626847100475787
6,5544226,11944,2226787039,1,interception,1H,198.597,1,opponent_on_ball,pass,0.8949999999999818,0.0029999999999859,Slovakia - Romania,1.509999999999991,1.509999999999991,1,1,0,0,0,3.412000000000006,3.412000000000006,2,1,0,0,0,3.412000000000006,3.412000000000006,2,1,0,0,0,3.412000000000006,3.412000000000006,2,1,0,0,0,3.412000000000006,3.412000000000006,2,1,0,0,0,75.20345609157853,attacking_third,43.017954282059826,30.78820187952371,79.9868130302614,12.229752402536114,4.783356938682871,1.0,8.263346217929705,75.20345609157853,attacking_third,43.017954282059826,20.26121830274743,89.1152409498794,22.756735979312396,13.983081189549113,0.995185502509485,6.693157640974222,75.20345609157853,attacking_third,43.017954282059826,20.26121830274743,89.1152409498794,22.756735979312396,13.983081189549113,0.995185502509485,6.693157640974222,75.20345609157853,attacking_third,43.017954282059826,20.26121830274743,89.1152409498794,22.756735979312396,13.983081189549113,0.995185502509485,6.693157640974222,75.20345609157853,attacking_third,43.017954282059826,20.26121830274743,89.1152409498794,22.756735979312396,13.983081189549113,0.995185502509485,6.693157640974222,-22.703456091578538,-31.027574215959916,0.99345845,0.66,1,Romania,romania,Slovakia - Romania,draw,1,1,False,0,0,0,1,0,opponent_on_ball,0,2226786906,11.554999999999978,77.7,27.83673112992975,2.4965439084214722,15.181223152130077,1.31382286041801
6,5544226,14496,2226786913,1,interception,1H,246.054,0,game_interruption,touch,3.6159999999999854,0.01400000000001,Slovakia - Romania,2.0,2.0,0,0,0,0,0,3.6159999999999854,3.6159999999999854,0,1,0,0,0,8.457999999999998,8.457999999999998,1,1,0,0,0,12.27000000000001,10.585999999999984,2,1,1,0,0,12.27000000000001,10.585999999999984,2,1,1,0,0,36.75353108904089,middle_third,70.62133717909417,61.29603930354172,48.644124127705155,9.325297875552453,11.890593038664264,0.999522671885292,4.757805038547218,36.75353108904089,middle_third,70.62133717909417,53.36863593637943,60.28904683765168,17.252701242714743,23.53551574861079,0.9997419416660016,4.846264394021031,36.75353108904089,middle_third,70.62133717909417,31.07865711081871,93.34937925249083,39.54268006827546,56.59584816344994,0.999741988444616,4.707461912889948,36.75353108904089,middle_third,70.62133717909417,18.83110197171559,108.07920952330804,51.79023520737858,72.17005685072908,0.9998029919946282,4.231228366615904,36.75353108904089,middle_third,70.62133717909417,18.83110197171559,108.07920952330804,51.79023520737858,72.17005685072908,0.9998029919946282,4.231228366615904,-15.74646891095911,18.160196754132357,0.9994814,0.66,1,Slovakia,slovakia,Slovakia - Romania,draw,1,1,False,0,0,1,1,0,game_interruption,0,2226787073,13.772999999999996,105.0,21.08,68.24646891095911,49.54133717909417,3.5969895577647706
6,5544226,14496,2226787118,1,duel_regain,1H,1104.368,0,opponent_on_ball,pass,4.403999999999996,0.0080000000000381,Slovakia - Romania,2.0,2.0,0,0,0,0,0,4.403999999999996,4.403999999999996,1,0,0,0,0,4.403999999999996,4.403999999999996,1,0,0,0,0,11.981999999999973,11.981999999999973,1,0,2,0,0,11.981999999999973,11.981999999999973,1,0,2,0,0,25.166628599794095,defensive_third,79.84511907279453,61.44044402584795,44.27343935014522,18.40467504694658,19.106810750351123,1.0,9.3901403300757,25.166628599794095,defensive_third,79.84511907279453,42.058787303626595,66.98964680465983,37.78633176916794,41.82301820486573,1.0,8.666589855313946,25.166628599794095,defensive_third,79.84511907279453,42.058787303626595,66.98964680465983,37.78633176916794,41.82301820486573,1.0,8.666589855313946,25.166628599794095,defensive_third,79.84511907279453,27.06638370438602,92.38810795622749,52.77873536840851,72.53037713048239,0.9685101643577848,4.442654492290323,25.166628599794095,defensive_third,79.84511907279453,27.06638370438602,92.38810795622749,52.77873536840851,72.53037713048239,0.9685101643577848,4.442654492290323,-27.333371400205905,-1.3696169630670525,0.99925226,0.66,1,Slovakia,slovakia,Slovakia - Romania,draw,1,1,False,0,0,0,1,0,opponent_on_ball,0,2226787307,14.18600000000015,97.65,26.211602392833598,72.48337140020591,53.633516679960934,3.7807357028027893
6,5544226,11944,2226787710,1,duel_regain,1H,2534.6,1,game_interruption,pass,2.1330000000002656,0.0,Slovakia - Romania,2.0,2.0,0,0,0,0,0,4.996000000000095,4.996000000000095,1,1,0,0,0,9.383000000000266,8.263000000000375,1,1,1,0,1,9.383000000000266,8.263000000000375,1,1,1,0,1,9.383000000000266,8.263000000000375,1,1,1,0,1,55.641849532323874,middle_third,52.59684925069963,40.68564009521902,69.45838000132566,11.911209155480606,13.81653046900179,1.0,5.955604577740303,55.641849532323874,middle_third,52.59684925069963,22.53940605699266,87.02262748110167,30.05744319370697,31.38077794877779,1.0,6.059968385827973,55.641849532323874,middle_third,52.59684925069963,4.801316631490373,102.0551887670919,47.795532619209254,52.90857256069384,0.8124324189934363,5.106360322565021,55.641849532323874,middle_third,52.59684925069963,4.801316631490373,102.0551887670919,47.795532619209254,52.90857256069384,0.8124324189934363,5.106360322565021,55.641849532323874,middle_third,52.59684925069963,4.801316631490373,102.0551887670919,47.795532619209254,52.90857256069384,0.8124324189934363,5.106360322565021,-3.1418495323238744,18.17144830526906,0.99994063,0.66,1,Romania,romania,Slovakia - Romania,draw,1,1,False,1,1,1,1,1,shot,0,2226787728,9.383000000000266,91.35,14.694083843506549,35.70815046767612,37.90276540719308,4.039514590982842
6,5544226,14496,2226787667,1,duel_regain,2H,3216.585,1,opponent_on_ball,duel,1.84900000000016,0.0150009999997564,Slovakia - Romania,1.84900000000016,1.84900000000016,0,0,1,0,0,1.84900000000016,1.84900000000016,0,0,1,0,0,9.891000000000076,9.891000000000076,1,0,1,0,0,9.891000000000076,9.891000000000076,1,0,1,0,0,9.891000000000076,9.891000000000076,1,0,1,0,0,63.00690398589256,middle_third,47.56160223105182,44.03011925829637,67.70125234620531,3.5314829727554553,4.694348360312745,1.0,1.9619349848639436,63.00690398589256,middle_third,47.56160223105182,44.03011925829637,67.70125234620531,3.5314829727554553,4.694348360312745,1.0,1.9619349848639436,63.00690398589256,middle_third,47.56160223105182,12.569670588569137,99.26601565878536,34.99193164248268,36.259111672892786,1.0,3.556090614073391,63.00690398589256,middle_third,47.56160223105182,12.569670588569137,99.26601565878536,34.99193164248268,36.259111672892786,1.0,3.556090614073391,63.00690398589256,middle_third,47.56160223105182,12.569670588569137,99.26601565878536,34.99193164248268,36.259111672892786,1.0,3.556090614073391,-10.506903985892563,22.331276137622496,0.9991165,0.66,1,Slovakia,slovakia,Slovakia - Romania,draw,1,1,False,0,0,1,1,0,opponent_on_ball,0,2226787962,10.942000000000007,91.35,15.90308460645293,28.34309601410743,31.658517624598893,2.8933026525862613
6,5544226,14496,2226787759,1,duel_regain,2H,3500.753,1,opponent_on_ball,pass,1.4519999999997708,0.0070009999999456,Slovakia - Romania,1.4519999999997708,1.4519999999997708,1,0,0,0,0,2.599999999999909,2.599999999999909,2,0,0,0,0,8.867999999999938,8.867999999999938,2,1,1,0,0,8.867999999999938,8.867999999999938,2,1,1,0,0,8.867999999999938,8.867999999999938,2,1,1,0,0,45.84704734684383,middle_third,65.05148010675711,46.341225084408634,59.863317841684335,18.710255022348477,14.016270494840503,1.0,12.993232654408173,45.84704734684383,middle_third,65.05148010675711,38.30574154886661,66.70475605205665,26.745738557890505,20.857708705212826,1.0,10.4475541241762,45.84704734684383,middle_third,65.05148010675711,20.36207149307854,80.33529557016386,44.68940861367857,48.45702082832792,0.7533504168512871,5.055362965348432,45.84704734684383,middle_third,65.05148010675711,20.36207149307854,80.33529557016386,44.68940861367857,48.45702082832792,0.7533504168512871,5.055362965348432,45.84704734684383,middle_third,65.05148010675711,20.36207149307854,80.33529557016386,44.68940861367857,48.45702082832792,0.7533504168512871,5.055362965348432,6.65295265315617,-27.06701417765322,0.99978226,0.66,1,Slovakia,slovakia,Slovakia - Romania,draw,1,1,False,0,0,0,1,0,opponent_on_ball,0,2226787977,10.291999999999916,96.6,18.962067397834026,50.752952653156164,46.089412708923085,4.478178459864308
6,5544226,14496,2226788069,1,duel_regain,2H,4256.115,1,opponent_on_ball,pass,3.873000000000502,0.0050010000004476,Slovakia - Romania,2.0,2.0,0,0,0,0,0,3.873000000000502,3.873000000000502,1,0,0,0,0,3.873000000000502,3.873000000000502,1,0,0,0,0,3.873000000000502,3.873000000000502,1,0,0,0,0,3.873000000000502,3.873000000000502,1,0,0,0,0,82.18622500638635,attacking_third,34.975518488380295,20.041970881491743,93.76279899730012,14.933547606888547,11.576573990913758,1.0,7.619156942289934,82.18622500638635,attacking_third,34.975518488380295,7.692063808393886,98.17477131335303,27.28345467998641,16.13180039422251,0.9920805853008776,7.105066322912858,82.18622500638635,attacking_third,34.975518488380295,7.692063808393886,98.17477131335303,27.28345467998641,16.13180039422251,0.9920805853008776,7.105066322912858,82.18622500638635,attacking_third,34.975518488380295,7.692063808393886,98.17477131335303,27.28345467998641,16.13180039422251,0.9920805853008776,7.105066322912858,82.18622500638635,attacking_third,34.975518488380295,7.692063808393886,98.17477131335303,27.28345467998641,16.13180039422251,0.9920805853008776,7.105066322912858,-29.68622500638635,-26.51072545351788,0.9935782,0.66,1,Slovakia,slovakia,Slovakia - Romania,draw,1,1,False,0,0,1,1,0,opponent_on_ball,0,2226788169,5.72400000000016,97.65,7.47476421032797,15.463774993613654,27.500754278052327,4.804464409163445
6,5544226,11944,2226788322,1,duel_regain,2H,4983.46,0,opponent_on_ball,pass,2.1829999999999927,0.019999000000098,Slovakia - Romania,2.0,2.0,0,0,0,0,0,2.1829999999999927,2.1829999999999927,1,0,0,0,0,6.71100000000024,6.71100000000024,1,1,0,0,0,6.71100000000024,6.71100000000024,1,1,0,0,0,6.71100000000024,6.71100000000024,1,1,0,0,0,35.903014182428876,middle_third,69.7813279545469,45.46501297248017,62.68145519322897,24.31631498206673,26.778441010800098,1.0,12.406283154115448,35.903014182428876,middle_third,69.7813279545469,43.750371130360165,64.82502799899055,26.03095682418673,28.922013816561673,1.0,12.051368900087262,35.903014182428876,middle_third,69.7813279545469,29.05480497683398,90.64044380037907,40.72652297771292,54.7374296179502,0.9924514048389654,6.096784876902865,35.903014182428876,middle_third,69.7813279545469,29.05480497683398,90.64044380037907,40.72652297771292,54.7374296179502,0.9924514048389654,6.096784876902865,35.903014182428876,middle_third,69.7813279545469,29.05480497683398,90.64044380037907,40.72652297771292,54.7374296179502,0.9924514048389654,6.096784876902865,-16.596985817571124,-9.748860550156865,0.99818295,0.66,1,Romania,romania,Slovakia - Romania,draw,1,1,False,0,0,0,1,0,opponent_on_ball,0,2226788261,9.546000000000276,91.35,26.265492571052235,55.44698581757112,43.51583538349466,4.558541314005175
6,5544227,14622,2226795422,1,interception,1H,18.558,1,opponent_on_ball,duel,2.5330000000000013,0.0035740000000004,Ukraine - Belgium,2.0,2.0,0,0,0,0,0,2.5330000000000013,2.5330000000000013,0,0,1,0,0,5.414999999999999,4.723573999999999,1,0,1,0,0,5.414999999999999,4.723573999999999,1,0,1,0,0,5.414999999999999,4.723573999999999,1,0,1,0,0,71.691427278409,attacking_third,37.93412322712896,21.769510594702187,90.3128576987004,16.16461263242677,18.621430420291414,1.0,8.247251343074879,71.691427278409,attacking_third,37.93412322712896,19.78340029184351,94.55585126949556,18.150722935285447,22.864423991086554,1.0,7.20266783146248,71.691427278409,attacking_third,37.93412322712896,15.244678145518233,109.27799566628086,22.689445081610724,37.586568387871864,0.9936930372889372,4.201749089187173,71.691427278409,attacking_third,37.93412322712896,15.244678145518233,109.27799566628086,22.689445081610724,37.586568387871864,0.9936930372889372,4.201749089187173,71.691427278409,attacking_third,37.93412322712896,15.244678145518233,109.27799566628086,22.689445081610724,37.586568387871864,0.9936930372889372,4.201749089187173,-19.191427278408995,18.15314540958365,0.9990392,0.66,1,Ukraine,ukraine,Ukraine - Belgium,draw,0,0,False,0,0,1,1,0,opponent_on_ball,0,2226795207,5.9830000000000005,101.85,16.62121836689477,30.158572721591,21.312904860234188,3.562243834236033
6,5544227,5629,2226796097,1,duel_regain,2H,2802.378,1,opponent_on_ball,pass,1.7049999999999272,0.0164260000001377,Ukraine - Belgium,1.7049999999999272,1.7049999999999272,1,0,0,0,0,4.574000000000069,4.574000000000069,2,0,1,0,0,4.574000000000069,4.574000000000069,2,0,1,0,0,4.574000000000069,4.574000000000069,2,0,1,0,0,4.574000000000069,4.574000000000069,2,0,1,0,0,62.002742277506314,middle_third,54.198339446865305,51.76102123011098,61.193934468956904,2.4373182167543277,0.0,0.2722125256702865,1.4507846528300985,62.002742277506314,middle_third,54.198339446865305,37.194828755683865,73.00793653385011,17.00351069118144,11.0051942563438,0.7229406769161366,3.761838648491484,62.002742277506314,middle_third,54.198339446865305,37.194828755683865,73.00793653385011,17.00351069118144,11.0051942563438,0.7229406769161366,3.761838648491484,62.002742277506314,middle_third,54.198339446865305,37.194828755683865,73.00793653385011,17.00351069118144,11.0051942563438,0.7229406769161366,3.761838648491484,62.002742277506314,middle_third,54.198339446865305,37.194828755683865,73.00793653385011,17.00351069118144,11.0051942563438,0.7229406769161366,3.761838648491484,-9.502742277506314,32.995390998487835,0.988724,0.66,1,Belgium,belgium,Ukraine - Belgium,draw,0,0,False,0,0,0,0,0,opponent_on_ball,0,2226796320,7.192000000000007,31.5,75.0070103390343,-30.502742277506314,-20.80867089216899,0.0
6,5544227,5629,2226796172,1,interception,2H,3060.026,1,opponent_on_ball,touch,1.2780000000002474,0.015574000000015,Ukraine - Belgium,1.2780000000002474,1.2780000000002474,0,1,0,0,0,1.2780000000002474,1.2780000000002474,0,1,0,0,0,8.66000000000031,8.66000000000031,1,1,0,0,0,12.984000000000378,12.984000000000378,2,1,0,0,0,12.984000000000378,12.984000000000378,2,1,0,0,0,36.65956229911927,middle_third,71.08106936626977,65.70327199860283,42.350143970850574,5.377797367666943,5.690581671731302,1.0,4.336933361020901,36.65956229911927,middle_third,71.08106936626977,65.70327199860283,42.350143970850574,5.377797367666943,5.690581671731302,1.0,4.336933361020901,36.65956229911927,middle_third,71.08106936626977,33.4192448700922,82.744896437708,37.66182449617757,46.08533413858872,1.0,4.359007464835202,36.65956229911927,middle_third,71.08106936626977,8.108742929216037,86.84743882905912,62.97232643705374,60.497292835442025,0.7748348014906701,4.858975805328207,36.65956229911927,middle_third,71.08106936626977,8.108742929216037,86.84743882905912,62.97232643705374,60.497292835442025,0.7748348014906701,4.858975805328207,15.840437700880727,-19.547455003260524,0.9982809,0.66,1,Belgium,belgium,Ukraine - Belgium,draw,0,0,False,0,0,1,1,0,opponent_on_ball,0,2226796483,14.018000000000029,95.55,9.547360891890493,58.890437700880724,61.53370847437928,4.389621092479609
6,5544227,14622,2226796626,1,duel_regain,2H,3512.999,0,window_end,pass,0.6430000000000291,0.0025740000000951,Ukraine - Belgium,0.6430000000000291,0.6430000000000291,1,0,0,0,0,2.4580000000000837,2.4580000000000837,2,0,0,0,0,7.246000000000095,7.246000000000095,4,0,0,0,0,10.438000000000102,10.438000000000102,4,0,0,0,0,10.438000000000102,10.438000000000102,4,0,0,0,0,27.797303226207635,defensive_third,77.8544251550299,73.74450005601621,32.053414712795515,4.109925099013694,4.25611148658788,1.0,6.421757967210174,27.797303226207635,defensive_third,77.8544251550299,64.8561383340608,41.10791661131857,12.9982868209691,13.310613385110935,1.0,5.327166729905249,27.797303226207635,defensive_third,77.8544251550299,34.33300020161361,72.68989287515522,43.52142495341629,44.89258964894759,0.9850164808646495,6.011246540527294,27.797303226207635,defensive_third,77.8544251550299,20.7584318877578,97.2407564178518,57.09599326727211,69.44345319164417,0.9885379799622052,5.48999935262227,27.797303226207635,defensive_third,77.8544251550299,20.7584318877578,97.2407564178518,57.09599326727211,69.44345319164417,0.9885379799622052,5.48999935262227,-24.702696773792365,-10.052617921418353,0.99706906,0.66,1,Ukraine,ukraine,Ukraine - Belgium,draw,0,0,False,0,0,0,1,0,window_end_20s,1,,10.438000000000102,97.36341244502137,20.74320798452738,69.56610921881374,57.11121717050252,5.471471275196586
6,5544227,5629,2226796473,1,duel_regain,2H,3979.154,1,opponent_on_ball,pass,1.1599999999998545,0.0075739999997495,Ukraine - Belgium,1.1599999999998545,1.1599999999998545,1,0,0,0,0,3.688999999999851,3.688999999999851,1,1,1,0,0,5.942000000000007,5.942000000000007,1,1,2,0,0,10.50500000000011,10.50500000000011,1,1,3,0,0,10.50500000000011,10.50500000000011,1,1,3,0,0,47.67017649411825,middle_third,57.379000950259645,52.09554813236714,52.18525698646757,5.283452817892503,5.283805571343599,0.853175901878457,4.71736858740448,47.67017649411825,middle_third,57.379000950259645,46.73340933395005,58.55210619572287,10.645591616309597,10.88192970160462,0.6169939801445053,2.8928238087795526,47.67017649411825,middle_third,57.379000950259645,33.27134718411161,72.21094538257742,24.107653766148033,24.54076888845917,0.7848558936932009,4.07223881184928,47.67017649411825,middle_third,57.379000950259645,4.634834608924549,103.11827286276024,52.744166341335095,55.75083328804898,0.8769118825310372,5.032840299745488,47.67017649411825,middle_third,57.379000950259645,4.634834608924549,103.11827286276024,52.744166341335095,55.75083328804898,0.8769118825310372,5.032840299745488,4.829823505881748,2.375097226293306,0.9997986,0.66,1,Belgium,belgium,Ukraine - Belgium,draw,0,0,False,0,0,1,1,0,window_end_20s,1,,10.50500000000011,103.11827286276025,4.781299650735626,55.448096368642,52.59770129952402,5.006920637746166
6,5544227,14622,2226796791,1,duel_regain,2H,4230.002,0,opponent_on_ball,pass,1.66399999999976,0.000426000000516,Ukraine - Belgium,1.66399999999976,1.66399999999976,1,0,0,0,0,3.7979999999997744,3.7979999999997744,2,0,0,0,0,5.582999999999629,5.582999999999629,3,0,0,0,0,5.582999999999629,5.582999999999629,3,0,0,0,0,5.582999999999629,5.582999999999629,3,0,0,0,0,33.54215455936232,defensive_third,71.76587979907703,70.45303405698583,34.70143424190283,1.3128457420911983,1.1608817086888903,0.9086257852555104,0.8205285888068126,33.54215455936232,defensive_third,71.76587979907703,57.642830392749566,48.145763982368806,14.12304940632746,14.603609423006487,0.9856376342312104,3.796518657614649,33.54215455936232,defensive_third,71.76587979907703,27.889885749613853,77.28923411206904,43.87599404946317,43.74707955270672,0.9953314935780212,7.948549646642561,33.54215455936232,defensive_third,71.76587979907703,27.889885749613853,77.28923411206904,43.87599404946317,43.74707955270672,0.9953314935780212,7.948549646642561,33.54215455936232,defensive_third,71.76587979907703,27.889885749613853,77.28923411206904,43.87599404946317,43.74707955270672,0.9953314935780212,7.948549646642561,-18.957845440637684,6.642125286194769,0.99245864,0.66,1,Ukraine,ukraine,Ukraine - Belgium,draw,0,0,False,0,0,0,1,0,opponent_on_ball,0,2226796540,13.902000000000044,89.25,16.897245337628263,55.70784544063768,54.868634461448764,3.946815887026945
6,5544227,5629,2226796549,1,interception,2H,4281.733,1,opponent_on_ball,pass,1.1610000000000582,0.0114260000000285,Ukraine - Belgium,1.1610000000000582,1.1610000000000582,1,0,0,0,0,3.3149999999996,3.3149999999996,2,0,0,0,0,5.818999999999505,5.818999999999505,3,0,0,0,0,13.686999999999898,13.686999999999898,3,0,1,0,0,15.185999999999694,15.185999999999694,4,0,1,0,0,28.258744947069033,defensive_third,76.87652226098338,76.87652226098338,26.314889641837496,0.0,0.0,0.0,0.0,28.258744947069033,defensive_third,76.87652226098338,76.87652226098338,25.126165121098595,0.0,0.0,0.0,0.0,28.258744947069033,defensive_third,76.87652226098338,52.48325505915844,58.65481147468174,24.39326720182494,30.39606652761271,0.663595557853255,4.2349422225388915,28.258744947069033,defensive_third,76.87652226098338,18.15714648647397,89.664490475298,58.71937577450941,61.40574552822896,0.8225744094979432,4.30493957291143,28.258744947069033,defensive_third,76.87652226098338,12.636455090296288,92.40517742397616,64.2400671706871,64.18596607741149,0.8347629685662573,4.24868169118304,24.241255052930967,-4.558447964435935,0.9997031,0.66,1,Belgium,belgium,Ukraine - Belgium,draw,0,0,False,0,0,1,1,0,opponent_on_ball,0,2226796815,18.032000000000153,93.45,15.409169348151117,65.19125505293097,61.46735291283226,3.408792863400163
6,5544227,14622,2226796835,1,interception,2H,4375.533,0,opponent_on_ball,pass,1.0989999999992506,0.0114260000000285,Ukraine - Belgium,1.0989999999992506,1.0989999999992506,1,0,0,0,0,4.257999999999811,4.257999999999811,2,0,2,0,0,9.693999999999503,9.693999999999503,2,0,4,0,0,9.693999999999503,9.693999999999503,2,0,4,0,0,9.693999999999503,9.693999999999503,2,0,4,0,0,12.787778155955143,defensive_third,92.31540196783264,87.93247690465454,17.182429893917636,4.3829250631781065,4.394651737962491,1.0,4.214351022283103,12.787778155955143,defensive_third,92.31540196783264,64.21559639821544,40.80575062516466,28.099805569617203,28.01797246920952,1.0,6.690429897526746,12.787778155955143,defensive_third,92.31540196783264,32.56717440239601,75.06323416569684,59.74822756543663,62.275456009741696,1.0,6.197948917576204,12.787778155955143,defensive_third,92.31540196783264,32.56717440239601,75.06323416569684,59.74822756543663,62.275456009741696,1.0,6.197948917576204,12.787778155955143,defensive_third,92.31540196783264,32.56717440239601,75.06323416569684,59.74822756543663,62.275456009741696,1.0,6.197948917576204,-39.712221844044855,4.36343707038106,0.99801207,0.66,1,Ukraine,ukraine,Ukraine - Belgium,draw,0,0,False,0,0,0,1,0,opponent_on_ball,0,2226796619,18.48399999999947,96.6,14.289632605494099,83.81222184404486,78.02576936233854,4.221259974158233
6,5544227,5629,2226796790,1,interception,2H,5199.439,1,game_interruption,duel,2.1480000000001382,0.0025740000000951,Ukraine - Belgium,2.0,2.0,0,0,0,0,0,3.923999999999978,3.923999999999978,0,0,1,0,0,3.923999999999978,3.923999999999978,0,0,1,0,0,13.951999999999316,12.99200000000019,1,0,2,0,1,13.951999999999316,12.99200000000019,1,0,2,0,1,27.00807040533712,defensive_third,78.88910639824691,68.49998653805768,38.37306519623824,10.389119860189226,11.364994790901122,1.0,5.300571357241762,27.00807040533712,defensive_third,78.88910639824691,57.58532973741719,51.027253988088034,21.30377666082972,24.019183582750912,1.0,5.434636903272787,27.00807040533712,defensive_third,78.88910639824691,57.58532973741719,51.027253988088034,21.30377666082972,24.019183582750912,1.0,5.434636903272787,27.00807040533712,defensive_third,78.88910639824691,5.079439895590455,104.61346939956998,73.80966650265646,83.15111758769052,0.8981791938979651,5.302418570593108,27.00807040533712,defensive_third,78.88910639824691,5.079439895590455,104.61346939956998,73.80966650265646,83.15111758769052,0.8981791938979651,5.302418570593108,25.49192959466288,11.863811630967165,0.9974771,0.66,1,Belgium,belgium,Ukraine - Belgium,draw,0,0,False,1,1,1,1,1,shot,0,2226796807,13.951999999999316,89.25,18.403611058702584,62.24192959466288,60.48549533954433,4.335256260001956
6,5544229,15874,2226908872,1,duel_regain,1H,450.976,0,window_end,pass,0.90300000000002,0.0160000000000195,Georgia - Portugal,1.7239999999999895,1.7239999999999895,1,0,1,0,0,3.1899999999999977,3.1899999999999977,3,0,1,0,0,9.675000000000011,9.675000000000011,6,1,1,0,0,12.913999999999987,12.913999999999987,8,1,1,0,0,12.913999999999987,12.913999999999987,8,1,1,0,0,0.5974752335018181,defensive_third,107.29706950670314,98.20856113970429,9.134024501114254,9.088508366998852,8.536549267612436,1.0,5.409826408927866,0.5974752335018181,defensive_third,107.29706950670314,88.30190864772543,19.82720232130179,18.995160858977712,19.229727087799972,1.0,6.0111268541068235,0.5974752335018181,defensive_third,107.29706950670314,40.25344153625592,73.80864904949871,67.04362797044722,73.21117381599689,0.9989131052191716,6.954733191955116,0.5974752335018181,defensive_third,107.29706950670314,34.47846804867428,71.41628394433384,72.81860145802887,76.60533447679839,0.9677439549699728,5.653618125623361,0.5974752335018181,defensive_third,107.29706950670314,34.47846804867428,71.41628394433384,72.81860145802887,76.60533447679839,0.9677439549699728,5.653618125623361,-51.90252476649818,24.754271290163608,0.99037874,0.66,1,Georgia,georgia,Georgia - Portugal,georgia,2,0,True,0,0,0,1,0,window_end_20s,1,,12.913999999999987,71.41628394433384,36.83264908413344,70.81880871083203,70.4644204225697,5.456436458306471
6,5544229,15874,2226909216,1,interception,1H,1734.921,0,opponent_on_ball,pass,3.3070000000000164,0.0009999999999763,Georgia - Portugal,2.0,2.0,0,0,0,0,0,3.91599999999994,3.91599999999994,2,0,0,0,0,7.576000000000022,7.576000000000022,4,0,0,0,0,7.576000000000022,7.576000000000022,4,0,0,0,0,7.576000000000022,7.576000000000022,4,0,0,0,0,6.207369604257551,defensive_third,98.98832297349372,66.4400738084616,41.38762003984136,32.54824916503212,35.18025043558381,1.0,16.60624957399567,6.207369604257551,defensive_third,98.98832297349372,57.61312239932477,42.78989852988958,41.37520057416895,44.910735153669215,0.8367122239924017,10.77479181619006,6.207369604257551,defensive_third,98.98832297349372,52.15859268843705,59.41422628504244,46.82973028505668,53.20685668078489,0.7031003336034732,6.227357750672446,6.207369604257551,defensive_third,98.98832297349372,52.15859268843705,59.41422628504244,46.82973028505668,53.20685668078489,0.7031003336034732,6.227357750672446,6.207369604257551,defensive_third,98.98832297349372,52.15859268843705,59.41422628504244,46.82973028505668,53.20685668078489,0.7031003336034732,6.227357750672446,-46.29263039574245,6.221275158271844,0.99184096,0.66,1,Georgia,georgia,Georgia - Portugal,georgia,2,0,True,0,0,0,0,0,opponent_on_ball,0,2226909598,10.441000000000031,46.2,63.182073406940354,39.99263039574245,35.80624956655337,3.4293889059049194
6,5544229,9905,2226909819,1,duel_regain,1H,2362.983,1,opponent_on_ball,pass,4.528999999999996,0.0169999999998253,Georgia - Portugal,2.0,2.0,0,0,0,0,0,4.528999999999996,4.528999999999996,1,0,0,0,0,9.419999999999618,9.419999999999618,2,0,1,0,0,9.419999999999618,9.419999999999618,2,0,1,0,0,9.419999999999618,9.419999999999618,2,0,1,0,0,77.45801612375497,attacking_third,34.146497853939024,15.70566129046297,90.9607696000618,18.440836563476054,13.502753476306836,1.0,9.408590083405976,77.45801612375497,attacking_third,34.146497853939024,4.26745073878931,100.96283850348308,29.879047115149714,24.15957872893948,0.9882950265832742,6.669430159631605,77.45801612375497,attacking_third,34.146497853939024,4.26745073878931,95.90756972374356,29.879047115149714,24.15957872893948,0.8416414258599918,3.1786220335265347,77.45801612375497,attacking_third,34.146497853939024,4.26745073878931,95.90756972374356,29.879047115149714,24.15957872893948,0.8416414258599918,3.1786220335265347,77.45801612375497,attacking_third,34.146497853939024,4.26745073878931,95.90756972374356,29.879047115149714,24.15957872893948,0.8416414258599918,3.1786220335265347,-24.95801612375497,20.184708069469856,0.9954792,0.66,1,Portugal,portugal,Georgia - Portugal,georgia,2,0,False,0,0,1,1,0,opponent_on_ball,0,2226909468,10.972999999999956,102.9,2.2073513539987184,25.441983876245033,31.939146499940307,2.910703226095
6,5544229,15874,2226909477,1,duel_regain,1H,2537.724,0,opponent_on_ball,touch,1.17699999999968,0.0040000000003601,Georgia - Portugal,1.17699999999968,1.17699999999968,0,1,0,0,0,4.820999999999913,4.820999999999913,1,1,0,0,0,4.820999999999913,4.820999999999913,1,1,0,0,0,11.165999999999713,11.165999999999713,2,2,0,0,0,11.165999999999713,11.165999999999713,2,2,0,0,0,31.28512065693821,defensive_third,77.5889396110092,76.55214750036691,34.76528968844207,1.0367921106422813,3.4801690315038556,1.0,0.9257072416449842,31.28512065693821,defensive_third,77.5889396110092,56.15639276650768,58.23109202276087,21.432546844501516,26.945971365822658,1.0,4.502635891702223,31.28512065693821,defensive_third,77.5889396110092,56.15639276650768,58.23109202276087,21.432546844501516,26.945971365822658,1.0,4.502635891702223,31.28512065693821,defensive_third,77.5889396110092,34.865370583894055,73.0305730529458,42.72356902711514,42.412016357152815,0.9860466542782976,3.842047574380896,31.28512065693821,defensive_third,77.5889396110092,34.865370583894055,73.0305730529458,42.72356902711514,42.412016357152815,0.9860466542782976,3.842047574380896,-21.21487934306179,-24.210743759716948,0.98383546,0.66,1,Georgia,georgia,Georgia - Portugal,georgia,2,0,True,0,0,0,1,0,opponent_on_ball,0,2226909923,18.67599999999993,68.25,46.963178129253556,36.96487934306179,30.62576148175564,1.6398458707301216
6,5544229,9905,2226909959,1,duel_regain,1H,2678.458,1,opponent_on_ball,duel,2.1929999999997563,0.0180000000000291,Georgia - Portugal,0.1770000000001346,0.1770000000001346,0,0,0,0,0,3.462999999999738,3.462999999999738,0,0,2,0,0,3.462999999999738,3.462999999999738,0,0,2,0,0,3.462999999999738,3.462999999999738,0,0,2,0,0,3.462999999999738,3.462999999999738,0,0,2,0,0,104.9264490766087,attacking_third,33.191899298735294,31.616531082711766,104.522993055989,1.5753682160235272,0.018123990489542,0.9665319727320448,13.128068466874666,104.9264490766087,attacking_third,33.191899298735294,3.322685362033609,98.97959164534257,29.869213936701684,0.018123990489542,0.6209944212613772,8.682911028110817,104.9264490766087,attacking_third,33.191899298735294,3.322685362033609,98.97959164534257,29.869213936701684,0.018123990489542,0.6209944212613772,8.682911028110817,104.9264490766087,attacking_third,33.191899298735294,3.322685362033609,98.97959164534257,29.869213936701684,0.018123990489542,0.6209944212613772,8.682911028110817,104.9264490766087,attacking_third,33.191899298735294,3.322685362033609,98.97959164534257,29.869213936701684,0.018123990489542,0.6209944212613772,8.682911028110817,-52.426449076608705,-33.19181780678866,0.9777109,0.66,1,Portugal,portugal,Georgia - Portugal,georgia,2,0,False,0,0,1,1,0,opponent_on_ball,0,2226909508,4.766000000000076,33.599999999999994,71.94515689050932,-71.32644907660871,-38.75325759177403,0.0
6,5544229,15874,2226909865,1,interception,2H,4189.429,0,opponent_on_ball,pass,2.555000000000291,0.011000000000422,Georgia - Portugal,2.0,2.0,0,0,0,0,0,4.694999999999709,4.694999999999709,1,0,0,1,0,4.694999999999709,4.694999999999709,1,0,0,1,0,4.694999999999709,4.694999999999709,1,0,0,1,0,4.694999999999709,4.694999999999709,1,0,0,1,0,47.10029129659625,middle_third,63.01236949563531,42.716095006601826,66.51163338736693,20.29627448903349,19.41134209077068,1.0,10.355242086246188,47.10029129659625,middle_third,63.01236949563531,39.09431568943237,54.24129515653748,23.91805380620295,22.838085382646888,0.6221988087438574,5.1106952577363485,47.10029129659625,middle_third,63.01236949563531,39.09431568943237,54.24129515653748,23.91805380620295,22.838085382646888,0.6221988087438574,5.1106952577363485,47.10029129659625,middle_third,63.01236949563531,39.09431568943237,54.24129515653748,23.91805380620295,22.838085382646888,0.6221988087438574,5.1106952577363485,47.10029129659625,middle_third,63.01236949563531,39.09431568943237,54.24129515653748,23.91805380620295,22.838085382646888,0.6221988087438574,5.1106952577363485,-5.399708703403753,-24.863274955553692,0.9672532,0.66,1,Georgia,georgia,Georgia - Portugal,georgia,2,0,True,0,0,0,0,0,opponent_on_ball,0,2226910431,8.541000000000167,73.5,35.47664583919963,26.399708703403753,27.535723656435685,3.2239461019125564
6,5544229,15874,2226909880,1,interception,2H,4257.119,0,game_interruption,pass,1.8890000000001237,0.0010000000002037,Georgia - Portugal,1.8890000000001237,1.8890000000001237,1,0,0,0,0,3.761000000000422,3.761000000000422,3,0,0,0,0,7.968000000000757,5.801000000000386,4,0,0,0,0,11.373000000000502,5.801000000000386,4,0,0,0,1,11.373000000000502,5.801000000000386,4,0,0,0,1,47.75705392803775,middle_third,57.44079083357688,46.68194162775058,60.94818942605937,10.758849205826294,13.191135498021625,1.0,5.722792130758335,47.75705392803775,middle_third,57.44079083357688,30.83424134308305,77.23910436104461,26.606549490493823,29.48205043300686,1.0,7.076209970875607,47.75705392803775,middle_third,57.44079083357688,2.579790955479439,108.99133894482972,54.86099987809744,61.23428501679197,0.9738183170028698,9.143499979682906,47.75705392803775,middle_third,57.44079083357688,2.579790955479439,105.58799425381756,54.86099987809744,61.36193529744821,0.8010272199676738,4.82931336955097,47.75705392803775,middle_third,57.44079083357688,2.579790955479439,105.58799425381756,54.86099987809744,61.36193529744821,0.8010272199676738,4.82931336955097,-4.742946071962251,4.76335770115476,0.9983712,0.66,1,Georgia,georgia,Georgia - Portugal,georgia,2,0,True,1,1,1,1,1,shot,0,2226909889,11.373000000000502,90.3,18.288367887813283,42.54294607196225,39.15242294576359,3.442576536161247
6,5544229,15874,2226910811,0,duel_regain,2H,4639.62,0,opponent_on_ball,pass,4.899000000000342,0.019999999999527,Georgia - Portugal,0.8289999999997235,0.8289999999997235,0,0,0,0,0,4.899000000000342,4.899000000000342,1,0,0,0,0,7.541000000000167,7.541000000000167,1,1,0,0,0,14.918999999999867,9.900000000000546,3,1,0,0,0,14.918999999999867,9.900000000000546,3,1,0,0,0,54.2686525294795,middle_third,53.24517026061676,52.49790728684486,57.0074877025297,0.7472629737719032,2.738835173050198,1.0,0.9340787172146666,54.2686525294795,middle_third,53.24517026061676,39.86067736415277,78.31094821169211,13.384492896463996,24.042295682212604,0.99963708433386,2.7653910943111795,54.2686525294795,middle_third,53.24517026061676,29.78112051904715,93.68143773862774,23.46404974156961,39.41278520914823,0.9997929513618103,3.12021938052807,54.2686525294795,middle_third,53.24517026061676,10.264329723156685,104.68657899391962,42.980840537460075,50.41792646444012,0.9610049679314648,4.350287503791457,54.2686525294795,middle_third,53.24517026061676,10.264329723156685,104.68657899391962,42.980840537460075,50.41792646444012,0.9610049679314648,4.350287503791457,1.7686525294795032,-16.167205692616776,0.9336577,0.66,1,Georgia,georgia,Georgia - Portugal,georgia,2,0,True,0,0,1,1,0,opponent_on_ball,0,2226910524,15.442000000000007,95.55,12.05209110486641,41.281347470520494,41.193079155750354,2.6675999971344604
6,5544229,9905,2226910579,1,interception,2H,4976.393,1,opponent_on_ball,pass,4.166000000000167,0.006999999999607,Georgia - Portugal,2.0,2.0,0,0,0,0,0,4.166000000000167,4.166000000000167,1,0,0,0,0,8.569999999999709,8.569999999999709,3,0,0,0,0,8.569999999999709,8.569999999999709,3,0,0,0,0,8.569999999999709,8.569999999999709,3,0,0,0,0,33.48873498412491,defensive_third,76.5718362866021,69.42711731451008,43.041444841023704,7.144718972092022,9.552709856898794,1.0,3.645264781677844,33.48873498412491,defensive_third,76.5718362866021,58.14093344903743,52.74545744645513,18.430902837564673,19.357728269201697,0.8436570109600255,4.473520106204149,33.48873498412491,defensive_third,76.5718362866021,41.50403728224657,79.96509420569797,35.067799004355535,46.476359221573055,0.8774124486824586,4.096705491162838,33.48873498412491,defensive_third,76.5718362866021,41.50403728224657,79.96509420569797,35.067799004355535,46.476359221573055,0.8774124486824586,4.096705491162838,33.48873498412491,defensive_third,76.5718362866021,41.50403728224657,79.96509420569797,35.067799004355535,46.476359221573055,0.8774124486824586,4.096705491162838,19.01126501587509,27.374898869794443,0.9875008,0.66,1,Portugal,portugal,Georgia - Portugal,georgia,2,0,False,0,0,0,0,0,opponent_on_ball,0,2226910072,9.180999999999585,53.55,56.97695060285344,20.061265015875087,19.594885683748664,2.134286644564813
6,5544229,15874,2226910120,1,interception,2H,5088.091,0,game_interruption,duel,1.751999999999498,0.011000000000422,Georgia - Portugal,1.751999999999498,1.751999999999498,0,0,1,0,0,2.107999999999265,2.107999999999265,0,0,1,0,0,8.206999999999425,5.1489999999994325,1,0,1,0,0,10.886999999999716,6.567000000000007,1,0,1,0,1,10.886999999999716,6.567000000000007,1,0,1,0,1,70.95342130975149,attacking_third,42.664707534968755,37.489461008028286,77.47720640919017,5.1752465269404695,6.523785099438683,1.0,3.008864259848665,70.95342130975149,attacking_third,42.664707534968755,36.50996127915094,78.87306578654314,6.1547462558178125,7.919644476791646,1.0,3.0170324783421187,70.95342130975149,attacking_third,42.664707534968755,3.2310785372665496,106.66679822915512,39.43362899770221,37.64639936146662,0.929731117185392,4.856358250948613,70.95342130975149,attacking_third,42.664707534968755,3.2310785372665496,99.82133363002674,39.43362899770221,37.64639936146662,0.8896199880511906,3.637788652924509,70.95342130975149,attacking_third,42.664707534968755,3.2310785372665496,99.82133363002674,39.43362899770221,37.64639936146662,0.8896199880511906,3.637788652924509,18.45342130975149,-25.71201564508577,0.99916434,0.66,1,Georgia,georgia,Georgia - Portugal,georgia,2,0,True,1,1,1,1,1,shot,0,2226910142,10.886999999999716,97.65,14.277258140133206,26.696578690248515,28.38744939483555,2.6074629737150996
6,5544230,3757,2227943431,1,interception,1H,1041.068,0,window_end,none,,0.0096200000000408,Switzerland - Italy,2.0,2.0,0,0,0,0,0,4.899000000000115,4.899000000000115,0,0,0,0,0,4.899000000000115,4.899000000000115,0,0,0,0,0,12.381000000000084,12.381000000000084,0,0,1,0,0,12.381000000000084,12.381000000000084,0,0,1,0,0,42.39014296227014,middle_third,67.45530938104167,51.55098453856957,58.63822150583119,15.9043248424721,16.24807854356105,1.0,8.114451450240717,42.39014296227014,middle_third,67.45530938104167,31.103469795832076,78.5291847202053,36.3518395852096,36.13904175793515,0.9999999999999998,7.510710658100931,42.39014296227014,middle_third,67.45530938104167,31.103469795832076,78.5291847202053,36.3518395852096,36.13904175793515,0.9999999999999998,7.510710658100931,42.39014296227014,middle_third,67.45530938104167,26.82004007167294,70.75030614187581,40.63526930936874,37.58760937845124,0.7873707853430129,3.298317314072094,42.39014296227014,middle_third,67.45530938104167,26.82004007167294,70.75030614187581,40.63526930936874,37.58760937845124,0.7873707853430129,3.298317314072094,-10.10985703772986,-25.10427384743636,0.9490671,0.66,1,Italy,italy,Switzerland - Italy,switzerland,2,0,False,0,0,0,1,0,window_end_20s,1,,12.381000000000084,70.76726117213806,34.731234504000966,28.377118209867923,32.72407487704071,2.6430881897294634
6,5544230,3757,2227944235,1,duel_regain,2H,3060.875,1,opponent_on_ball,pass,2.75,0.0054740000000492,Switzerland - Italy,2.0,2.0,0,0,0,0,0,2.75,2.75,1,0,0,0,0,8.027000000000044,8.027000000000044,3,0,0,0,0,8.027000000000044,8.027000000000044,3,0,0,0,0,8.027000000000044,8.027000000000044,3,0,0,0,0,70.80985791582646,attacking_third,36.944185968985025,10.470545861094369,94.64375544420096,26.47364010789066,23.833897528374507,1.0,13.506959238719473,70.80985791582646,attacking_third,36.944185968985025,5.380335772460227,100.53614570982536,31.563850196524797,29.726287793998893,1.0,11.777556043478125,70.80985791582646,attacking_third,36.944185968985025,1.3416593888692003,101.3588172720184,35.60252658011582,34.02628893277701,0.5067543053363113,4.472679218607495,70.80985791582646,attacking_third,36.944185968985025,1.3416593888692003,101.3588172720184,35.60252658011582,34.02628893277701,0.5067543053363113,4.472679218607495,70.80985791582646,attacking_third,36.944185968985025,1.3416593888692003,101.3588172720184,35.60252658011582,34.02628893277701,0.5067543053363113,4.472679218607495,-18.309857915826456,-13.996680362677957,0.9954787,0.66,1,Italy,italy,Switzerland - Italy,switzerland,2,0,False,0,0,1,1,0,opponent_on_ball,0,2227944034,9.391000000000076,94.5,10.846584715937087,23.690142084173544,26.097601253047937,2.7790013047649587
6,5544230,6697,2227944480,0,interception,2H,4942.519,0,window_end,duel,3.106999999999971,0.0094740000004094,Switzerland - Italy,2.0,2.0,0,0,0,0,0,4.222999999999956,4.222999999999956,1,0,1,0,0,8.655999999999949,8.655999999999949,3,0,2,0,0,12.88799999999992,12.88799999999992,5,0,2,0,0,19.876000000000204,19.876000000000204,6,1,3,0,0,30.80043877829396,defensive_third,74.19991464637965,74.19991464637965,27.453586493325172,0.0,0.0157289661087638,0.0,0.0,30.80043877829396,defensive_third,74.19991464637965,74.19991464637965,29.452820997795815,0.0,0.0157289661087638,0.0,0.0,30.80043877829396,defensive_third,74.19991464637965,41.64665980845816,70.0911545261046,32.55325483792149,39.29071574781064,0.7567892045013204,3.785262190456227,30.80043877829396,defensive_third,74.19991464637965,30.02058152676183,79.22774515872354,44.17933311961782,51.62974474330112,0.7848375377736241,3.4407580311230883,30.80043877829396,defensive_third,74.19991464637965,1.7429860963723005,99.606524823778,72.45692855000735,72.7817006184639,0.6046602434374029,3.652062930948091,-21.69956122170604,0.2290153626329072,0.9559896,0.66,1,Switzerland,switzerland,Switzerland - Italy,switzerland,2,0,True,0,0,1,1,0,window_end_20s,1,,19.876000000000204,99.60652482377799,31.57013165015145,68.80608604548402,42.6297829962282,2.1447868281458926
6,5544230,6697,2227944555,1,interception,2H,5207.623,0,opponent_on_ball,touch,1.6190000000005966,0.0065260000010312,Switzerland - Italy,1.6190000000005966,1.6190000000005966,0,1,0,0,0,3.3430000000007567,3.3430000000007567,1,1,0,0,0,7.637000000000626,7.637000000000626,2,1,0,0,0,7.637000000000626,7.637000000000626,2,1,0,0,0,7.637000000000626,7.637000000000626,2,1,0,0,0,39.865206941209735,middle_third,72.46387744315315,51.21173181547753,56.34478404867586,21.252145627675624,16.479577107466127,1.0,13.282591017301796,39.865206941209735,middle_third,72.46387744315315,41.26990898374845,64.49238263884631,31.193968459404708,25.082689752594476,0.9846927771504972,9.39577363235164,39.865206941209735,middle_third,72.46387744315315,41.26990898374845,56.58324552575635,31.193968459404708,25.082689752594476,0.7101596522522569,4.104469534132493,39.865206941209735,middle_third,72.46387744315315,41.26990898374845,56.58324552575635,31.193968459404708,25.082689752594476,0.7101596522522569,4.104469534132493,39.865206941209735,middle_third,72.46387744315315,41.26990898374845,56.58324552575635,31.193968459404708,25.082689752594476,0.7101596522522569,4.104469534132493,-12.634793058790263,31.756452372468928,0.9602789,0.66,1,Switzerland,switzerland,Switzerland - Italy,switzerland,2,0,True,0,0,0,0,0,opponent_on_ball,0,2227944932,13.46600000000035,59.85,46.14274482516184,19.984793058790267,26.32113261799131,1.9546363150148989
6,5544231,3148,2227991378,1,interception,1H,357.429,0,game_interruption,pass,2.201000000000022,0.0089999999999577,Germany - Denmark,2.0,2.0,0,0,0,0,0,2.201000000000022,2.201000000000022,1,0,0,0,0,6.973000000000013,6.973000000000013,1,0,0,0,1,6.973000000000013,6.973000000000013,1,0,0,0,1,6.973000000000013,6.973000000000013,1,0,0,0,1,50.071625372722934,middle_third,54.996751381243264,53.99828195937656,52.958650313299145,0.9984694218667016,2.887024940576211,0.1704207668608467,0.5042774857912589,50.071625372722934,middle_third,54.996751381243264,52.74457867038063,54.37351306947394,2.252172710862631,4.3018876967510025,0.3166476446039344,1.033106748102121,50.071625372722934,middle_third,54.996751381243264,29.44861464126505,81.49962801666034,25.548136739978215,31.428002643937404,0.8209053113392136,3.670709301721019,50.071625372722934,middle_third,54.996751381243264,29.44861464126505,81.49962801666034,25.548136739978215,31.428002643937404,0.8209053113392136,3.670709301721019,50.071625372722934,middle_third,54.996751381243264,29.44861464126505,81.49962801666034,25.548136739978215,31.428002643937404,0.8209053113392136,3.670709301721019,-2.4283746272770657,2.741591380163811,0.98975134,0.66,1,Germany,germany,Germany - Denmark,germany,2,0,True,1,1,0,1,0,shot,0,2227991380,6.03000000000003,77.7,30.499999999999996,27.62837462727707,24.496751381243268,4.062479499376973
6,5544231,3148,2227992428,1,duel_regain,2H,3493.585,0,game_interruption,pass,1.8609999999998763,0.0050000000001091,Germany - Denmark,1.8609999999998763,1.8609999999998763,1,0,0,0,0,4.9220000000000255,4.9220000000000255,3,1,0,0,0,6.8159999999998035,6.8159999999998035,4,1,0,0,0,11.09900000000016,10.355000000000018,4,1,0,0,1,11.09900000000016,10.355000000000018,4,1,0,0,1,57.15799864998705,middle_third,54.9782436268832,37.800326227939934,72.7633160812044,17.177917398943265,15.605317431217344,1.0,9.335824673337992,57.15799864998705,middle_third,54.9782436268832,20.382020133152743,85.92124813284069,34.596223493730456,28.76324948285364,0.9990002031557488,7.060453774230575,57.15799864998705,middle_third,54.9782436268832,14.737767750916232,84.0117492533808,40.240475875966965,33.59770619074665,0.8525777283126529,5.917717040583219,57.15799864998705,middle_third,54.9782436268832,14.737767750916232,73.09576721998283,40.240475875966965,33.59770619074665,0.55225930596068,3.803447625327553,57.15799864998705,middle_third,54.9782436268832,14.737767750916232,73.09576721998283,40.240475875966965,33.59770619074665,0.55225930596068,3.803447625327553,4.65799864998705,-27.08782344748801,0.98922974,0.66,1,Germany,germany,Germany - Denmark,germany,2,0,True,1,1,1,1,1,shot,0,2227992440,11.09900000000016,94.5,12.509596316428441,37.34200135001295,42.468647310454756,3.8263489783272497
6,5544231,3148,2227992445,0,interception,2H,3575.594,0,window_end,pass,0.3249999999998181,0.0059999999998581,Germany - Denmark,0.3249999999998181,0.3249999999998181,1,0,0,0,0,4.489999999999782,4.489999999999782,1,0,1,0,0,4.489999999999782,4.489999999999782,1,0,1,0,0,4.489999999999782,4.489999999999782,1,0,1,0,0,4.489999999999782,4.489999999999782,1,0,1,0,0,64.19288810748047,middle_third,44.95281336203824,44.36989441194845,64.47021273578997,0.5829189500897911,0.2773246283095005,0.5061279830678722,1.943063166964792,64.19288810748047,middle_third,44.95281336203824,9.47128668435611,95.56806299251164,35.48152667768213,31.37517488503117,0.9716282670465386,7.919983633411158,64.19288810748047,middle_third,44.95281336203824,9.47128668435611,95.56806299251164,35.48152667768213,31.37517488503117,0.9716282670465386,7.919983633411158,64.19288810748047,middle_third,44.95281336203824,9.47128668435611,95.56806299251164,35.48152667768213,31.37517488503117,0.9716282670465386,7.919983633411158,64.19288810748047,middle_third,44.95281336203824,9.47128668435611,95.56806299251164,35.48152667768213,31.37517488503117,0.9716282670465386,7.919983633411158,11.69288810748047,-18.855637039188963,0.91167444,0.66,1,Germany,germany,Germany - Denmark,germany,2,0,True,0,0,1,1,0,window_end_20s,1,,4.489999999999782,95.56806299251164,9.47128668435611,31.37517488503117,35.48152667768213,7.902344471644512
6,5544232,14496,2228689414,1,duel_regain,1H,571.338,1,opponent_on_ball,pass,3.5679999999999836,0.0179999999999154,England - Slovakia,2.0,2.0,0,0,0,0,0,3.5679999999999836,3.5679999999999836,1,0,0,0,0,3.5679999999999836,3.5679999999999836,1,0,0,0,0,3.5679999999999836,3.5679999999999836,1,0,0,0,0,3.5679999999999836,3.5679999999999836,1,0,0,0,0,39.342918388768624,middle_third,73.59767484421637,64.48276878699816,48.8167576019215,9.114906057218208,9.473839213152878,0.9768313519694364,4.6504622740908355,39.342918388768624,middle_third,73.59767484421637,59.77423411238632,53.32951996593852,13.823440731830054,14.275361922017147,0.9354894373188668,3.97225308385919,39.342918388768624,middle_third,73.59767484421637,59.77423411238632,53.32951996593852,13.823440731830054,14.275361922017147,0.9354894373188668,3.97225308385919,39.342918388768624,middle_third,73.59767484421637,59.77423411238632,53.32951996593852,13.823440731830054,14.275361922017147,0.9354894373188668,3.97225308385919,39.342918388768624,middle_third,73.59767484421637,59.77423411238632,53.32951996593852,13.823440731830054,14.275361922017147,0.9354894373188668,3.97225308385919,13.157081611231376,-33.253050638567004,0.9656028,0.66,1,Slovakia,slovakia,England - Slovakia,england,2,1,False,0,0,0,0,0,opponent_on_ball,0,2228689592,3.865000000000009,38.849999999999994,73.17281530732572,-0.49291838876862926,0.4248595368906507,0.1099248478371668
6,5544232,14496,2228689628,1,interception,1H,1159.058,1,opponent_on_ball,pass,2.0860000000000127,0.0180000000000291,England - Slovakia,2.0,2.0,0,0,0,0,0,2.0860000000000127,2.0860000000000127,1,0,0,0,0,5.111000000000104,5.111000000000104,2,0,0,0,0,5.111000000000104,5.111000000000104,2,0,0,0,0,5.111000000000104,5.111000000000104,2,0,0,0,0,28.795370907577507,defensive_third,81.55708548386275,61.27724759120094,51.7952488925289,20.27983789266181,22.999877984951397,1.0,10.562415569094291,28.795370907577507,defensive_third,81.55708548386275,60.672501077961115,52.473200730182434,20.88458440590163,23.677829822604927,1.0,10.442292202950815,28.795370907577507,defensive_third,81.55708548386275,50.272101191745975,57.94826256182649,31.284984292116775,34.16326476392748,0.8750355532622954,6.207338153197537,28.795370907577507,defensive_third,81.55708548386275,50.272101191745975,57.94826256182649,31.284984292116775,34.16326476392748,0.8750355532622954,6.207338153197537,28.795370907577507,defensive_third,81.55708548386275,50.272101191745975,57.94826256182649,31.284984292116775,34.16326476392748,0.8750355532622954,6.207338153197537,23.704629092422493,29.05878004163995,0.9965062,0.66,1,Slovakia,slovakia,England - Slovakia,england,2,1,False,0,0,0,0,0,opponent_on_ball,0,2228689810,8.61200000000008,61.95,52.04113853481685,33.154629092422496,29.515946949045897,3.42730456909494
6,5544232,2413,2228689902,1,interception,1H,1330.564,0,opponent_on_ball,pass,3.2899999999999636,0.0040000000001327,England - Slovakia,2.0,2.0,0,0,0,0,0,3.2899999999999636,3.2899999999999636,1,0,0,0,0,3.2899999999999636,3.2899999999999636,1,0,0,0,0,3.2899999999999636,3.2899999999999636,1,0,0,0,0,3.2899999999999636,3.2899999999999636,1,0,0,0,0,86.82565107866414,attacking_third,27.48151073451004,20.880874987261834,87.0693931269006,6.600635747248209,0.2437420482364558,0.742734061817777,3.3676712996163705,86.82565107866414,attacking_third,27.48151073451004,6.038911798985563,101.14385366635118,21.44259893552448,14.31820258768704,0.9036488317922916,6.61808609121124,86.82565107866414,attacking_third,27.48151073451004,6.038911798985563,101.14385366635118,21.44259893552448,14.31820258768704,0.9036488317922916,6.61808609121124,86.82565107866414,attacking_third,27.48151073451004,6.038911798985563,101.14385366635118,21.44259893552448,14.31820258768704,0.9036488317922916,6.61808609121124,86.82565107866414,attacking_third,27.48151073451004,6.038911798985563,101.14385366635118,21.44259893552448,14.31820258768704,0.9036488317922916,6.61808609121124,34.32565107866414,-20.613744772275822,0.97776014,0.66,1,England,england,England - Slovakia,england,2,1,True,0,0,1,1,0,opponent_on_ball,0,2228689706,3.8559999999999945,96.6,17.75301664506627,9.774348921335857,9.728494089443767,2.522949711992682
6,5544232,2413,2228690441,0,interception,2H,3060.504,1,opponent_on_ball,duel,0.0709999999999126,0.0162680000003092,England - Slovakia,1.4710000000000036,1.4710000000000036,0,1,1,0,0,1.4710000000000036,1.4710000000000036,0,1,1,0,0,6.405999999999949,3.256268000000091,0,1,2,0,1,6.405999999999949,3.256268000000091,0,1,2,0,1,6.405999999999949,3.256268000000091,0,1,2,0,1,89.62501212450704,attacking_third,20.911874494467344,12.248821908893538,93.8182548925113,8.663052585573807,4.193242768004268,1.0,6.016008739983482,89.62501212450704,attacking_third,20.911874494467344,12.248821908893538,93.8182548925113,8.663052585573807,4.193242768004268,1.0,6.016008739983482,89.62501212450704,attacking_third,20.911874494467344,6.663885464389697,109.63353067616202,14.247989030077647,20.008518551654987,0.917116488311513,3.4582497645820447,89.62501212450704,attacking_third,20.911874494467344,6.663885464389697,109.63353067616202,14.247989030077647,20.008518551654987,0.917116488311513,3.4582497645820447,89.62501212450704,attacking_third,20.911874494467344,6.663885464389697,109.63353067616202,14.247989030077647,20.008518551654987,0.917116488311513,3.4582497645820447,-37.12501212450703,14.17449267878036,0.7202866,0.66,1,England,england,England - Slovakia,england,2,1,True,1,1,1,1,1,shot,0,2228690448,6.405999999999949,90.3,16.49364726190057,0.6749878754929597,4.418227232566775,0.6897014100166734
6,5544232,2413,2228690603,1,duel_regain,2H,3453.805,1,opponent_on_ball,pass,1.57300000000032,0.0047319999998762,England - Slovakia,1.57300000000032,1.57300000000032,1,0,0,0,0,3.5109999999999673,3.5109999999999673,2,0,0,0,0,8.884000000000015,8.884000000000015,3,1,0,0,0,12.497000000000298,12.497000000000298,4,1,0,0,0,12.497000000000298,12.497000000000298,4,1,0,0,0,15.996099024654796,defensive_third,89.10892150906659,89.10892150906659,14.623907076203608,0.0,0.0,0.0,0.0,15.996099024654796,defensive_third,89.10892150906659,87.45360849782077,17.700884602356936,1.6553130112458234,1.7047855777021397,0.2911906107985609,0.4811956428040108,15.996099024654796,defensive_third,89.10892150906659,48.65561134175783,60.5664122453469,40.45331016730876,44.57031322069211,0.9094180380827036,4.5761663085190145,15.996099024654796,defensive_third,89.10892150906659,43.65563803018558,59.12130567506258,45.45328347888101,49.94557822837879,0.7150697008293727,3.6538009227396153,15.996099024654796,defensive_third,89.10892150906659,43.65563803018558,59.12130567506258,45.45328347888101,49.94557822837879,0.7150697008293727,3.6538009227396153,36.5039009753452,-4.324985974536116,0.9964282,0.66,1,England,england,England - Slovakia,england,2,1,True,0,0,0,0,0,opponent_on_ball,0,2228690348,16.18600000000015,68.25,41.70660499249489,52.2539009753452,47.4023165165717,2.9285998095002634
6,5544232,2413,2228690633,1,interception,2H,3715.308,1,opponent_on_ball,duel,2.2710000000001855,0.012267999999949,England - Slovakia,2.0,2.0,0,0,0,0,0,3.5830000000000837,3.5830000000000837,0,0,2,0,0,7.4409999999998035,7.4409999999998035,1,0,3,0,0,7.4409999999998035,7.4409999999998035,1,0,3,0,0,7.4409999999998035,7.4409999999998035,1,0,3,0,0,58.41449095680572,middle_third,51.63695003545958,46.78090324324511,64.85242206465367,4.856046792214464,6.437931107847945,0.973292005308308,2.4775748939869255,58.41449095680572,middle_third,51.63695003545958,23.82380091213016,84.98004913057301,27.813149123329417,26.56555817376729,0.9952317933930896,7.812682338014001,58.41449095680572,middle_third,51.63695003545958,12.910608418478152,87.53953563934729,38.72634161698143,35.15851153664708,0.8128185380728751,5.233289407700129,58.41449095680572,middle_third,51.63695003545958,12.910608418478152,87.53953563934729,38.72634161698143,35.15851153664708,0.8128185380728751,5.233289407700129,58.41449095680572,middle_third,51.63695003545958,12.910608418478152,87.53953563934729,38.72634161698143,35.15851153664708,0.8128185380728751,5.233289407700129,-5.914490956805722,-22.27476051837624,0.998128,0.66,1,England,england,England - Slovakia,england,2,1,True,0,0,1,1,0,opponent_on_ball,0,2228691680,10.769999999999982,92.4,13.244108123992337,33.985509043194284,38.392841911467244,3.564794977852118
6,5544232,2413,2228690642,1,duel_regain,2H,3729.338,1,game_interruption,touch,2.313999999999851,0.0177320000002509,England - Slovakia,0.3059999999995852,0.3059999999995852,0,0,0,0,0,2.313999999999851,2.313999999999851,0,1,0,0,0,6.560999999999694,6.560999999999694,1,1,1,0,0,13.33999999999969,9.902267999999822,1,1,1,0,0,13.33999999999969,9.902267999999822,1,1,1,0,0,85.10775025658434,attacking_third,37.94209825671892,37.69353187666236,84.98570462298832,0.2485663800565589,0.0,1.0,0.887737071631375,85.10775025658434,attacking_third,37.94209825671892,16.8976881672013,93.53048756424766,21.044410089517623,8.422737307663326,1.0,9.230004425228058,85.10775025658434,attacking_third,37.94209825671892,3.89013437665591,101.60908508945786,34.05196388006301,17.15273303165735,0.925130097680912,5.22269384663581,85.10775025658434,attacking_third,37.94209825671892,3.89013437665591,88.27900144023494,34.05196388006301,17.15273303165735,0.4899792075382996,3.4051963880063014,85.10775025658434,attacking_third,37.94209825671892,3.89013437665591,88.27900144023494,34.05196388006301,17.15273303165735,0.4899792075382996,3.4051963880063014,-32.60775025658434,32.3094602286713,0.9990575,0.66,1,England,england,England - Slovakia,england,2,1,True,0,0,1,1,0,game_interruption,0,2228690440,16.99499999999989,91.35,36.63771963427855,6.242249743415655,1.3043786224403746,0.0767507280047298
6,5544232,14496,2228690524,1,interception,2H,4095.987,0,opponent_on_ball,duel,2.71100000000024,0.013267999999698,England - Slovakia,2.0,2.0,0,0,0,0,0,2.7780000000002474,2.7780000000002474,0,0,1,0,0,5.752999999999702,5.752999999999702,1,0,1,0,0,5.752999999999702,5.752999999999702,1,0,1,0,0,5.752999999999702,5.752999999999702,1,0,1,0,0,17.061134949543856,defensive_third,91.03401646143487,71.17558051210185,39.3278627683371,19.85843594933304,22.26672781879324,0.9997231393954218,10.13185507619014,17.061134949543856,defensive_third,91.03401646143487,65.41488605855929,45.83355605632117,25.6191304028756,28.77242110677731,0.9997853806591076,9.282293624229554,17.061134949543856,defensive_third,91.03401646143487,51.76609331278938,61.11556946164884,39.26792314864551,44.05443451210498,0.999859967865988,6.865021529483175,17.061134949543856,defensive_third,91.03401646143487,51.76609331278938,61.11556946164884,39.26792314864551,44.05443451210498,0.999859967865988,6.865021529483175,17.061134949543856,defensive_third,91.03401646143487,51.76609331278938,61.11556946164884,39.26792314864551,44.05443451210498,0.999859967865988,6.865021529483175,-35.438865050456144,-23.53610347399207,0.99835545,0.66,1,Slovakia,slovakia,England - Slovakia,england,2,1,False,0,0,0,0,0,opponent_on_ball,0,2228690705,11.865999999999985,56.7,57.54414305557083,39.63886505045615,33.489873405864046,2.8223389015560496
6,5544232,2413,2228690800,1,interception,2H,4544.992,1,opponent_on_ball,pass,3.2510000000002037,0.0082679999995889,England - Slovakia,2.0,2.0,0,0,0,0,0,4.779999999999745,4.779999999999745,1,1,0,0,0,8.912000000000262,8.912000000000262,2,1,0,0,0,14.555999999999583,14.555999999999583,4,1,0,0,0,14.555999999999583,14.555999999999583,4,1,0,0,0,25.02858049174195,defensive_third,80.18988095732436,75.62098242410464,30.211253476640564,4.568898533219723,5.182672984898616,1.0,2.3310706802141015,25.02858049174195,defensive_third,80.18988095732436,73.21983078984717,31.794189389808977,6.970050167477197,6.772353846122286,0.975894866204891,1.4642962536716129,25.02858049174195,defensive_third,80.18988095732436,72.72273321771574,33.49509646612414,7.46714773960862,8.46651597438219,0.6538629947652854,0.8408950157216811,25.02858049174195,defensive_third,80.18988095732436,27.858903872863888,82.49372911904828,52.33097708446047,57.465148627306334,0.8508223701401906,3.604061782676233,25.02858049174195,defensive_third,80.18988095732436,27.858903872863888,82.49372911904828,52.33097708446047,57.465148627306334,0.8508223701401906,3.604061782676233,27.47141950825805,-5.915155939115742,0.9849076,0.66,1,England,england,England - Slovakia,england,2,1,True,0,0,0,1,0,opponent_on_ball,0,2228690866,18.313999999999396,81.9,26.467648176594754,56.87141950825806,53.72223278072961,2.9333970067015063
6,5544232,14496,2228693453,1,duel_regain,2H,4577.472,0,opponent_on_ball,duel,0.9080000000003564,0.0082680000004984,England - Slovakia,1.0760000000000218,1.0760000000000218,1,0,1,0,0,4.3510000000005675,4.3510000000005675,2,1,1,0,0,4.3510000000005675,4.3510000000005675,2,1,1,0,0,4.3510000000005675,4.3510000000005675,2,1,1,0,0,4.3510000000005675,4.3510000000005675,2,1,1,0,0,30.054901374937774,defensive_third,75.04177176234899,63.740747911057944,41.459042857647816,11.301023851291042,11.404141482710042,1.0,10.866369087780228,30.054901374937774,defensive_third,75.04177176234899,45.78520118703225,60.999039982327666,29.256570575316736,30.944138607389892,1.0,6.772354299842293,30.054901374937774,defensive_third,75.04177176234899,45.78520118703225,60.999039982327666,29.256570575316736,30.944138607389892,1.0,6.772354299842293,30.054901374937774,defensive_third,75.04177176234899,45.78520118703225,60.999039982327666,29.256570575316736,30.944138607389892,1.0,6.772354299842293,30.054901374937774,defensive_third,75.04177176234899,45.78520118703225,60.999039982327666,29.256570575316736,30.944138607389892,1.0,6.772354299842293,-22.445098625062226,-3.807847333097051,0.9937469,0.66,1,Slovakia,slovakia,England - Slovakia,england,2,1,False,0,0,0,0,0,opponent_on_ball,0,2228690818,10.342000000000553,66.15,40.732543500252966,36.095098625062235,34.30922826209602,3.317465505907386
6,5544232,2413,2228690842,1,duel_regain,2H,4697.961,1,opponent_on_ball,pass,3.4929999999994834,0.0007320000004256,England - Slovakia,0.0559999999995852,0.0559999999995852,0,0,0,0,0,4.1340000000000146,4.1340000000000146,1,1,0,0,0,4.1340000000000146,4.1340000000000146,1,1,0,0,0,13.706999999999423,13.706999999999423,3,1,0,0,0,13.706999999999423,13.706999999999423,3,1,0,0,0,,,,,,,,,,53.25089378096031,middle_third,55.089348418270646,37.55871738200412,75.06700514641747,17.530631036266527,21.81611136545716,1.0,4.296723293202657,53.25089378096031,middle_third,55.089348418270646,37.55871738200412,75.06700514641747,17.530631036266527,21.81611136545716,1.0,4.296723293202657,53.25089378096031,middle_third,55.089348418270646,5.801669418521557,91.28174922542456,49.28767899974909,46.67112799756414,0.8498269264056667,3.613466202327559,53.25089378096031,middle_third,55.089348418270646,5.801669418521557,91.28174922542456,49.28767899974909,46.67112799756414,0.8498269264056667,3.613466202327559,-0.7508937809603111,18.89090560773002,0.99294925,0.66,1,England,england,England - Slovakia,england,2,1,True,0,0,1,1,0,opponent_on_ball,0,2228690989,15.505999999999403,101.85,3.1500000000000057,48.59910621903968,51.93934841827064,3.3496290737954753
6,5544232,14496,2228691167,1,duel_regain,2H,5122.08,0,opponent_on_ball,touch,1.940000000000509,0.0002679999997781,England - Slovakia,1.940000000000509,1.940000000000509,0,1,0,0,0,1.940000000000509,1.940000000000509,0,1,0,0,0,6.807999999999993,6.807999999999993,1,1,0,0,0,6.807999999999993,6.807999999999993,1,1,0,0,0,6.807999999999993,6.807999999999993,1,1,0,0,0,47.36712705330105,middle_third,62.390059829810994,54.75741963917301,57.5756926107246,7.632640190637986,10.208565557423556,0.8337390640469416,3.9753334326238,47.36712705330105,middle_third,62.390059829810994,54.75741963917301,57.5756926107246,7.632640190637986,10.208565557423556,0.8337390640469416,3.9753334326238,47.36712705330105,middle_third,62.390059829810994,36.926709801323824,67.82417860103698,25.46335002848717,20.777655128466503,0.6674954755913819,3.744610298306837,47.36712705330105,middle_third,62.390059829810994,36.926709801323824,67.82417860103698,25.46335002848717,20.777655128466503,0.6674954755913819,3.744610298306837,47.36712705330105,middle_third,62.390059829810994,36.926709801323824,67.82417860103698,25.46335002848717,20.777655128466503,0.6674954755913819,3.744610298306837,-5.132872946698953,23.895010388720316,0.9848098,0.66,1,Slovakia,slovakia,England - Slovakia,england,2,1,False,0,0,0,0,0,opponent_on_ball,0,2228690960,8.193000000000211,70.35,41.65521455952424,22.982872946698947,20.734845270286755,2.530800106223144
6,5544232,2413,2228691308,1,duel_regain,1E,6199.323,0,opponent_on_ball,pass,3.344999999999345,0.0028269999993426,England - Slovakia,0.0579999999999927,0.0579999999999927,0,0,0,0,0,3.344999999999345,3.344999999999345,1,0,0,0,0,9.097999999999956,9.097999999999956,2,0,1,0,0,13.831000000000133,13.831000000000133,3,0,1,0,0,13.831000000000133,13.831000000000133,3,0,1,0,0,36.67497615770152,middle_third,70.03077219115522,69.88702976663039,36.8382633528417,0.1437424245248308,0.1632871951401782,1.0,3.5935606131240405,36.67497615770152,middle_third,70.03077219115522,56.095922467518186,58.41062162815448,13.934849723637036,21.73564547045296,1.0,4.197243892660976,36.67497615770152,middle_third,70.03077219115522,23.2132017722542,90.39532278815132,46.81757041890102,53.72034663044981,1.0,5.156120090187378,36.67497615770152,middle_third,70.03077219115522,11.271948722033729,89.60316603326058,58.758823469121495,58.77538015681712,0.7790584458401754,4.257885758631936,36.67497615770152,middle_third,70.03077219115522,11.271948722033729,89.60316603326058,58.758823469121495,58.77538015681712,0.7790584458401754,4.257885758631936,-15.825023842298478,15.362297049556858,0.99844164,0.66,1,England,england,England - Slovakia,england,2,1,True,0,0,1,1,0,opponent_on_ball,0,2228691643,14.635999999999513,94.5,11.5285558505825,57.82502384229848,58.50221634057272,3.9971451448875834
6,5544233,15874,2228696501,1,interception,1H,1984.323,0,game_interruption,touch,1.3719999999998436,0.013729000000012,Spain - Georgia,1.3719999999998436,1.3719999999998436,0,1,0,0,0,3.0069999999998345,3.0069999999998345,1,1,0,0,0,7.9099999999998545,6.173729000000094,1,1,2,0,0,7.9099999999998545,6.173729000000094,1,1,2,0,0,7.9099999999998545,6.173729000000094,1,1,2,0,0,72.72022882554846,attacking_third,39.22901183754564,35.81538529885729,81.26739063847471,3.413626538688355,8.547161812926248,1.0,2.5860807111276665,72.72022882554846,attacking_third,39.22901183754564,25.153648754688746,89.42426714591674,14.0753630828569,16.704599700874326,1.0,4.755190230695205,72.72022882554846,attacking_third,39.22901183754564,10.918197450027352,100.11488770763891,28.310814387518292,33.22491293773744,0.6408413499445924,4.3421494459384,72.72022882554846,attacking_third,39.22901183754564,10.918197450027352,100.11488770763891,28.310814387518292,33.22491293773744,0.6408413499445924,4.3421494459384,72.72022882554846,attacking_third,39.22901183754564,10.918197450027352,100.11488770763891,28.310814387518292,33.22491293773744,0.6408413499445924,4.3421494459384,20.22022882554846,-22.29196587731427,0.99880433,0.66,1,Georgia,georgia,Spain - Georgia,spain,4,1,False,0,0,1,1,0,game_interruption,0,2228696512,10.458999999999833,105.0,17.0,32.27977117445154,22.22901183754564,2.1253477232570988
6,5544233,1598,2228697071,1,interception,2H,4471.89,0,window_end,duel,1.393000000000029,0.0174479999996037,Spain - Georgia,1.393000000000029,1.393000000000029,0,0,1,0,0,4.157999999999447,4.157999999999447,1,0,1,0,0,8.03399999999965,7.777447999999822,1,1,1,0,0,13.647999999999229,7.777447999999822,1,1,2,0,1,13.647999999999229,7.777447999999822,1,1,2,0,1,45.11697770510732,middle_third,61.4594138555828,49.3023483222717,60.210541761340586,12.157065533311105,15.09356405623327,1.0,8.939018774489634,45.11697770510732,middle_third,61.4594138555828,32.06831756591301,79.58247805735215,29.39109628966979,34.46550035224483,1.0,7.133761235356934,45.11697770510732,middle_third,61.4594138555828,1.0107535778834296,106.77215136388178,60.448660277699375,61.75346588303307,0.983641101280886,7.556082534712422,45.11697770510732,middle_third,61.4594138555828,1.0107535778834296,105.47242346677936,60.448660277699375,61.75346588303307,0.9220945317885092,4.444754432183658,45.11697770510732,middle_third,61.4594138555828,1.0107535778834296,105.47242346677936,60.448660277699375,61.75346588303307,0.9220945317885092,4.444754432183658,-7.383022294892683,-13.830516704056606,0.9995486,0.66,1,Spain,spain,Spain - Georgia,spain,4,1,True,1,1,1,1,1,shot,0,2228697080,12.791999999999462,94.5,14.638647478507023,49.38302229489268,46.82076637707578,3.6601599731924446
6,5544234,5629,2229413409,1,duel_regain,1H,156.41899999999998,1,opponent_on_ball,duel,1.5340000000000202,0.018999999999977,France - Belgium,1.5340000000000202,1.5340000000000202,0,0,1,0,0,4.724000000000018,4.724000000000018,2,0,1,0,0,7.052000000000021,7.052000000000021,3,0,1,0,0,7.052000000000021,7.052000000000021,3,0,1,0,0,7.052000000000021,7.052000000000021,3,0,1,0,0,24.99559668051762,defensive_third,82.56103466130803,78.52066627981031,28.807440553038305,4.040368381497714,3.811843872520683,0.2724958522040557,2.805811376040084,24.99559668051762,defensive_third,82.56103466130803,36.272910513092064,76.2640781952839,46.28812414821597,51.26848151476628,0.8110049373970124,9.975888825046512,24.99559668051762,defensive_third,82.56103466130803,29.68077415636432,89.59121808324537,52.880260504943706,64.59562140272774,0.8263718183514753,7.641656142332888,24.99559668051762,defensive_third,82.56103466130803,29.68077415636432,89.59121808324537,52.880260504943706,64.59562140272774,0.8263718183514753,7.641656142332888,24.99559668051762,defensive_third,82.56103466130803,29.68077415636432,89.59121808324537,52.880260504943706,64.59562140272774,0.8263718183514753,7.641656142332888,27.50440331948238,-20.386757805970603,0.99553394,0.66,1,Belgium,belgium,France - Belgium,france,1,0,False,0,0,0,1,0,opponent_on_ball,0,2229413233,14.205000000000013,94.5,31.068112269656808,69.50440331948238,51.49292239165122,3.624985736828664
6,5544234,5629,2229414381,1,interception,2H,3133.958,1,opponent_on_ball,pass,3.4529999999999745,0.0019999999999527,France - Belgium,2.0,2.0,0,0,0,0,0,3.4529999999999745,3.4529999999999745,1,0,0,0,0,9.353999999999814,9.353999999999814,4,0,0,0,0,13.643000000000027,13.643000000000027,5,0,0,0,0,13.643000000000027,13.643000000000027,5,0,0,0,0,22.56002065870406,defensive_third,86.64722962394725,83.40075838698138,22.69185635682801,3.246471236965874,0.4271615155298391,0.9284583044665304,1.6563628760029665,22.56002065870406,defensive_third,86.64722962394725,83.40075838698138,14.527541412840767,3.246471236965874,0.4271615155298391,0.3013349191414922,0.9437416386528554,22.56002065870406,defensive_third,86.64722962394725,72.59749245087868,40.20641149191458,14.049737173068578,17.646390833210518,0.4825712041347996,1.5074825292991771,22.56002065870406,defensive_third,86.64722962394725,36.011519718600155,72.37731355518383,50.6357099053471,50.58473928882088,0.7591933897926749,3.712295447606127,22.56002065870406,defensive_third,86.64722962394725,36.011519718600155,72.37731355518383,50.6357099053471,50.58473928882088,0.7591933897926749,3.712295447606127,29.93997934129594,-26.671936707178546,0.9965789,0.66,1,Belgium,belgium,France - Belgium,france,1,0,False,0,0,0,0,0,opponent_on_ball,0,2229414346,14.922000000000025,73.5,33.554189008229656,50.93997934129594,53.0930406157176,3.5580378378044166
6,5544234,5629,2229415267,1,duel_regain,2H,3618.178,1,opponent_on_ball,duel,2.32300000000032,0.0180000000000291,France - Belgium,1.9980000000000473,1.9980000000000473,0,0,0,0,0,4.894999999999982,4.894999999999982,1,0,1,0,0,7.68100000000004,6.68100000000004,1,1,1,0,1,7.68100000000004,6.68100000000004,1,1,1,0,1,7.68100000000004,6.68100000000004,1,1,1,0,1,52.317749875235656,middle_third,55.701834976903726,39.11021211254774,69.05941384078788,16.591622864355983,16.741663965552227,1.0,8.465113706303915,52.317749875235656,middle_third,55.701834976903726,13.518936135506328,97.11179105655162,42.18289884139739,44.79404118131597,1.0000000000000002,8.715474967230605,52.317749875235656,middle_third,55.701834976903726,11.170947068227116,99.52648630152656,44.53088790867661,56.766443454851064,0.9335000548959256,5.828650249826532,52.317749875235656,middle_third,55.701834976903726,11.170947068227116,99.52648630152656,44.53088790867661,56.766443454851064,0.9335000548959256,5.828650249826532,52.317749875235656,middle_third,55.701834976903726,11.170947068227116,99.52648630152656,44.53088790867661,56.766443454851064,0.9335000548959256,5.828650249826532,0.1822501247643444,-18.09074187494759,0.99972063,0.66,1,Belgium,belgium,France - Belgium,france,1,0,False,1,1,1,1,1,shot,0,2229414571,7.68100000000004,93.45,14.14171488893762,41.13225012476435,41.560120087966105,5.410769442516064
6,5544234,4418,2229414578,1,duel_regain,2H,3732.264,0,opponent_on_ball,touch,2.757000000000062,0.0159999999996216,France - Belgium,0.3420000000000982,0.3420000000000982,0,0,0,0,0,4.69399999999996,4.69399999999996,1,1,0,0,0,9.417999999999664,9.417999999999664,5,1,0,0,0,9.417999999999664,9.417999999999664,5,1,0,0,0,9.417999999999664,9.417999999999664,5,1,0,0,0,55.04620516063829,middle_third,51.75776250852554,50.69566021702281,55.95685437986115,1.0621022915027254,0.9106492192228686,1.0,3.319069660939602,55.04620516063829,middle_third,51.75776250852554,23.530035340734404,82.44097487813025,28.227727167791137,27.39476971749196,0.7855378825308578,6.0835618896097285,55.04620516063829,middle_third,51.75776250852554,16.967631362231693,85.33466317715632,34.790131146293845,36.464838823031535,0.7039708352519045,3.701077781520407,55.04620516063829,middle_third,51.75776250852554,16.967631362231693,85.33466317715632,34.790131146293845,36.464838823031535,0.7039708352519045,3.701077781520407,55.04620516063829,middle_third,51.75776250852554,16.967631362231693,85.33466317715632,34.790131146293845,36.464838823031535,0.7039708352519045,3.701077781520407,2.546205160638287,-13.545639927145928,0.9800283,0.66,1,France,france,France - Belgium,france,1,0,True,0,0,1,1,0,opponent_on_ball,0,2229414617,11.673999999999978,93.45,18.366297939432428,38.403794839361716,33.39146456909311,2.8603276142790106
6,5544234,4418,2229414616,1,interception,2H,3863.028,0,game_interruption,pass,2.3330000000000837,0.0120000000001709,France - Belgium,2.0,1.6520000000004984,0,0,0,0,0,3.7020000000002256,2.942000000000462,1,0,0,0,1,3.7020000000002256,2.942000000000462,1,0,0,0,1,3.7020000000002256,2.942000000000462,1,0,0,0,1,3.7020000000002256,2.942000000000462,1,0,0,0,1,84.11408071614255,attacking_third,21.04942558091288,5.107193594265064,108.5065276407575,15.942231986647814,24.838342362355007,0.8706665313248254,8.133791829922203,84.11408071614255,attacking_third,21.04942558091288,5.107193594265064,96.16217626758085,15.942231986647814,24.838342362355007,0.6668735274107137,4.332128257240911,84.11408071614255,attacking_third,21.04942558091288,5.107193594265064,96.16217626758085,15.942231986647814,24.838342362355007,0.6668735274107137,4.332128257240911,84.11408071614255,attacking_third,21.04942558091288,5.107193594265064,96.16217626758085,15.942231986647814,24.838342362355007,0.6668735274107137,4.332128257240911,84.11408071614255,attacking_third,21.04942558091288,5.107193594265064,96.16217626758085,15.942231986647814,24.838342362355007,0.6668735274107137,4.332128257240911,31.614080716142546,2.6185287767333776,0.9631372,0.66,1,France,france,France - Belgium,france,1,0,True,1,1,1,1,1,shot,0,2229414622,3.7020000000002256,86.1,20.086064821163955,1.9859192838574415,0.9633607597489267,0.26022710960261153
6,5544234,5629,2229414972,1,interception,2H,4615.671,1,opponent_on_ball,pass,2.418999999999869,0.0090000000000145,France - Belgium,2.0,2.0,0,0,0,0,0,3.5850000000000364,3.5850000000000364,2,0,0,0,0,3.5850000000000364,3.5850000000000364,2,0,0,0,0,3.5850000000000364,3.5850000000000364,2,0,0,0,0,3.5850000000000364,3.5850000000000364,2,0,0,0,0,38.33033124835505,middle_third,66.69703847437992,54.81062666522002,50.72717939825151,11.886411809159902,12.396848149896456,1.0,6.064495820999838,38.33033124835505,middle_third,66.69703847437992,51.33781221138103,54.02484181234918,15.359226262998895,15.694510563994127,1.0,4.314389399719408,38.33033124835505,middle_third,66.69703847437992,51.33781221138103,54.02484181234918,15.359226262998895,15.694510563994127,1.0,4.314389399719408,38.33033124835505,middle_third,66.69703847437992,51.33781221138103,54.02484181234918,15.359226262998895,15.694510563994127,1.0,4.314389399719408,38.33033124835505,middle_third,66.69703847437992,51.33781221138103,54.02484181234918,15.359226262998895,15.694510563994127,1.0,4.314389399719408,14.169668751644949,1.9105522235345231,0.937974,0.66,1,Belgium,belgium,France - Belgium,france,1,0,False,0,0,0,0,0,opponent_on_ball,0,2229414884,4.049999999999272,43.05,65.01292871421808,4.719668751644946,1.6841097601618458,0.41582957041040697
6,5544234,4418,2229415024,1,duel_regain,2H,5193.919,0,opponent_on_ball,pass,0.9210000000002764,0.0010000000002037,France - Belgium,0.9210000000002764,0.9210000000002764,1,0,0,0,0,4.306999999999789,4.306999999999789,2,0,0,0,0,4.306999999999789,4.306999999999789,2,0,0,0,0,4.306999999999789,4.306999999999789,2,0,0,0,0,4.306999999999789,4.306999999999789,2,0,0,0,0,29.674760424440905,defensive_third,75.36634204383272,70.27508053360997,34.72523869767369,5.0912615102227505,5.050478273232784,1.0,5.533979902415595,29.674760424440905,defensive_third,75.36634204383272,50.37965205532251,57.28044261393018,24.986689988510207,27.605682189489272,1.0,5.838011679558807,29.674760424440905,defensive_third,75.36634204383272,50.37965205532251,57.28044261393018,24.986689988510207,27.605682189489272,1.0,5.838011679558807,29.674760424440905,defensive_third,75.36634204383272,50.37965205532251,57.28044261393018,24.986689988510207,27.605682189489272,1.0,5.838011679558807,29.674760424440905,defensive_third,75.36634204383272,50.37965205532251,57.28044261393018,24.986689988510207,27.605682189489272,1.0,5.838011679558807,-22.825239575559095,2.4887338050931973,0.9826131,0.66,1,France,france,France - Belgium,france,1,0,True,0,0,0,0,0,opponent_on_ball,0,2229415131,10.875,64.05,42.04203729602076,34.37523957555909,33.32430474781196,3.064303884856272
6,5544235,12046,2229694142,1,duel_regain,1H,505.301,0,opponent_on_ball,pass,0.7230000000000132,0.0150539999999637,Portugal - Slovenia,1.608000000000004,1.608000000000004,2,0,0,0,0,4.310000000000002,4.310000000000002,4,0,0,0,0,5.014999999999986,5.014999999999986,4,1,0,0,0,5.014999999999986,5.014999999999986,4,1,0,0,0,5.014999999999986,5.014999999999986,4,1,0,0,0,42.238589573340704,middle_third,69.04972610206913,56.91864765018883,54.873376119039,12.1310784518803,12.634786545698296,1.0,7.776332340948899,42.238589573340704,middle_third,69.04972610206913,23.77998179176403,84.07995779441255,45.2697443103051,41.841368221071846,1.0,10.577043063155324,42.238589573340704,middle_third,69.04972610206913,19.2753946476421,87.33032563171028,49.77433145442703,45.351082754045976,0.9975366946548192,10.035147470650536,42.238589573340704,middle_third,69.04972610206913,19.2753946476421,87.33032563171028,49.77433145442703,45.351082754045976,0.9975366946548192,10.035147470650536,42.238589573340704,middle_third,69.04972610206913,19.2753946476421,87.33032563171028,49.77433145442703,45.351082754045976,0.9975366946548192,10.035147470650536,-10.261410426659296,28.790103091638755,0.9694792,0.66,1,Slovenia,slovenia,Portugal - Slovenia,draw,0,0,False,0,0,1,1,0,opponent_on_ball,0,2229694123,6.991000000000042,64.05,46.05723504510448,21.811410426659293,22.992491056964653,3.2888701268723377
6,5544235,12046,2229694409,1,interception,1H,1296.887,0,opponent_on_ball,pass,3.5170000000000528,0.00105399999984,Portugal - Slovenia,2.0,2.0,0,0,0,0,0,3.5170000000000528,3.5170000000000528,1,0,0,0,0,3.5170000000000528,3.5170000000000528,1,0,0,0,0,3.5170000000000528,3.5170000000000528,1,0,0,0,0,3.5170000000000528,3.5170000000000528,1,0,0,0,0,65.37327702027882,middle_third,39.77393257154563,24.926225943320755,82.85825964573692,14.84770662822488,17.484982625458102,1.0,7.57536052460439,65.37327702027882,middle_third,39.77393257154563,24.909735273221923,82.15983776474897,14.864197298323711,17.950000935670204,0.756239794550396,4.320987586722227,65.37327702027882,middle_third,39.77393257154563,24.909735273221923,82.15983776474897,14.864197298323711,17.950000935670204,0.756239794550396,4.320987586722227,65.37327702027882,middle_third,39.77393257154563,24.909735273221923,82.15983776474897,14.864197298323711,17.950000935670204,0.756239794550396,4.320987586722227,65.37327702027882,middle_third,39.77393257154563,24.909735273221923,82.15983776474897,14.864197298323711,17.950000935670204,0.756239794550396,4.320987586722227,12.87327702027882,3.4188504053695823,0.9901191,0.66,1,Slovenia,slovenia,Portugal - Slovenia,draw,0,0,False,0,0,0,1,0,opponent_on_ball,0,2229694455,6.294000000000096,82.95,23.2841770307649,17.576722979721183,16.489755540780727,2.6199166731459287
6,5544235,12046,2229694434,1,duel_regain,1H,1318.173,0,opponent_on_ball,touch,1.7729999999999109,0.0070539999999255,Portugal - Slovenia,1.7729999999999109,1.7729999999999109,0,1,0,0,0,3.518000000000029,3.518000000000029,1,1,0,0,0,9.003999999999905,9.003999999999905,3,1,0,0,0,13.645999999999958,13.645999999999958,3,1,2,0,0,13.645999999999958,13.645999999999958,3,1,2,0,0,29.46958451487863,defensive_third,76.02679153855439,76.02679153855439,21.40653836017062,0.0,0.0,0.0,0.0,29.46958451487863,defensive_third,76.02679153855439,55.98264351539437,49.04233694703947,20.04414802316002,19.572752432160843,0.4400238365587458,5.759812650333309,29.46958451487863,defensive_third,76.02679153855439,32.18135893296889,73.77817617503426,43.8454326055855,44.30859166015563,0.6320913168521495,4.89346346044479,29.46958451487863,defensive_third,76.02679153855439,23.78436646531476,81.24658056684015,52.24242507323963,51.77699605196152,0.6170986180982941,3.8413547847970575,29.46958451487863,defensive_third,76.02679153855439,23.78436646531476,81.24658056684015,52.24242507323963,51.77699605196152,0.6170986180982941,3.8413547847970575,-23.03041548512137,8.673486513031861,0.99859375,0.66,1,Slovenia,slovenia,Portugal - Slovenia,draw,0,0,False,0,0,0,1,0,window_end_20s,1,,13.645999999999958,81.24658056684015,23.78436646531476,51.77699605196152,52.24242507323963,3.828405765296775
6,5544235,9905,2229694682,1,duel_regain,1H,1894.271,1,window_end,none,,0.014946000000009,Portugal - Slovenia,2.0,2.0,0,0,0,0,0,2.716000000000122,2.716000000000122,0,0,0,0,0,8.650000000000091,8.650000000000091,0,0,1,0,0,8.650000000000091,8.650000000000091,0,0,1,0,0,8.650000000000091,8.650000000000091,0,0,1,0,0,55.31642633453931,middle_third,49.697735792912155,32.92666522376061,72.34535812442968,16.771070569151547,17.028931789890372,1.0,8.556668657730222,55.31642633453931,middle_third,49.697735792912155,26.01645873840103,79.35433584902938,23.681277054511124,24.037909514490075,1.0,8.836297408399464,55.31642633453931,middle_third,49.697735792912155,18.495932212152653,88.31275105911442,31.201803580759503,34.2278973831959,0.9462904333321084,3.628116695437094,55.31642633453931,middle_third,49.697735792912155,18.495932212152653,88.31275105911442,31.201803580759503,34.2278973831959,0.9462904333321084,3.628116695437094,55.31642633453931,middle_third,49.697735792912155,18.495932212152653,88.31275105911442,31.201803580759503,34.2278973831959,0.9462904333321084,3.628116695437094,-2.816426334539308,1.1863603039730108,0.9139594,0.66,1,Portugal,portugal,Portugal - Slovenia,draw,0,0,False,0,0,1,1,0,window_end_20s,1,,8.650000000000091,88.28056066781875,20.1405823004834,32.96413433327944,29.557153492428757,3.417011964442595
6,5544235,9905,2229694723,1,interception,1H,2062.929,1,opponent_on_ball,pass,1.487999999999829,0.0030540000002474,Portugal - Slovenia,1.487999999999829,1.487999999999829,1,0,0,0,0,4.188000000000102,4.188000000000102,2,0,0,0,0,4.188000000000102,4.188000000000102,2,0,0,0,0,4.188000000000102,4.188000000000102,2,0,0,0,0,4.188000000000102,4.188000000000102,2,0,0,0,0,67.35636086834025,middle_third,39.28282617318084,31.154024306798203,77.00356810408823,8.128801866382634,9.647207235747985,1.0,5.645001296098838,67.35636086834025,middle_third,39.28282617318084,19.377738176139506,93.29638359402252,19.905087997041335,25.94002272568227,1.0,4.8313320381164235,67.35636086834025,middle_third,39.28282617318084,19.377738176139506,93.29638359402252,19.905087997041335,25.94002272568227,1.0,4.8313320381164235,67.35636086834025,middle_third,39.28282617318084,19.377738176139506,93.29638359402252,19.905087997041335,25.94002272568227,1.0,4.8313320381164235,67.35636086834025,middle_third,39.28282617318084,19.377738176139506,93.29638359402252,19.905087997041335,25.94002272568227,1.0,4.8313320381164235,-14.856360868340246,11.229286044879082,0.9961234,0.66,1,Portugal,portugal,Portugal - Slovenia,draw,0,0,False,0,0,1,1,0,opponent_on_ball,0,2229694668,9.838999999999942,98.7,15.607959507892119,31.343639131659756,23.674866665288718,2.4062269199399187
6,5544235,9905,2229694762,1,duel_regain,1H,2181.447,1,opponent_on_ball,pass,2.3229999999998654,0.0010540000002947,Portugal - Slovenia,2.0,2.0,0,0,0,0,0,2.3229999999998654,2.3229999999998654,1,0,0,0,0,9.058999999999742,9.058999999999742,2,0,1,0,0,13.842000000000098,13.842000000000098,2,0,2,0,0,13.842000000000098,13.842000000000098,2,0,2,0,0,4.189841054426438,defensive_third,101.35567145912552,85.37798299646889,19.928823843405368,15.977688462656644,15.73898278897893,1.0,8.151881868702219,4.189841054426438,defensive_third,101.35567145912552,81.96050092808328,23.74398628872278,19.395170531042258,19.554145234296342,1.0,8.506653741684453,4.189841054426438,defensive_third,101.35567145912552,47.53943442021744,69.21448963122268,53.81623703890809,65.02464857679624,0.9972881567323691,5.979581893212011,4.189841054426438,defensive_third,101.35567145912552,37.682667078163995,77.56649100971669,63.67300438096154,76.65865448645292,0.9326789620759466,4.613985824707297,4.189841054426438,defensive_third,101.35567145912552,37.682667078163995,77.56649100971669,63.67300438096154,76.65865448645292,0.9326789620759466,4.613985824707297,48.31015894557356,-10.501618460903453,0.97828853,0.66,1,Portugal,portugal,Portugal - Slovenia,draw,0,0,False,0,0,0,0,0,opponent_on_ball,0,2229694696,17.561999999999898,80.85,32.50723150315942,76.66015894557356,68.8484399559661,3.920307479556229
6,5544235,9905,2229694867,1,duel_regain,1H,2543.066,1,opponent_on_ball,duel,2.519999999999982,0.0199460000003455,Portugal - Slovenia,2.0,2.0,0,0,0,0,0,3.3700000000003456,3.3700000000003456,1,0,1,0,0,3.3700000000003456,3.3700000000003456,1,0,1,0,0,3.3700000000003456,3.3700000000003456,1,0,1,0,0,3.3700000000003456,3.3700000000003456,1,0,1,0,0,67.36429870354718,middle_third,40.291076158411435,29.663501021156712,83.9581161288521,10.627575137254723,16.59381742530492,1.0,5.422232212884962,67.36429870354718,middle_third,40.291076158411435,26.456635689329634,92.0680010737568,13.834440469081802,24.703702370209612,1.0,4.167000141290065,67.36429870354718,middle_third,40.291076158411435,26.456635689329634,92.0680010737568,13.834440469081802,24.703702370209612,1.0,4.167000141290065,67.36429870354718,middle_third,40.291076158411435,26.456635689329634,92.0680010737568,13.834440469081802,24.703702370209612,1.0,4.167000141290065,67.36429870354718,middle_third,40.291076158411435,26.456635689329634,92.0680010737568,13.834440469081802,24.703702370209612,1.0,4.167000141290065,-14.864298703547185,14.384881157906392,0.98381007,0.66,1,Portugal,portugal,Portugal - Slovenia,draw,0,0,False,0,0,0,1,0,opponent_on_ball,0,2229694773,9.274000000000342,98.7,25.27766603149903,31.335701296452825,15.013410126912405,1.6188710509932986
6,5544235,12046,2229694770,1,duel_regain,1H,2548.315,0,opponent_on_ball,pass,4.025000000000091,0.0109459999998762,Portugal - Slovenia,2.0,2.0,0,0,0,0,0,4.025000000000091,4.025000000000091,1,0,0,0,0,6.681999999999789,4.970945999999913,2,0,0,0,0,6.681999999999789,4.970945999999913,2,0,0,0,0,6.681999999999789,4.970945999999913,2,0,0,0,0,13.318617640796994,defensive_third,95.40890745507993,72.91838700556339,37.85142955383792,22.490520449516524,24.532811913040923,1.0,11.474755331385769,13.318617640796994,defensive_third,95.40890745507993,60.70360218824503,51.699629666272145,34.705305266834884,38.38101202547515,0.998977583664929,8.676326316708721,13.318617640796994,defensive_third,95.40890745507993,58.32542211796087,59.10868599237832,37.08348533711904,45.790068351581326,0.96114327868023,5.584862249566228,13.318617640796994,defensive_third,95.40890745507993,58.32542211796087,59.10868599237832,37.08348533711904,45.790068351581326,0.96114327868023,5.584862249566228,13.318617640796994,defensive_third,95.40890745507993,58.32542211796087,59.10868599237832,37.08348533711904,45.790068351581326,0.96114327868023,5.584862249566228,-39.181382359203006,26.408024357714105,0.9913243,0.66,1,Slovenia,slovenia,Portugal - Slovenia,draw,0,0,False,0,0,0,0,0,opponent_on_ball,0,2229694873,8.237999999999829,47.25,61.02410097658138,33.931382359203006,34.38480647849855,4.173926496540333
6,5544235,9905,2229694883,1,duel_regain,1H,2575.385,1,opponent_on_ball,pass,3.3219999999996617,0.0190540000003238,Portugal - Slovenia,2.0,2.0,0,0,0,0,0,3.3219999999996617,3.3219999999996617,1,0,0,0,0,9.402999999999793,9.402999999999793,3,0,0,0,0,13.539999999999964,13.539999999999964,4,0,0,0,0,13.539999999999964,13.539999999999964,4,0,0,0,0,20.465680490464933,defensive_third,85.30531790589471,85.30531790589471,17.381608903105317,0.0,0.0,0.0,0.0,20.465680490464933,defensive_third,85.30531790589471,83.73501873023308,21.335807620089028,1.5702991756616314,0.8701271296240947,0.1502902066246347,0.4787497486772974,20.465680490464933,defensive_third,85.30531790589471,59.96778077980392,49.152063831366995,25.337537126090787,28.68638334090206,0.7357553540210725,2.707001829710517,20.465680490464933,defensive_third,85.30531790589471,33.22913176914757,66.98231670246582,52.07618613674714,58.62034798872685,0.6906237625647061,3.8632185561385066,20.465680490464933,defensive_third,85.30531790589471,33.22913176914757,66.98231670246582,52.07618613674714,58.62034798872685,0.6906237625647061,3.8632185561385066,32.03431950953507,-11.44316774698332,0.99526715,0.66,1,Portugal,portugal,Portugal - Slovenia,draw,0,0,False,0,0,0,1,0,window_end_20s,1,,13.539999999999964,67.07835054292484,43.170643685347954,46.612670052459904,42.134674220546756,3.1118666337183805
6,5544235,12046,2229695016,1,interception,2H,3157.68,1,opponent_on_ball,pass,3.211999999999989,0.0137019999997392,Portugal - Slovenia,2.0,2.0,0,0,0,0,0,4.213999999999942,4.213999999999942,1,1,0,0,0,5.776000000000295,5.776000000000295,2,1,0,0,0,5.776000000000295,5.776000000000295,2,1,0,0,0,5.776000000000295,5.776000000000295,2,1,0,0,0,36.341575857439224,middle_third,69.61949937767712,60.70366537388536,48.19277119258825,8.915834003791758,11.85119533514903,0.9709372590692354,4.54889489989367,36.341575857439224,middle_third,69.61949937767712,33.53632249814129,76.38108800334768,36.08317687953583,40.03951214590846,0.9926582034371708,8.591232590365115,36.341575857439224,middle_third,69.61949937767712,16.291039406047542,90.33931500088602,53.32845997162957,54.42924459794672,0.9859164170255516,9.258413189518672,36.341575857439224,middle_third,69.61949937767712,16.291039406047542,90.33931500088602,53.32845997162957,54.42924459794672,0.9859164170255516,9.258413189518672,36.341575857439224,middle_third,69.61949937767712,16.291039406047542,90.33931500088602,53.32845997162957,54.42924459794672,0.9859164170255516,9.258413189518672,16.158424142560776,-11.52803052817836,0.9949538,0.66,1,Slovenia,slovenia,Portugal - Slovenia,draw,0,0,False,0,0,1,1,0,opponent_on_ball,0,2229695186,9.706000000000131,94.5,11.264830225085507,58.158424142560776,58.35466915259161,6.012226370553351
6,5544235,12046,2229695171,1,interception,2H,3650.556,1,game_interruption,pass,1.27599999999984,0.0177019999996446,Portugal - Slovenia,1.27599999999984,1.27599999999984,1,0,0,0,0,3.2280000000000655,3.2280000000000655,1,0,1,0,0,8.148000000000138,8.148000000000138,1,0,4,0,0,10.962999999999738,10.85770199999979,1,0,4,0,1,10.962999999999738,10.85770199999979,1,0,4,0,1,32.64550442749115,defensive_third,72.38998853632602,66.13750783392817,38.87940155887165,6.252480702397847,6.233897131380502,1.0,5.042323147094076,32.64550442749115,defensive_third,72.38998853632602,57.451525632470336,47.61888105959158,14.93846290385568,14.973376632100432,1.0,4.668269657454502,32.64550442749115,defensive_third,72.38998853632602,20.026472130089054,87.1786327243501,52.363516406236954,54.53312829685895,0.9999999999999988,6.448708917024342,32.64550442749115,defensive_third,72.38998853632602,5.4320098861771555,105.28120094754114,66.95797865014886,72.63569652004999,0.932562044946066,6.131683026570368,32.64550442749115,defensive_third,72.38998853632602,5.4320098861771555,105.28120094754114,66.95797865014886,72.63569652004999,0.932562044946066,6.131683026570368,19.854495572508853,2.26658570038893,0.99987364,0.66,1,Slovenia,slovenia,Portugal - Slovenia,draw,0,0,False,1,1,1,1,1,shot,0,2229695188,10.962999999999738,92.4,15.391738043508921,59.75449557250886,56.99825049281709,5.199147176212574
6,5544235,9905,2229695531,1,interception,2H,3903.496,0,opponent_on_ball,pass,4.045999999999822,0.0022980000003371,Portugal - Slovenia,2.0,2.0,0,0,0,0,0,4.045999999999822,4.045999999999822,1,0,0,0,0,9.777000000000044,9.777000000000044,2,0,1,0,0,12.615999999999984,12.615999999999984,3,1,1,0,0,15.360000000000127,15.360000000000127,4,1,1,0,0,28.43575506544022,defensive_third,77.46446848676949,71.94469820719083,35.72790709968321,5.519770279578665,7.292152034242989,0.533573265878902,2.8162093263155934,28.43575506544022,defensive_third,77.46446848676949,69.03970380561773,34.94123028080868,8.424764681151757,11.005884704295298,0.4592180141593067,2.1061911702879392,28.43575506544022,defensive_third,77.46446848676949,60.109546587080494,45.05614573864415,17.354921899688996,16.62039067320393,0.488033707469397,1.7854857921490268,28.43575506544022,defensive_third,77.46446848676949,54.87065220504232,57.104362080903265,22.59381628172717,28.66860701546305,0.5534177031685713,1.7988707230673926,28.43575506544022,defensive_third,77.46446848676949,23.844274874895575,90.70761127968572,53.62019361187392,62.27185621424549,0.746255247951039,3.500012637850741,-24.06424493455978,-11.775409782187612,0.9050013,0.66,1,Portugal,portugal,Portugal - Slovenia,draw,0,0,False,0,0,0,1,0,window_end_20s,1,,15.360000000000127,90.70761127968571,23.844274874895575,62.27185621424549,53.620193611873916,3.4908980216063457
6,5544235,9905,2229695554,1,interception,2H,3941.182,0,opponent_on_ball,pass,4.970000000000255,0.0082979999997405,Portugal - Slovenia,2.0,2.0,0,0,0,0,0,4.970000000000255,4.970000000000255,1,0,0,0,0,6.095000000000255,6.095000000000255,1,1,0,0,0,6.095000000000255,6.095000000000255,1,1,0,0,0,6.095000000000255,6.095000000000255,1,1,0,0,0,52.64159345733965,middle_third,52.49110973103392,49.4777480351586,55.89025787031921,3.013361695875318,3.248664412979558,0.880024850737046,1.537429436671052,52.64159345733965,middle_third,52.49110973103392,35.7738729874921,75.59455123839008,16.717236743541818,22.95295778105043,0.976015005241848,3.397812346248287,52.64159345733965,middle_third,52.49110973103392,30.28260405114674,82.04143830405525,22.208505679887175,29.399844846715595,0.9818378171278488,3.6769049138886274,52.64159345733965,middle_third,52.49110973103392,30.28260405114674,82.04143830405525,22.208505679887175,29.399844846715595,0.9818378171278488,3.6769049138886274,52.64159345733965,middle_third,52.49110973103392,30.28260405114674,82.04143830405525,22.208505679887175,29.399844846715595,0.9818378171278488,3.6769049138886274,0.1415934573396526,-3.730129368928843,0.9949562,0.66,1,Portugal,portugal,Portugal - Slovenia,draw,0,0,False,0,0,0,1,0,opponent_on_ball,0,2229695254,11.763000000000375,93.45,18.8998439146994,40.80840654266035,33.59126581633453,2.855671666780027
6,5544235,12046,2229695299,1,duel_regain,2H,4133.544,1,opponent_on_ball,pass,2.4580000000005384,0.010298000000148,Portugal - Slovenia,1.212999999999738,1.212999999999738,0,0,0,0,0,3.735999999999876,3.735999999999876,1,0,0,0,0,9.085000000000036,9.085000000000036,3,0,0,0,0,11.252000000000407,11.252000000000407,4,0,0,0,0,11.252000000000407,11.252000000000407,4,0,0,0,0,34.85529243209754,defensive_third,73.47132565199699,71.38703009153379,35.592052975800144,2.084295560463204,0.7367605437026015,1.0,1.7968065176409185,34.85529243209754,defensive_third,73.47132565199699,55.19152650375958,50.81288052734731,18.27979914823741,15.957588095249768,1.0,4.96733672506412,34.85529243209754,defensive_third,73.47132565199699,23.29203644034141,81.91841051015831,50.179289211655586,47.06311807806077,0.8620529100025638,5.550806328722985,34.85529243209754,defensive_third,73.47132565199699,21.676683475945527,84.69780948669889,51.79464217605147,49.842517054601345,0.7809576547553706,4.624521622861813,34.85529243209754,defensive_third,73.47132565199699,21.676683475945527,84.69780948669889,51.79464217605147,49.842517054601345,0.7809576547553706,4.624521622861813,17.644707567902458,21.857623230242567,0.99725693,0.66,1,Slovenia,slovenia,Portugal - Slovenia,draw,0,0,False,0,0,0,1,0,opponent_on_ball,0,2229695655,11.943000000000211,84.0,21.1754197124874,49.14470756790246,52.295905939509595,4.378791420874879
6,5544235,12046,2229695526,1,interception,2H,4976.927,1,opponent_on_ball,pass,3.3270000000002256,0.0067020000005868,Portugal - Slovenia,2.0,2.0,0,0,0,0,0,4.410000000000764,4.410000000000764,2,0,0,0,0,4.410000000000764,4.410000000000764,2,0,0,0,0,4.410000000000764,4.410000000000764,2,0,0,0,0,4.410000000000764,4.410000000000764,2,0,0,0,0,26.993511922594635,defensive_third,78.15893432000692,76.5820377094762,28.943941831995815,1.5768966105307245,1.95042990940118,0.3580725255915926,0.80453908700583,26.993511922594635,defensive_third,78.15893432000692,49.849313845965035,58.431395130474115,28.30962047404189,31.43788320787948,0.909208037587424,6.434004653191869,26.993511922594635,defensive_third,78.15893432000692,49.849313845965035,58.431395130474115,28.30962047404189,31.43788320787948,0.909208037587424,6.434004653191869,26.993511922594635,defensive_third,78.15893432000692,49.849313845965035,58.431395130474115,28.30962047404189,31.43788320787948,0.909208037587424,6.434004653191869,26.993511922594635,defensive_third,78.15893432000692,49.849313845965035,58.431395130474115,28.30962047404189,31.43788320787948,0.909208037587424,6.434004653191869,25.506488077405365,4.879224515101683,0.9723716,0.66,1,Slovenia,slovenia,Portugal - Slovenia,draw,0,0,False,0,0,0,0,0,opponent_on_ball,0,2229695939,12.470000000000255,67.2,47.376297871404006,40.20648807740537,30.782636448602915,2.4685354008502234
6,5544235,9905,2229696039,1,duel_regain,2H,5328.549,0,window_end,none,,0.0152980000002571,Portugal - Slovenia,1.9520000000002256,1.9520000000002256,0,0,0,0,0,1.9520000000002256,1.9520000000002256,0,0,0,0,0,8.377999999999702,8.377999999999702,1,0,0,0,1,8.377999999999702,8.377999999999702,1,0,0,0,1,8.377999999999702,8.377999999999702,1,0,0,0,1,55.78995004571787,middle_third,55.58248223788495,41.903274999398086,67.88943224109086,13.679207238486867,12.099482195372984,1.0,7.124587103378307,55.78995004571787,middle_third,55.58248223788495,41.903274999398086,67.88943224109086,13.679207238486867,12.099482195372984,1.0,7.124587103378307,55.78995004571787,middle_third,55.58248223788495,4.493201446254083,102.41186696092905,51.08928079163087,47.06440521058365,0.9744062485021544,6.140538556686617,55.78995004571787,middle_third,55.58248223788495,4.493201446254083,102.41186696092905,51.08928079163087,47.06440521058365,0.9744062485021544,6.140538556686617,55.78995004571787,middle_third,55.58248223788495,4.493201446254083,102.41186696092905,51.08928079163087,47.06440521058365,0.9744062485021544,6.140538556686617,3.289950045717873,-25.841503733758508,0.9991086,0.66,1,Portugal,portugal,Portugal - Slovenia,draw,0,0,False,1,1,1,1,1,shot,0,2229696051,7.242000000000189,95.55,11.642272115012604,39.760049954282124,43.94021012287235,6.067413714839989
6,5544235,12046,2229695853,1,duel_regain,1E,5859.825,0,game_interruption,pass,2.536000000000058,0.0007069999992381,Portugal - Slovenia,2.0,2.0,0,0,0,0,0,4.53899999999976,4.53899999999976,4,0,0,0,0,6.545000000000073,5.5592930000002525,6,0,0,0,0,6.545000000000073,5.5592930000002525,6,0,0,0,0,6.545000000000073,5.5592930000002525,6,0,0,0,0,27.640982252254524,defensive_third,83.33626461571015,74.9089108183193,33.03336023039055,8.42735379739085,6.634994588780863,0.5071212346326632,4.29967030479117,27.640982252254524,defensive_third,83.33626461571015,74.9089108183193,33.32990590571562,8.42735379739085,6.634994588780863,0.3154937797172399,1.8811057583463553,27.640982252254524,defensive_third,83.33626461571015,60.27685592447669,55.854940357429555,23.059408691233457,28.21395810517503,0.5124049567653689,3.948528885485082,27.640982252254524,defensive_third,83.33626461571015,60.27685592447669,55.854940357429555,23.059408691233457,28.21395810517503,0.5124049567653689,3.948528885485082,27.640982252254524,defensive_third,83.33626461571015,60.27685592447669,55.854940357429555,23.059408691233457,28.21395810517503,0.5124049567653689,3.948528885485082,-24.859017747745476,30.992182453058447,0.9670807,0.66,1,Slovenia,slovenia,Portugal - Slovenia,draw,0,0,False,0,0,0,0,0,game_interruption,0,2229695860,10.570999999999913,57.75,58.21136057506301,30.109017747745476,25.124904040647138,2.376776467755874
6,5544235,9905,2229696365,1,interception,1E,6149.002,1,window_end,duel,1.0689999999995052,0.017706999999973,Portugal - Slovenia,1.0689999999995052,1.0689999999995052,0,0,1,0,0,3.7719999999999345,3.7719999999999345,0,0,1,0,0,9.259999999999309,9.259999999999309,0,0,2,0,0,9.259999999999309,9.259999999999309,0,0,2,0,0,9.259999999999309,9.259999999999309,0,0,2,0,0,56.37107284580264,middle_third,48.630937623439635,45.34171085444576,60.05996880060436,3.2892267689938777,3.6888959548017226,1.0,3.162718047109609,56.37107284580264,middle_third,48.630937623439635,30.00765703037043,76.88418442105598,18.623280593069204,20.51311157525334,1.0,5.006258223942992,56.37107284580264,middle_third,48.630937623439635,9.822717448883637,97.59359765462634,38.808220174556,41.2225248088237,0.9073955253041928,4.218284801582257,56.37107284580264,middle_third,48.630937623439635,9.822717448883637,97.59359765462634,38.808220174556,41.2225248088237,0.9073955253041928,4.218284801582257,56.37107284580264,middle_third,48.630937623439635,9.822717448883637,97.59359765462634,38.808220174556,41.2225248088237,0.9073955253041928,4.218284801582257,-3.8710728458026367,0.4421967510542188,0.9960193,0.66,1,Portugal,portugal,Portugal - Slovenia,draw,0,0,False,0,0,1,1,0,window_end_20s,1,,9.259999999999309,97.6278017101865,13.92272975208976,41.25672886438387,34.70820787134988,3.7481865951784523
6,5544235,9905,2229696409,1,interception,2E,6539.224,0,opponent_on_ball,pass,1.0379999999995562,0.0109030000003258,Portugal - Slovenia,1.0379999999995562,1.0379999999995562,1,0,0,0,0,4.806999999999789,4.806999999999789,3,0,0,0,0,4.806999999999789,4.806999999999789,3,0,0,0,0,4.806999999999789,4.806999999999789,3,0,0,0,0,4.806999999999789,4.806999999999789,3,0,0,0,0,16.82503662916463,defensive_third,88.62059784150827,85.193728631798,21.261755917789035,3.426869209710276,4.436719288624406,1.0,3.426869209710276,16.82503662916463,defensive_third,88.62059784150827,46.097115254033326,55.33110172505403,42.523482587474945,42.10468277605331,0.915180985654033,8.933504745267436,16.82503662916463,defensive_third,88.62059784150827,46.097115254033326,55.33110172505403,42.523482587474945,42.10468277605331,0.915180985654033,8.933504745267436,16.82503662916463,defensive_third,88.62059784150827,46.097115254033326,55.33110172505403,42.523482587474945,42.10468277605331,0.915180985654033,8.933504745267436,16.82503662916463,defensive_third,88.62059784150827,46.097115254033326,55.33110172505403,42.523482587474945,42.10468277605331,0.915180985654033,8.933504745267436,-35.67496337083537,8.87615887296866,0.6849217,0.66,1,Portugal,portugal,Portugal - Slovenia,draw,0,0,False,0,0,0,0,0,opponent_on_ball,0,2229696011,7.8530000000000655,55.65,49.466983938784864,38.82496337083537,39.15361390272341,4.985816108840326
6,5544235,12046,2229696081,1,duel_regain,2E,6757.028,1,opponent_on_ball,pass,2.121999999999389,0.0069030000004204,Portugal - Slovenia,2.0,2.0,0,0,0,0,0,2.95299999999952,2.95299999999952,1,0,1,0,0,8.34099999999944,8.34099999999944,2,0,1,0,0,12.212999999999738,12.212999999999738,2,0,2,0,0,12.212999999999738,12.212999999999738,2,0,2,0,0,25.245233639367328,defensive_third,85.83647506028422,67.94651564658653,44.03762425947002,17.88995941369768,18.792390620102697,1.0,9.127530313110892,25.245233639367328,defensive_third,85.83647506028422,52.998955997171635,59.079677062228406,32.83751906311258,33.83444342286108,1.0,11.245725706545125,25.245233639367328,defensive_third,85.83647506028422,24.174377864409053,85.63435928222658,61.66209719587516,60.86994801382599,0.9999999999999996,7.41130975911987,25.245233639367328,defensive_third,85.83647506028422,6.273675621091664,76.08908509403688,79.56279943919255,74.8382316023747,0.7701413988877852,6.5215409376388305,25.245233639367328,defensive_third,85.83647506028422,6.273675621091664,76.08908509403688,79.56279943919255,74.8382316023747,0.7701413988877852,6.5215409376388305,27.254766360632672,-31.73448744718732,0.999747,0.66,1,Slovenia,slovenia,Portugal - Slovenia,draw,0,0,False,0,0,1,1,0,opponent_on_ball,0,2229696450,12.670999999999367,82.95,24.29490687366387,57.704766360632675,61.541568186620346,4.8568832915021245
6,5544235,12046,2229696102,0,interception,2E,6788.114,1,game_interruption,pass,2.0150000000003274,0.000903000001017,Portugal - Slovenia,2.0,2.0,0,0,0,0,0,4.988000000000284,4.988000000000284,2,0,0,0,0,9.574000000000524,7.320903000000726,3,0,1,0,0,9.574000000000524,7.320903000000726,3,0,1,0,0,9.574000000000524,7.320903000000726,3,0,1,0,0,65.56995178796765,middle_third,40.29736991018063,38.199897613978614,72.99396473858371,2.097472296202014,7.42401295061606,0.9837728637334436,1.0701389266336607,65.56995178796765,middle_third,40.29736991018063,30.94119606599448,81.98716736966722,9.356173844186143,16.417215581699566,0.88512604661464,1.886325371811709,65.56995178796765,middle_third,40.29736991018063,13.45362957156459,105.51606217132937,26.843740338616037,42.86264972084098,0.9442038457735692,3.009387930338096,65.56995178796765,middle_third,40.29736991018063,13.45362957156459,105.51606217132937,26.843740338616037,42.86264972084098,0.9442038457735692,3.009387930338096,65.56995178796765,middle_third,40.29736991018063,13.45362957156459,105.51606217132937,26.843740338616037,42.86264972084098,0.9442038457735692,3.009387930338096,-13.06995178796766,-8.315606993763964,0.68524677,0.66,1,Slovenia,slovenia,Portugal - Slovenia,draw,0,0,False,0,0,1,1,0,game_interruption,0,2229696117,13.122000000000298,105.0,20.4,39.43004821203235,19.89736991018063,1.5163366796357398
6,5544236,11944,2230067983,0,interception,1H,1394.337,1,game_interruption,none,,0.0099459999998998,Romania - Netherlands,2.0,2.0,0,0,0,0,0,5.0,5.0,0,0,0,0,0,8.55099999999993,8.430053999999927,1,0,0,0,0,13.769999999999982,8.430053999999927,3,0,0,0,1,13.769999999999982,8.430053999999927,3,0,0,0,1,73.34944369093057,attacking_third,39.63159727480819,30.848535119152807,74.46822523629763,8.783062155655387,1.1187815453670569,1.0,4.481154161048583,73.34944369093057,attacking_third,39.63159727480819,18.68661108273022,92.28771781211968,20.944986192077973,18.938274121189096,0.9972397174558773,4.222779474209238,73.34944369093057,attacking_third,39.63159727480819,6.091659952192542,105.4707351505053,33.53993732261565,32.121291459574735,0.8971582641095761,3.936612361809357,73.34944369093057,attacking_third,39.63159727480819,6.091659952192542,107.47307513427252,33.53993732261565,34.12363144334195,0.8318501334715014,3.6776247064271983,73.34944369093057,attacking_third,39.63159727480819,6.091659952192542,107.47307513427252,33.53993732261565,34.12363144334195,0.8318501334715014,3.6776247064271983,-20.849443690930567,-23.85174601321692,0.8739069,0.66,1,Romania,romania,Romania - Netherlands,netherlands,0,3,False,1,1,1,1,1,shot,0,2230067991,13.769999999999982,92.4,12.618335864922912,19.050556309069435,27.01326140988528,1.9617473790766389
6,5544236,664,2230068178,0,interception,2H,2976.184,1,game_interruption,none,,0.0030990000000201,Romania - Netherlands,2.0,2.0,0,0,0,0,0,5.0,5.0,0,0,0,0,0,7.194999999999709,7.194999999999709,0,1,0,0,0,14.043999999999867,8.196900999999798,2,1,1,0,1,14.043999999999867,8.196900999999798,2,1,1,0,1,71.79763330865401,attacking_third,35.48495519500394,24.544183947176357,83.81621869766602,10.940771247827584,12.018585389012005,1.0,5.582026146850705,71.79763330865401,attacking_third,35.48495519500394,17.823839426168227,97.62254557155195,17.661115768835714,25.824912262897953,0.867448532560304,3.560708824362013,71.79763330865401,attacking_third,35.48495519500394,6.286600341719332,101.0376151638619,29.19835485328461,29.239981855207887,0.8822907149494954,4.100892535573744,71.79763330865401,attacking_third,35.48495519500394,6.286600341719332,107.17748532379608,29.19835485328461,37.86440882910483,0.6061581377115856,2.085596775234615,71.79763330865401,attacking_third,35.48495519500394,6.286600341719332,107.17748532379608,29.19835485328461,37.86440882910483,0.6061581377115856,2.085596775234615,-19.29763330865402,12.521377371712596,0.70659935,0.66,1,Netherlands,netherlands,Romania - Netherlands,netherlands,0,3,True,1,1,1,1,1,shot,0,2230068187,14.043999999999869,98.7,8.78318848710421,26.90236669134599,26.70176670789973,1.9012935565294773
6,5544236,664,2230068368,1,interception,2H,3700.54,1,game_interruption,duel,2.8299999999999272,0.0009010000003399,Romania - Netherlands,2.0,2.0,0,0,0,0,0,4.001999999999953,4.001999999999953,0,0,2,0,0,5.40099999999984,5.40099999999984,0,0,2,0,0,13.596000000000004,6.360901000000013,0,0,2,0,1,13.596000000000004,6.360901000000013,0,0,2,0,1,52.309400940344254,middle_third,53.04713818738008,37.292159950438275,67.72956351284567,15.754978236941804,15.420162572501418,1.0,8.038254202521179,52.309400940344254,middle_third,53.04713818738008,23.989631359513517,81.44428445709568,29.05750682786656,29.134883516751422,1.0,7.26437670696664,52.309400940344254,middle_third,53.04713818738008,5.141525089549183,101.13705863719336,47.905613097830894,48.827657696849094,0.994963098787056,8.871409832932244,52.309400940344254,middle_third,53.04713818738008,5.141525089549183,106.4458330837967,47.905613097830894,57.274072786879465,0.7101747315732986,3.5328623228489,52.309400940344254,middle_third,53.04713818738008,5.141525089549183,106.4458330837967,47.905613097830894,57.274072786879465,0.7101747315732986,3.5328623228489,0.1905990596557458,6.140003306644317,0.99917775,0.66,1,Netherlands,netherlands,Romania - Netherlands,netherlands,0,3,True,1,1,1,1,1,shot,0,2230068378,11.791000000000167,80.85,25.958676776754245,28.54059905965574,27.088461410625833,2.2973845653994953
6,5544236,664,2230068489,1,duel_regain,2H,4128.068,1,opponent_on_ball,pass,2.688000000000102,0.0070989999994708,Romania - Netherlands,2.0,2.0,0,0,0,0,0,3.7049999999999272,3.5929009999999835,2,0,0,0,0,6.983000000000175,3.5929009999999835,3,0,0,0,0,6.983000000000175,3.5929009999999835,3,0,0,0,0,6.983000000000175,3.5929009999999835,3,0,0,0,0,22.433128809406625,defensive_third,83.3715472046741,61.84207254216823,48.55551459835082,21.52947466250587,26.122385788944193,1.0,10.98442584821198,22.433128809406625,defensive_third,83.3715472046741,54.491231762266914,62.583250610801294,28.880315442407188,40.15012180139467,1.0,7.934152594067195,22.433128809406625,defensive_third,83.3715472046741,54.205535678371895,63.503317949881705,29.166011526302206,41.07018914047508,1.0,7.595315501640912,22.433128809406625,defensive_third,83.3715472046741,54.205535678371895,63.503317949881705,29.166011526302206,41.07018914047508,1.0,7.595315501640912,22.433128809406625,defensive_third,83.3715472046741,54.205535678371895,63.503317949881705,29.166011526302206,41.07018914047508,1.0,7.595315501640912,30.066871190593375,-11.555373862284316,0.9670309,0.66,1,Netherlands,netherlands,Romania - Netherlands,netherlands,0,3,True,0,0,0,0,0,opponent_on_ball,0,2230068938,10.001000000000204,59.85,54.16390772460938,37.416871190593376,29.20763948006472,2.920471900816331
6,5544236,664,2230068498,1,interception,2H,4153.357,1,opponent_on_ball,none,,0.0160989999994853,Romania - Netherlands,2.0,2.0,0,0,0,0,0,5.0,5.0,0,0,0,0,0,6.850999999999658,6.850999999999658,1,0,0,0,0,10.30199999999968,10.30199999999968,2,0,0,0,0,10.30199999999968,10.30199999999968,2,0,0,0,0,53.48428703016699,middle_third,55.27477782288295,53.056536891134506,61.39073267105935,2.218240931748447,7.9064456408923505,1.0,1.131755577422656,53.48428703016699,middle_third,55.27477782288295,23.317291661047307,86.2423729970779,31.957486161835646,32.7580859669109,0.9980979089083662,6.443041564886172,53.48428703016699,middle_third,55.27477782288295,12.76826465100221,99.13506123886026,42.50651317188074,45.650774208693264,0.9985692837915188,6.250957819394896,53.48428703016699,middle_third,55.27477782288295,7.495938971420635,96.85588664121909,47.77883885146232,46.6734508292343,0.984752908549642,4.665902231588216,53.48428703016699,middle_third,55.27477782288295,7.495938971420635,96.85588664121909,47.77883885146232,46.6734508292343,0.984752908549642,4.665902231588216,-0.984287030166996,-20.035777513709135,0.99520594,0.66,1,Netherlands,netherlands,Romania - Netherlands,netherlands,0,3,True,0,0,1,1,0,opponent_on_ball,0,2230068943,11.582999999999629,78.75,29.882786014694148,25.26571296983301,25.391991808188806,2.1921774849511886
6,5544236,664,2230068598,0,interception,2H,4784.591,1,opponent_on_ball,duel,2.344999999999345,0.010099000000082,Romania - Netherlands,2.0,2.0,0,0,0,0,0,2.5299999999997453,2.5299999999997453,0,0,1,0,0,9.502999999999702,5.8299010000000635,1,0,1,0,0,11.306999999999787,5.8299010000000635,1,0,1,0,1,11.306999999999787,5.8299010000000635,1,0,1,0,1,66.91849109541376,middle_third,38.174729845744125,23.12114226039579,82.27941994319772,15.053587585348335,15.360928847783969,1.0,7.680401829259212,66.91849109541376,middle_third,38.174729845744125,20.792767003224373,85.38872317847964,17.38196284251975,18.47023208306588,1.0,7.00885598488823,66.91849109541376,middle_third,38.174729845744125,5.520909842167086,109.4701106513811,32.65382000357704,42.55161955596735,0.711437310826174,4.802032353467083,66.91849109541376,middle_third,38.174729845744125,5.520909842167086,109.39592897144786,32.65382000357704,42.70944447956195,0.6919051804715167,2.9051441284321773,66.91849109541376,middle_third,38.174729845744125,5.520909842167086,109.39592897144786,32.65382000357704,42.70944447956195,0.6919051804715167,2.9051441284321773,-14.418491095413756,-2.666210484088964,0.9978466,0.66,1,Netherlands,netherlands,Romania - Netherlands,netherlands,0,3,True,1,1,1,1,1,shot,0,2230068604,11.306999999999789,94.5,16.126611547377212,27.581508904586244,22.048118298366912,1.949952975888151
6,5544237,4687,2230121920,1,interception,1H,21.475,1,opponent_on_ball,none,,0.004999999999999,Austria - Turkey,2.0,2.0,0,0,0,0,0,5.0,5.0,0,0,0,0,0,5.759999999999998,5.759999999999998,1,0,0,0,0,5.759999999999998,5.759999999999998,1,0,0,0,0,5.759999999999998,5.759999999999998,1,0,0,0,0,44.06556418984045,middle_third,68.25777081280823,51.31630006887104,61.22544782004664,16.941470743937188,17.159883630206195,1.0,8.643607522416929,44.06556418984045,middle_third,68.25777081280823,42.01301759931306,76.03006947386731,26.244753213495173,31.96450528402687,1.0,5.291280889817574,44.06556418984045,middle_third,68.25777081280823,29.369311041482195,86.16024911892374,38.88845977132604,42.0946849290833,1.0,6.798681778203854,44.06556418984045,middle_third,68.25777081280823,29.369311041482195,86.16024911892374,38.88845977132604,42.0946849290833,1.0,6.798681778203854,44.06556418984045,middle_third,68.25777081280823,29.369311041482195,86.16024911892374,38.88845977132604,42.0946849290833,1.0,6.798681778203854,8.434435810159556,-30.759028086586227,0.97627527,0.66,1,Türkiye,turkiye,Austria - Turkey,turkiye,1,2,True,0,0,0,1,0,opponent_on_ball,0,2230121887,5.873999999999999,32.55,77.38761205774475,-11.515564189840454,-9.129841244936514,0.0
6,5544237,4687,2230122041,1,interception,1H,532.765,0,opponent_on_ball,clearance,0.4039999999999963,0.0349999999999681,Austria - Turkey,0.4039999999999963,0.4039999999999963,0,0,0,1,0,4.743000000000052,4.743000000000052,0,0,1,1,0,4.743000000000052,4.743000000000052,0,0,1,1,0,4.743000000000052,4.743000000000052,0,0,1,1,0,4.743000000000052,4.743000000000052,0,0,1,1,0,85.12817960665056,attacking_third,34.08809216223428,32.88103301169138,85.97139283218725,1.2070591505429036,0.8432132255366867,1.0,3.352942084841272,85.12817960665056,attacking_third,34.08809216223428,11.952167803555543,81.04307003035052,22.13592435867874,7.965447395654181,0.6296956361995434,4.729898367238983,85.12817960665056,attacking_third,34.08809216223428,11.952167803555543,81.04307003035052,22.13592435867874,7.965447395654181,0.6296956361995434,4.729898367238983,85.12817960665056,attacking_third,34.08809216223428,11.952167803555543,81.04307003035052,22.13592435867874,7.965447395654181,0.6296956361995434,4.729898367238983,85.12817960665056,attacking_third,34.08809216223428,11.952167803555543,81.04307003035052,22.13592435867874,7.965447395654181,0.6296956361995434,4.729898367238983,32.62817960665056,27.69672871505658,0.9841322,0.66,1,Türkiye,turkiye,Austria - Turkey,turkiye,1,2,True,0,0,1,1,0,opponent_on_ball,0,2230122075,7.822999999999979,18.900000000000006,89.51245946794224,-66.22817960665056,-55.42436730570795,0.0
6,5544237,4687,2230122794,1,duel_regain,1H,2705.805,1,opponent_on_ball,pass,1.8279999999999743,0.0083220000001347,Austria - Turkey,1.8279999999999743,1.8279999999999743,1,0,0,0,0,4.057000000000244,4.057000000000244,4,0,0,0,0,7.604000000000269,7.604000000000269,7,0,2,0,0,7.604000000000269,7.604000000000269,7,0,2,0,0,7.604000000000269,7.604000000000269,7,0,2,0,0,14.907838486398845,defensive_third,90.1012404857148,58.24046971789176,46.75954232588213,31.860770767823055,31.851703839483285,1.0,17.70042820434435,14.907838486398845,defensive_third,90.1012404857148,39.18440859020223,64.12631107149616,50.91683189551258,50.90785739069251,0.9621575250980328,12.603176211760651,14.907838486398845,defensive_third,90.1012404857148,39.18440859020223,67.78319429173732,50.91683189551258,52.87535580533847,0.7966896412246574,6.735030674009649,14.907838486398845,defensive_third,90.1012404857148,39.18440859020223,67.78319429173732,50.91683189551258,52.87535580533847,0.7966896412246574,6.735030674009649,14.907838486398845,defensive_third,90.1012404857148,39.18440859020223,67.78319429173732,50.91683189551258,52.87535580533847,0.7966896412246574,6.735030674009649,37.592161513601155,-1.279050769834711,0.993948,0.66,1,Türkiye,turkiye,Austria - Turkey,turkiye,1,2,True,0,0,0,0,0,opponent_on_ball,0,2230122980,8.593000000000302,99.75,6.6489773649787685,84.84216151360116,83.45226312073603,9.711656362240557
6,5544237,4687,2230123020,1,duel_regain,2H,3093.458,0,opponent_on_ball,pass,2.3040000000000873,0.0046780000002399,Austria - Turkey,0.3800000000001091,0.3800000000001091,0,0,0,0,0,3.48700000000008,3.48700000000008,2,0,0,0,0,5.027999999999793,5.027999999999793,3,0,0,0,0,5.027999999999793,5.027999999999793,3,0,0,0,0,5.027999999999793,5.027999999999793,3,0,0,0,0,61.8083527956991,middle_third,51.69193061284206,51.69193061284206,58.807368669758326,0.0,0.0,0.0,0.0,61.8083527956991,middle_third,51.69193061284206,34.28710634277265,76.48350597764191,17.404824270069405,17.466943081981732,0.6813706024621488,5.059541938974252,61.8083527956991,middle_third,51.69193061284206,34.28710634277265,75.65413148167133,17.404824270069405,17.466943081981732,0.552634912716731,3.5090371512239664,61.8083527956991,middle_third,51.69193061284206,34.28710634277265,75.65413148167133,17.404824270069405,17.466943081981732,0.552634912716731,3.5090371512239664,61.8083527956991,middle_third,51.69193061284206,34.28710634277265,75.65413148167133,17.404824270069405,17.466943081981732,0.552634912716731,3.5090371512239664,9.3083527956991,28.399600389126675,0.97582096,0.66,1,Türkiye,turkiye,Austria - Turkey,turkiye,1,2,True,0,0,0,1,0,opponent_on_ball,0,2230123193,8.665999999999713,47.25,63.83496299051171,-14.5583527956991,-12.143032377669655,0.0
6,5544237,9109,2230123540,1,duel_regain,2H,4033.288,0,opponent_on_ball,pass,4.0090000000000146,0.0053219999999782,Austria - Turkey,2.0,2.0,0,0,0,0,0,4.0090000000000146,4.0090000000000146,1,0,0,0,0,6.063000000000102,6.063000000000102,1,0,0,0,0,11.340999999999894,11.340999999999894,2,0,0,0,0,11.340999999999894,11.340999999999894,2,0,0,0,0,29.66254737738839,defensive_third,77.2449362836004,64.99411066099704,43.933374995594185,12.250825622603358,14.270827618205796,1.0,6.250421236022006,29.66254737738839,defensive_third,77.2449362836004,46.82158942100789,62.90259185367895,30.423346862592503,33.240044476290564,1.0,7.605836715648126,29.66254737738839,defensive_third,77.2449362836004,26.791590152208315,64.5734562933462,50.45334613139208,50.036059117911165,0.7271552225235235,8.353203001886156,29.66254737738839,defensive_third,77.2449362836004,26.791590152208315,55.004708899748174,50.45334613139208,50.036059117911165,0.5622359759847142,4.457009375564607,29.66254737738839,defensive_third,77.2449362836004,26.791590152208315,55.004708899748174,50.45334613139208,50.036059117911165,0.5622359759847142,4.457009375564607,-22.83745262261161,-17.060141083626416,0.9927677,0.66,1,Austria,austria,Austria - Turkey,turkiye,1,2,False,0,0,0,1,0,opponent_on_ball,0,2230123302,12.755999999999858,74.55,30.819800453604497,44.887452622611605,46.425135829995895,3.6394744300718416
6,5544237,9109,2230123744,1,duel_regain,2H,4548.385,1,opponent_on_ball,pass,2.277999999999338,0.011677999999847,Austria - Turkey,2.0,2.0,0,0,0,0,0,4.35399999999936,4.35399999999936,2,0,0,0,0,5.806999999999789,5.806999999999789,3,0,0,0,0,5.806999999999789,5.806999999999789,3,0,0,0,0,5.806999999999789,5.806999999999789,3,0,0,0,0,26.72582821216683,defensive_third,78.79573417759413,75.31276689031384,32.51710962320982,3.482967287280289,5.791281411042988,1.0,1.7770241261633797,26.72582821216683,defensive_third,78.79573417759413,57.9999704446866,53.74301689898087,20.795763732907524,27.01718868681404,1.0,4.813834197432621,26.72582821216683,defensive_third,78.79573417759413,34.57863919962604,78.6337293489565,44.21709497796809,51.907901136789675,1.0,7.67657898923028,26.72582821216683,defensive_third,78.79573417759413,34.57863919962604,78.6337293489565,44.21709497796809,51.907901136789675,1.0,7.67657898923028,26.72582821216683,defensive_third,78.79573417759413,34.57863919962604,78.6337293489565,44.21709497796809,51.907901136789675,1.0,7.67657898923028,25.77417178783317,9.051063778079296,0.9938245,0.66,1,Austria,austria,Austria - Turkey,turkiye,1,2,False,0,0,0,1,0,opponent_on_ball,0,2230123453,8.02099999999973,75.6,30.90291895598214,48.87417178783316,47.89281522161198,5.970928216134346
6,5544237,4687,2230123667,1,interception,2H,5265.141,1,window_end,duel,2.423000000000684,0.0076779999999416,Austria - Turkey,2.0,2.0,0,0,0,0,0,2.423000000000684,2.423000000000684,0,0,1,0,0,9.352000000000771,9.352000000000771,3,0,1,0,0,13.563000000000102,13.563000000000102,3,1,2,0,0,18.82800000000043,18.82800000000043,5,1,2,0,0,4.164930543262116,defensive_third,102.53912720773178,97.76790023893152,9.47729344589763,4.7712269688002635,5.312362902635513,0.6462354484557501,2.4342994738787698,4.164930543262116,defensive_third,102.53912720773178,91.702958805443,15.840131244270395,10.836168402288775,11.67520070100828,0.8057798556052768,4.591596780631475,4.164930543262116,defensive_third,102.53912720773178,67.93857721893262,41.31974604622007,34.60054998879916,37.15481550295795,0.912983837957878,3.7285075418969287,4.164930543262116,defensive_third,102.53912720773178,45.42556507692732,71.68995932367937,57.11356213080446,67.52502878041726,0.945411463256538,4.224375897248998,4.164930543262116,defensive_third,102.53912720773178,15.17224688282472,96.71852174259524,87.36688032490706,92.55359119933313,0.9636267703104948,4.657083172969631,48.33506945673789,-18.616159007116497,0.996914,0.66,1,Türkiye,turkiye,Austria - Turkey,turkiye,1,2,True,0,0,1,1,0,window_end_20s,1,,18.82800000000043,96.89423822117949,15.000598383973477,92.72930767791738,87.5385288237583,4.649380115984507
6,5544238,1598,2231104429,1,interception,1H,26.161,0,opponent_on_ball,pass,1.7069999999999972,0.0010000000000012,Spain - Germany,1.7069999999999972,1.7069999999999972,1,0,0,0,0,4.129999999999999,4.129999999999999,2,0,0,0,0,8.723999999999997,8.723999999999997,3,0,0,0,0,10.619,10.619,4,0,0,0,0,10.619,10.619,4,0,0,0,0,25.87181820835995,defensive_third,84.77770606858238,67.87812427464053,45.57170237949808,16.89958179394185,19.699884171138123,0.9827973433520404,10.30462304508649,25.87181820835995,defensive_third,84.77770606858238,61.62605154509269,50.687047910860805,23.15165452348968,24.81522970250085,0.9873842903586546,5.674425128306292,25.87181820835995,defensive_third,84.77770606858238,40.81134648302805,65.99157565445512,43.96635958555432,41.256225066491325,0.993316947962132,5.065248800179067,25.87181820835995,defensive_third,84.77770606858238,38.26028474361449,68.6578624792454,46.51742132496789,43.72207713608904,0.9630031076089736,4.421808110738392,25.87181820835995,defensive_third,84.77770606858238,38.26028474361449,68.6578624792454,46.51742132496789,43.72207713608904,0.9630031076089736,4.421808110738392,-26.62818179164005,-30.430088606511077,0.99429214,0.66,1,Spain,spain,Spain - Germany,spain,2,1,True,0,0,0,0,0,opponent_on_ball,0,2231105637,12.308999999999997,61.95,43.07147664057966,36.07818179164005,41.706229428002715,3.388271137216892
6,5544238,1598,2231104436,1,duel_regain,1H,44.381,0,window_end,pass,3.612999999999999,0.0189999999999983,Spain - Germany,2.0,2.0,0,0,0,0,0,3.612999999999999,3.612999999999999,1,0,0,0,0,8.789000000000001,8.789000000000001,2,0,0,0,0,11.613999999999995,11.613999999999995,3,0,0,0,1,11.613999999999995,11.613999999999995,3,0,0,0,1,62.66169606253128,middle_third,47.61337626728742,39.686724626363066,74.73394868845043,7.926651640924355,12.07225262591914,1.0,4.044210020879771,62.66169606253128,middle_third,47.61337626728742,36.51299548897865,81.14414757563162,11.100380778308768,18.482451513100337,1.0,3.1180844882889778,62.66169606253128,middle_third,47.61337626728742,3.659892412622755,101.6209054483193,43.95348385466467,39.10191724243973,0.8173067362367809,5.01752098797542,62.66169606253128,middle_third,47.61337626728742,3.659892412622755,99.91972195613124,43.95348385466467,39.10191724243973,0.7917640128110622,3.8022044856976343,62.66169606253128,middle_third,47.61337626728742,3.659892412622755,99.91972195613124,43.95348385466467,39.10191724243973,0.7917640128110622,3.8022044856976343,10.161696062531284,-21.78305807890184,0.9986985,0.66,1,Spain,spain,Spain - Germany,spain,2,1,True,1,1,1,1,1,shot,0,2231104442,10.918999999999997,86.1,18.900000000000006,23.438303937468717,28.713376267287416,2.629670873457956
6,5544238,1598,2231104481,1,duel_regain,1H,535.229,0,opponent_on_ball,pass,1.4909999999999854,0.0109999999999672,Spain - Germany,1.4909999999999854,1.4909999999999854,1,0,0,0,0,3.711999999999989,3.711999999999989,1,0,1,0,0,3.711999999999989,3.711999999999989,1,0,1,0,0,3.711999999999989,3.711999999999989,1,0,1,0,0,3.711999999999989,3.711999999999989,1,0,1,0,0,72.21987982321673,attacking_third,45.7337233928269,39.677561154808224,80.04487832864494,6.056162238018679,7.824998505428212,1.0,4.092001512174733,72.21987982321673,attacking_third,45.7337233928269,33.57266618337699,85.01898936242365,12.161057209449917,12.799109539206924,1.0,3.3046351112636088,72.21987982321673,attacking_third,45.7337233928269,33.57266618337699,85.01898936242365,12.161057209449917,12.799109539206924,1.0,3.3046351112636088,72.21987982321673,attacking_third,45.7337233928269,33.57266618337699,85.01898936242365,12.161057209449917,12.799109539206924,1.0,3.3046351112636088,72.21987982321673,attacking_third,45.7337233928269,33.57266618337699,85.01898936242365,12.161057209449917,12.799109539206924,1.0,3.3046351112636088,19.719879823216736,-31.89102031242102,0.9800348,0.66,1,Spain,spain,Spain - Germany,spain,2,1,True,0,0,0,1,0,opponent_on_ball,0,2231105687,6.016999999999939,81.9,33.16700167334997,9.680120176783277,12.56672171947693,2.0885361009601224
6,5544238,1598,2231104521,1,duel_regain,1H,765.626,0,window_end,pass,3.535000000000082,0.01400000000001,Spain - Germany,2.0,2.0,0,0,0,0,0,4.526000000000067,4.526000000000067,2,0,0,0,0,8.807999999999993,8.807999999999993,2,0,1,0,0,8.807999999999993,8.807999999999993,2,0,1,0,0,8.807999999999993,8.807999999999993,2,0,1,0,0,70.40494692121993,attacking_third,37.985453071971094,24.461018296266055,81.50358976515227,13.52443477570504,11.09864284393234,1.0,6.9002218243391775,70.40494692121993,attacking_third,37.985453071971094,15.906002957429964,93.12576084026392,22.07945011454113,22.72081391904399,0.9917628129028864,4.928448686281483,70.40494692121993,attacking_third,37.985453071971094,14.957091422612018,97.54725759203808,23.028361649359077,27.142310670818148,0.881044902651686,2.6288084074610847,70.40494692121993,attacking_third,37.985453071971094,14.957091422612018,97.54725759203808,23.028361649359077,27.142310670818148,0.881044902651686,2.6288084074610847,70.40494692121993,attacking_third,37.985453071971094,14.957091422612018,97.54725759203808,23.028361649359077,27.142310670818148,0.881044902651686,2.6288084074610847,17.90494692121993,15.68683994816382,0.97941554,0.66,1,Spain,spain,Spain - Germany,spain,2,1,True,0,0,1,1,0,window_end_20s,1,,8.807999999999993,97.58655791079833,14.877971969453155,27.181610989578402,23.107481102517937,2.623465156961621
6,5544238,3148,2231105743,1,duel_regain,1H,925.893,1,window_end,touch,0.7089999999999463,0.0130000000000336,Spain - Germany,0.7089999999999463,0.7089999999999463,0,1,0,0,0,3.976999999999975,3.976999999999975,0,1,1,0,0,9.711000000000013,9.711000000000013,2,1,1,0,0,11.552999999999995,11.552999999999995,3,1,1,0,0,19.916999999999916,19.916999999999916,5,1,1,0,0,34.96003448882766,defensive_third,75.91086689484521,75.91086689484521,32.333564901157956,0.0,0.0,0.0,0.0,34.96003448882766,defensive_third,75.91086689484521,74.18989458271678,34.73004477310894,1.7209723121284384,0.0,0.0997343590324203,0.4390235490123486,34.96003448882766,defensive_third,75.91086689484521,46.12113803122837,66.64813006898775,29.789728863616844,31.688095580160095,0.6462121482604516,3.0774513288860175,34.96003448882766,defensive_third,75.91086689484521,44.44469058153011,74.39380797422615,31.466176313315103,39.43377348539849,0.6581436617832079,2.7314389160863577,34.96003448882766,defensive_third,75.91086689484521,6.310738826417939,101.35929926104342,69.60012806842727,68.88544917334553,0.7968550338990631,3.501012478291111,17.53996551117234,29.272221369767877,0.97757214,0.66,1,Germany,germany,Spain - Germany,spain,2,1,False,0,0,1,1,0,window_end_20s,1,,19.916999999999916,101.35929926104342,7.664448746066555,66.39926477221576,68.24641814877866,3.426541052808101
6,5544238,1598,2231104558,1,interception,1H,946.635,0,window_end,touch,1.3460000000000036,0.0049999999999954,Spain - Germany,1.3460000000000036,1.3460000000000036,0,1,0,0,0,1.3460000000000036,1.3460000000000036,0,1,0,0,0,1.3460000000000036,1.3460000000000036,0,1,0,0,0,13.895999999999958,13.895999999999958,0,2,0,0,0,18.23199999999997,18.23199999999997,1,2,0,0,0,4.900273803744085,defensive_third,100.2910640263665,98.70179593096742,6.412615776359644,1.5892680953990777,1.512341972615559,1.0,1.203990981362892,4.900273803744085,defensive_third,100.2910640263665,98.70179593096742,6.412615776359644,1.5892680953990777,1.512341972615559,1.0,1.203990981362892,4.900273803744085,defensive_third,100.2910640263665,98.70179593096742,6.412615776359644,1.5892680953990777,1.512341972615559,1.0,1.203990981362892,4.900273803744085,defensive_third,100.2910640263665,40.7648358083982,65.32058301553025,59.526228217968296,60.42030921178616,0.9917169359209927,4.288633156914144,4.900273803744085,defensive_third,100.2910640263665,31.068203506753036,84.08856492380758,69.22286051961346,79.19658437505757,0.9628291386225074,3.8034538747040263,-47.599726196255915,6.19211910216044,0.8181801,0.66,1,Spain,spain,Spain - Germany,spain,2,1,True,0,0,0,1,0,window_end_20s,1,,18.23199999999997,84.09611116934502,30.97069455611916,79.19583736560094,69.32036947024734,3.802126451856486
6,5544238,3148,2231105796,1,interception,1H,1172.134,1,opponent_on_ball,pass,4.936999999999898,0.0140000000001236,Spain - Germany,2.0,2.0,0,0,0,0,0,4.936999999999898,4.936999999999898,1,0,0,0,0,4.936999999999898,4.936999999999898,1,0,0,0,0,4.936999999999898,4.936999999999898,1,0,0,0,0,4.936999999999898,4.936999999999898,1,0,0,0,0,66.22178438810063,middle_third,44.58518614722047,23.386905963359244,83.83886879123078,21.198280183861225,17.61708440313015,1.0,10.815449073399638,66.22178438810063,middle_third,44.58518614722047,16.020302177597745,80.29242214098049,28.564883969622723,23.108414441239816,0.7594863430367901,5.8534598298408635,66.22178438810063,middle_third,44.58518614722047,16.020302177597745,80.29242214098049,28.564883969622723,23.108414441239816,0.7594863430367901,5.8534598298408635,66.22178438810063,middle_third,44.58518614722047,16.020302177597745,80.29242214098049,28.564883969622723,23.108414441239816,0.7594863430367901,5.8534598298408635,66.22178438810063,middle_third,44.58518614722047,16.020302177597745,80.29242214098049,28.564883969622723,23.108414441239816,0.7594863430367901,5.8534598298408635,-13.72178438810063,-22.00201849238711,0.9956291,0.66,1,Germany,germany,Spain - Germany,spain,2,1,False,0,0,1,1,0,opponent_on_ball,0,2231104586,6.263999999999896,91.35,13.717583606451983,25.128215611899364,30.867602540768488,4.927778183392241
6,5544238,3148,2231106001,1,interception,1H,2486.497,1,opponent_on_ball,pass,2.580000000000382,0.0169999999998253,Spain - Germany,2.0,2.0,0,0,0,0,0,2.580000000000382,2.580000000000382,1,0,0,0,0,7.75,7.75,2,0,0,0,0,7.75,7.75,2,0,0,0,0,7.75,7.75,2,0,0,0,0,30.641404967562725,defensive_third,77.84354315631553,74.3746285638882,36.4486441630132,3.468914592427339,5.8072391954504745,1.0,1.7698543838914669,30.641404967562725,defensive_third,77.84354315631553,72.31881967514813,38.85225689428033,5.524723481167399,8.210851926717606,1.0,2.1923505877648566,30.641404967562725,defensive_third,77.84354315631553,24.10635506870911,92.714965444781,53.73718808760643,62.07356047721828,1.0000000000000002,6.960775659016557,30.641404967562725,defensive_third,77.84354315631553,24.10635506870911,92.714965444781,53.73718808760643,62.07356047721828,1.0000000000000002,6.960775659016557,30.641404967562725,defensive_third,77.84354315631553,24.10635506870911,92.714965444781,53.73718808760643,62.07356047721828,1.0000000000000002,6.960775659016557,21.858595032437275,-23.030774106207375,0.9993337,0.66,1,Germany,germany,Spain - Germany,spain,2,1,False,0,0,0,1,0,opponent_on_ball,0,2231104802,13.805000000000291,94.5,16.126611547377212,63.85859503243728,61.716931608938324,4.470621630491635
6,5544238,1598,2231104811,1,duel_regain,1H,2558.587,0,game_interruption,none,,0.0129999999999199,Spain - Germany,2.0,2.0,0,0,0,0,0,5.0,5.0,0,0,0,0,0,8.929999999999836,8.929999999999836,2,0,0,0,0,8.929999999999836,8.929999999999836,2,0,0,0,0,8.929999999999836,8.929999999999836,2,0,0,0,0,58.14348227364984,middle_third,53.84991936882284,39.22803143287835,72.93721285775136,14.621887935944486,14.793730584101525,1.0,7.460146906093987,58.14348227364984,middle_third,53.84991936882284,25.03807893038855,96.61784856802072,28.811840438434285,38.474366294370896,1.0,5.808838798071386,58.14348227364984,middle_third,53.84991936882284,2.012726211766295,103.33217791734214,51.83719315705655,45.71810861690285,0.6623527767230337,5.83752175192071,58.14348227364984,middle_third,53.84991936882284,2.012726211766295,103.33217791734214,51.83719315705655,45.71810861690285,0.6623527767230337,5.83752175192071,58.14348227364984,middle_third,53.84991936882284,2.012726211766295,103.33217791734214,51.83719315705655,45.71810861690285,0.6623527767230337,5.83752175192071,5.643482273649838,-26.538284846405453,0.9986506,0.66,1,Spain,spain,Spain - Germany,spain,2,1,True,0,0,1,1,0,game_interruption,0,2231104816,13.922000000000025,96.6,35.02227862375605,38.45651772635016,18.827640745066788,1.3523660928793817
6,5544238,1598,2231104943,1,interception,2H,3220.542,0,opponent_on_ball,pass,1.018000000000029,0.0180000000000291,Spain - Germany,1.95699999999988,1.95699999999988,1,0,0,0,0,1.95699999999988,1.95699999999988,1,0,0,0,0,5.4780000000000655,5.4780000000000655,2,0,0,0,0,5.4780000000000655,5.4780000000000655,2,0,0,0,0,5.4780000000000655,5.4780000000000655,2,0,0,0,0,49.42007211589877,middle_third,55.99725294646154,35.83830812772079,70.16617720825036,20.15894481874075,20.74610509235159,1.0,10.499450426427076,49.42007211589877,middle_third,55.99725294646154,35.83830812772079,70.16617720825036,20.15894481874075,20.74610509235159,1.0,10.499450426427076,49.42007211589877,middle_third,55.99725294646154,7.812717981704994,99.0446980946131,48.18453496475655,49.62462597871433,0.994930981355132,8.857451280286043,49.42007211589877,middle_third,55.99725294646154,7.812717981704994,99.0446980946131,48.18453496475655,49.62462597871433,0.994930981355132,8.857451280286043,49.42007211589877,middle_third,55.99725294646154,7.812717981704994,99.0446980946131,48.18453496475655,49.62462597871433,0.994930981355132,8.857451280286043,-3.079927884101231,6.823778568220298,0.99868006,0.66,1,Spain,spain,Spain - Germany,spain,2,1,True,0,0,1,1,0,opponent_on_ball,0,2231106121,7.594000000000051,82.95,22.88355086082577,33.529927884101234,33.11370208563577,4.360508570665729
6,5544238,3148,2231106172,0,duel_regain,2H,3515.026,1,opponent_on_ball,pass,4.996000000000095,0.0140000000001236,Spain - Germany,2.0,2.0,0,0,0,0,0,4.996000000000095,4.996000000000095,1,0,0,0,0,4.996000000000095,4.996000000000095,1,0,0,0,0,14.838999999999942,14.838999999999942,2,0,0,0,0,15.680000000000293,15.680000000000293,3,0,0,0,0,43.98231249348224,middle_third,63.249429342436336,43.24732072828532,61.76036136996475,20.00210861415102,17.778048876482508,1.0,10.205157456199313,43.98231249348224,middle_third,63.249429342436336,31.073063814965675,85.14099206756578,32.176365527470665,41.158679574083536,0.9771077697655228,6.4871704692480705,43.98231249348224,middle_third,63.249429342436336,31.073063814965675,85.14099206756578,32.176365527470665,41.158679574083536,0.9771077697655228,6.4871704692480705,43.98231249348224,middle_third,63.249429342436336,9.397096951905436,86.64919928013373,53.8523323905309,60.05298624018453,0.6214014258515264,3.638671107468259,43.98231249348224,middle_third,63.249429342436336,9.397096951905436,83.40769982549715,53.8523323905309,60.05298624018453,0.5824234362158128,3.4432437589852793,8.51768750651776,16.653291671642386,0.81759006,0.66,1,Germany,germany,Spain - Germany,spain,2,1,False,0,0,1,1,0,opponent_on_ball,0,2231105013,16.76000000000022,96.6,11.247684206093275,52.617687506517754,52.00174513634306,3.1027294234094502
6,5544238,3148,2231106190,1,interception,2H,3580.958,1,opponent_on_ball,pass,0.6449999999999818,0.0019999999999527,Spain - Germany,0.6449999999999818,0.6449999999999818,1,0,0,0,0,2.8409999999998945,2.281999999999698,2,0,0,0,0,5.173999999999978,4.333999999999833,2,0,0,0,1,5.173999999999978,4.333999999999833,2,0,0,0,1,5.173999999999978,4.333999999999833,2,0,0,0,1,78.28177732881731,attacking_third,27.07750604657863,25.52568972100703,79.57396366099547,1.551816325571604,1.2921863321781617,1.0,2.4247130087061137,78.28177732881731,attacking_third,27.07750604657863,5.538232268912335,107.9949081901043,21.5392737776663,31.883056513717335,0.8593716024275944,7.692597777737464,78.28177732881731,attacking_third,27.07750604657863,5.538232268912335,92.14236455247804,21.5392737776663,31.883056513717335,0.6117089165399469,4.1742778638889355,78.28177732881731,attacking_third,27.07750604657863,5.538232268912335,92.14236455247804,21.5392737776663,31.883056513717335,0.6117089165399469,4.1742778638889355,78.28177732881731,attacking_third,27.07750604657863,5.538232268912335,92.14236455247804,21.5392737776663,31.883056513717335,0.6117089165399469,4.1742778638889355,-25.78177732881731,4.396352009973938,0.99668366,0.66,1,Germany,germany,Spain - Germany,spain,2,1,False,1,1,1,1,1,shot,0,2231106193,5.173999999999978,77.7,27.83673112992975,-0.58177732881731,-0.7592250833511187,0.0
6,5544238,3148,2231106252,1,interception,2H,4047.253,1,opponent_on_ball,pass,1.8089999999997417,0.0130000000003747,Spain - Germany,1.8089999999997417,1.8089999999997417,1,0,0,0,0,3.406999999999698,3.406999999999698,2,0,0,0,0,6.187999999999647,6.187999999999647,3,0,0,0,0,6.187999999999647,6.187999999999647,3,0,0,0,0,6.187999999999647,6.187999999999647,3,0,0,0,0,35.751573276848404,middle_third,69.85812566280768,69.85812566280768,35.76008700789704,0.0,0.0085137310486373,0.0,0.0,35.751573276848404,middle_third,69.85812566280768,48.08614514325286,59.36296201739182,21.771980519554823,23.61138874054342,0.8587123285954753,6.4797561070092415,35.751573276848404,middle_third,69.85812566280768,21.94380721968134,88.69595334354598,47.91431844312634,52.944380066697576,0.9304373188486194,7.77829844855908,35.751573276848404,middle_third,69.85812566280768,21.94380721968134,88.69595334354598,47.91431844312634,52.944380066697576,0.9304373188486194,7.77829844855908,35.751573276848404,middle_third,69.85812566280768,21.94380721968134,88.69595334354598,47.91431844312634,52.944380066697576,0.9304373188486194,7.77829844855908,16.748426723151596,9.209403753171683,0.9948302,0.66,1,Germany,germany,Spain - Germany,spain,2,1,False,0,0,0,1,0,opponent_on_ball,0,2231105069,11.478000000000065,93.45,19.442533271155792,57.6984267231516,50.415592391651884,4.392367345500226
6,5544238,1598,2231105136,1,duel_regain,2H,4345.146,0,window_end,pass,1.22400000000016,0.0140000000001236,Spain - Germany,1.22400000000016,1.22400000000016,1,0,0,0,0,4.900000000000546,4.900000000000546,3,0,0,0,0,9.899000000000342,9.899000000000342,3,0,1,0,0,12.791000000000167,12.791000000000167,3,0,1,0,0,12.791000000000167,12.791000000000167,3,0,1,0,0,31.925534335819883,defensive_third,75.3439958721855,62.74058363045989,45.687453187639385,12.603412241725614,13.761918851819502,1.0,10.502843534764978,31.925534335819883,defensive_third,75.3439958721855,32.71293528670163,80.37112788579472,42.63106058548387,48.44559354997484,1.0,8.73587307079568,31.925534335819883,defensive_third,75.3439958721855,29.29555045659108,84.22787404421383,46.04844541559442,59.78326394113842,0.8881424020237645,4.660773827489263,31.925534335819883,defensive_third,75.3439958721855,29.29555045659108,72.37828451936046,46.04844541559442,59.78326394113842,0.8449075974143906,3.60881233664527,31.925534335819883,defensive_third,75.3439958721855,29.29555045659108,72.37828451936046,46.04844541559442,59.78326394113842,0.8449075974143906,3.60881233664527,-20.574465664180117,18.35320631068228,0.9965796,0.66,1,Spain,spain,Spain - Germany,spain,2,1,True,0,0,0,1,0,window_end_20s,1,,12.791000000000167,72.37828451936046,35.78200232729418,40.45275018354058,39.56199354489132,3.0929554800164807
6,5544238,3148,2231106429,1,duel_regain,2H,5182.968,1,opponent_on_ball,pass,1.863000000000284,0.0079999999998108,Spain - Germany,1.863000000000284,1.863000000000284,1,0,0,0,0,1.863000000000284,1.863000000000284,1,0,0,0,0,8.518000000000029,5.9520000000002256,2,1,0,0,0,8.518000000000029,5.9520000000002256,2,1,0,0,0,8.518000000000029,5.9520000000002256,2,1,0,0,0,74.31355001173452,attacking_third,40.19443810189735,33.410630638780106,84.86187563576979,6.783807463117242,10.548325624035272,1.0,3.768781923953642,74.31355001173452,attacking_third,40.19443810189735,33.410630638780106,84.86187563576979,6.783807463117242,10.548325624035272,1.0,3.768781923953642,74.31355001173452,attacking_third,40.19443810189735,3.74278802167204,108.50490579703025,36.451650080225306,34.19135578529571,0.8017786011671335,5.76766615193465,74.31355001173452,attacking_third,40.19443810189735,3.74278802167204,108.50490579703025,36.451650080225306,34.19135578529571,0.8017786011671335,5.76766615193465,74.31355001173452,attacking_third,40.19443810189735,3.74278802167204,108.50490579703025,36.451650080225306,34.19135578529571,0.8017786011671335,5.76766615193465,-21.813550011734513,-25.96025118223894,0.99912935,0.66,1,Germany,germany,Spain - Germany,spain,2,1,False,0,0,1,1,0,opponent_on_ball,0,2231105251,9.751000000000204,98.7,7.158910531638173,24.386449988265483,33.03552757025918,3.3879117598460144
6,5544238,3148,2231106516,1,interception,1E,5461.935,1,goal_kick,pass,3.6569999999992433,0.0150000000003274,Spain - Germany,2.0,2.0,0,0,0,0,0,3.6569999999992433,3.6569999999992433,1,0,0,0,0,5.28899999999976,5.28899999999976,1,0,0,0,0,5.28899999999976,5.28899999999976,1,0,0,0,0,5.28899999999976,5.28899999999976,1,0,0,0,0,37.29719730714617,middle_third,69.49102037590217,66.1274937189567,38.97051293038053,3.363526656945467,1.673315623234359,0.4168991727408587,1.716085029053778,37.29719730714617,middle_third,69.49102037590217,59.112628218325,45.88790350247856,10.378392157577167,8.590706195332388,0.6880932770051611,2.882886710437811,37.29719730714617,middle_third,69.49102037590217,48.32843542727188,56.91287373360956,21.16258494863029,19.615676426463388,0.8181299879968564,4.038661249738773,37.29719730714617,middle_third,69.49102037590217,48.32843542727188,56.91287373360956,21.16258494863029,19.615676426463388,0.8181299879968564,4.038661249738773,37.29719730714617,middle_third,69.49102037590217,48.32843542727188,56.91287373360956,21.16258494863029,19.615676426463388,0.8181299879968564,4.038661249738773,15.20280269285383,15.663091023694989,0.97104317,0.66,1,Germany,germany,Spain - Germany,spain,2,1,False,0,0,0,0,0,goal_kick,0,2231106477,5.402999999999338,0.0,105.01981527311882,-37.29719730714617,-35.528794897216656,0.0
6,5544238,3148,2231106679,1,interception,2E,6473.848,1,game_interruption,touch,0.5420000000003711,0.0079999999998108,Spain - Germany,0.5420000000003711,0.5420000000003711,0,1,0,0,0,3.675000000000182,3.675000000000182,1,1,0,0,0,5.307999999999993,5.307999999999993,1,2,0,0,0,14.231999999999973,11.311999999999898,2,3,1,0,0,15.175000000000182,11.311999999999898,2,3,1,0,1,40.42653171938241,middle_third,64.83815319299491,62.73639663997275,42.57761981417056,2.101756553022156,2.1510880947881503,1.0,4.378659485466807,40.42653171938241,middle_third,64.83815319299491,39.18147575503325,65.99818097265444,25.656677437961665,25.571649253272028,1.0,7.048537757681141,40.42653171938241,middle_third,64.83815319299491,30.97298447397428,74.04783220357999,33.86516871902063,33.621300484197576,1.0,6.462818457828634,40.42653171938241,middle_third,64.83815319299491,9.396712818726838,109.99424684799364,55.44144037426807,69.56771512861124,0.9220658543679486,4.8126250324883655,40.42653171938241,middle_third,64.83815319299491,9.396712818726838,109.99424684799364,55.44144037426807,69.56771512861124,0.9220658543679486,4.8126250324883655,12.07346828061759,5.852632201868744,0.9964014,0.66,1,Germany,germany,Spain - Germany,spain,2,1,False,1,0,1,1,1,shot,0,2231106688,15.175000000000182,91.35,18.794916866003962,50.923468280617584,46.04323632699095,3.0341506640520857
6,5544238,3148,2231106725,1,duel_regain,2E,6890.276,1,opponent_on_ball,pass,4.664999999999964,0.0039999999999054,Spain - Germany,2.0,2.0,0,0,0,0,0,4.664999999999964,4.664999999999964,1,0,0,0,0,8.918000000000575,8.918000000000575,2,0,1,0,0,8.918000000000575,8.918000000000575,2,0,1,0,0,8.918000000000575,8.918000000000575,2,0,1,0,0,6.887875465698713,defensive_third,100.84985718475782,97.0033098815898,8.726611722993795,3.846547303168009,1.838736257295082,0.5249567824068038,1.962524134269356,6.887875465698713,defensive_third,100.84985718475782,58.010562445118104,49.267107258281705,42.83929473963972,42.37923179258299,0.9248530963393002,9.232606624921702,6.887875465698713,defensive_third,100.84985718475782,22.353984531583706,82.65006494895877,78.49587265317412,75.76218948326006,0.9575389925244808,8.83962529878076,6.887875465698713,defensive_third,100.84985718475782,22.353984531583706,82.65006494895877,78.49587265317412,75.76218948326006,0.9575389925244808,8.83962529878076,6.887875465698713,defensive_third,100.84985718475782,22.353984531583706,82.65006494895877,78.49587265317412,75.76218948326006,0.9575389925244808,8.83962529878076,45.61212453430129,-23.33890986211233,0.9964365,0.66,1,Germany,germany,Spain - Germany,spain,2,1,False,0,0,0,1,0,opponent_on_ball,0,2231105571,12.045000000000073,65.1,42.61234093546142,58.21212453430128,58.237516249296405,4.834995122399008
6,5544239,9905,2231117252,1,duel_regain,1H,1059.425,0,opponent_on_ball,pass,4.683999999999969,0.0150000000001,Portugal - France,2.0,2.0,0,0,0,0,0,4.683999999999969,4.683999999999969,1,0,0,0,0,9.29099999999994,9.29099999999994,4,0,0,0,0,13.036000000000058,13.036000000000058,5,2,0,0,0,16.670000000000073,16.670000000000073,6,2,0,0,0,15.730106207274332,defensive_third,94.24199011157096,71.81816405800328,34.92067140063722,22.42382605356768,19.19056519336289,0.99179699616252,11.440727578350645,15.730106207274332,defensive_third,94.24199011157096,63.120161297595864,42.39684821036701,31.121828813975092,26.66674200309268,0.973948314904468,6.765614959559937,15.730106207274332,defensive_third,94.24199011157096,44.14513658297355,71.5274606726015,50.09685352859741,55.797354465327174,0.9769980796925272,5.421737394869844,15.730106207274332,defensive_third,94.24199011157096,15.129610344810262,90.899002340828,79.1123797667607,75.24904573754841,0.9853104172593448,6.0855676743662075,15.730106207274332,defensive_third,94.24199011157096,14.451356221573558,85.97862332545155,79.7906338899974,75.24904573754841,0.7838139550083386,4.806664692168544,-36.76989379272567,30.20660130542518,0.9980286,0.66,1,Portugal,portugal,Portugal - France,draw,0,0,False,0,0,1,1,0,opponent_on_ball,0,2231117377,17.077999999999975,91.35,15.90308460645293,75.61989379272566,78.33890550511802,4.587124107337987
6,5544239,4418,2231117385,1,interception,1H,1149.565,1,opponent_on_ball,none,,0.0349999999998544,Portugal - France,2.0,2.0,0,0,0,0,0,5.0,5.0,0,0,0,0,0,8.503999999999905,8.503999999999905,2,0,0,0,0,13.143000000000027,13.143000000000027,3,0,0,0,0,13.143000000000027,13.143000000000027,3,0,0,0,0,31.199443706038583,defensive_third,76.14252155147615,70.39708146713318,35.00250649762775,5.745440084342974,3.803062791589163,1.0,2.9924167105951853,31.199443706038583,defensive_third,76.14252155147615,60.58824745845251,46.40039523630307,15.554274093023643,15.20095153026449,0.9502320740524592,3.1614378237852465,31.199443706038583,defensive_third,76.14252155147615,34.24047485775486,74.59839002703835,41.90204669372129,43.39894632099976,0.9809290656527316,4.964697475559363,31.199443706038583,defensive_third,76.14252155147615,22.990036006901576,86.89929001510761,53.152485544574574,55.699846309069024,0.913771155314154,4.0636456838359285,31.199443706038583,defensive_third,76.14252155147615,22.990036006901576,86.89929001510761,53.152485544574574,55.699846309069024,0.913771155314154,4.0636456838359285,21.300556293961417,-18.73930305317788,0.99375856,0.66,1,France,france,Portugal - France,draw,0,0,False,0,0,0,1,0,opponent_on_ball,0,2231117313,13.499000000000024,76.65,29.500984729327257,45.45055629396143,46.64153682214889,3.455184593091993
6,5544239,4418,2231117418,1,duel_regain,1H,1188.392,1,opponent_on_ball,pass,2.002999999999929,0.0080000000000381,Portugal - France,0.6509999999998399,0.6509999999998399,0,0,0,0,0,4.837999999999965,4.837999999999965,2,0,0,0,0,8.870999999999867,8.870999999999867,4,0,0,0,0,12.758000000000038,12.758000000000038,6,1,0,0,0,12.758000000000038,12.758000000000038,6,1,0,0,0,43.34092432271449,middle_third,63.993946767549104,62.51784422956338,45.61104614424882,1.4761025379857244,2.2701218215343246,1.0,2.306410215603153,43.34092432271449,middle_third,63.993946767549104,52.416153775676705,57.156833509260686,11.5777929918724,15.620598974648589,0.9973935288737484,2.412040206640106,43.34092432271449,middle_third,63.993946767549104,29.918218200790236,75.69556084426125,34.07572856675887,32.35463652154676,0.9991128816543337,3.85472042610398,43.34092432271449,middle_third,63.993946767549104,6.447733634599985,98.17310961171644,57.54621313294912,55.787251281653575,0.9853739587933864,4.52407335950865,43.34092432271449,middle_third,63.993946767549104,6.447733634599985,98.17310961171644,57.54621313294912,55.787251281653575,0.9853739587933864,4.52407335950865,9.159075677285507,-17.128444456829286,0.99783593,0.66,1,France,france,Portugal - France,draw,0,0,False,0,0,1,1,0,opponent_on_ball,0,2231117340,14.230999999999995,78.75,26.46927464060925,35.40907567728551,37.524672126939855,2.6368260928212965
6,5544239,4418,2231117753,1,interception,1H,1944.579,1,opponent_on_ball,pass,0.4550000000001546,0.0190000000000054,Portugal - France,1.91800000000012,1.91800000000012,2,0,0,0,0,2.5399999999999636,2.5399999999999636,2,1,0,0,0,9.743000000000166,9.743000000000166,4,1,0,0,0,12.85200000000009,12.85200000000009,5,2,0,0,0,15.792000000000144,15.792000000000144,6,2,0,0,0,38.329916761141654,middle_third,66.90392276018655,59.350578981967715,45.6827509253366,7.553343778218832,7.352834164194945,1.0,4.017736052243826,38.329916761141654,middle_third,66.90392276018655,56.979089409809326,48.18142827785293,9.92483335037722,9.851511516711277,1.0,4.001948931603688,38.329916761141654,middle_third,66.90392276018655,35.26435134079063,79.26752746801294,31.639571419395914,40.93761070687129,0.995319845012,3.25509994026706,38.329916761141654,middle_third,66.90392276018655,8.962558299163737,96.20999146256642,57.94136446102281,57.88007470142477,0.983580222188629,4.526669098517343,38.329916761141654,middle_third,66.90392276018655,7.9581538373240335,94.38739150303827,58.94576892286251,59.32665709387603,0.7422362494552902,3.740213764141025,14.170083238858346,5.588817551567203,0.9953231,0.66,1,France,france,Portugal - France,draw,0,0,False,0,0,1,1,0,opponent_on_ball,0,2231117550,17.491999999999962,95.55,12.940173878275365,57.220083238858344,53.96374888191118,3.0850531032421276
6,5544239,9905,2231117754,1,duel_regain,1H,2604.023,0,opponent_on_ball,pass,3.268999999999778,0.0169999999998253,Portugal - France,2.0,2.0,0,0,0,0,0,3.268999999999778,3.268999999999778,1,0,0,0,0,8.277000000000044,8.277000000000044,2,0,1,0,0,8.277000000000044,8.277000000000044,2,0,1,0,0,8.277000000000044,8.277000000000044,2,0,1,0,0,11.591199949143544,defensive_third,96.83588066916128,84.92988229349382,25.034080226181075,11.905998375667451,13.442880277037531,0.9996287752205684,6.0744889671771585,11.591199949143544,defensive_third,96.83588066916128,69.65842194343033,40.82293171215778,27.177458725730943,29.23173176301424,0.9946312743534388,8.388104544978074,11.591199949143544,defensive_third,96.83588066916128,58.42553169020107,54.57499656552232,38.410348978960194,44.06280220566462,0.9633018787294934,4.661450118805715,11.591199949143544,defensive_third,96.83588066916128,58.42553169020107,54.57499656552232,38.410348978960194,44.06280220566462,0.9633018787294934,4.661450118805715,11.591199949143544,defensive_third,96.83588066916128,58.42553169020107,54.57499656552232,38.410348978960194,44.06280220566462,0.9633018787294934,4.661450118805715,-40.908800050856456,-25.533974583506577,0.9815863,0.66,1,Portugal,portugal,Portugal - France,draw,0,0,False,0,0,0,0,0,opponent_on_ball,0,2231117932,12.723999999999705,56.7,56.112062874216264,45.10880005085646,40.72381779494502,3.2005515399988966
6,5544239,9905,2231117985,1,interception,2H,3032.522,0,opponent_on_ball,duel,2.9099999999998545,0.0019999999999527,Portugal - France,2.0,2.0,0,0,0,0,0,4.199000000000069,4.199000000000069,1,0,1,0,0,4.199000000000069,4.199000000000069,1,0,1,0,0,4.199000000000069,4.199000000000069,1,0,1,0,0,4.199000000000069,4.199000000000069,1,0,1,0,0,35.14926955360506,middle_third,69.86227721793415,59.28277435733288,47.375651932594,10.579502860601266,12.226382378988935,0.6062725221221096,5.397705541122995,35.14926955360506,middle_third,69.86227721793415,35.117677008945094,81.6148821382671,34.744600208989056,46.46561258466205,0.8349021681408495,8.35206735792944,35.14926955360506,middle_third,69.86227721793415,35.117677008945094,81.6148821382671,34.744600208989056,46.46561258466205,0.8349021681408495,8.35206735792944,35.14926955360506,middle_third,69.86227721793415,35.117677008945094,81.6148821382671,34.744600208989056,46.46561258466205,0.8349021681408495,8.35206735792944,35.14926955360506,middle_third,69.86227721793415,35.117677008945094,81.6148821382671,34.744600208989056,46.46561258466205,0.8349021681408495,8.35206735792944,-17.35073044639494,-1.2701315603334464,0.97685605,0.66,1,Portugal,portugal,Portugal - France,draw,0,0,False,0,0,0,0,0,opponent_on_ball,0,2231118099,13.30099999999993,97.65,22.967805728889296,62.50073044639495,46.894471489044854,3.525635026617931
6,5544239,4418,2231118837,1,interception,2H,5230.435,1,window_end,pass,3.381999999999607,0.0050000000001091,Portugal - France,2.0,2.0,0,0,0,0,0,4.748999999999796,4.748999999999796,1,0,0,0,0,8.259000000000015,8.259000000000015,2,0,0,0,0,14.83099999999922,14.83099999999922,3,1,0,0,1,15.980999999999767,15.980999999999767,3,1,0,0,1,26.544473884047747,defensive_third,81.07038611636037,72.22012940196052,32.836109457618974,8.850256714399848,6.291635573571227,1.0,4.515437099185607,26.544473884047747,defensive_third,81.07038611636037,51.65915870817671,53.34596475242722,29.411227408183656,26.80149086837947,1.0,6.231192247497402,26.544473884047747,defensive_third,81.07038611636037,35.922769218323126,77.49518031283854,45.14761689803724,50.950706428790795,0.970135041935548,5.479079720635733,26.544473884047747,defensive_third,81.07038611636037,3.439741934966722,101.27013533163924,77.63064418139365,75.07451035217342,0.9543356614974432,5.245313796040369,26.544473884047747,defensive_third,81.07038611636037,3.439741934966722,101.08708576133608,77.63064418139365,75.07451035217342,0.947427061886462,4.864075449962274,25.955526115952253,-20.423954732737023,0.9652817,0.66,1,France,france,Portugal - France,draw,0,0,False,1,1,1,1,1,shot,0,2231118855,14.830999999999221,81.9,23.457544628541147,55.35552611595226,57.612841487819225,3.8846228499644155
6,5544239,4418,2231118870,1,interception,2H,5283.7,1,window_end,duel,4.554000000000087,0.019999999999527,Portugal - France,2.0,2.0,0,0,0,0,0,4.554000000000087,4.554000000000087,0,0,1,0,0,7.956000000000131,7.956000000000131,1,1,2,0,0,14.99499999999989,14.99499999999989,3,2,2,0,0,19.404999999999745,19.404999999999745,4,3,2,0,0,19.873750210564367,defensive_third,87.91987247467024,84.52123985288506,25.502600328737344,3.3986326217851826,5.648816692916796,0.9981715438058288,1.7339962356046528,19.873750210564367,defensive_third,87.91987247467024,80.26557316922722,26.068702824193963,7.654299305443018,6.995807651134399,0.928295236816272,1.693429049876951,19.873750210564367,defensive_third,87.91987247467024,78.22101617930342,26.805775845231494,9.698856295366824,6.995807651134399,0.5012145229072172,1.2246030675969506,19.873750210564367,defensive_third,87.91987247467024,36.11176918846432,75.2018027196221,51.80810328620592,55.32805250905773,0.8429570537794697,3.4631085084362163,19.873750210564367,defensive_third,87.91987247467024,16.368400018523953,66.39550428129196,71.55147245614629,70.63562978738037,0.6814804901112387,3.695840519429106,32.62624978943563,21.986940959326063,0.97160375,0.66,1,France,france,Portugal - France,draw,0,0,False,0,0,1,1,0,window_end_20s,1,,19.404999999999745,65.68044615838326,40.602708489147844,45.806695947818895,47.3171639855224,2.4384006176512765
6,5544239,4418,2231119145,1,interception,1E,5772.091,1,window_end,pass,2.4559999999992215,0.011000000000422,Portugal - France,2.0,2.0,0,0,0,0,0,3.67699999999968,3.67699999999968,1,0,1,0,0,5.982999999999265,5.982999999999265,1,0,1,0,0,14.201000000000022,14.201000000000022,1,0,3,0,0,19.24199999999928,19.24199999999928,2,0,4,0,0,23.69865023565596,defensive_third,82.50459355190276,82.50459355190276,25.639547286405616,0.0,1.9408970507496548,0.0,0.0,23.69865023565596,defensive_third,82.50459355190276,74.59132650704491,36.25205900495872,7.913267044857847,12.553408769302765,0.8504827565701446,2.173974462872839,23.69865023565596,defensive_third,82.50459355190276,60.97290770118056,50.816234683853544,21.5316858507222,27.117584448197583,0.939310608489316,3.637109096405732,23.69865023565596,defensive_third,82.50459355190276,17.088226979773907,93.27161550118912,65.41636657212885,69.57296526553317,0.9777370622583752,4.6197998991616895,23.69865023565596,defensive_third,82.50459355190276,12.339694151993069,89.92673177625919,70.16489939990969,70.66237021870363,0.7618171190760494,3.65442184374533,28.80134976434404,-14.039176744398825,0.98131794,0.66,1,France,france,Portugal - France,draw,0,0,False,0,0,1,1,0,window_end_20s,1,,19.24199999999928,89.92673177625919,32.78729819865333,66.22808154060323,49.717295353249426,2.5837904247610064
6,5544239,9905,2231119296,1,duel_regain,2E,6579.365,0,opponent_on_ball,touch,2.5590000000001965,0.0060080000002926,Portugal - France,2.0,2.0,0,0,0,0,0,4.9210000000002765,4.9210000000002765,1,1,0,0,0,9.835000000000036,7.206008000000111,1,2,1,0,0,9.835000000000036,7.206008000000111,1,2,1,0,0,9.835000000000036,7.206008000000111,1,2,1,0,0,47.084855952794015,middle_third,59.0166056166448,41.67172652825397,67.04625230729519,17.344879088390826,19.961396354501176,1.0,8.849428106321685,47.084855952794015,middle_third,59.0166056166448,28.08193835834425,88.65620019557551,30.934667258300543,41.57134424278149,0.9925403358282426,6.339071159487675,47.084855952794015,middle_third,59.0166056166448,20.998586920813825,106.1901267830658,38.018018695830975,62.080708115224695,0.9565871887341229,3.8793896628398232,47.084855952794015,middle_third,59.0166056166448,20.998586920813825,106.1901267830658,38.018018695830975,62.080708115224695,0.9565871887341229,3.8793896628398232,47.084855952794015,middle_third,59.0166056166448,20.998586920813825,106.1901267830658,38.018018695830975,62.080708115224695,0.9565871887341229,3.8793896628398232,-5.415144047205985,11.3488249833175,0.9995053,0.66,1,Portugal,portugal,Portugal - France,draw,0,0,False,0,0,0,1,0,window_end_20s,1,,9.835000000000036,106.15570053440429,21.635948704514245,59.070844581610274,37.38065691213056,3.800778537074776
6,5544242,4418,2233292364,1,duel_regain,2H,2758.727,0,opponent_on_ball,pass,4.550000000000182,0.0028369999999995,Spain - France,2.0,2.0,0,0,0,0,0,4.550000000000182,4.550000000000182,1,0,0,0,0,4.550000000000182,4.550000000000182,1,0,0,0,0,4.550000000000182,4.550000000000182,1,0,0,0,0,4.550000000000182,4.550000000000182,1,0,0,0,0,24.275318733084973,defensive_third,86.09272351855111,83.92144609549553,26.99046712923047,2.171277423055585,2.715148396145498,0.7329289977925113,1.1077946035997677,24.275318733084973,defensive_third,86.09272351855111,58.58290384398891,56.15253766236626,27.509819674562195,31.877218929281284,0.9720437937228829,6.0862432908323685,24.275318733084973,defensive_third,86.09272351855111,58.58290384398891,56.15253766236626,27.509819674562195,31.877218929281284,0.9720437937228829,6.0862432908323685,24.275318733084973,defensive_third,86.09272351855111,58.58290384398891,56.15253766236626,27.509819674562195,31.877218929281284,0.9720437937228829,6.0862432908323685,24.275318733084973,defensive_third,86.09272351855111,58.58290384398891,56.15253766236626,27.509819674562195,31.877218929281284,0.9720437937228829,6.0862432908323685,-28.224681266915027,29.92461991732999,0.89360046,0.66,1,France,france,Spain - France,spain,2,1,False,0,0,0,0,0,opponent_on_ball,0,2233292343,8.961999999999989,88.2,34.90845169869325,63.92468126691503,51.18427181985786,5.711255503220031
6,5544242,4418,2233292509,1,duel_regain,2H,3126.991,0,opponent_on_ball,pass,2.3290000000001783,0.0188370000000759,Spain - France,2.0,2.0,0,0,0,0,0,4.875,4.875,2,0,0,0,0,7.0949999999998,7.0949999999998,3,1,0,0,0,7.0949999999998,7.0949999999998,3,1,0,0,0,7.0949999999998,7.0949999999998,3,1,0,0,0,70.57049180193249,attacking_third,47.86867503103982,35.56934383885644,75.91634456943385,12.29933119218338,5.397135827773781,0.966987690666372,6.275168975603649,70.57049180193249,attacking_third,47.86867503103982,24.33035029118071,93.2572764014536,23.53832473985911,22.686784599521104,0.9824740331079306,4.863290235507934,70.57049180193249,attacking_third,47.86867503103982,10.64439893267619,101.8688586284908,37.22427609836363,31.29836682655832,0.988845791325992,5.287539218517589,70.57049180193249,attacking_third,47.86867503103982,10.64439893267619,101.8688586284908,37.22427609836363,31.29836682655832,0.988845791325992,5.287539218517589,70.57049180193249,attacking_third,47.86867503103982,10.64439893267619,101.8688586284908,37.22427609836363,31.29836682655832,0.988845791325992,5.287539218517589,18.07049180193249,33.25686417067155,0.9941109,0.66,1,France,france,Spain - France,spain,2,1,False,0,0,1,1,0,opponent_on_ball,0,2233292507,7.88799999999992,97.65,12.027173400263251,27.079508198067515,35.84150163077657,4.543800916680646
6,5544242,1598,2233292565,1,interception,2H,3331.905,1,opponent_on_ball,pass,1.1019999999998618,0.0151630000000295,Spain - France,1.1019999999998618,1.1019999999998618,1,0,0,0,0,2.742999999999938,2.742999999999938,3,0,0,0,0,9.305999999999583,9.305999999999583,4,0,1,0,0,9.305999999999583,9.305999999999583,4,0,1,0,0,9.305999999999583,9.305999999999583,4,0,1,0,0,23.133280867430997,defensive_third,82.51302116353925,82.51302116353925,20.110751527764975,0.0,0.0,0.0,0.0,23.133280867430997,defensive_third,82.51302116353925,78.06207670622322,26.94067337544408,4.450944457316027,3.8073925080130806,0.408700909541726,1.66080017064041,23.133280867430997,defensive_third,82.51302116353925,20.66996132589724,90.77001766751278,61.84305983764201,67.63673680008178,0.9056930208959888,6.664122827332296,23.133280867430997,defensive_third,82.51302116353925,20.66996132589724,90.77001766751278,61.84305983764201,67.63673680008178,0.9056930208959888,6.664122827332296,23.133280867430997,defensive_third,82.51302116353925,20.66996132589724,90.77001766751278,61.84305983764201,67.63673680008178,0.9056930208959888,6.664122827332296,29.366719132569003,-10.30722853165371,0.9998869,0.66,1,Spain,spain,Spain - France,spain,2,1,True,0,0,0,1,0,opponent_on_ball,0,2233292610,10.328999999999724,86.1,23.68814893570201,62.966719132569,58.82487222783724,5.695117845661614
6,5544242,4418,2233293463,1,duel_regain,2H,3565.564,0,opponent_on_ball,interception,1.106000000000222,0.0058370000001559,Spain - France,1.106000000000222,1.106000000000222,0,0,0,0,0,2.4909999999999854,2.4909999999999854,0,1,0,0,0,7.5470000000000255,7.5470000000000255,2,1,0,0,0,7.5470000000000255,7.5470000000000255,2,1,0,0,0,7.5470000000000255,7.5470000000000255,2,1,0,0,0,54.99162513273594,middle_third,58.199314590341075,51.43730184586489,61.067687191718385,6.762012744476188,6.076062058982444,1.0,6.261122911552447,54.99162513273594,middle_third,58.199314590341075,45.08752648112779,70.71044137728882,13.111788109213286,15.718816244552876,1.0,5.287011334360157,54.99162513273594,middle_third,58.199314590341075,4.928618174391382,103.48189120881462,53.27069641594969,48.58060080038323,0.9801658404849156,7.083869204248646,54.99162513273594,middle_third,58.199314590341075,4.928618174391382,103.48189120881462,53.27069641594969,48.58060080038323,0.9801658404849156,7.083869204248646,54.99162513273594,middle_third,58.199314590341075,4.928618174391382,103.48189120881462,53.27069641594969,48.58060080038323,0.9801658404849156,7.083869204248646,2.4916251327359404,29.771171658513545,0.9988919,0.66,1,France,france,Spain - France,spain,2,1,False,0,0,1,1,0,opponent_on_ball,0,2233292649,8.585000000000036,103.95,2.2943626565998656,48.95837486726406,55.90495193374121,6.511933830371691
6,5544242,4418,2233292906,1,duel_regain,2H,4199.651,0,opponent_on_ball,pass,1.695999999999913,0.0011629999999058,Spain - France,1.695999999999913,1.695999999999913,1,0,0,0,0,1.695999999999913,1.695999999999913,1,0,0,0,0,9.818000000000213,9.818000000000213,2,0,1,0,0,9.818000000000213,9.818000000000213,2,0,1,0,0,9.818000000000213,9.818000000000213,2,0,1,0,0,45.78042213035964,middle_third,62.94354182356484,57.4571842855934,54.69577958049937,5.486357537971443,8.91535745013973,1.0,3.3453399621770417,45.78042213035964,middle_third,62.94354182356484,57.4571842855934,54.69577958049937,5.486357537971443,8.91535745013973,1.0,3.3453399621770417,45.78042213035964,middle_third,62.94354182356484,10.855528112181007,95.03298004520516,52.08801371138384,54.81760005788199,1.0,5.336886650756421,45.78042213035964,middle_third,62.94354182356484,10.855528112181007,95.03298004520516,52.08801371138384,54.81760005788199,1.0,5.336886650756421,45.78042213035964,middle_third,62.94354182356484,10.855528112181007,95.03298004520516,52.08801371138384,54.81760005788199,1.0,5.336886650756421,-6.719577869640361,-21.329112832850292,0.9998111,0.66,1,France,france,Spain - France,spain,2,1,False,0,0,1,1,0,opponent_on_ball,0,2233292858,10.502000000000407,93.45,18.8998439146994,47.669577869640364,44.04369790886544,4.193839069592814
6,5544243,664,2236457371,1,duel_regain,1H,398.951,0,window_end,shot,3.839999999999975,0.0089999999999577,Netherlands - England,2.0,2.0,0,0,0,0,0,3.839999999999975,2.9599999999999795,0,0,0,0,1,5.492999999999995,4.6129999999999995,0,0,0,0,1,5.492999999999995,4.6129999999999995,0,0,0,0,1,5.492999999999995,4.6129999999999995,0,0,0,0,1,75.56542627259479,attacking_third,33.780096094031805,21.2981401452686,86.65696420759302,12.481955948763204,11.091537934998229,1.0,6.368344871817843,75.56542627259479,attacking_third,33.780096094031805,1.576928787348297,104.30270221399932,32.20316730668351,32.04296969089292,0.8337530532328669,8.47451771228511,75.56542627259479,attacking_third,33.780096094031805,1.5607200490658142,99.489787546795,32.21937604496599,32.04296969089292,0.7505325944693516,5.879448183387935,75.56542627259479,attacking_third,33.780096094031805,1.5607200490658142,99.489787546795,32.21937604496599,32.04296969089292,0.7505325944693516,5.879448183387935,75.56542627259479,attacking_third,33.780096094031805,1.5607200490658142,99.489787546795,32.21937604496599,32.04296969089292,0.7505325944693516,5.879448183387935,23.065426272594795,16.574099119046267,0.921975,0.66,1,Netherlands,netherlands,Netherlands - England,england,1,2,False,1,1,1,1,1,shot,0,2236457375,3.839999999999975,85.05,24.93600008020533,9.484573727405206,8.844096013826476,2.30315000360066
6,5544243,2413,2236457515,1,duel_regain,1H,751.174,1,game_interruption,duel,0.4950000000000045,0.01400000000001,Netherlands - England,1.88900000000001,1.88900000000001,1,0,1,0,0,4.70900000000006,4.70900000000006,2,0,1,0,0,7.826999999999998,7.826999999999998,4,0,1,0,0,11.576999999999998,11.576999999999998,4,0,1,0,1,11.576999999999998,11.576999999999998,4,0,1,0,1,64.46450502202173,middle_third,44.6560572765624,43.058555421982255,65.79315018461398,1.5975018545801447,1.3286451625922524,0.523793732646401,0.8682075296631607,64.46450502202173,middle_third,44.6560572765624,40.94265409593323,73.40957684511349,3.713403180629165,8.992122229206686,0.2856876757029119,0.7934622180831633,64.46450502202173,middle_third,44.6560572765624,28.920975079512942,76.31539700896138,15.735082197049454,11.850891986939658,0.5839650027865173,2.0173182303909676,64.46450502202173,middle_third,44.6560572765624,3.927224988833758,100.57813442928548,40.72883228772864,38.6276516090075,0.5395750534635546,3.5354889138653394,64.46450502202173,middle_third,44.6560572765624,3.927224988833758,100.57813442928548,40.72883228772864,38.6276516090075,0.5395750534635546,3.5354889138653394,-11.964505022021726,18.735984051496196,0.9763313,0.66,1,England,england,Netherlands - England,england,1,2,True,1,1,1,1,1,shot,0,2236457531,10.269000000000005,75.6,30.33661813716223,11.135494977978269,14.31943913940017,1.394433648787629
6,5544243,664,2236457683,1,interception,1H,1689.506,0,opponent_on_ball,none,,0.0139999999998963,Netherlands - England,1.908999999999878,1.908999999999878,0,0,0,0,0,1.908999999999878,1.908999999999878,0,0,0,0,0,6.709999999999809,6.709999999999809,1,0,0,0,1,6.709999999999809,6.709999999999809,1,0,0,0,1,6.709999999999809,6.709999999999809,1,0,0,0,1,55.112671199245455,middle_third,54.07475590314058,41.01738875696932,67.74742933123264,13.05736714617126,12.634758131987184,1.0,6.945408056473671,55.112671199245455,middle_third,54.07475590314058,41.01738875696932,67.74742933123264,13.05736714617126,12.634758131987184,1.0,6.945408056473671,55.112671199245455,middle_third,54.07475590314058,7.932876386865661,103.91992044697572,46.14187951627492,48.807249247730255,0.9918727369232094,6.907466993454263,55.112671199245455,middle_third,54.07475590314058,7.932876386865661,103.91992044697572,46.14187951627492,48.807249247730255,0.9918727369232094,6.907466993454263,55.112671199245455,middle_third,54.07475590314058,7.932876386865661,103.91992044697572,46.14187951627492,48.807249247730255,0.9918727369232094,6.907466993454263,2.6126711992454545,20.864650754557147,0.9994654,0.66,1,Netherlands,netherlands,Netherlands - England,england,1,2,False,1,1,1,1,1,shot,0,2236457689,6.709999999999809,90.3,17.892177061498135,35.18732880075454,36.18257884164244,5.392336638098878
6,5544243,664,2236458251,1,duel_regain,2H,3341.062,0,opponent_on_ball,pass,0.874000000000251,0.0180000000000291,Netherlands - England,0.874000000000251,0.874000000000251,1,0,0,0,0,4.782000000000153,4.782000000000153,2,0,0,0,0,8.465000000000146,8.465000000000146,3,1,0,0,0,12.851000000000113,12.851000000000113,5,1,0,0,0,12.851000000000113,12.851000000000113,5,1,0,0,0,20.242060837370005,defensive_third,85.66437312978988,85.66437312978988,20.5673029178689,0.0,0.3252420804988958,0.0,0.0,20.242060837370005,defensive_third,85.66437312978988,66.8950282500274,41.18947035466497,18.769344879762485,20.947409517294965,0.9588493711863568,3.94313968062219,20.242060837370005,defensive_third,85.66437312978988,60.23366189480984,44.092964641039366,25.43071123498004,26.744985534703368,0.6501840152501732,3.0131174449028286,20.242060837370005,defensive_third,85.66437312978988,40.95243941453227,62.67187957869864,44.71193371525761,50.32198192074897,0.6040658614045559,3.4931198215044508,20.242060837370005,defensive_third,85.66437312978988,40.95243941453227,62.67187957869864,44.71193371525761,50.32198192074897,0.6040658614045559,3.4931198215044508,-32.257939162629995,12.42886047165144,0.9248532,0.66,1,Netherlands,netherlands,Netherlands - England,england,1,2,False,0,0,0,0,0,opponent_on_ball,0,2236458371,14.632000000000062,73.5,37.528788949285314,53.257939162629995,48.135584180504566,3.289747415288707
6,5544243,664,2236458370,1,duel_regain,2H,3518.294,0,game_interruption,pass,1.2300000000000182,0.0139999999996689,Netherlands - England,1.2300000000000182,1.2300000000000182,1,0,0,0,0,2.38799999999992,2.38799999999992,2,0,0,0,0,8.46100000000024,7.30600000000004,3,0,1,0,0,8.46100000000024,7.30600000000004,3,0,1,0,0,8.46100000000024,7.30600000000004,3,0,1,0,0,18.363444710762742,defensive_third,87.63168993667637,87.63168993667637,7.213382897987849,0.0,0.0,0.0,0.0,18.363444710762742,defensive_third,87.63168993667637,87.63168993667637,5.062255336709811,0.0,0.0,0.0,0.0,18.363444710762742,defensive_third,87.63168993667637,55.78835019723023,61.44892756691428,31.843339739446137,43.085482856151536,0.559014726125983,4.212081976117244,18.363444710762742,defensive_third,87.63168993667637,55.78835019723023,61.44892756691428,31.843339739446137,43.085482856151536,0.559014726125983,4.212081976117244,18.363444710762742,defensive_third,87.63168993667637,55.78835019723023,61.44892756691428,31.843339739446137,43.085482856151536,0.559014726125983,4.212081976117244,-34.13655528923726,13.168916765350176,0.99214923,0.66,1,Netherlands,netherlands,Netherlands - England,england,1,2,False,0,0,0,0,0,game_interruption,0,2236458383,11.684000000000196,60.9,55.68491716793696,42.536555289237256,31.946772768739407,2.734232520432974
6,5544243,2413,2236458864,1,interception,2H,4693.334,1,opponent_on_ball,pass,3.7080000000005384,0.0140000000001236,Netherlands - England,2.0,2.0,0,0,0,0,0,3.7080000000005384,3.7080000000005384,1,0,0,0,0,7.564000000000306,7.564000000000306,2,0,0,0,0,7.564000000000306,7.564000000000306,2,0,0,0,0,7.564000000000306,7.564000000000306,2,0,0,0,0,59.20363559868364,middle_third,47.2223121437659,40.26158164082537,72.86233807542918,6.960730502940528,13.65870247674554,1.0,3.55139311374675,59.20363559868364,middle_third,47.2223121437659,35.07897500284427,80.40222271677095,12.14333714092163,21.19858711808731,0.9968844781534352,3.2998198752509977,59.20363559868364,middle_third,47.2223121437659,12.471188141560546,75.3992962924597,34.75112400220535,33.33303590143468,0.6690553700197327,4.621160106676534,59.20363559868364,middle_third,47.2223121437659,12.471188141560546,75.3992962924597,34.75112400220535,33.33303590143468,0.6690553700197327,4.621160106676534,59.20363559868364,middle_third,47.2223121437659,12.471188141560546,75.3992962924597,34.75112400220535,33.33303590143468,0.6690553700197327,4.621160106676534,-6.70363559868364,11.516934133053963,0.99774987,0.66,1,England,england,Netherlands - England,england,1,2,True,0,0,1,1,0,opponent_on_ball,0,2236458742,8.668999999999869,92.4,13.244108123992337,33.196364401316366,33.97820401977356,3.919506750464191
6,5544244,1598,2235712431,0,interception,1H,949.167,0,opponent_on_ball,none,,0.0070000000000618,Spain - England,2.0,2.0,0,0,0,0,0,5.0,5.0,0,0,0,0,0,7.9950000000000045,7.9950000000000045,0,0,0,0,0,7.9950000000000045,7.9950000000000045,0,0,0,0,0,7.9950000000000045,7.9950000000000045,0,0,0,0,0,42.573220954900485,middle_third,65.00576577426929,60.30495334565149,50.322014106677514,4.700812428617802,7.748793151777029,0.982590721694723,2.3983736880704014,42.573220954900485,middle_third,65.00576577426929,56.60277415216972,58.123445843543166,8.40299162209957,15.55022488864268,0.9901856010561794,1.6941515367136497,42.573220954900485,middle_third,65.00576577426929,13.30787016616375,92.91226698444264,51.69789560810554,50.33904602954215,0.9983915444617096,6.49471050353091,42.573220954900485,middle_third,65.00576577426929,13.30787016616375,92.91226698444264,51.69789560810554,50.33904602954215,0.9983915444617096,6.49471050353091,42.573220954900485,middle_third,65.00576577426929,13.30787016616375,92.91226698444264,51.69789560810554,50.33904602954215,0.9983915444617096,6.49471050353091,-9.926779045099517,-18.12861941664302,0.85498834,0.66,1,Spain,spain,Spain - England,spain,2,1,True,0,0,1,1,0,opponent_on_ball,0,2235712375,7.9950000000000045,43.05,64.06360042957311,0.4767790450995122,0.9421653446961784,0.11784432078751443
6,5544244,2413,2235713662,1,duel_regain,2H,4435.395,1,opponent_on_ball,pass,3.7109999999993306,0.0049999999991996,Spain - England,0.2399999999997817,0.2399999999997817,0,0,0,0,0,3.7109999999993306,3.7109999999993306,1,0,0,0,0,8.083999999999833,8.083999999999833,3,0,0,0,0,13.490999999999984,13.490999999999984,4,1,0,0,0,15.930999999999583,15.930999999999583,5,1,0,0,0,17.512337589465815,defensive_third,88.75713078466647,88.43925307157706,17.88514229917618,0.3178777130894161,0.3728047097103655,1.0,1.5893885654412985,17.512337589465815,defensive_third,88.75713078466647,46.9043217558474,60.500898508072666,41.852809028819074,46.17118532073087,0.932006590034184,11.373045931743414,17.512337589465815,defensive_third,88.75713078466647,46.9043217558474,63.06726212895476,41.852809028819074,46.17118532073087,0.8174947289228752,5.205573262290364,17.512337589465815,defensive_third,88.75713078466647,29.892960980162933,77.53328788442627,58.86416980450354,60.02095029496046,0.7922651160662803,4.366778175408121,17.512337589465815,defensive_third,88.75713078466647,24.666542624602357,89.98806264151891,64.09058816006412,72.4757250520531,0.7977363723519398,4.0257907135718485,34.987662410534185,14.95784714010648,0.98199344,0.66,1,England,england,Spain - England,spain,2,1,False,0,0,0,1,0,opponent_on_ball,0,2235713622,18.670999999999367,67.2,43.958999078686944,49.68766241053419,44.79813170597953,2.3993429224991187
