candidate_cache_version,match_id,team_id,start_event_id,label_counterattack,regain_type,match_period,start_ts,attacking_left,stop_reason,first_action_type,first_action_time_s,tracking_start_dt_s,source_label,short_duration_s,in_play_2s,event_count_pass_2s,event_count_touch_2s,event_count_duel_2s,event_count_clearance_2s,event_count_shot_2s,mid_duration_s,in_play_5s,event_count_pass_5s,event_count_touch_5s,event_count_duel_5s,event_count_clearance_5s,event_count_shot_5s,ten_duration_s,in_play_10s,event_count_pass_10s,event_count_touch_10s,event_count_duel_10s,event_count_clearance_10s,event_count_shot_10s,fifteen_duration_s,in_play_15s,event_count_pass_15s,event_count_touch_15s,event_count_duel_15s,event_count_clearance_15s,event_count_shot_15s,long_duration_s,in_play_20s,event_count_pass_20s,event_count_touch_20s,event_count_duel_20s,event_count_clearance_20s,event_count_shot_20s,short_start_progress_m,short_start_zone,short_start_goal_distance_m,short_min_goal_distance_m,short_end_progress_m,short_progression_goal_m,short_progression_x_m,short_directness_goal,short_avg_progress_speed_mps,mid_start_progress_m,mid_start_zone,mid_start_goal_distance_m,mid_min_goal_distance_m,mid_end_progress_m,mid_progression_goal_m,mid_progression_x_m,mid_directness_goal,mid_avg_progress_speed_mps,ten_start_progress_m,ten_start_zone,ten_start_goal_distance_m,ten_min_goal_distance_m,ten_end_progress_m,ten_progression_goal_m,ten_progression_x_m,ten_directness_goal,ten_avg_progress_speed_mps,fifteen_start_progress_m,fifteen_start_zone,fifteen_start_goal_distance_m,fifteen_min_goal_distance_m,fifteen_end_progress_m,fifteen_progression_goal_m,fifteen_progression_x_m,fifteen_directness_goal,fifteen_avg_progress_speed_mps,long_start_progress_m,long_start_zone,long_start_goal_distance_m,long_min_goal_distance_m,long_end_progress_m,long_progression_goal_m,long_progression_x_m,long_directness_goal,long_avg_progress_speed_mps,tracking_start_x_m_raw,tracking_start_y_m_raw,hybrid_probability,hybrid_threshold,hybrid_label,teamName,team_norm,label_no_score,winner_norm,home_goals,away_goals,team_won_match,shot_20s,shot_15s,box_entry_proxy,final_third_entry_proxy,box_shot_proxy,outcome_type,outcome_is_window_endpoint,outcome_event_id,outcome_time_s,outcome_progress_m,outcome_goal_distance_m,outcome_progression_from_start_m,outcome_goal_progression_m,outcome_goal_progression_speed_mps
6,5706989,7840,2593107021,1,interception,1H,44.069,0,opponent_on_ball,duel,2.5659999999999954,0.0090000000000003,Iceland - Finland,2.0,2.0,0,0,0,0,0,4.125,4.125,1,0,1,0,0,8.934999999999995,8.934999999999995,1,1,1,0,0,8.934999999999995,8.934999999999995,1,1,1,0,0,8.934999999999995,8.934999999999995,1,1,1,0,0,21.993546907895084,defensive_third,87.22846302332985,73.16254206977936,36.77023094781356,14.065920953550489,16.388667364629658,0.8989128312508622,7.104000481591141,21.993546907895084,defensive_third,87.22846302332985,64.50696210051184,44.57687931191327,22.72150092281801,22.583332404018183,0.6902142639795648,5.541829493370244,21.993546907895084,defensive_third,87.22846302332985,50.788324004940065,54.25859603722741,36.440139018389786,32.265049129332326,0.7725629605522406,4.085217378743248,21.993546907895084,defensive_third,87.22846302332985,50.788324004940065,54.25859603722741,36.440139018389786,32.265049129332326,0.7725629605522406,4.085217378743248,21.993546907895084,defensive_third,87.22846302332985,50.788324004940065,54.25859603722741,36.440139018389786,32.265049129332326,0.7725629605522406,4.085217378743248,-30.506453092104916,26.80920562942154,0.99292254,0.66,1,Iceland,iceland,Iceland - Finland,finland,0,1,False,0,0,0,0,0,window_end_20s,1,,8.934999999999995,54.25859603722741,50.788324004940065,32.265049129332326,36.440139018389786,4.0783591514705995
6,5706989,5048,2593107104,1,duel_regain,1H,369.891,1,opponent_on_ball,duel,1.794999999999959,0.0089999999999577,Iceland - Finland,1.794999999999959,1.794999999999959,0,0,1,0,0,3.987999999999999,3.987999999999999,1,1,1,0,0,8.899000000000001,8.899000000000001,1,1,2,0,0,10.15799999999996,9.948999999999955,2,1,2,0,0,10.15799999999996,9.948999999999955,2,1,2,0,0,63.63513995417785,middle_third,48.32172238057599,46.477362491207025,67.79675192228704,1.8443598893689668,4.161611968109192,0.998878458307154,1.0361572412185034,63.63513995417785,middle_third,48.32172238057599,42.21681532376864,78.40351884009249,6.104907056807349,14.768378885914636,0.9341198225425744,1.5416431961634578,63.63513995417785,middle_third,48.32172238057599,20.380562950209796,99.86551824390368,27.941159430366195,36.23037828972581,0.9848244091345748,3.1465269628790775,63.63513995417785,middle_third,48.32172238057599,11.897932875521104,106.72065863832728,36.42378950505488,43.08551868414943,0.8743873002484293,3.592089694778573,63.63513995417785,middle_third,48.32172238057599,11.897932875521104,106.72065863832728,36.42378950505488,43.08551868414943,0.8743873002484293,3.592089694778573,-11.135139954177852,24.97873510038098,0.9990081,0.66,1,Finland,finland,Iceland - Finland,finland,0,1,True,0,0,1,1,0,opponent_on_ball,0,2593107096,10.94599999999997,97.65,13.698762717851563,34.014860045822154,34.622959662724426,3.16306958365837
6,5706989,7840,2593107171,1,duel_regain,1H,614.683,0,window_end,duel,1.2889999999999873,0.0030000000000427,Iceland - Finland,1.2889999999999873,1.2889999999999873,0,0,1,0,0,4.729000000000042,4.729000000000042,2,0,1,0,0,7.135999999999967,7.135999999999967,2,1,1,0,1,7.135999999999967,7.135999999999967,2,1,1,0,1,7.135999999999967,7.135999999999967,2,1,1,0,1,69.4271173445728,middle_third,47.08101807956725,42.79240196248509,73.83733199863772,4.288616117082164,4.410214654064916,0.9292145963508934,3.403663584985869,69.4271173445728,middle_third,47.08101807956725,28.36862172266969,84.19955173420416,18.71239635689756,15.420695628143548,0.9777903076289406,3.998375289935419,69.4271173445728,middle_third,47.08101807956725,3.885649200524509,101.37866452369876,43.19536887904274,31.95154717912594,0.9902560168163091,6.083854771696238,69.4271173445728,middle_third,47.08101807956725,3.885649200524509,101.37866452369876,43.19536887904274,31.95154717912594,0.9902560168163091,6.083854771696238,69.4271173445728,middle_third,47.08101807956725,3.885649200524509,101.37866452369876,43.19536887904274,31.95154717912594,0.9902560168163091,6.083854771696238,16.927117344572807,-30.841405334253903,0.99932075,0.66,1,Iceland,iceland,Iceland - Finland,finland,0,1,False,1,1,1,1,1,shot,0,2593107176,7.135999999999967,86.1,24.10418220973282,16.672882655427188,22.97683586983443,3.2198480759297277
6,5706989,7840,2593107327,1,interception,1H,1430.834,0,window_end,touch,2.0219999999999345,0.0059999999998581,Iceland - Finland,2.0,2.0,0,0,0,0,0,2.0219999999999345,2.0219999999999345,0,1,0,0,0,7.189999999999827,7.189999999999827,1,1,0,0,0,14.836999999999987,14.836999999999987,3,1,0,0,0,14.836999999999987,14.836999999999987,3,1,0,0,0,0.0909328847660901,defensive_third,105.36668611077314,102.30026402313048,3.0035159660973036,3.066422087642664,2.9125830813312135,0.9883614550729556,1.5486980240619372,0.0909328847660901,defensive_third,105.36668611077314,102.20946981801072,3.094134228310395,3.1572162927624134,3.003201343544305,0.988692367947817,1.5786081463812067,0.0909328847660901,defensive_third,105.36668611077314,82.81974622327641,25.94303243856943,22.546939887496737,25.877201858594795,0.976091249378037,3.1402423241638626,0.0909328847660901,defensive_third,105.36668611077314,45.44882385257764,59.948903682376006,59.917862258195505,59.85797079760992,0.9447245775775098,4.04304063820478,0.0909328847660901,defensive_third,105.36668611077314,45.44882385257764,59.948903682376006,59.917862258195505,59.85797079760992,0.9447245775775098,4.04304063820478,-52.40906711523391,-9.809494328329963,0.96680284,0.66,1,Iceland,iceland,Iceland - Finland,finland,0,1,False,0,0,0,0,0,window_end_20s,1,,14.836999999999987,60.20580518325326,45.17901279474718,60.11487229848717,60.187673316025965,4.056593200513986
6,5706989,7840,2593107349,1,interception,1H,1551.482,0,opponent_on_ball,pass,3.883000000000038,0.0019999999999527,Iceland - Finland,2.0,2.0,0,0,0,0,0,3.883000000000038,3.883000000000038,1,0,0,0,0,9.072000000000116,9.072000000000116,3,0,0,0,0,9.072000000000116,9.072000000000116,3,0,0,0,0,9.072000000000116,9.072000000000116,3,0,0,0,0,66.6205868657024,middle_third,39.60931884910574,30.242512482046557,75.1897037890616,9.366806367059183,8.56911692335919,1.0,4.730710286393483,66.6205868657024,middle_third,39.60931884910574,26.270308908636306,79.30853350527991,13.339009940469436,12.687946639577504,1.0,3.4557020571165236,66.6205868657024,middle_third,39.60931884910574,8.313788805758001,98.772485508058,31.29553004334774,34.8758836228336,0.9201666373570332,3.4618949162995425,66.6205868657024,middle_third,39.60931884910574,8.313788805758001,98.772485508058,31.29553004334774,34.8758836228336,0.9201666373570332,3.4618949162995425,66.6205868657024,middle_third,39.60931884910574,8.313788805758001,98.772485508058,31.29553004334774,34.8758836228336,0.9201666373570332,3.4618949162995425,14.120586865702409,-9.793813718722063,0.9972887,0.66,1,Iceland,iceland,Iceland - Finland,finland,0,1,False,0,0,1,1,0,opponent_on_ball,0,2593107448,10.037000000000035,97.65,9.5643557022938,31.0294131342976,30.044963146811938,2.9934206582456744
6,5706989,5048,2593107499,1,duel_regain,1H,1767.463,1,window_end,touch,0.8420000000000982,0.002999999999929,Iceland - Finland,1.8640000000000327,1.8640000000000327,0,1,1,0,0,4.278999999999996,4.278999999999996,0,1,2,0,0,7.312000000000125,7.312000000000125,2,2,2,0,0,14.88000000000011,14.88000000000011,3,2,2,0,1,16.02300000000014,16.02300000000014,3,2,2,0,1,55.95075495792955,middle_third,59.10074271529642,54.63778461682183,58.60088584727106,4.462958098474587,2.7535436762235577,0.7626573226895466,2.425520705692818,55.95075495792955,middle_third,59.10074271529642,51.789347186391666,61.94344971345939,7.311395528904754,7.901989690074345,0.5317507783239949,1.7162900302593356,55.95075495792955,middle_third,59.10074271529642,51.789347186391666,57.1291872110597,7.311395528904754,7.901989690074345,0.3317257537235481,1.0043125726517557,55.95075495792955,middle_third,59.10074271529642,3.1762665808588766,101.83596757706604,55.92447613443754,45.88521261913648,0.7861808639156496,3.7634236967993218,55.95075495792955,middle_third,59.10074271529642,2.2673687133810887,102.3827490426607,56.83337400191533,46.96192649944486,0.7766655825740905,3.552085875119708,-3.450754957929547,32.970734755273355,0.9737699,0.66,1,Finland,finland,Iceland - Finland,finland,0,1,True,1,1,1,1,1,shot,0,2593107513,14.88000000000011,76.65,30.129097231745916,20.69924504207046,28.971645483550503,1.9470191857224657
6,5706989,5048,2593107661,1,interception,1H,2242.437,1,opponent_on_ball,pass,3.4650000000001455,0.0030000000001564,Iceland - Finland,2.0,2.0,0,0,0,0,0,3.4650000000001455,3.4650000000001455,1,0,0,0,0,9.720000000000256,9.720000000000256,1,1,1,0,0,10.509000000000016,10.509000000000016,2,1,1,0,0,10.509000000000016,10.509000000000016,2,1,1,0,0,58.45911492244822,middle_third,48.00546226967202,38.65910977086544,68.5809059016476,9.34635249880658,10.121790979199377,1.0,4.72038004990227,58.45911492244822,middle_third,48.00546226967202,35.67088281634216,75.41886042428875,12.334579453329866,16.95974550184053,1.0,3.564907356453681,58.45911492244822,middle_third,48.00546226967202,13.961793367050507,101.37422070904114,34.04366890262152,43.36974833464629,0.9992426638195512,3.5096565878991917,58.45911492244822,middle_third,48.00546226967202,11.196792807418126,100.80470043037874,36.808669462253896,43.36974833464629,0.9992995136908048,3.5055875678337043,58.45911492244822,middle_third,48.00546226967202,11.196792807418126,100.80470043037874,36.808669462253896,43.36974833464629,0.9992995136908048,3.5055875678337043,-5.959114922448222,-11.767345661746411,0.99945015,0.66,1,Finland,finland,Iceland - Finland,finland,0,1,True,0,0,1,1,0,opponent_on_ball,0,2593107544,10.983000000000175,101.85,15.288037807383917,43.39088507755177,32.71742446228811,2.978915092623836
6,5706989,5048,2593107714,1,duel_regain,1H,2541.016,1,window_end,pass,1.7390000000000327,0.0039999999999054,Iceland - Finland,1.7390000000000327,1.7390000000000327,1,0,0,0,0,3.755000000000109,3.755000000000109,2,0,0,0,0,3.755000000000109,3.755000000000109,2,0,0,0,0,3.755000000000109,3.755000000000109,2,0,0,0,0,3.755000000000109,3.755000000000109,2,0,0,0,0,44.38700939100429,middle_third,62.417865082760386,54.63675126805155,53.25814987813222,7.781113814708839,8.871140487127931,0.9995561177469072,4.5239033806452,44.38700939100429,middle_third,62.417865082760386,33.51287859895789,71.49756464276857,28.904986483802496,27.110555251764275,0.9998804697898732,7.728606011711409,44.38700939100429,middle_third,62.417865082760386,33.51287859895789,71.49756464276857,28.904986483802496,27.110555251764275,0.9998804697898732,7.728606011711409,44.38700939100429,middle_third,62.417865082760386,33.51287859895789,71.49756464276857,28.904986483802496,27.110555251764275,0.9998804697898732,7.728606011711409,44.38700939100429,middle_third,62.417865082760386,33.51287859895789,71.49756464276857,28.904986483802496,27.110555251764275,0.9998804697898732,7.728606011711409,8.112990608995709,-14.901518409996903,0.94052833,0.66,1,Finland,finland,Iceland - Finland,finland,0,1,True,0,0,0,1,0,window_end_20s,1,,3.755000000000109,71.74784345069648,33.25888039209124,27.360834059692188,29.158984690669143,7.765375416955605
6,5706989,5048,2593107799,1,duel_regain,2H,2898.402,1,game_interruption,pass,1.63799999999992,0.0019999999999527,Iceland - Finland,1.63799999999992,1.63799999999992,1,0,0,0,0,3.86200000000008,3.86200000000008,1,1,0,0,0,6.072000000000116,6.072000000000116,1,1,0,0,1,6.072000000000116,6.072000000000116,1,1,0,0,1,6.072000000000116,6.072000000000116,1,1,0,0,1,66.17921976575266,middle_third,39.721688631453254,35.15996665032131,73.99814097256196,4.561721981131946,7.818921206809293,0.9937963597011552,2.8158777661310204,66.17921976575266,middle_third,39.721688631453254,29.55309083280907,86.32689996420783,10.168597798644186,20.147680198455163,0.9972074403380728,2.648072343396823,66.17921976575266,middle_third,39.721688631453254,10.503952624350976,99.8667028548144,29.21773600710228,33.68748308906174,0.999026337604409,4.837373511109678,66.17921976575266,middle_third,39.721688631453254,10.503952624350976,99.8667028548144,29.21773600710228,33.68748308906174,0.999026337604409,4.837373511109678,66.17921976575266,middle_third,39.721688631453254,10.503952624350976,99.8667028548144,29.21773600710228,33.68748308906174,0.999026337604409,4.837373511109678,-13.679219765752665,-8.411870763295994,0.9995715,0.66,1,Finland,finland,Iceland - Finland,finland,0,1,True,1,1,1,1,1,shot,0,2593107802,6.072000000000116,90.3,20.97359292062283,24.120780234247334,18.748095710830423,3.0876310459206295
6,5706989,5048,2593107829,1,duel_regain,2H,3064.036,1,window_end,duel,1.1799999999998363,0.0039999999999054,Iceland - Finland,1.1799999999998363,1.1799999999998363,0,0,1,0,0,4.53899999999976,4.53899999999976,0,0,3,0,0,5.777999999999793,5.777999999999793,0,0,3,0,0,5.777999999999793,5.777999999999793,0,0,3,0,0,5.777999999999793,5.777999999999793,0,0,3,0,0,55.95846701652557,middle_third,58.86548153352032,58.75032710591947,54.30940970299515,0.1151544276008564,0.0,0.0488438669320867,0.0992710582766128,55.95846701652557,middle_third,58.86548153352032,40.48615128924905,70.97880231306284,18.379330244271273,15.020335296537276,0.8912582549491765,4.066223505369767,55.95846701652557,middle_third,58.86548153352032,34.65029244147331,77.21535343836521,24.215189092047012,21.25688642183965,0.9152438236025688,4.20402588403578,55.95846701652557,middle_third,58.86548153352032,34.65029244147331,77.21535343836521,24.215189092047012,21.25688642183965,0.9152438236025688,4.20402588403578,55.95846701652557,middle_third,58.86548153352032,34.65029244147331,77.21535343836521,24.215189092047012,21.25688642183965,0.9152438236025688,4.20402588403578,-3.4584670165255673,32.55876162884596,0.9364142,0.66,1,Finland,finland,Iceland - Finland,finland,0,1,True,0,0,0,1,0,window_end_20s,1,,5.777999999999793,77.2501708265934,34.568450509484414,21.291703810067837,24.297031024035903,4.205093635174243
6,5706989,7840,2593108191,1,interception,2H,5059.726,0,window_end,pass,1.1660000000001671,0.0060000000003128,Iceland - Finland,1.1660000000001671,1.1660000000001671,1,0,0,0,0,3.6690000000007785,3.6690000000007785,2,0,0,0,0,6.020000000000437,6.020000000000437,2,1,0,0,0,12.972999999999956,12.972999999999956,2,1,1,0,1,12.972999999999956,12.972999999999956,2,1,1,0,1,36.98820930423827,middle_third,68.77464758184713,65.08337436158472,40.09550062040017,3.691273220262417,3.1072913161619056,1.0,3.2379589651415412,36.98820930423827,middle_third,68.77464758184713,55.34304267925222,51.230688345476985,13.431604902594913,14.242479041238717,1.0,3.6900013468664024,36.98820930423827,middle_third,68.77464758184713,47.524396073205125,63.839617197519274,21.25025150864201,26.851407893281007,1.0,3.541708584773668,36.98820930423827,middle_third,68.77464758184713,1.0260396642315162,103.85123338482728,67.74860791761562,66.99926683739025,0.9907264321788852,5.235595665966998,36.98820930423827,middle_third,68.77464758184713,1.0260396642315162,103.85123338482728,67.74860791761562,66.99926683739025,0.9907264321788852,5.235595665966998,-15.511790695761732,-10.215110198288151,0.9974316,0.66,1,Iceland,iceland,Iceland - Finland,finland,0,1,False,1,1,1,1,1,shot,0,2593108207,12.095000000000255,74.55,36.27782931764248,37.56179069576173,32.496818264204656,2.6867977068378646
6,5706990,7337,2593127898,1,duel_regain,1H,6.428,1,opponent_on_ball,pass,1.7459999999999996,0.008,Switzerland - Norway,1.7459999999999996,1.7459999999999996,1,0,0,0,0,4.11,4.11,1,0,1,0,0,5.348,5.348,2,0,1,0,0,5.348,5.348,2,0,1,0,0,5.348,5.348,2,0,1,0,0,31.894098237061744,defensive_third,77.17306132294681,67.67544114308232,41.51953031703683,9.497620179864484,9.625432079975088,0.9987279238213128,5.521872197595631,31.894098237061744,defensive_third,77.17306132294681,59.41344851225848,39.58554011332805,17.759612810688324,17.421539196582355,0.682094750358215,4.352846277129492,31.894098237061744,defensive_third,77.17306132294681,54.31931314387105,52.74311800452433,22.85374817907576,20.849019767462583,0.572021832848693,4.29581732689394,31.894098237061744,defensive_third,77.17306132294681,54.31931314387105,52.74311800452433,22.85374817907576,20.849019767462583,0.572021832848693,4.29581732689394,31.894098237061744,defensive_third,77.17306132294681,54.31931314387105,52.74311800452433,22.85374817907576,20.849019767462583,0.572021832848693,4.29581732689394,20.605901762938256,-24.72263176490179,0.97617334,0.66,1,Norway,norway,Switzerland - Norway,norway,1,2,True,0,0,0,0,0,opponent_on_ball,0,2593127899,7.278,64.05,42.37070804223126,32.15590176293826,34.80235328071555,4.781856729969161
6,5706990,6698,2593127985,1,interception,1H,410.522,0,window_end,touch,2.501000000000033,0.0020000000000095,Switzerland - Norway,2.0,2.0,0,0,0,0,0,4.877999999999986,4.877999999999986,1,1,0,0,0,6.834000000000003,6.834000000000003,1,2,0,0,0,14.951000000000022,14.951000000000022,2,3,1,0,0,19.285000000000025,19.285000000000025,3,3,1,0,1,22.93891542456197,defensive_third,82.0938195033119,76.27195694031391,29.13060577137182,5.8218625629979925,6.19169034680985,1.0,2.940334627776821,22.93891542456197,defensive_third,82.0938195033119,60.89911337523746,47.17791158873909,21.194706128074444,24.238996164177124,1.0,4.361050643636756,22.93891542456197,defensive_third,82.0938195033119,51.341671369168616,58.6846127101837,30.75214813414329,35.74569728562173,1.0,4.522374725609338,22.93891542456197,defensive_third,82.0938195033119,16.407128519030532,94.85517100275985,65.68669098428137,75.98816012958733,0.9923868959913252,4.402593229509487,22.93891542456197,defensive_third,82.0938195033119,2.526867630309402,101.42081855339998,79.56695187300251,80.11041688944042,0.9228303657640324,4.131202070249353,-29.56108457543803,-2.3181024449236034,0.97881246,0.66,1,Switzerland,switzerland,Switzerland - Norway,norway,1,2,False,1,0,1,1,1,shot,0,2593128000,17.569000000000017,91.35,14.959174442461729,68.41108457543803,67.13464506085018,3.8211989903153345
6,5706990,7337,2593128174,1,duel_regain,1H,676.584,1,opponent_on_ball,pass,1.164000000000101,0.0039999999999054,Switzerland - Norway,1.164000000000101,1.164000000000101,1,0,0,0,0,3.157000000000039,3.157000000000039,2,0,0,0,0,8.368000000000052,8.368000000000052,2,1,0,0,0,13.354000000000042,13.354000000000042,3,1,1,0,0,13.354000000000042,13.354000000000042,3,1,1,0,0,37.80600491758075,middle_third,69.86005175364704,68.04884651300394,38.02153972650597,1.8112052406431047,0.2155348089252129,1.0,1.5887765268799354,37.80600491758075,middle_third,69.86005175364704,49.23334910156724,58.20705513440904,20.6267026520798,20.40105021682829,1.0,6.569013583464933,37.80600491758075,middle_third,69.86005175364704,33.02007307912492,96.1877337039024,36.83997867452212,58.38172878632166,0.954828378035325,4.417263630038607,37.80600491758075,middle_third,69.86005175364704,3.566653863302541,102.66970451763176,66.2933978903445,65.58549844229982,0.9743835237277796,4.97698182359946,37.80600491758075,middle_third,69.86005175364704,3.566653863302541,102.66970451763176,66.2933978903445,65.58549844229982,0.9743835237277796,4.97698182359946,14.69399508241925,19.11527807503883,0.9996487,0.66,1,Norway,norway,Switzerland - Norway,norway,1,2,True,0,0,1,1,0,opponent_on_ball,0,2593128060,14.0,100.8,5.0038385265713785,62.99399508241925,64.85621322707567,4.632586659076834
6,5706990,6698,2593128206,1,duel_regain,1H,1418.635,0,opponent_on_ball,pass,4.51299999999992,0.0050000000001091,Switzerland - Norway,0.0979999999999563,0.0979999999999563,0,0,0,0,0,4.51299999999992,4.51299999999992,1,0,0,0,0,7.824000000000069,7.824000000000069,2,0,0,0,0,10.442999999999984,10.442999999999984,2,0,0,0,1,10.442999999999984,10.442999999999984,2,0,0,0,1,74.17459385895368,attacking_third,34.9246030338373,34.68573479340769,74.52304356174368,0.2388682404296105,0.348449702789992,1.0,2.985853005372847,74.17459385895368,attacking_third,34.9246030338373,21.41187674715344,96.31137934887116,13.51272628668386,22.13678548991747,0.9178358043767044,3.0028280637075246,74.17459385895368,attacking_third,34.9246030338373,21.41187674715344,84.8622922952838,13.51272628668386,24.13547387644151,0.7400028226603247,1.7324008059851206,74.17459385895368,attacking_third,34.9246030338373,1.4017266823449566,104.78967733413198,33.52287635149234,30.803239643165284,0.7667236057689787,3.2171666364196585,74.17459385895368,attacking_third,34.9246030338373,1.4017266823449566,104.78967733413198,33.52287635149234,30.803239643165284,0.7667236057689787,3.2171666364196585,21.674593858953685,-16.4171323108106,0.9763833,0.66,1,Switzerland,switzerland,Switzerland - Norway,norway,1,2,False,1,1,1,1,1,shot,0,2593128209,10.442999999999984,79.8,25.64561560969048,5.625406141046312,9.27898742414682,0.8885365722634142
6,5706990,6698,2593128395,0,interception,1H,2167.573,0,window_end,none,,0.0070000000000618,Switzerland - Norway,2.0,2.0,0,0,0,0,0,5.0,5.0,0,0,0,0,0,9.495000000000346,9.495000000000346,1,0,0,0,0,13.994000000000142,13.994000000000142,2,1,0,0,0,13.994000000000142,13.994000000000142,2,1,0,0,0,25.687324350287184,defensive_third,79.7317353542722,72.99444965419451,34.61144379290951,6.737285700077692,8.924119442622327,1.0,3.4026695454937523,25.687324350287184,defensive_third,79.7317353542722,66.44734770326411,45.79426529189745,13.284387651008087,20.10694094161027,1.0,2.6675477210859517,25.687324350287184,defensive_third,79.7317353542722,40.936058739026514,77.01125433087469,38.79567661524569,51.32392998058751,1.0,4.092370950975276,25.687324350287184,defensive_third,79.7317353542722,6.571600247924327,101.9533669374742,73.16013510634788,76.266042587187,1.0,5.23319993607638,25.687324350287184,defensive_third,79.7317353542722,6.571600247924327,101.9533669374742,73.16013510634788,76.266042587187,1.0,5.23319993607638,-26.812675649712816,-8.163890242228462,0.9123126,0.66,1,Switzerland,switzerland,Switzerland - Norway,norway,1,2,False,0,0,1,1,0,window_end_20s,1,,13.994000000000142,101.95336693747419,6.571600247924327,76.266042587187,73.16013510634788,5.227964492378672
6,5706990,6698,2593128691,1,duel_regain,2H,3089.477,0,window_end,touch,0.0730000000003201,0.0030000000001564,Switzerland - Norway,0.0730000000003201,0.0730000000003201,0,1,0,0,0,0.0730000000003201,0.0730000000003201,0,1,0,0,0,8.988000000000284,8.988000000000284,2,1,0,0,0,11.164999999999964,11.164999999999964,2,2,0,0,0,17.37900000000036,17.37900000000036,2,2,1,0,1,45.80607744418194,middle_third,66.1803348213037,66.00320175782872,46.019852734909975,0.177133063474983,0.2137752907280372,1.0,2.9522177245857355,45.80607744418194,middle_third,66.1803348213037,66.00320175782872,46.019852734909975,0.177133063474983,0.2137752907280372,1.0,2.9522177245857355,45.80607744418194,middle_third,66.1803348213037,39.65701117876148,69.99656691619235,26.523323642542223,24.190489472010412,0.9212656203213344,2.953599514759707,45.80607744418194,middle_third,66.1803348213037,34.40624742430128,81.63767992522696,31.774087397002425,35.831602481045024,0.9304418330059984,2.847140447760111,45.80607744418194,middle_third,66.1803348213037,3.837778541717877,103.1241839337419,62.34255627958583,57.318106489559966,0.9536175504559424,3.591161076012982,-6.693922555818062,29.59588230676148,0.97283554,0.66,1,Switzerland,switzerland,Switzerland - Norway,norway,1,2,False,1,0,1,1,1,shot,0,2593128701,17.37900000000036,84.0,27.451455334826967,38.19392255581806,38.728879486476735,2.228487225184184
6,5706991,5630,2593752683,1,interception,1H,510.058,0,opponent_on_ball,pass,1.0360000000000014,0.0013289999999983,Belgium - Italy,1.0360000000000014,1.0360000000000014,1,0,0,0,0,2.530999999999949,2.530999999999949,1,0,0,0,0,2.530999999999949,2.530999999999949,1,0,0,0,0,13.226,13.226,2,0,1,0,0,13.226,13.226,2,0,1,0,0,15.070730227713817,defensive_third,91.78129180517116,90.14490929661342,16.458735938763333,1.6363825085577304,1.388005711049516,1.0,1.6363825085577304,15.070730227713817,defensive_third,91.78129180517116,80.0309360455514,24.868105767091546,11.750355759619753,10.951999783294015,0.9151583494611284,4.700142303847794,15.070730227713817,defensive_third,91.78129180517116,80.0309360455514,24.868105767091546,11.750355759619753,10.951999783294015,0.9151583494611284,4.700142303847794,15.070730227713817,defensive_third,91.78129180517116,37.97303807027692,69.4391502359935,53.80825373489423,54.36842000827968,0.7100953840786911,4.076382858704112,15.070730227713817,defensive_third,91.78129180517116,37.97303807027692,69.4391502359935,53.80825373489423,54.36842000827968,0.7100953840786911,4.076382858704112,-37.42926977228618,-18.344807539174447,0.99086726,0.66,1,Belgium,belgium,Belgium - Italy,italy,0,1,False,0,0,0,0,0,opponent_on_ball,0,2593752808,17.75999999999999,99.75,22.384371780329243,84.67926977228618,69.39692002484192,3.907484235632993
6,5706991,5630,2593752820,1,duel_regain,1H,1092.642,0,opponent_on_ball,pass,1.6240000000000236,0.0053290000000743,Belgium - Italy,1.6240000000000236,1.6240000000000236,1,0,0,0,0,4.2849999999998545,4.2849999999998545,2,0,0,0,0,6.133000000000038,6.133000000000038,2,1,0,0,0,14.80099999999993,14.80099999999993,4,1,1,0,0,14.80099999999993,14.80099999999993,4,1,1,0,0,23.66669327159976,defensive_third,87.56982951719613,79.24600873589597,32.50567597387138,8.323820781300157,8.838982702271615,1.0,5.202387988312155,23.66669327159976,defensive_third,87.56982951719613,75.46052925063374,32.74364903056018,12.109300266562386,13.172014239187718,0.7963106179213458,2.8425587480193455,23.66669327159976,defensive_third,87.56982951719613,68.36823297655587,40.181878615828325,19.201596540640253,16.515185344228563,0.7698434413104925,3.147802711580299,23.66669327159976,defensive_third,87.56982951719613,30.151821752812452,75.39954282040262,57.418007764383674,51.732849548802854,0.8983915259965783,3.884844909633544,23.66669327159976,defensive_third,87.56982951719613,30.151821752812452,75.39954282040262,57.418007764383674,51.732849548802854,0.8983915259965783,3.884844909633544,-28.83330672840024,32.455635231724585,0.97713256,0.66,1,Belgium,belgium,Belgium - Italy,italy,0,1,False,0,0,0,1,0,opponent_on_ball,0,2593752959,17.850999999999885,100.8,12.29933331526551,77.13330672840024,75.27049620193061,4.216598297122351
6,5706991,3758,2593752982,0,interception,1H,1213.658,1,window_end,pass,1.178000000000111,0.0013289999999415,Belgium - Italy,1.178000000000111,1.178000000000111,1,0,0,0,0,4.013000000000147,4.013000000000147,2,0,0,0,0,8.047000000000025,8.047000000000025,3,0,0,0,0,13.810000000000173,13.810000000000173,3,0,1,0,0,13.810000000000173,13.810000000000173,3,0,1,0,0,10.54754628739417,defensive_third,96.77169765097008,96.77169765097008,3.779633185292994,0.0,0.0,0.0,0.0,10.54754628739417,defensive_third,96.77169765097008,95.19825525593504,11.58257465094161,1.5734423950350165,1.0350283635474398,0.0899670269378039,0.3953372851846756,10.54754628739417,defensive_third,96.77169765097008,93.49145236599372,13.088133611395447,3.2802452849763597,2.5405873240012795,0.0954477030185149,0.4090081402713674,10.54754628739417,defensive_third,96.77169765097008,40.18242524025036,66.06658058563251,56.58927241071971,55.51903429823834,0.6454365500994736,4.106623542142222,10.54754628739417,defensive_third,96.77169765097008,40.18242524025036,66.06658058563251,56.58927241071971,55.51903429823834,0.6454365500994736,4.106623542142222,41.95245371260583,21.059331753852433,0.71094024,0.66,1,Italy,italy,Belgium - Italy,italy,0,1,True,0,0,0,0,0,window_end_20s,1,,13.810000000000173,66.20713161060034,40.06629058545561,55.65958532320617,56.70540706551447,4.106112025019099
6,5706991,5630,2593753337,1,interception,2H,2889.099,0,opponent_on_ball,touch,4.655999999999949,0.0023290000003726,Belgium - Italy,2.0,2.0,0,0,0,0,0,4.655999999999949,4.655999999999949,0,1,0,0,0,8.198999999999614,8.198999999999614,1,1,0,0,0,13.4699999999998,13.4699999999998,3,1,0,0,0,17.302999999999884,17.302999999999884,4,1,0,0,0,15.309091262696027,defensive_third,89.83886696387803,84.56522258797986,22.79893015730391,5.273644375898172,7.489838894607885,1.0,2.663456755504103,15.309091262696027,defensive_third,89.83886696387803,83.4464542063693,27.95800494701362,6.392412757508737,12.648913684317591,0.8667149723908641,1.3836391250019238,15.309091262696027,defensive_third,89.83886696387803,64.00743098376336,45.806423506966595,25.831435980114676,30.497332244270567,0.9607329832172412,3.157877259182611,15.309091262696027,defensive_third,89.83886696387803,31.458008297492228,74.73518622139308,58.380858666385805,59.42609495869705,0.9822368693476236,4.343813888867974,15.309091262696027,defensive_third,89.83886696387803,15.68087226937758,99.6194963350236,74.15799469450045,84.31040507232758,0.981783092195948,4.291550618894652,-37.19090873730397,5.15392153898204,0.9989095,0.66,1,Belgium,belgium,Belgium - Italy,italy,0,1,False,0,0,1,1,0,opponent_on_ball,0,2593753415,17.542999999999665,100.8,12.940540946961995,85.49090873730397,76.89832601691603,4.383419370513453
6,5706991,3758,2593753688,1,interception,2H,4055.69,1,game_interruption,none,,0.0066709999996419,Belgium - Italy,2.0,2.0,0,0,0,0,0,5.0,5.0,0,0,0,0,0,8.860999999999876,8.860999999999876,3,0,0,0,0,12.41399999999976,12.41399999999976,4,0,1,0,0,12.41399999999976,12.41399999999976,4,0,1,0,0,10.73757047117428,defensive_third,94.28438012815452,83.6022151358283,23.057006215285096,10.682164992326207,12.319435744110816,1.0,5.395032824405886,10.73757047117428,defensive_third,94.28438012815452,73.20652424373209,35.523841066923644,21.07785588442242,24.786270595749365,1.0,4.232501181610526,10.73757047117428,defensive_third,94.28438012815452,53.374616922349496,59.63225723977849,40.909763205805014,49.78591988325443,0.9952249843413344,4.627801267624926,10.73757047117428,defensive_third,94.28438012815452,50.7843238034529,62.696653771689526,43.50005632470161,51.959083300515246,0.9584302594525916,3.5080690584436525,10.73757047117428,defensive_third,94.28438012815452,50.7843238034529,62.696653771689526,43.50005632470161,51.959083300515246,0.9584302594525916,3.5080690584436525,41.76242952882572,-2.034383315282824,0.99133486,0.66,1,Italy,italy,Belgium - Italy,italy,0,1,True,0,0,0,0,0,game_interruption,0,2593753697,14.224999999999909,59.85,56.520107041653766,49.11242952882572,37.76427308650076,2.6547819392970826
6,5706991,3758,2593753834,1,duel_regain,2H,4709.859,1,game_interruption,duel,2.09099999999944,0.0023290000008273,Belgium - Italy,2.0,2.0,0,0,0,0,0,4.485999999999876,4.485999999999876,1,0,2,0,0,7.052999999999884,7.052999999999884,1,0,2,0,1,7.052999999999884,7.052999999999884,1,0,2,0,1,7.052999999999884,7.052999999999884,1,0,2,0,1,56.44691140747032,middle_third,49.78773068768842,41.557043075926074,64.22211072460264,8.230687611762349,7.775199317132319,1.0,4.199330414166335,56.44691140747032,middle_third,49.78773068768842,29.6373438940032,75.53580670540862,20.15038679368522,19.088895297938297,1.0,4.558911039296162,56.44691140747032,middle_third,49.78773068768842,13.214192694526831,91.79809742856352,36.573537993161594,35.3511860210932,1.0,5.224791141880227,56.44691140747032,middle_third,49.78773068768842,13.214192694526831,91.79809742856352,36.573537993161594,35.3511860210932,1.0,5.224791141880227,56.44691140747032,middle_third,49.78773068768842,13.214192694526831,91.79809742856352,36.573537993161594,35.3511860210932,1.0,5.224791141880227,-3.946911407470324,-11.018879941071916,0.99824905,0.66,1,Italy,italy,Belgium - Italy,italy,0,1,True,1,1,1,1,1,shot,0,2593753838,7.052999999999884,85.05,19.950000000000003,28.60308859252968,29.83773068768842,4.230502011582152
6,5706992,9906,2593954213,0,duel_regain,1H,171.07999999999998,1,opponent_on_ball,pass,1.6140000000000327,2.8421709430404014e-14,Spain - Portugal,1.6140000000000327,1.6140000000000327,1,0,0,0,0,3.092000000000013,3.092000000000013,3,0,0,0,0,3.092000000000013,3.092000000000013,3,0,0,0,0,3.092000000000013,3.092000000000013,3,0,0,0,0,3.092000000000013,3.092000000000013,3,0,0,0,0,58.4718930175099,middle_third,50.35030190483234,42.10644259611786,66.83420006036633,8.243859308714484,8.362307042856429,0.9932337593531588,5.152412067946571,58.4718930175099,middle_third,50.35030190483234,33.63771867621065,72.07554072592383,16.71258322862169,13.60364770841393,0.9966509161120268,5.426163385916161,58.4718930175099,middle_third,50.35030190483234,33.63771867621065,72.07554072592383,16.71258322862169,13.60364770841393,0.9966509161120268,5.426163385916161,58.4718930175099,middle_third,50.35030190483234,33.63771867621065,72.07554072592383,16.71258322862169,13.60364770841393,0.9966509161120268,5.426163385916161,58.4718930175099,middle_third,50.35030190483234,33.63771867621065,72.07554072592383,16.71258322862169,13.60364770841393,0.9966509161120268,5.426163385916161,-5.971893017509899,19.242873032209076,0.9919946,0.66,1,Portugal,portugal,Spain - Portugal,spain,5,0,False,0,0,0,1,0,opponent_on_ball,0,2593954159,5.213000000000022,77.7,27.603195467191835,19.228106982490104,22.747106437640507,4.36353470892776
6,5706992,1599,2593954446,1,duel_regain,1H,1068.956,0,window_end,duel,1.5750000000000457,0.0040000000001327,Spain - Portugal,1.8400000000001455,1.8400000000001455,0,0,2,0,0,3.3120000000001255,3.3120000000001255,1,0,2,0,0,7.151000000000067,7.151000000000067,2,0,2,0,1,7.151000000000067,7.151000000000067,2,0,2,0,1,7.151000000000067,7.151000000000067,2,0,2,0,1,71.69855412844746,attacking_third,33.88390958981312,32.91491527101596,70.09777505080991,0.968994318797165,0.8570058905596909,0.1904147990721116,0.5324144608775818,71.69855412844746,attacking_third,33.88390958981312,24.759267482236456,80.89341091720041,9.124642107576664,9.194856788752958,0.585401446980872,2.765043062902058,71.69855412844746,attacking_third,33.88390958981312,3.8468977815982672,102.17239053950836,30.037011808214857,30.732728690637813,0.7985607034103178,4.206864398909719,71.69855412844746,attacking_third,33.88390958981312,3.8468977815982672,102.17239053950836,30.037011808214857,30.732728690637813,0.7985607034103178,4.206864398909719,71.69855412844746,attacking_third,33.88390958981312,3.8468977815982672,102.17239053950836,30.037011808214857,30.732728690637813,0.7985607034103178,4.206864398909719,19.198554128447455,-6.255640011596412,0.9981325,0.66,1,Spain,spain,Spain - Portugal,spain,5,0,True,1,1,1,1,1,shot,0,2593954450,6.611000000000104,90.3,19.570804786722494,18.601445871552542,14.313104803090628,2.1650438364983216
6,5706992,1599,2593954452,1,interception,1H,1095.042,0,opponent_on_ball,touch,1.581000000000131,0.0019999999999527,Spain - Portugal,1.581000000000131,1.581000000000131,0,1,0,0,0,1.581000000000131,1.581000000000131,0,1,0,0,0,7.868000000000165,7.868000000000165,1,1,2,0,0,7.868000000000165,7.868000000000165,1,1,2,0,0,7.868000000000165,7.868000000000165,1,1,2,0,0,69.76119549520043,middle_third,40.650563675626174,34.71993090059252,72.8006595039779,5.930632775033651,3.039464008777472,1.0,3.801687676303755,69.76119549520043,middle_third,40.650563675626174,34.71993090059252,72.8006595039779,5.930632775033651,3.039464008777472,1.0,3.801687676303755,69.76119549520043,middle_third,40.650563675626174,13.29714752897925,88.34457367788735,27.35341614664692,21.98086713492974,0.8638285930551751,3.488956141153879,69.76119549520043,middle_third,40.650563675626174,13.29714752897925,88.34457367788735,27.35341614664692,21.98086713492974,0.8638285930551751,3.488956141153879,69.76119549520043,middle_third,40.650563675626174,13.29714752897925,88.34457367788735,27.35341614664692,21.98086713492974,0.8638285930551751,3.488956141153879,17.261195495200425,20.26561087701664,0.9992723,0.66,1,Spain,spain,Spain - Portugal,spain,5,0,True,0,0,1,1,0,opponent_on_ball,0,2593954515,8.884999999999991,88.2,18.124017214734703,18.438804504799577,22.52654646089147,2.535345690589926
6,5706992,1599,2593954580,1,interception,1H,1576.895,0,opponent_on_ball,touch,0.7039999999999509,0.0050000000001091,Spain - Portugal,1.6580000000001291,1.6580000000001291,1,1,0,0,0,1.6580000000001291,1.6580000000001291,1,1,0,0,0,7.548999999999978,7.548999999999978,1,1,1,0,0,7.548999999999978,7.548999999999978,1,1,1,0,0,7.548999999999978,7.548999999999978,1,1,1,0,0,17.42040358817045,defensive_third,87.58760965235945,63.977184484001135,41.03223080877195,23.61042516835831,23.611827220601505,1.0,14.396600712414722,17.42040358817045,defensive_third,87.58760965235945,63.977184484001135,41.03223080877195,23.61042516835831,23.611827220601505,1.0,14.396600712414722,17.42040358817045,defensive_third,87.58760965235945,33.79931367426054,69.16300713877408,53.78829597809891,53.788795727315026,0.9284515541098683,7.13372625704233,17.42040358817045,defensive_third,87.58760965235945,33.79931367426054,69.16300713877408,53.78829597809891,53.788795727315026,0.9284515541098683,7.13372625704233,17.42040358817045,defensive_third,87.58760965235945,33.79931367426054,69.16300713877408,53.78829597809891,53.788795727315026,0.9284515541098683,7.13372625704233,-35.07959641182955,1.1847602943815616,0.9979905,0.66,1,Spain,spain,Spain - Portugal,spain,5,0,True,0,0,0,1,0,opponent_on_ball,0,2593954655,8.1400000000001,71.4,33.661871605720314,53.979596411829554,53.92573804663913,6.62478354381308
6,5706992,9906,2593954695,1,interception,1H,1764.335,1,opponent_on_ball,none,,0.0049999999998817,Spain - Portugal,2.0,2.0,0,0,0,0,0,2.20900000000006,2.20900000000006,0,0,0,0,0,7.991999999999962,7.991999999999962,1,0,0,0,0,7.991999999999962,7.991999999999962,1,0,0,0,0,7.991999999999962,7.991999999999962,1,0,0,0,0,22.597068754158215,defensive_third,83.49409344273056,75.09007838940575,32.379704819500844,8.404015053324812,9.78263606534263,1.0,4.244452047133705,22.597068754158215,defensive_third,83.49409344273056,73.3199846939266,34.43407603310541,10.17410874880396,11.837007278947198,1.0,4.624594885819886,22.597068754158215,defensive_third,83.49409344273056,34.18275930940237,81.68565147479914,49.31133413332819,59.08858272064093,1.0,6.179365179615047,22.597068754158215,defensive_third,83.49409344273056,34.18275930940237,81.68565147479914,49.31133413332819,59.08858272064093,1.0,6.179365179615047,22.597068754158215,defensive_third,83.49409344273056,34.18275930940237,81.68565147479914,49.31133413332819,59.08858272064093,1.0,6.179365179615047,29.902931245841785,-13.4543882029803,0.99465865,0.66,1,Portugal,portugal,Spain - Portugal,spain,5,0,False,0,0,0,1,0,opponent_on_ball,0,2593954632,11.55399999999986,89.25,26.86187074646887,66.65293124584178,56.63222269626169,4.901525246344329
6,5706992,9906,2593954837,1,duel_regain,1H,2235.918,1,opponent_on_ball,duel,2.799999999999727,0.0019999999999527,Spain - Portugal,0.6069999999999709,0.6069999999999709,0,0,0,0,0,4.0219999999999345,4.0219999999999345,1,0,1,0,0,6.962999999999738,6.862999999999829,2,0,2,0,0,6.962999999999738,6.862999999999829,2,0,2,0,0,6.962999999999738,6.862999999999829,2,0,2,0,0,31.123615548572317,defensive_third,80.12345871366391,80.12345871366391,30.335390815516988,0.0,0.0,0.0,0.0,31.123615548572317,defensive_third,80.12345871366391,73.60285079729306,39.01835783948464,6.5206079163708495,7.894742290912319,0.581121843199716,1.6220417702415122,31.123615548572317,defensive_third,80.12345871366391,55.830814540234414,57.34454933402752,24.292644173429498,26.2209337854552,0.83788655543235,3.490322438711116,31.123615548572317,defensive_third,80.12345871366391,55.830814540234414,57.34454933402752,24.292644173429498,26.2209337854552,0.83788655543235,3.490322438711116,31.123615548572317,defensive_third,80.12345871366391,55.830814540234414,57.34454933402752,24.292644173429498,26.2209337854552,0.83788655543235,3.490322438711116,21.376384451427683,31.016905980852755,0.9746098,0.66,1,Portugal,portugal,Spain - Portugal,spain,5,0,False,0,0,0,0,0,opponent_on_ball,0,2593954768,8.715999999999894,60.9,50.112373721467236,29.77638445142768,30.011084992196672,3.4432176448137946
6,5706992,1599,2593954827,1,interception,1H,2425.566,0,window_end,pass,1.4970000000002983,0.0059999999998581,Spain - Portugal,1.4970000000002983,1.4970000000002983,1,0,0,0,0,2.3350000000000364,2.3350000000000364,2,0,0,0,0,7.653999999999996,7.653999999999996,3,0,0,0,0,14.0,14.0,4,1,1,0,0,16.369000000000142,15.328999999999724,4,1,1,0,1,51.77414092669478,middle_third,62.03395525326044,58.48999575184017,46.40663317727965,3.543959501420268,2.9782620630069943,0.4370989270211513,2.394567230689341,51.77414092669478,middle_third,62.03395525326044,58.48999575184017,42.26300517914321,3.543959501420268,2.9782620630069943,0.3343191027136417,1.5275687506120768,51.77414092669478,middle_third,62.03395525326044,49.38986784650295,56.15307898679285,12.644087406757484,4.378938060098072,0.3808734974672178,1.65498526266462,51.77414092669478,middle_third,62.03395525326044,5.156599568601835,101.79495331436353,56.8773556846586,50.020812387668734,0.7345565699338348,4.068480378015631,51.77414092669478,middle_third,62.03395525326044,1.056790097845811,101.14682633555184,60.977165155414625,56.30580758080996,0.7083948334917536,3.731772653330115,-0.725859073305223,-31.862509792421733,0.98791933,0.66,1,Spain,spain,Spain - Portugal,spain,5,0,True,1,0,1,1,1,shot,0,2593955726,15.189000000000306,94.5,11.5285558505825,42.72585907330522,50.50539940267794,3.3251299889839308
6,5706992,9906,2593955136,1,interception,2H,2919.629,1,window_end,pass,2.5779999999999745,0.0090000000000145,Spain - Portugal,2.0,2.0,0,0,0,0,0,2.5779999999999745,2.5779999999999745,1,0,0,0,0,6.079000000000178,6.079000000000178,1,0,0,0,1,6.079000000000178,6.079000000000178,1,0,0,0,1,6.079000000000178,6.079000000000178,1,0,0,0,1,29.793891838401837,defensive_third,76.17862743542787,56.782832106865435,49.91071187730043,19.395795328562436,20.1168200388986,1.0,9.795856226546595,29.793891838401837,defensive_third,76.17862743542787,50.46357899143394,57.383111476646434,25.71504844399393,27.589219638244597,1.0,10.044940798435343,29.793891838401837,defensive_third,76.17862743542787,18.135153405265825,88.09137393652938,58.043474030162045,58.297482098127546,1.0000000000000004,9.578131028079632,29.793891838401837,defensive_third,76.17862743542787,18.135153405265825,88.09137393652938,58.043474030162045,58.297482098127546,1.0000000000000004,9.578131028079632,29.793891838401837,defensive_third,76.17862743542787,18.135153405265825,88.09137393652938,58.043474030162045,58.297482098127546,1.0000000000000004,9.578131028079632,22.706108161598163,-12.133613358423858,0.99701226,0.66,1,Portugal,portugal,Spain - Portugal,spain,5,0,False,1,1,1,1,1,shot,0,2593955141,6.079000000000178,68.25,42.3666012325747,38.456108161598166,33.81202620285317,5.562103339834213
6,5706992,1599,2593955095,1,duel_regain,2H,3412.998,0,opponent_on_ball,pass,1.8959999999997308,0.0019999999999527,Spain - Portugal,1.8959999999997308,1.8959999999997308,1,0,0,0,0,4.911999999999807,3.981999999999516,2,0,0,0,0,4.911999999999807,3.981999999999516,2,0,0,0,0,4.911999999999807,3.981999999999516,2,0,0,0,0,4.911999999999807,3.981999999999516,2,0,0,0,0,79.03148905715318,attacking_third,26.83563276011007,17.51324014658175,96.66949760387068,9.32239261352832,17.6380085467175,1.0,4.958719475280732,79.03148905715318,attacking_third,26.83563276011007,10.38379749120914,105.7165958521434,16.45183526890093,26.68510679499022,0.899886852037885,3.357517401816454,79.03148905715318,attacking_third,26.83563276011007,10.38379749120914,105.7165958521434,16.45183526890093,26.68510679499022,0.899886852037885,3.357517401816454,79.03148905715318,attacking_third,26.83563276011007,10.38379749120914,105.7165958521434,16.45183526890093,26.68510679499022,0.899886852037885,3.357517401816454,79.03148905715318,attacking_third,26.83563276011007,10.38379749120914,105.7165958521434,16.45183526890093,26.68510679499022,0.899886852037885,3.357517401816454,26.531489057153173,-6.766655381112393,0.9679828,0.66,1,Spain,spain,Spain - Portugal,spain,5,0,True,0,0,1,1,0,opponent_on_ball,0,2593955715,5.610999999999876,103.95,17.711151854128516,24.918510942846822,9.124480905981553,1.6261773134881046
6,5706992,1599,2593955343,1,duel_regain,2H,4299.387,0,opponent_on_ball,pass,2.3609999999998763,0.006999999999607,Spain - Portugal,0.9710000000004584,0.9710000000004584,0,0,0,0,0,3.766000000000531,3.766000000000531,1,0,1,0,0,3.766000000000531,3.766000000000531,1,0,1,0,0,3.766000000000531,3.766000000000531,1,0,1,0,0,3.766000000000531,3.766000000000531,1,0,1,0,0,103.56475487657605,attacking_third,20.97212891784204,14.826106472723502,101.9204237751162,6.14602244511854,0.140432329383259,1.0,6.680459179476145,103.56475487657605,attacking_third,20.97212891784204,8.636458760079796,96.826698799233,12.335670157762246,0.140432329383259,0.917406775058442,3.316040364989624,103.56475487657605,attacking_third,20.97212891784204,8.636458760079796,96.826698799233,12.335670157762246,0.140432329383259,0.917406775058442,3.316040364989624,103.56475487657605,attacking_third,20.97212891784204,8.636458760079796,96.826698799233,12.335670157762246,0.140432329383259,0.917406775058442,3.316040364989624,103.56475487657605,attacking_third,20.97212891784204,8.636458760079796,96.826698799233,12.335670157762246,0.140432329383259,0.917406775058442,3.316040364989624,51.06475487657603,20.92296018211272,0.99787366,0.66,1,Spain,spain,Spain - Portugal,spain,5,0,True,0,0,1,1,0,opponent_on_ball,0,2593955452,6.88799999999992,94.5,11.264830225085507,-9.064754876576046,9.707298692756531,1.4093058497033455
6,5706992,1599,2593955451,1,interception,2H,4741.234,0,game_interruption,pass,3.1749999999992724,0.0059999999994033,Spain - Portugal,2.0,2.0,0,0,0,0,0,3.1749999999992724,3.1749999999992724,1,0,0,0,0,6.920000000000073,6.920000000000073,1,0,0,0,1,6.920000000000073,6.920000000000073,1,0,0,0,1,6.920000000000073,6.920000000000073,1,0,0,0,1,79.95282504108172,attacking_third,35.34435193342833,32.212874967648276,76.65602526008593,3.1314769657800525,0.0,0.7154516455840967,1.581554023120861,79.95282504108172,attacking_third,35.34435193342833,31.090665827119036,72.68673753568024,4.253686106309292,0.0,0.6322405182333305,1.3546771039200154,79.95282504108172,attacking_third,35.34435193342833,4.322317514560021,104.74057948527152,31.02203441886831,24.7877544441898,0.8396665244331244,4.495947017227528,79.95282504108172,attacking_third,35.34435193342833,4.322317514560021,104.74057948527152,31.02203441886831,24.7877544441898,0.8396665244331244,4.495947017227528,79.95282504108172,attacking_third,35.34435193342833,4.322317514560021,104.74057948527152,31.02203441886831,24.7877544441898,0.8396665244331244,4.495947017227528,27.45282504108172,-24.93716584079626,0.999353,0.66,1,Spain,spain,Spain - Portugal,spain,5,0,True,1,1,1,1,1,shot,0,2593955458,6.920000000000073,78.75,27.92298157432333,-1.2028250410817236,7.421370359104998,1.0724523640325028
6,5706992,1599,2593955508,1,duel_regain,2H,5044.552,0,game_interruption,duel,4.00800000000072,0.0079999999998108,Spain - Portugal,2.0,2.0,0,0,0,0,0,4.00800000000072,4.00800000000072,0,0,1,0,0,5.109000000000378,4.568000000000211,0,0,1,0,1,5.109000000000378,4.568000000000211,0,0,1,0,1,5.109000000000378,4.568000000000211,0,0,1,0,1,78.6984847836917,attacking_third,26.995437240964986,24.259242694954754,84.16807127785067,2.7361945460102284,5.469586494158975,0.898641991951553,1.381916437378573,78.6984847836917,attacking_third,26.995437240964986,11.958822430192429,94.46926905390735,15.036614810772557,15.770784270215673,0.9798884793933212,3.759153702693139,78.6984847836917,attacking_third,26.995437240964986,4.139159769579266,108.98306345582648,22.856277471385717,31.60826381558593,0.8536586333956303,4.4816230336047225,78.6984847836917,attacking_third,26.995437240964986,4.139159769579266,108.98306345582648,22.856277471385717,31.60826381558593,0.8536586333956303,4.4816230336047225,78.6984847836917,attacking_third,26.995437240964986,4.139159769579266,108.98306345582648,22.856277471385717,31.60826381558593,0.8536586333956303,4.4816230336047225,26.1984847836917,6.081441371680079,0.99446845,0.66,1,Spain,spain,Spain - Portugal,spain,5,0,True,1,1,1,1,1,shot,0,2593955511,5.109000000000378,84.0,21.39267164241063,5.301515216308303,5.602765598554356,1.0966462318563204
6,5706992,1599,2593955554,1,interception,2H,5301.188,0,opponent_on_ball,pass,0.4669999999996435,0.0079999999998108,Spain - Portugal,1.1210000000000946,1.1210000000000946,2,0,0,0,0,4.412000000000262,4.412000000000262,4,0,0,0,0,6.9340000000001965,6.9340000000001965,5,0,0,0,0,6.9340000000001965,6.9340000000001965,5,0,0,0,0,6.9340000000001965,6.9340000000001965,5,0,0,0,0,18.962812769054693,defensive_third,91.52613595157652,88.12584254434695,22.83722613689821,3.4002934072295687,3.874413367843516,1.0,3.091175824753131,18.962812769054693,defensive_third,91.52613595157652,68.46953922102466,36.75687803804385,23.05659673055186,20.5352150826875,0.8887961177544539,5.240135620579318,18.962812769054693,defensive_third,91.52613595157652,46.24564034967119,59.37816071730043,45.28049560190533,40.41534794824574,0.9348478601634086,6.543424219928447,18.962812769054693,defensive_third,91.52613595157652,46.24564034967119,59.37816071730043,45.28049560190533,40.41534794824574,0.9348478601634086,6.543424219928447,18.962812769054693,defensive_third,91.52613595157652,46.24564034967119,59.37816071730043,45.28049560190533,40.41534794824574,0.9348478601634086,6.543424219928447,-33.53718723094531,-31.219160392517452,0.9982089,0.66,1,Spain,spain,Spain - Portugal,spain,5,0,True,0,0,0,0,0,opponent_on_ball,0,2593955688,8.943999999999505,70.35,36.31799691612962,51.3871872309453,55.2081390354469,6.172645240993957
6,5706993,7713,2594705661,1,duel_regain,1H,10.938,0,opponent_on_ball,pass,3.0869999999999997,0.0022080000000013,Denmark - Sweden,0.5789999999999988,0.5789999999999988,0,0,0,0,0,3.0869999999999997,3.0869999999999997,1,0,0,0,0,5.790999999999999,5.790999999999999,2,0,0,0,0,5.790999999999999,5.790999999999999,2,0,0,0,0,5.790999999999999,5.790999999999999,2,0,0,0,0,35.04637656955225,middle_third,76.58733487515225,75.5460358811629,36.49349610162969,1.0412989939893578,1.447119532077437,1.0,1.8594624892667144,35.04637656955225,middle_third,76.58733487515225,69.58779009470295,43.51846052065509,6.999544780449298,8.472083951102839,1.0,2.287432934787353,35.04637656955225,middle_third,76.58733487515225,51.58711993299414,62.29624390022934,25.00021494215811,27.24986733067709,0.9962139744127938,4.340315094124672,35.04637656955225,middle_third,76.58733487515225,51.58711993299414,62.29624390022934,25.00021494215811,27.24986733067709,0.9962139744127938,4.340315094124672,35.04637656955225,middle_third,76.58733487515225,51.58711993299414,62.29624390022934,25.00021494215811,27.24986733067709,0.9962139744127938,4.340315094124672,-17.45362343044775,-31.17868554365026,0.9957045,0.66,1,Denmark,denmark,Denmark - Sweden,sweden,0,1,False,0,0,0,0,0,opponent_on_ball,0,2594705670,6.811999999999999,69.3,43.286954154802814,34.253623430447746,33.30038072034944,4.888488068166389
6,5706993,7048,2594705765,1,duel_regain,1H,825.988,1,opponent_on_ball,pass,3.2889999999999873,0.0077919999999949,Denmark - Sweden,1.6479999999999109,1.6479999999999109,0,0,0,0,0,4.431999999999903,4.431999999999903,1,0,1,0,0,4.431999999999903,4.431999999999903,1,0,1,0,0,4.431999999999903,4.431999999999903,1,0,1,0,0,4.431999999999903,4.431999999999903,1,0,1,0,0,85.81753371768633,attacking_third,32.55573125533884,31.71117193901116,94.35333197769768,0.844559316327679,8.535798260011362,0.3422609695094873,0.5149751928827354,85.81753371768633,attacking_third,32.55573125533884,7.697234205973905,97.01262706731724,24.858497049364935,13.856851535325577,0.9280650183768504,5.624094355059992,85.81753371768633,attacking_third,32.55573125533884,7.697234205973905,97.01262706731724,24.858497049364935,13.856851535325577,0.9280650183768504,5.624094355059992,85.81753371768633,attacking_third,32.55573125533884,7.697234205973905,97.01262706731724,24.858497049364935,13.856851535325577,0.9280650183768504,5.624094355059992,85.81753371768633,attacking_third,32.55573125533884,7.697234205973905,97.01262706731724,24.858497049364935,13.856851535325577,0.9280650183768504,5.624094355059992,-33.31753371768633,-26.3041560384998,0.999393,0.66,1,Sweden,sweden,Denmark - Sweden,sweden,0,1,True,0,0,1,1,0,opponent_on_ball,0,2594705810,9.787999999999897,73.5,34.046679720642366,-12.31753371768633,-1.490948465303525,0.0
6,5706993,7048,2594705797,1,interception,1H,918.802,1,opponent_on_ball,pass,2.06899999999996,0.006208000000015,Denmark - Sweden,2.0,2.0,0,0,0,0,0,2.06899999999996,2.06899999999996,1,0,0,0,0,6.893000000000029,6.893000000000029,2,0,1,0,0,6.893000000000029,6.893000000000029,2,0,1,0,0,6.893000000000029,6.893000000000029,2,0,1,0,0,49.043416545203705,middle_third,64.11614897131429,49.87198355594361,63.09156191369574,14.24416541537068,14.048145368492037,1.0,7.194022937055833,49.043416545203705,middle_third,64.11614897131429,49.311863385058615,63.65320202316343,14.804285586255672,14.609785477959726,1.0,7.257002738360754,49.043416545203705,middle_third,64.11614897131429,25.768373122459643,81.80481406955752,38.347775848854646,32.76139752435382,0.9877564049326056,5.590054788462766,49.043416545203705,middle_third,64.11614897131429,25.768373122459643,81.80481406955752,38.347775848854646,32.76139752435382,0.9877564049326056,5.590054788462766,49.043416545203705,middle_third,64.11614897131429,25.768373122459643,81.80481406955752,38.347775848854646,32.76139752435382,0.9877564049326056,5.590054788462766,3.456583454796295,-31.300819909040484,0.9988808,0.66,1,Sweden,sweden,Denmark - Sweden,sweden,0,1,True,0,0,0,1,0,opponent_on_ball,0,2594705840,11.19399999999996,78.75,34.53427427933009,29.706583454796295,29.581874691984197,2.64265451956265
6,5706993,7713,2594705846,1,duel_regain,1H,959.367,0,opponent_on_ball,duel,1.2560000000000855,0.0087920000000849,Denmark - Sweden,1.2560000000000855,1.2560000000000855,0,0,1,0,0,4.740000000000009,4.740000000000009,1,0,1,0,0,6.609000000000037,6.609000000000037,2,0,1,0,0,6.609000000000037,6.609000000000037,2,0,1,0,0,6.609000000000037,6.609000000000037,2,0,1,0,0,14.422529063328485,defensive_third,92.03681885739356,87.91557250334591,19.077630151732336,4.121246354047656,4.655101088403853,0.8463187092435529,3.323585769393247,14.422529063328485,defensive_third,92.03681885739356,77.29924179010526,32.399263932796174,14.737577067288314,17.97673486946769,0.8809852403514628,3.122368022730632,14.422529063328485,defensive_third,92.03681885739356,58.49543505972704,53.52018161646791,33.541383797666526,39.097652553139426,0.8851956070344194,5.082027848131362,14.422529063328485,defensive_third,92.03681885739356,58.49543505972704,53.52018161646791,33.541383797666526,39.097652553139426,0.8851956070344194,5.082027848131362,14.422529063328485,defensive_third,92.03681885739356,58.49543505972704,53.52018161646791,33.541383797666526,39.097652553139426,0.8851956070344194,5.082027848131362,-38.07747093667152,-16.3247598483133,0.9800163,0.66,1,Denmark,denmark,Denmark - Sweden,sweden,0,1,False,0,0,0,0,0,opponent_on_ball,0,2594705811,9.912000000000035,84.0,25.019192632856882,69.57747093667152,67.01762622453667,6.761261725639269
6,5706993,7048,2594705814,1,interception,1H,976.03,1,opponent_on_ball,pass,1.5070000000000618,0.0057920000000422,Denmark - Sweden,1.5070000000000618,1.5070000000000618,1,0,0,0,0,4.961999999999989,4.961999999999989,3,0,0,0,0,9.240999999999984,9.240999999999984,5,0,0,0,0,13.273000000000025,13.273000000000025,5,1,0,0,0,15.893000000000027,15.893000000000027,6,1,1,0,0,32.24255359608557,defensive_third,77.68713165656185,77.68713165656185,28.968887026000843,0.0,0.0,0.0,0.0,32.24255359608557,defensive_third,77.68713165656185,71.20352061760917,34.51632255112288,6.483611038952674,3.1633171320412004,0.5024507460458659,1.3124718702333504,32.24255359608557,defensive_third,77.68713165656185,54.24921816582296,59.23786825560974,23.43791349073889,26.99531465952417,0.6426161691101874,2.542073046717876,32.24255359608557,defensive_third,77.68713165656185,18.90858390401937,97.33098621949866,58.77854775254248,65.08843262341308,0.8184913111195504,4.4327713237211555,32.24255359608557,defensive_third,77.68713165656185,6.932108530709037,99.17543348626585,70.7550231258528,70.58724005638845,0.8376124857394389,4.455605990292999,20.25744640391443,-27.23314924509269,0.9995989,0.66,1,Sweden,sweden,Denmark - Sweden,sweden,0,1,True,0,0,1,1,0,opponent_on_ball,0,2594705854,17.932999999999993,92.4,12.89024437316841,60.157446403914435,64.79688728339343,3.613276489343303
6,5706993,7713,2594706106,1,interception,1H,2099.846,0,game_interruption,duel,1.2539999999999054,0.0097919999998339,Denmark - Sweden,1.2539999999999054,1.2539999999999054,0,0,1,0,0,4.666000000000167,4.666000000000167,1,1,1,0,0,7.5949999999998,7.589792000000216,1,1,1,0,1,7.5949999999998,7.589792000000216,1,1,1,0,1,7.5949999999998,7.589792000000216,1,1,1,0,1,63.87124228593058,middle_third,41.54683330527813,37.8887792010543,67.3207463629411,3.6580541042238295,3.4495040770105163,1.0,2.9500436324380095,63.87124228593058,middle_third,41.54683330527813,25.07224296805106,82.11925916939873,16.474590337227067,18.248016883468154,1.0,3.550558262333169,63.87124228593058,middle_third,41.54683330527813,1.995258729396172,104.92792503045408,39.55157457588196,41.0566827445235,0.9738743357790148,5.217885827952502,63.87124228593058,middle_third,41.54683330527813,1.995258729396172,104.92792503045408,39.55157457588196,41.0566827445235,0.9738743357790148,5.217885827952502,63.87124228593058,middle_third,41.54683330527813,1.995258729396172,104.92792503045408,39.55157457588196,41.0566827445235,0.9738743357790148,5.217885827952502,11.371242285930578,5.879170570237214,0.99991786,0.66,1,Denmark,denmark,Denmark - Sweden,sweden,0,1,False,1,1,1,1,1,shot,0,2594706112,7.5949999999998,88.2,20.392979184023112,24.328757714069425,21.153854121255016,2.785234249013242
6,5706993,7713,2594706286,1,duel_regain,1H,3021.043,0,opponent_on_ball,pass,0.5769999999997708,0.0072079999999914,Denmark - Sweden,1.9919999999997344,1.9919999999997344,1,0,1,0,0,3.9220000000000255,3.9220000000000255,2,1,1,0,0,3.9220000000000255,3.9220000000000255,2,1,1,0,0,3.9220000000000255,3.9220000000000255,2,1,1,0,0,3.9220000000000255,3.9220000000000255,2,1,1,0,0,13.819331098705623,defensive_third,91.22622570470182,56.54871840899312,49.10525035153457,34.6775072957087,35.28591925282895,1.0,17.692605763116354,13.819331098705623,defensive_third,91.22622570470182,38.660915695611685,69.53031877762024,52.56531000909013,55.71098767891461,1.0,13.478284617715104,13.819331098705623,defensive_third,91.22622570470182,38.660915695611685,69.53031877762024,52.56531000909013,55.71098767891461,1.0,13.478284617715104,13.819331098705623,defensive_third,91.22622570470182,38.660915695611685,69.53031877762024,52.56531000909013,55.71098767891461,1.0,13.478284617715104,13.819331098705623,defensive_third,91.22622570470182,38.660915695611685,69.53031877762024,52.56531000909013,55.71098767891461,1.0,13.478284617715104,-38.680668901294375,-2.882685386532067,0.9918976,0.66,1,Denmark,denmark,Denmark - Sweden,sweden,0,1,False,0,0,0,0,0,opponent_on_ball,0,2594706438,6.23299999999972,75.6,39.14160957344499,61.78066890129437,52.08461613125683,8.356267628952217
6,5706993,7048,2594706441,1,interception,2H,3040.675,1,opponent_on_ball,duel,1.2699999999999818,0.0007919999998193,Denmark - Sweden,1.5760000000000218,1.5760000000000218,0,0,1,0,0,3.4729999999999563,3.4729999999999563,1,0,1,0,0,5.402000000000044,5.402000000000044,1,0,1,0,0,14.109999999999673,14.109999999999673,2,0,2,0,0,14.109999999999673,14.109999999999673,2,0,2,0,0,17.112947616423938,defensive_third,90.5604259507187,83.80475482387818,23.00005537718846,6.755671126840511,5.887107760764522,1.0,4.330558414640242,17.112947616423938,defensive_third,90.5604259507187,70.191097186007,37.13491412668006,20.369328764711696,20.02196651025612,1.0,5.8870892383559195,17.112947616423938,defensive_third,90.5604259507187,60.43864296908897,50.09647503862566,30.12178298162973,32.983527422201725,1.0,5.578107959560967,17.112947616423938,defensive_third,90.5604259507187,14.915049766030572,91.13271348109184,75.64537618468812,76.28286880679579,0.9961491267993188,5.364920296786253,17.112947616423938,defensive_third,90.5604259507187,14.915049766030572,91.13271348109184,75.64537618468812,76.28286880679579,0.9961491267993188,5.364920296786253,35.38705238357606,-21.841629328009432,0.9834562,0.66,1,Sweden,sweden,Denmark - Sweden,sweden,0,1,True,0,0,1,1,0,shot,0,2594706445,14.843999999999596,89.25,15.881564784365551,72.13705238357606,74.67886116635314,5.030912231632658
6,5706993,7048,2594706525,1,duel_regain,2H,3419.194,1,opponent_on_ball,duel,3.1480000000001382,0.0017920000004778,Denmark - Sweden,0.0370000000002619,0.0370000000002619,0,0,0,0,0,3.186000000000149,3.186000000000149,0,0,1,0,0,6.1039999999998145,6.1039999999998145,0,0,2,0,0,11.028000000000247,11.028000000000247,1,0,2,0,0,11.028000000000247,11.028000000000247,1,0,2,0,0,46.420695356439694,middle_third,65.77732259681741,65.748333513547,46.43810138021132,0.0289890832704173,0.0174060237716275,1.0,1.449454163555144,46.420695356439694,middle_third,65.77732259681741,63.83676358501522,50.19351599519006,1.9405590118021936,3.772820638750368,0.5538243336126427,0.610238682956696,46.420695356439694,middle_third,65.77732259681741,49.85830557692184,67.29971259891612,15.91901701989557,20.879017242476426,0.9105747697550478,2.609674921294589,46.420695356439694,middle_third,65.77732259681741,22.668351136584217,96.912592298179,43.10897146023319,50.62604765518692,0.9650037087100096,3.9118848874986423,46.420695356439694,middle_third,65.77732259681741,22.668351136584217,96.912592298179,43.10897146023319,50.62604765518692,0.9650037087100096,3.9118848874986423,6.079304643560306,29.918576762318423,0.99798965,0.66,1,Sweden,sweden,Denmark - Sweden,sweden,0,1,True,0,0,0,1,0,opponent_on_ball,0,2594706609,12.391000000000076,98.7,9.269843580125825,52.27930464356031,56.50747901669159,4.560364701532664
6,5706993,7713,2594706611,1,duel_regain,2H,3477.675,0,opponent_on_ball,touch,2.9399999999996,0.0007919999998193,Denmark - Sweden,2.0,2.0,0,0,0,0,0,2.9399999999996,2.9399999999996,0,1,0,0,0,7.557999999999993,7.557999999999993,1,1,0,0,0,13.70699999999988,13.70699999999988,1,1,1,0,0,13.70699999999988,13.70699999999988,1,1,1,0,0,10.158571964716693,defensive_third,94.84174506522368,83.91428750185165,21.767880132343752,10.927457563372045,11.60930816762706,1.0,5.518917961298961,10.158571964716693,defensive_third,94.84174506522368,80.00610964720957,26.10820643914234,14.83563541801412,15.949634474425649,1.0,5.0806970609636135,10.158571964716693,defensive_third,94.84174506522368,62.192499974973195,50.676030622278944,32.649245090250496,40.51745865756225,1.0,4.330138606134039,10.158571964716693,defensive_third,94.84174506522368,22.205401068278203,93.92641761824544,72.63634399694548,83.76784565352875,1.0000000000000002,5.301922919484967,10.158571964716693,defensive_third,94.84174506522368,22.205401068278203,93.92641761824544,72.63634399694548,83.76784565352875,1.0000000000000002,5.301922919484967,-42.34142803528331,-0.2452248867036317,0.9987631,0.66,1,Denmark,denmark,Denmark - Sweden,sweden,0,1,False,0,0,0,1,0,opponent_on_ball,0,2594706544,16.297999999999774,90.3,22.47420743875076,80.1414280352833,72.36753762647291,4.440271053287146
6,5706993,7048,2594706543,1,duel_regain,2H,3491.86,1,game_interruption,pass,2.112999999999829,0.004207999999835,Denmark - Sweden,2.0,2.0,0,0,0,0,0,2.112999999999829,2.112999999999829,1,0,0,0,0,8.679000000000087,8.679000000000087,2,1,0,0,0,13.592000000000098,13.592000000000098,3,1,1,0,0,13.592000000000098,13.592000000000098,3,1,1,0,0,10.52308399713425,defensive_third,95.98445612327356,94.41009522854444,11.967299146869069,1.574360894729125,1.4442151497348164,0.9961913739319828,0.7951317650147023,10.52308399713425,defensive_third,95.98445612327356,92.45848935784404,13.772639772605714,3.5259667654295157,3.249555775471464,0.9982958379153064,1.6951763295334803,10.52308399713425,defensive_third,95.98445612327356,55.40617213359209,51.80289410347089,40.57828398968147,41.27981010633664,0.9998516895474232,4.685714086568378,10.52308399713425,defensive_third,95.98445612327356,40.21038659541044,77.51935925101783,55.77406952786312,67.00607708778492,0.977427035815544,4.113131971081367,10.52308399713425,defensive_third,95.98445612327356,40.21038659541044,77.51935925101783,55.77406952786312,67.00607708778492,0.977427035815544,4.113131971081367,41.97691600286575,-16.944856442828865,0.98799276,0.66,1,Sweden,sweden,Denmark - Sweden,sweden,0,1,True,0,0,0,0,0,game_interruption,0,2594706549,16.7170000000001,78.75,42.95419071522592,68.22691600286575,53.03026540804764,3.1722357724500405
6,5706993,7713,2594706838,1,interception,2H,4804.505,0,window_end,pass,2.662000000000262,0.0092080000003988,Denmark - Sweden,2.0,2.0,0,0,0,0,0,2.662000000000262,2.662000000000262,1,0,0,0,0,7.73700000000008,7.73700000000008,1,0,1,0,1,14.795000000000073,14.795000000000073,1,0,2,0,2,15.884000000000016,15.884000000000016,1,0,2,0,2,43.84756719129757,middle_third,61.480420612461785,56.4606501243879,52.952528815728705,5.019770488073888,9.104961624431134,1.0,2.5352376202398963,43.84756719129757,middle_third,61.480420612461785,54.2435234299418,56.58244637143182,7.236897182519982,12.73487918013425,1.0,2.741248932773325,43.84756719129757,middle_third,61.480420612461785,7.191247887948913,98.39840058098642,54.28917272451287,54.55083338968885,1.0000000000000009,7.032276259652523,43.84756719129757,middle_third,61.480420612461785,2.0148302954777693,87.16060400243312,59.46559031698401,61.03279081280901,0.6267879782203032,4.0233822947889974,43.84756719129757,middle_third,61.480420612461785,2.0148302954777693,104.07096671116769,59.46559031698401,61.03279081280901,0.5355676507784055,3.7541408028398657,-8.652432808702429,6.342088004935725,0.9937411,0.66,1,Denmark,denmark,Denmark - Sweden,sweden,0,1,False,1,1,1,1,1,shot,0,2594706820,7.73700000000008,84.0,21.87360052666227,40.15243280870243,39.60682008579951,5.119144382292762
6,5706994,13870,2594831299,1,interception,1H,7.506,1,opponent_on_ball,duel,2.222999999999999,0.0060000000000002,Germany - Poland,2.0,2.0,0,0,0,0,0,3.971,3.971,1,0,1,0,0,3.971,3.971,1,0,1,0,0,3.971,3.971,1,0,1,0,0,3.971,3.971,1,0,1,0,0,83.10370854120438,attacking_third,27.05955709618928,19.54435747293895,94.46537404509728,7.515199623250329,11.361665503892908,1.0,3.795555365277943,83.10370854120438,attacking_third,27.05955709618928,8.080213163923757,100.17909976391576,18.97934393226552,19.75063417613856,0.9999999999999998,4.817092368595309,83.10370854120438,attacking_third,27.05955709618928,8.080213163923757,100.17909976391576,18.97934393226552,19.75063417613856,0.9999999999999998,4.817092368595309,83.10370854120438,attacking_third,27.05955709618928,8.080213163923757,100.17909976391576,18.97934393226552,19.75063417613856,0.9999999999999998,4.817092368595309,83.10370854120438,attacking_third,27.05955709618928,8.080213163923757,100.17909976391576,18.97934393226552,19.75063417613856,0.9999999999999998,4.817092368595309,-30.603708541204384,-15.898806577646065,0.99589634,0.66,1,Poland,poland,Germany - Poland,germany,2,0,False,0,0,1,1,0,opponent_on_ball,0,2594831292,4.5,100.8,6.348039067302596,17.696291458795613,20.711518028886683,4.602559561974818
6,5706994,3149,2594831293,1,interception,1H,21.734,0,window_end,none,,0.0059999999999966,Germany - Poland,2.0,2.0,0,0,0,0,0,5.0,5.0,0,0,0,0,0,10.0,10.0,0,0,0,0,0,14.479999999999997,14.479999999999997,0,0,0,0,0,14.479999999999997,14.479999999999997,0,0,0,0,0,1.709737254860407,defensive_third,103.30659876270208,102.55340780503155,2.4914771673427154,0.753190957670526,0.7817399124823083,0.244822860253898,0.3803994735709726,1.709737254860407,defensive_third,103.30659876270208,97.38762047010744,7.612423299522284,5.91897829259463,5.902686044661877,0.6977351372693255,1.188549857950729,1.709737254860407,defensive_third,103.30659876270208,94.7993301711131,10.250454339931458,8.507268591588982,8.540717085071051,0.7351582361915762,0.8524317226041064,1.709737254860407,defensive_third,103.30659876270208,58.33026248814562,51.74334968740575,44.97633627455646,50.03361243254534,0.9246436768271158,3.1103966994852312,1.709737254860407,defensive_third,103.30659876270208,58.33026248814562,51.74334968740575,44.97633627455646,50.03361243254534,0.9246436768271158,3.1103966994852312,-50.79026274513959,-1.83710913065746,0.920981,0.66,1,Germany,germany,Germany - Poland,germany,2,0,True,0,0,0,0,0,window_end_20s,1,,14.479999999999997,51.76203610956792,58.95147931883536,50.052298854707516,44.35511944386672,3.0631988566206303
6,5706994,3149,2594831436,1,duel_regain,1H,456.001,0,game_interruption,pass,2.9850000000000136,0.0009999999999763,Germany - Poland,2.0,2.0,0,0,0,0,0,4.382000000000005,4.382000000000005,1,1,0,0,0,7.635000000000048,7.635000000000048,1,1,1,0,1,7.635000000000048,7.635000000000048,1,1,1,0,1,7.635000000000048,7.635000000000048,1,1,1,0,1,68.60708796988803,middle_third,40.25342845754956,36.77822464264319,69.06425715246964,3.475203814906372,0.4571691825816089,0.9987178882269334,1.755153441871889,68.60708796988803,middle_third,40.25342845754956,26.430318127564107,80.73129350644643,13.823110329985454,12.124205536558406,0.9996773605844632,3.1704381490792226,68.60708796988803,middle_third,40.25342845754956,5.862690280220516,99.42678374829288,34.39073817732904,30.81969577840485,0.9998702923750822,4.525097128595913,68.60708796988803,middle_third,40.25342845754956,5.862690280220516,99.42678374829288,34.39073817732904,30.81969577840485,0.9998702923750822,4.525097128595913,68.60708796988803,middle_third,40.25342845754956,5.862690280220516,99.42678374829288,34.39073817732904,30.81969577840485,0.9998702923750822,4.525097128595913,16.107087969888028,17.201582966564203,0.99984837,0.66,1,Germany,germany,Germany - Poland,germany,2,0,True,1,1,1,1,1,shot,0,2594831442,7.635000000000048,89.25,22.680496026321826,20.642912030111972,17.572932431227734,2.301628347246578
6,5706994,3149,2594831468,0,duel_regain,1H,514.604,0,opponent_on_ball,pass,1.7749999999999773,0.004000000000019,Germany - Poland,1.7749999999999773,1.7749999999999773,1,0,0,0,0,3.947999999999979,3.947999999999979,2,0,0,0,0,9.932000000000016,9.932000000000016,3,1,1,0,0,9.932000000000016,9.932000000000016,3,1,1,0,0,9.932000000000016,9.932000000000016,3,1,1,0,0,59.894240221530794,middle_third,45.17084101707841,41.36382531143372,63.636579057732305,3.8070157056446874,3.742338836201512,0.7552643424236666,2.1879400607153263,59.894240221530794,middle_third,45.17084101707841,34.43788358070548,73.53035422713239,10.732957436372928,13.636114005601598,0.8969108821329439,2.752040368300767,59.894240221530794,middle_third,45.17084101707841,12.798531273900506,92.68124778742344,32.3723097431779,32.78700756589264,0.9288282270490916,3.2699302770886844,59.894240221530794,middle_third,45.17084101707841,12.798531273900506,92.68124778742344,32.3723097431779,32.78700756589264,0.9288282270490916,3.2699302770886844,59.894240221530794,middle_third,45.17084101707841,12.798531273900506,92.68124778742344,32.3723097431779,32.78700756589264,0.9288282270490916,3.2699302770886844,7.394240221530794,-2.423904494241178,0.9547641,0.66,1,Germany,germany,Germany - Poland,germany,2,0,True,0,0,1,1,0,opponent_on_ball,0,2594831422,10.882999999999925,96.6,9.062008607367359,36.7057597784692,36.10883240971105,3.3179116429028115
6,5706994,3149,2594831669,0,duel_regain,1H,1090.863,0,opponent_on_ball,duel,4.0090000000000146,0.0030000000001564,Germany - Poland,2.0,2.0,0,0,0,0,0,4.0090000000000146,4.0090000000000146,0,0,1,0,0,4.0090000000000146,4.0090000000000146,0,0,1,0,0,4.0090000000000146,4.0090000000000146,0,0,1,0,0,4.0090000000000146,4.0090000000000146,0,0,1,0,0,59.87298520281093,middle_third,46.69120713470916,25.70140428575919,80.39426391109451,20.98980284894997,20.52127870828358,1.0,10.600910529773833,59.87298520281093,middle_third,46.69120713470916,14.961882786009788,90.88355903708634,31.72932434869937,31.010573834275412,1.0,7.972192047412322,59.87298520281093,middle_third,46.69120713470916,14.961882786009788,90.88355903708634,31.72932434869937,31.010573834275412,1.0,7.972192047412322,59.87298520281093,middle_third,46.69120713470916,14.961882786009788,90.88355903708634,31.72932434869937,31.010573834275412,1.0,7.972192047412322,59.87298520281093,middle_third,46.69120713470916,14.961882786009788,90.88355903708634,31.72932434869937,31.010573834275412,1.0,7.972192047412322,7.372985202810931,11.984212914939135,0.7474398,0.66,1,Germany,germany,Germany - Poland,germany,2,0,True,0,0,1,1,0,opponent_on_ball,0,2594831553,6.473999999999933,98.7,6.299999999999997,38.82701479718907,40.39120713470916,6.238987818151001
6,5706994,13870,2594831725,1,duel_regain,1H,1836.714,1,window_end,pass,2.4220000000000255,0.0060000000000854,Germany - Poland,2.0,2.0,0,0,0,0,0,3.2940000000000964,3.2940000000000964,2,0,0,0,0,6.3840000000000146,6.3840000000000146,3,0,0,0,0,6.3840000000000146,6.3840000000000146,3,0,0,0,0,6.3840000000000146,6.3840000000000146,3,0,0,0,0,30.40818097980973,defensive_third,75.27315234246895,74.28300242377024,30.84558847482961,0.9901499186987052,0.4374074950198832,0.8824384900949124,0.500075716514493,30.40818097980973,defensive_third,75.27315234246895,70.20890254110222,34.48232758179273,5.064249801366728,5.494816555457405,0.7858148907449949,1.5439785979776737,30.40818097980973,defensive_third,75.27315234246895,44.72588684308178,61.87914014061336,30.54726549938717,31.47095916080363,0.8317908311104883,4.803029166570385,30.40818097980973,defensive_third,75.27315234246895,44.72588684308178,61.87914014061336,30.54726549938717,31.47095916080363,0.8317908311104883,4.803029166570385,30.40818097980973,defensive_third,75.27315234246895,44.72588684308178,61.87914014061336,30.54726549938717,31.47095916080363,0.8317908311104883,4.803029166570385,22.09181902019027,10.104850262706393,0.9909541,0.66,1,Poland,poland,Germany - Poland,germany,2,0,False,0,0,0,0,0,window_end_20s,1,,6.3840000000000146,62.09859553624128,44.5348926286704,31.69041455643155,30.73825971379855,4.814890306046127
6,5706994,13870,2594832164,1,duel_regain,2H,3431.545,1,opponent_on_ball,pass,2.5099999999997635,0.0050000000001091,Germany - Poland,2.0,2.0,0,0,0,0,0,4.364999999999782,4.364999999999782,1,0,1,0,0,4.364999999999782,4.364999999999782,1,0,1,0,0,4.364999999999782,4.364999999999782,1,0,1,0,0,4.364999999999782,4.364999999999782,1,0,1,0,0,36.53458696440647,middle_third,70.04152806081568,65.25380529301339,39.96608787159223,4.787722767802293,3.4315009071857574,1.0,2.418041801920328,36.53458696440647,middle_third,70.04152806081568,32.435542495518774,72.60028065302335,37.605985565296905,36.065693688616875,1.0,8.6649736325566,36.53458696440647,middle_third,70.04152806081568,32.435542495518774,72.60028065302335,37.605985565296905,36.065693688616875,1.0,8.6649736325566,36.53458696440647,middle_third,70.04152806081568,32.435542495518774,72.60028065302335,37.605985565296905,36.065693688616875,1.0,8.6649736325566,36.53458696440647,middle_third,70.04152806081568,32.435542495518774,72.60028065302335,37.605985565296905,36.065693688616875,1.0,8.6649736325566,15.965413035593528,-14.775076005205896,0.99327,0.66,1,Poland,poland,Germany - Poland,germany,2,0,False,0,0,0,1,0,opponent_on_ball,0,2594832531,9.306999999999789,87.15,20.904470813680017,50.615413035593534,49.13705724713566,5.27958066478315
6,5706994,3149,2594832725,1,duel_regain,2H,4535.173,0,opponent_on_ball,pass,1.7409999999999854,0.0070000000005165,Germany - Poland,1.7409999999999854,1.7409999999999854,1,0,0,0,0,2.8969999999999345,2.8969999999999345,1,1,0,0,0,8.759000000000015,8.759000000000015,2,1,2,0,0,8.759000000000015,8.759000000000015,2,1,2,0,0,8.759000000000015,8.759000000000015,2,1,2,0,0,9.939213782188432,defensive_third,95.10688095888132,88.74520364223851,16.78972507038604,6.361677316642826,6.850511288197609,0.999272942958702,3.742163127437357,9.939213782188432,defensive_third,95.10688095888132,84.12048779391927,21.916837802011088,10.986393164962069,11.977624019822656,0.9995788683105707,3.8147198489462224,9.939213782188432,defensive_third,95.10688095888132,37.73866720741994,67.87602856680674,57.3682137514614,57.936814784618306,0.9999193230211764,6.563868850281788,9.939213782188432,defensive_third,95.10688095888132,37.73866720741994,67.87602856680674,57.3682137514614,57.936814784618306,0.9999193230211764,6.563868850281788,9.939213782188432,defensive_third,95.10688095888132,37.73866720741994,67.87602856680674,57.3682137514614,57.936814784618306,0.9999193230211764,6.563868850281788,-42.56078621781157,2.960697447959504,0.99715376,0.66,1,Germany,germany,Germany - Poland,germany,2,0,True,0,0,0,0,0,opponent_on_ball,0,2594832311,10.15900000000056,69.3,38.202748592215194,59.360786217811565,56.904132366666126,5.601351743937689
6,5706995,10683,2595480815,1,interception,1H,547.163,0,game_interruption,pass,1.0009999999999764,0.0096019999999725,Wales - Netherlands,1.0009999999999764,1.0009999999999764,1,0,0,0,0,3.879000000000019,3.879000000000019,2,0,0,0,0,6.9109999999999445,6.9109999999999445,3,0,0,0,0,11.402000000000044,10.670397999999976,3,0,1,0,0,11.402000000000044,10.670397999999976,3,0,1,0,0,33.155044875871766,defensive_third,73.4976696633239,73.4976696633239,32.639098505158216,0.0,0.0,0.0,0.0,33.155044875871766,defensive_third,73.4976696633239,66.22065184067928,45.38336896447444,7.277017822644623,12.228324088602676,0.9266390766394964,1.8852377778872016,33.155044875871766,defensive_third,73.4976696633239,40.244374390772066,78.11553107853032,33.25329527255184,44.96048620265856,0.9829700561290606,4.8193181554423115,33.155044875871766,defensive_third,73.4976696633239,30.94132658761647,99.44134602227568,42.55634307570743,66.2863011464039,0.8942377888934017,3.875805380301217,33.155044875871766,defensive_third,73.4976696633239,30.94132658761647,99.44134602227568,42.55634307570743,66.2863011464039,0.8942377888934017,3.875805380301217,-19.344955124128234,-15.498705402422551,0.99897707,0.66,1,Wales,wales,Wales - Netherlands,netherlands,0,3,False,0,0,0,1,0,game_interruption,0,2595480821,14.081000000000017,94.5,35.58440669731617,61.344955124128234,37.913262966007736,2.692512106100965
6,5706995,10683,2595480884,1,interception,1H,761.819,0,window_end,duel,2.161000000000058,0.0056019999999534,Wales - Netherlands,1.6050000000000182,1.6050000000000182,0,0,0,0,0,4.971000000000004,4.971000000000004,0,0,1,0,0,4.971000000000004,4.971000000000004,0,0,1,0,0,4.971000000000004,4.971000000000004,0,0,1,0,0,4.971000000000004,4.971000000000004,0,0,1,0,0,98.45110195277992,attacking_third,29.10126503642481,29.08540986486899,99.74001618220392,0.0158551715558203,1.2889142294240088,0.0068769263541343,0.0100349187062151,98.45110195277992,attacking_third,29.10126503642481,8.744023917042512,98.91022435767738,20.357241119382294,3.9641613049675897,0.731172649961164,4.120899012020662,98.45110195277992,attacking_third,29.10126503642481,8.744023917042512,98.91022435767738,20.357241119382294,3.9641613049675897,0.731172649961164,4.120899012020662,98.45110195277992,attacking_third,29.10126503642481,8.744023917042512,98.91022435767738,20.357241119382294,3.9641613049675897,0.731172649961164,4.120899012020662,98.45110195277992,attacking_third,29.10126503642481,8.744023917042512,98.91022435767738,20.357241119382294,3.9641613049675897,0.731172649961164,4.120899012020662,45.95110195277992,28.35481548321833,0.95293003,0.66,1,Wales,wales,Wales - Netherlands,netherlands,0,3,False,0,0,1,1,0,window_end_20s,1,,4.971000000000004,98.83687233520885,8.605940409188753,0.38577038242893025,20.49532462723606,4.122978199001417
6,5706995,10683,2595481027,1,duel_regain,1H,1149.689,0,opponent_on_ball,touch,0.8460000000000036,0.00439799999981,Wales - Netherlands,0.8460000000000036,0.8460000000000036,0,1,0,0,0,4.654999999999973,4.654999999999973,0,1,1,0,0,5.954999999999927,5.954999999999927,1,1,1,0,0,5.954999999999927,5.954999999999927,1,1,1,0,0,5.954999999999927,5.954999999999927,1,1,1,0,0,86.08093682527723,attacking_third,36.18688995126868,34.29443719999824,88.71825431403937,1.89245275127044,2.637317488762136,1.0,2.252919941988229,86.08093682527723,attacking_third,36.18688995126868,19.62219394191577,102.27507496600558,16.56469600935291,16.19413814072834,1.0,3.569977588222533,86.08093682527723,attacking_third,36.18688995126868,5.054587327198362,104.01764429575503,31.13230262407032,17.936707470477813,0.9924202595046896,5.241128387890578,86.08093682527723,attacking_third,36.18688995126868,5.054587327198362,104.01764429575503,31.13230262407032,17.936707470477813,0.9924202595046896,5.241128387890578,86.08093682527723,attacking_third,36.18688995126868,5.054587327198362,104.01764429575503,31.13230262407032,17.936707470477813,0.9924202595046896,5.241128387890578,33.58093682527724,30.847367034093523,0.9994023,0.66,1,Wales,wales,Wales - Netherlands,netherlands,0,3,False,0,0,1,1,0,opponent_on_ball,0,2595481077,7.342999999999847,102.9,3.43633525721807,16.81906317472277,32.750554694050614,4.460105501028367
6,5706995,665,2595481209,1,interception,1H,1687.875,1,opponent_on_ball,duel,2.588999999999942,0.001602000000048,Wales - Netherlands,2.0,2.0,0,0,0,0,0,3.4429999999999836,3.4429999999999836,1,0,1,0,0,7.583000000000084,7.583000000000084,2,0,1,0,0,10.25500000000011,10.25500000000011,3,0,1,0,0,10.25500000000011,10.25500000000011,3,0,1,0,0,49.51389285511073,middle_third,61.188493201150706,56.36407638368089,54.26746050307089,4.824416817469817,4.7535676479601605,0.9996635920555038,2.4365741502372593,49.51389285511073,middle_third,61.188493201150706,50.38518709173032,62.60291050088666,10.803306109420385,13.089017645775924,0.9998497428150528,3.1588614355029687,49.51389285511073,middle_third,61.188493201150706,27.34873533007488,87.04236217651533,33.839757871075825,37.52846932140459,0.9999520256489912,4.476158448554901,49.51389285511073,middle_third,61.188493201150706,6.649319018268952,98.83039269776604,54.53917418288175,49.3164998426553,0.9722661251108796,5.336514107914051,49.51389285511073,middle_third,61.188493201150706,6.649319018268952,98.83039269776604,54.53917418288175,49.3164998426553,0.9722661251108796,5.336514107914051,2.9861071448892673,-25.79386776218593,0.99956244,0.66,1,Netherlands,netherlands,Wales - Netherlands,netherlands,0,3,True,0,0,1,1,0,opponent_on_ball,0,2595481142,17.811999999999898,92.4,29.976657585528105,42.88610714488927,31.2118356156226,1.7522925901427566
6,5706995,665,2595481254,0,duel_regain,1H,1846.116,1,window_end,duel,3.173999999999978,0.0026020000000244,Wales - Netherlands,0.1240000000000236,0.1240000000000236,0,0,0,0,0,3.2100000000000364,3.2100000000000364,0,0,1,0,0,8.787000000000035,8.787000000000035,2,0,2,0,0,13.764000000000124,13.764000000000124,3,1,2,0,0,13.764000000000124,13.764000000000124,3,1,2,0,0,57.01979789217554,middle_third,51.53831903302143,51.53831903302143,56.863865854843965,0.0,0.0,0.0,0.0,57.01979789217554,middle_third,51.53831903302143,51.53831903302143,55.15529509193251,0.0,0.0,0.0,0.0,57.01979789217554,middle_third,51.53831903302143,30.29711059964981,85.23407731992353,21.24120843337162,28.21427942774799,0.8115984344148379,2.424795483261603,57.01979789217554,middle_third,51.53831903302143,6.632131337814293,98.63408903567644,44.90618769520714,41.614291143500914,0.7761201485782989,3.2682814916453498,57.01979789217554,middle_third,51.53831903302143,6.632131337814293,98.63408903567644,44.90618769520714,41.614291143500914,0.7761201485782989,3.2682814916453498,-4.519797892175539,-18.81750606328631,0.99728703,0.66,1,Netherlands,netherlands,Wales - Netherlands,netherlands,0,3,True,0,0,1,1,0,window_end_20s,1,,13.764000000000124,98.63408903567645,14.654925384592692,41.614291143500914,36.883393648428736,2.679700206947719
6,5706995,10683,2595481207,1,duel_regain,1H,2108.96,0,game_interruption,duel,1.087999999999738,0.0066019999999298,Wales - Netherlands,1.087999999999738,1.087999999999738,0,0,1,0,0,4.269999999999982,4.269999999999982,1,0,1,0,0,6.320000000000164,6.320000000000164,2,0,1,0,0,10.829000000000178,10.413398000000145,2,0,2,0,0,10.829000000000178,10.413398000000145,2,0,2,0,0,45.66862555014276,middle_third,62.39181707283067,59.21486102750242,49.26827237496181,3.1769560453282537,3.599646824819054,1.0,2.9971283446494503,45.66862555014276,middle_third,62.39181707283067,48.682565720918895,60.10258655319304,13.709251351911782,14.433961003050284,1.0,3.2333139980925676,45.66862555014276,middle_third,62.39181707283067,26.92812609065968,85.32512564370683,35.463690982171,39.65650009356407,1.0,5.629157298757546,45.66862555014276,middle_third,62.39181707283067,22.31652880415698,106.13165638957425,40.075288268673695,60.46303083943149,0.8269370754931873,3.7106748396921025,45.66862555014276,middle_third,62.39181707283067,22.31652880415698,106.13165638957425,40.075288268673695,60.46303083943149,0.8269370754931873,3.7106748396921025,-6.831374449857243,19.300954472263584,0.9990896,0.66,1,Wales,wales,Wales - Netherlands,netherlands,0,3,False,0,0,0,1,0,game_interruption,0,2595481214,13.485000000000127,105.0,26.52,59.33137444985724,35.871817072830666,2.660127332060091
6,5706995,10683,2595481455,1,duel_regain,2H,3062.589,0,opponent_on_ball,pass,3.833000000000084,0.0066249999999854,Wales - Netherlands,2.0,2.0,0,0,0,0,0,3.833000000000084,3.833000000000084,1,0,0,0,0,3.833000000000084,3.833000000000084,1,0,0,0,0,3.833000000000084,3.833000000000084,1,0,0,0,0,3.833000000000084,3.833000000000084,1,0,0,0,0,34.316800574362546,defensive_third,76.85024437874209,60.07363465052072,48.87780254548076,16.776609728221366,14.561001971118216,1.0,8.47303521627334,34.316800574362546,defensive_third,76.85024437874209,49.27129021172701,60.60067728205022,27.578954167015077,26.283876707687675,1.0,7.219621509689501,34.316800574362546,defensive_third,76.85024437874209,49.27129021172701,60.60067728205022,27.578954167015077,26.283876707687675,1.0,7.219621509689501,34.316800574362546,defensive_third,76.85024437874209,49.27129021172701,60.60067728205022,27.578954167015077,26.283876707687675,1.0,7.219621509689501,34.316800574362546,defensive_third,76.85024437874209,49.27129021172701,60.60067728205022,27.578954167015077,26.283876707687675,1.0,7.219621509689501,-18.183199425637454,-30.163643348043095,0.96992165,0.66,1,Wales,wales,Wales - Netherlands,netherlands,0,3,False,0,0,0,0,0,opponent_on_ball,0,2595481648,7.864000000000033,63.0,49.312327059265826,28.683199425637454,27.537917319476264,3.501769750696357
6,5706995,10683,2595481589,1,interception,2H,3619.322,0,opponent_on_ball,pass,1.7449999999998909,0.0063749999999345,Wales - Netherlands,1.7449999999998909,1.7449999999998909,1,0,0,0,0,3.369999999999891,3.369999999999891,1,1,0,0,0,6.791999999999916,6.373625000000175,2,1,0,0,0,6.791999999999916,6.373625000000175,2,1,0,0,0,6.791999999999916,6.373625000000175,2,1,0,0,0,31.105547064672873,defensive_third,78.42018080918129,72.44870718841315,38.47880602529484,5.971473620768137,7.373258960621964,1.0,3.471786988819088,31.105547064672873,defensive_third,78.42018080918129,63.35114580330747,48.819618297050475,15.069035005873822,17.714071232377602,1.0,4.51168712750755,31.105547064672873,defensive_third,78.42018080918129,43.3506908164926,78.15093539913748,35.06948999268869,47.04538833446461,1.0,5.187794377616851,31.105547064672873,defensive_third,78.42018080918129,43.3506908164926,78.15093539913748,35.06948999268869,47.04538833446461,1.0,5.187794377616851,31.105547064672873,defensive_third,78.42018080918129,43.3506908164926,78.15093539913748,35.06948999268869,47.04538833446461,1.0,5.187794377616851,-21.394452935327127,26.255182031999155,0.99662054,0.66,1,Wales,wales,Wales - Netherlands,netherlands,0,3,False,0,0,0,0,0,opponent_on_ball,0,2595481864,7.329999999999927,68.25,46.128699309648866,37.144452935327124,32.29148149953242,4.405386289158628
6,5706995,10683,2595481690,1,interception,2H,4091.808,0,opponent_on_ball,pass,2.7409999999999854,0.0076250000001891,Wales - Netherlands,2.0,2.0,0,0,0,0,0,2.7409999999999854,2.7409999999999854,1,0,0,0,0,8.706000000000131,8.706000000000131,4,0,0,0,0,13.878999999999904,13.878999999999904,6,0,0,0,0,13.878999999999904,13.878999999999904,6,0,0,0,0,27.26656648616068,defensive_third,78.29213731888409,77.0612083207905,27.455328336395517,1.230928998093589,1.200992670563096,0.1564283481091732,0.6216813121686162,27.26656648616068,defensive_third,78.29213731888409,69.27171899459847,38.97240651842752,9.020418324285616,11.705840032266838,0.5083738434777926,3.31633026628172,27.26656648616068,defensive_third,78.29213731888409,57.07996325564073,57.12282447490568,21.21217406324336,29.856257988745003,0.623619079047631,2.4437988552125427,27.26656648616068,defensive_third,78.29213731888409,16.516189678476763,94.71402015066148,61.77594764040733,67.44745366450078,0.8223354061307516,4.457139079394573,27.26656648616068,defensive_third,78.29213731888409,16.516189678476763,94.71402015066148,61.77594764040733,67.44745366450078,0.8223354061307516,4.457139079394573,-25.23343351383932,9.33659895832112,0.9963677,0.66,1,Wales,wales,Wales - Netherlands,netherlands,0,3,False,0,0,1,1,0,opponent_on_ball,0,2595481956,15.317000000000007,76.65,36.58219375597915,49.38343351383932,41.70994356290494,2.7231144194623567
6,5706995,665,2595482153,1,duel_regain,2H,5131.816,1,opponent_on_ball,touch,0.9769999999998618,0.0003749999996216,Wales - Netherlands,0.9769999999998618,0.9769999999998618,0,1,0,0,0,4.414999999999964,4.414999999999964,1,2,0,0,0,8.842999999999847,8.842999999999847,2,3,0,0,0,13.929000000000087,13.929000000000087,3,3,0,0,1,13.929000000000087,13.929000000000087,3,3,0,0,1,27.830945062210276,defensive_third,79.56526361767759,72.4000878663527,36.46891971686584,7.165175751324881,8.637974654655565,1.0,7.622527395022339,27.830945062210276,defensive_third,79.56526361767759,47.15673307068978,61.670963667015506,32.408530546987805,33.84001860480523,1.0,7.3992078874384175,27.830945062210276,defensive_third,79.56526361767759,22.52689725737795,82.64730763342479,57.038366360299634,54.81636257121451,1.0,6.466934961485433,27.830945062210276,defensive_third,79.56526361767759,2.3808532169887666,99.7145332179452,77.18441040068882,75.04933111194669,0.9370032049883258,5.552835280624877,27.830945062210276,defensive_third,79.56526361767759,2.3808532169887666,99.7145332179452,77.18441040068882,75.04933111194669,0.9370032049883258,5.552835280624877,24.669054937789724,19.379580350433827,0.9936433,0.66,1,Netherlands,netherlands,Wales - Netherlands,netherlands,0,3,True,1,1,1,1,1,shot,0,2595482160,13.929000000000087,96.6,12.194490559264873,68.76905493778972,67.37077305841271,4.836727192074972
6,5706995,665,2595482172,0,duel_regain,2H,5236.77,1,opponent_on_ball,pass,0.7399999999997817,0.0056249999997817,Wales - Netherlands,0.7399999999997817,0.7399999999997817,1,0,0,0,0,4.278999999999542,4.278999999999542,2,0,0,0,0,8.727999999999156,8.045624999999745,2,1,0,0,0,8.727999999999156,8.045624999999745,2,1,0,0,0,8.727999999999156,8.045624999999745,2,1,0,0,0,68.9574488979475,middle_third,36.77670415990902,36.77670415990902,67.25825414360179,0.0,0.0,0.0,0.0,68.9574488979475,middle_third,36.77670415990902,23.321625352674683,87.69742503109751,13.45507880723434,18.73997613315001,0.6675186094771719,3.1584692035759745,68.9574488979475,middle_third,36.77670415990902,14.131937165637504,106.50133173242634,22.64476699427152,37.54388283447883,0.6053583176511057,2.596876948884544,68.9574488979475,middle_third,36.77670415990902,14.131937165637504,106.50133173242634,22.64476699427152,37.54388283447883,0.6053583176511057,2.596876948884544,68.9574488979475,middle_third,36.77670415990902,14.131937165637504,106.50133173242634,22.64476699427152,37.54388283447883,0.6053583176511057,2.596876948884544,-16.4574488979475,-7.311667314737697,0.9946343,0.66,1,Netherlands,netherlands,Wales - Netherlands,netherlands,0,3,True,0,0,1,1,0,opponent_on_ball,0,2595481978,8.964999999999236,95.55,17.1236941107928,26.592551102052497,19.653010049116222,2.192192978150351
6,5706996,4419,2595319650,1,duel_regain,1H,286.795,0,opponent_on_ball,pass,2.2199999999999704,0.0049999999999954,France - England,2.0,2.0,0,0,0,0,0,4.586999999999989,4.586999999999989,3,0,0,0,0,6.8589999999999804,6.8589999999999804,4,0,0,0,0,6.8589999999999804,6.8589999999999804,4,0,0,0,0,6.8589999999999804,6.8589999999999804,4,0,0,0,0,57.05622891652287,middle_third,57.18035067922055,47.515342259467936,62.00590862745192,9.665008419752615,4.949679710929054,1.0,4.881317383713538,57.05622891652287,middle_third,57.18035067922055,42.50014032588434,64.9202909263326,14.680210353336214,8.785421063347187,0.6285172811308893,3.2193443757316245,57.05622891652287,middle_third,57.18035067922055,29.46202864101216,77.16854875540041,27.71832203820839,20.11231983887754,0.749737657038117,4.064270093578947,57.05622891652287,middle_third,57.18035067922055,29.46202864101216,77.16854875540041,27.71832203820839,20.11231983887754,0.749737657038117,4.064270093578947,57.05622891652287,middle_third,57.18035067922055,29.46202864101216,77.16854875540041,27.71832203820839,20.11231983887754,0.749737657038117,4.064270093578947,4.556228916522869,31.160669410232188,0.9942772,0.66,1,France,france,France - England,france,2,1,True,0,0,0,1,0,opponent_on_ball,0,2595319784,8.252999999999986,71.4,36.7799075583395,14.343771083477137,20.40044312088105,2.4718821181244497
6,5706996,4419,2595320134,0,duel_regain,1H,2301.727,0,opponent_on_ball,pass,2.305000000000291,0.0070000000000618,France - England,2.0,2.0,0,0,0,0,0,3.5650000000000546,3.5650000000000546,1,1,0,0,0,8.701000000000022,8.701000000000022,1,1,1,0,0,10.559999999999944,10.559999999999944,1,1,2,0,0,10.559999999999944,10.559999999999944,1,1,2,0,0,62.102465394575866,middle_third,42.96360678793731,31.923769537234893,76.17019323593024,11.039837250702416,14.067727841354376,1.0,5.575675379142583,62.102465394575866,middle_third,42.96360678793731,27.601393720143736,82.3979198661423,15.362213067793572,20.295454471566437,1.0,4.339608211240609,62.102465394575866,middle_third,42.96360678793731,13.894071045384305,100.40319117268368,29.069535742553008,38.30072577810781,0.9805306932002368,3.349024855132723,62.102465394575866,middle_third,42.96360678793731,9.461102119977266,100.65403908397298,33.50250466796004,39.87821535947992,0.9830631925068934,3.178605755973312,62.102465394575866,middle_third,42.96360678793731,9.461102119977266,100.65403908397298,33.50250466796004,39.87821535947992,0.9830631925068934,3.178605755973312,9.602465394575866,2.3818129659845866,0.9960563,0.66,1,France,france,France - England,france,2,1,True,0,0,1,1,0,opponent_on_ball,0,2595320288,11.233000000000175,99.75,13.318412067510152,37.647534605424134,29.645194720427156,2.6391164177358406
6,5706996,2414,2595320607,1,duel_regain,2H,2943.398,1,opponent_on_ball,pass,0.69399999999996,0.0019999999999527,France - England,0.7749999999996362,0.7749999999996362,2,0,0,0,0,3.9890000000000327,3.9890000000000327,4,0,0,0,0,3.9890000000000327,3.9890000000000327,4,0,0,0,0,3.9890000000000327,3.9890000000000327,4,0,0,0,0,3.9890000000000327,3.9890000000000327,4,0,0,0,0,45.01966660941227,middle_third,65.45461800686145,65.45461800686145,43.93684680724816,0.0,0.0,0.0,0.0,45.01966660941227,middle_third,65.45461800686145,44.481315962009795,73.15298496725636,20.973302044851657,28.13331835784409,0.8175138445281162,5.26967388061597,45.01966660941227,middle_third,65.45461800686145,44.481315962009795,73.15298496725636,20.973302044851657,28.13331835784409,0.8175138445281162,5.26967388061597,45.01966660941227,middle_third,65.45461800686145,44.481315962009795,73.15298496725636,20.973302044851657,28.13331835784409,0.8175138445281162,5.26967388061597,45.01966660941227,middle_third,65.45461800686145,44.481315962009795,73.15298496725636,20.973302044851657,28.13331835784409,0.8175138445281162,5.26967388061597,7.480333390587731,-26.204324543443157,0.98737216,0.66,1,England,england,France - England,france,2,1,False,0,0,0,0,0,opponent_on_ball,0,2595320319,7.364000000000033,79.8,35.132753948416855,34.78033339058773,30.321864058444596,4.117580670619835
6,5706996,4419,2595320538,0,duel_regain,2H,3686.384,0,opponent_on_ball,duel,1.2719999999999343,0.0039999999999054,France - England,1.2719999999999343,1.2719999999999343,0,0,1,0,0,4.429000000000087,4.429000000000087,2,0,1,0,0,8.20699999999988,8.20699999999988,2,1,1,0,0,13.661999999999807,13.661999999999807,3,1,2,0,0,13.661999999999807,13.661999999999807,3,1,2,0,0,64.31393890449718,middle_third,50.94615485403878,50.94615485403878,59.63502632835662,0.0,0.0,0.0,0.0,64.31393890449718,middle_third,50.94615485403878,34.85526688555657,82.95638155927104,16.090887968482214,18.64244265477386,0.6337753425930994,3.657019992836791,64.31393890449718,middle_third,50.94615485403878,15.705325624274062,99.46674844493066,35.24082922976472,36.26546247491703,0.7912373068278502,4.308169832489661,64.31393890449718,middle_third,50.94615485403878,7.8275438837842195,104.77190123239237,43.118610970254565,40.45796232789519,0.7930406602459381,3.1611884875553495,64.31393890449718,middle_third,50.94615485403878,7.8275438837842195,104.77190123239237,43.118610970254565,40.45796232789519,0.7930406602459381,3.1611884875553495,11.813938904497178,-30.66194917066936,0.9953994,0.66,1,France,france,France - England,france,2,1,True,0,0,1,1,0,window_end_20s,1,,13.661999999999807,104.77190123239237,9.484920233924342,40.45796232789519,41.46123462011444,3.0347851427400836
6,5706996,4419,2595320765,1,duel_regain,2H,4556.778,0,game_interruption,pass,1.7439999999996871,0.0019999999994979,France - England,1.7439999999996871,1.7439999999996871,1,0,0,0,0,3.5529999999998836,2.561999999999898,1,0,1,0,1,3.5529999999998836,2.561999999999898,1,0,1,0,1,3.5529999999998836,2.561999999999898,1,0,1,0,1,3.5529999999998836,2.561999999999898,1,0,1,0,1,101.45218989551115,attacking_third,17.991426734637027,4.498626666970604,100.60948790596052,13.492800067666424,0.0536015493597687,0.8406973623221254,7.754482797506358,101.45218989551115,attacking_third,17.991426734637027,3.2560817021843196,108.04343351756152,14.735345032452708,6.591243622050342,0.5540956953081414,4.186177566037182,101.45218989551115,attacking_third,17.991426734637027,3.2560817021843196,108.04343351756152,14.735345032452708,6.591243622050342,0.5540956953081414,4.186177566037182,101.45218989551115,attacking_third,17.991426734637027,3.2560817021843196,108.04343351756152,14.735345032452708,6.591243622050342,0.5540956953081414,4.186177566037182,101.45218989551115,attacking_third,17.991426734637027,3.2560817021843196,108.04343351756152,14.735345032452708,6.591243622050342,0.5540956953081414,4.186177566037182,48.952189895511175,17.63815408171442,0.96653,0.66,1,France,france,France - England,france,2,1,True,1,1,1,1,1,shot,0,2595320768,3.5529999999998836,97.65,8.406479643703417,-3.802189895511148,9.58494709093361,2.697705345041915
6,5706997,7337,2596380758,1,duel_regain,1H,111.687,0,opponent_on_ball,pass,1.786999999999992,0.0061330000000054,Norway - Finland,1.786999999999992,1.786999999999992,1,0,0,0,0,4.947999999999993,4.947999999999993,2,0,0,0,0,4.947999999999993,4.947999999999993,2,0,0,0,0,14.75500000000001,14.75500000000001,2,0,1,0,0,17.084999999999994,17.00613299999999,3,0,1,0,0,49.90837233397184,middle_third,64.04455162975187,54.41297527307525,56.51039236376125,9.631576356676618,6.602020029789408,1.0,5.410997953189108,49.90837233397184,middle_third,64.04455162975187,36.23368885297652,68.85102089377015,27.810862776775345,18.942648559798315,0.9899068950249026,5.629729307039546,49.90837233397184,middle_third,64.04455162975187,36.23368885297652,68.85102089377015,27.810862776775345,18.942648559798315,0.9899068950249026,5.629729307039546,49.90837233397184,middle_third,64.04455162975187,19.564242715026776,102.7775313188445,44.480308914725086,52.869158984872655,0.8105112738706794,3.017660034920292,49.90837233397184,middle_third,64.04455162975187,0.0431571879022361,105.24653095459338,64.00139444184963,55.33815862062154,0.8556371440739389,3.751547153684037,-2.5916276660281596,-32.65910523213506,0.9886645,0.66,1,Norway,norway,Norway - Finland,norway,2,1,True,0,0,1,1,0,opponent_on_ball,0,2596380843,17.962000000000003,99.75,5.632415112542754,49.84162766602816,58.41213651720911,3.2519839949453906
6,5706997,5048,2596382781,1,duel_regain,1H,291.213,1,opponent_on_ball,pass,1.2799999999999727,0.0001330000000052,Norway - Finland,1.954999999999984,1.954999999999984,2,0,0,0,0,2.6679999999999495,2.6679999999999495,2,1,0,0,0,5.460999999999956,5.460999999999956,3,1,0,0,0,5.460999999999956,5.460999999999956,3,1,0,0,0,5.460999999999956,5.460999999999956,3,1,0,0,0,32.18481175446425,defensive_third,77.87508646697997,71.8589340514924,33.80817233456153,6.016152415487568,5.2517989954799305,0.6281432210946377,3.1011094925193685,32.18481175446425,defensive_third,77.87508646697997,71.8589340514924,36.1369174758068,6.016152415487568,5.2517989954799305,0.5410085983396316,2.26171143439385,32.18481175446425,defensive_third,77.87508646697997,53.256358453955464,57.99298285236424,24.6187280130245,25.808171097899987,0.7957047208344822,4.508924544509999,32.18481175446425,defensive_third,77.87508646697997,53.256358453955464,57.99298285236424,24.6187280130245,25.808171097899987,0.7957047208344822,4.508924544509999,32.18481175446425,defensive_third,77.87508646697997,53.256358453955464,57.99298285236424,24.6187280130245,25.808171097899987,0.7957047208344822,4.508924544509999,20.31518824553575,27.61299427817994,0.9949115,0.66,1,Finland,finland,Norway - Finland,norway,2,1,False,0,0,0,0,0,opponent_on_ball,0,2596380780,6.770999999999958,73.5,36.12246392482107,41.31518824553575,41.752622542158896,6.166389387410892
6,5706997,5048,2596381114,1,interception,1H,1028.205,1,window_end,pass,4.4909999999999854,0.0081330000000434,Norway - Finland,2.0,2.0,0,0,0,0,0,4.4909999999999854,4.4909999999999854,1,0,0,0,0,6.747000000000071,6.747000000000071,2,0,0,0,0,11.273000000000138,11.273000000000138,2,0,0,0,0,11.273000000000138,11.273000000000138,2,0,0,0,0,45.68016825541496,middle_third,59.4730330384421,55.0646620964764,50.78777688306716,4.408370941965693,5.107608627652198,1.0,2.2264499706897234,45.68016825541496,middle_third,59.4730330384421,41.17628921608179,65.17506407999561,18.296743822360305,19.494895824580645,1.0,4.084094603205409,45.68016825541496,middle_third,59.4730330384421,22.296601626413818,85.94268275561615,37.17643141202828,40.262514500201185,1.0000000000000002,5.5322070553613285,45.68016825541496,middle_third,59.4730330384421,14.199287432856512,92.93014490116404,45.27374560558559,51.08594343330768,0.9336016645987256,4.0207589347766985,45.68016825541496,middle_third,59.4730330384421,14.199287432856512,92.93014490116404,45.27374560558559,51.08594343330768,0.9336016645987256,4.0207589347766985,6.819831744585038,-4.266054451802702,0.9944412,0.66,1,Finland,finland,Norway - Finland,norway,2,1,False,0,0,1,1,0,window_end_20s,1,,11.273000000000138,92.93014490116403,16.635637715500764,47.249976645749065,42.83739532294133,3.7999995851096253
6,5706997,7337,2596381211,1,duel_regain,1H,1479.695,0,opponent_on_ball,pass,2.191000000000031,0.0018669999999474,Norway - Finland,0.1490000000001146,0.1490000000001146,0,0,0,0,0,3.12700000000018,3.12700000000018,1,1,0,0,0,3.12700000000018,3.12700000000018,1,1,0,0,0,3.12700000000018,3.12700000000018,1,1,0,0,0,3.12700000000018,3.12700000000018,1,1,0,0,0,86.16479518090333,attacking_third,25.791371929029793,25.791371929029793,86.02135964052613,0.0,0.0,0.0,0.0,86.16479518090333,attacking_third,25.791371929029793,15.443345281001283,90.26885849415837,10.34802664802851,5.109791040406705,0.4812900638324067,3.3380731122671143,86.16479518090333,attacking_third,25.791371929029793,15.443345281001283,90.26885849415837,10.34802664802851,5.109791040406705,0.4812900638324067,3.3380731122671143,86.16479518090333,attacking_third,25.791371929029793,15.443345281001283,90.26885849415837,10.34802664802851,5.109791040406705,0.4812900638324067,3.3380731122671143,86.16479518090333,attacking_third,25.791371929029793,15.443345281001283,90.26885849415837,10.34802664802851,5.109791040406705,0.4812900638324067,3.3380731122671143,33.664795180903326,17.619021692597563,0.9779375,0.66,1,Norway,norway,Norway - Finland,norway,2,1,True,0,0,1,1,0,opponent_on_ball,0,2596381233,3.70900000000006,90.3,14.840875984927576,4.135204819096671,10.950495944102217,2.9524119558107413
6,5706997,7337,2596382801,1,duel_regain,1H,1518.398,0,opponent_on_ball,pass,1.8730000000000473,0.0048669999998764,Norway - Finland,1.8730000000000473,1.8730000000000473,1,0,0,0,0,3.699000000000069,3.699000000000069,1,0,1,0,0,3.699000000000069,3.699000000000069,1,0,1,0,0,3.699000000000069,3.699000000000069,1,0,1,0,0,3.699000000000069,3.699000000000069,1,0,1,0,0,59.39864443849287,middle_third,54.75808911181519,41.40804187606671,74.08382411256812,13.350047235748477,14.68517967407525,0.8566187154598356,7.255460454211452,59.39864443849287,middle_third,54.75808911181519,33.14324067569031,78.47074166111446,21.61484843612488,21.279019156890577,0.9063062755338072,5.873600118512094,59.39864443849287,middle_third,54.75808911181519,33.14324067569031,78.47074166111446,21.61484843612488,21.279019156890577,0.9063062755338072,5.873600118512094,59.39864443849287,middle_third,54.75808911181519,33.14324067569031,78.47074166111446,21.61484843612488,21.279019156890577,0.9063062755338072,5.873600118512094,59.39864443849287,middle_third,54.75808911181519,33.14324067569031,78.47074166111446,21.61484843612488,21.279019156890577,0.9063062755338072,5.873600118512094,6.898644438492873,30.31443046026918,0.994331,0.66,1,Norway,norway,Norway - Finland,norway,2,1,True,0,0,0,1,0,opponent_on_ball,0,2596381242,5.786000000000058,76.65,30.87944461935803,17.251355561507133,23.87864449245716,4.1269693211989145
6,5706997,7337,2596381255,1,interception,1H,1619.054,0,opponent_on_ball,pass,3.20699999999988,0.0008670000001984,Norway - Finland,2.0,2.0,0,0,0,0,0,4.06899999999996,4.06899999999996,1,1,0,0,0,4.06899999999996,4.06899999999996,1,1,0,0,0,4.06899999999996,4.06899999999996,1,1,0,0,0,4.06899999999996,4.06899999999996,1,1,0,0,0,59.258536541021186,middle_third,53.17745135938034,45.763420043090264,67.27651484369159,7.414031316290078,8.0179783026704,0.9773937962533008,3.74446026075296,59.258536541021186,middle_third,53.17745135938034,28.9561585415759,85.25912002735109,24.221292817804443,26.0005834863299,0.992970064966633,5.995369509357589,59.258536541021186,middle_third,53.17745135938034,28.9561585415759,85.25912002735109,24.221292817804443,26.0005834863299,0.992970064966633,5.995369509357589,59.258536541021186,middle_third,53.17745135938034,28.9561585415759,85.25912002735109,24.221292817804443,26.0005834863299,0.992970064966633,5.995369509357589,59.258536541021186,middle_third,53.17745135938034,28.9561585415759,85.25912002735109,24.221292817804443,26.0005834863299,0.992970064966633,5.995369509357589,6.758536541021186,-27.121206715597452,0.99183214,0.66,1,Norway,norway,Norway - Finland,norway,2,1,True,0,0,0,1,0,opponent_on_ball,0,2596381271,6.370999999999867,82.95,29.581766343475838,23.691463458978816,23.595685015904504,3.703607756381258
6,5706997,7337,2596381263,1,duel_regain,1H,1631.484,0,opponent_on_ball,pass,4.158000000000129,0.0091330000000198,Norway - Finland,0.1590000000001055,0.1590000000001055,0,0,0,0,0,4.158000000000129,4.158000000000129,1,0,0,0,0,7.4780000000000655,7.4780000000000655,3,0,0,0,0,7.4780000000000655,7.4780000000000655,3,0,0,0,0,7.4780000000000655,7.4780000000000655,3,0,0,0,0,90.49014257418855,attacking_third,29.038885144976973,29.038885144976973,90.79985410866666,0.0,0.3097115344781116,0.0,0.0,90.49014257418855,attacking_third,29.038885144976973,26.85483172376005,86.81558828500357,2.184053421216923,1.4404613412540923,0.1909567865086958,0.5275491355596306,90.49014257418855,attacking_third,29.038885144976973,4.857895054704003,99.15244007771406,24.18099009027297,12.30606259847778,0.6983937298803442,3.241419583146495,90.49014257418855,attacking_third,29.038885144976973,4.857895054704003,99.15244007771406,24.18099009027297,12.30606259847778,0.6983937298803442,3.241419583146495,90.49014257418855,attacking_third,29.038885144976973,4.857895054704003,99.15244007771406,24.18099009027297,12.30606259847778,0.6983937298803442,3.241419583146495,37.99014257418855,25.153943785136136,0.9723599,0.66,1,Norway,norway,Norway - Finland,norway,2,1,True,0,0,1,1,0,opponent_on_ball,0,2596381274,8.211000000000013,102.9,2.0999999999999943,12.409857425811452,26.93888514497698,3.280828783945553
6,5706997,5048,2596381280,1,duel_regain,1H,1659.832,1,opponent_on_ball,pass,1.40099999999984,0.0011329999999816,Norway - Finland,1.40099999999984,1.40099999999984,1,0,0,0,0,4.8159999999998035,4.8159999999998035,2,0,0,0,0,4.8159999999998035,4.8159999999998035,2,0,0,0,0,12.145999999999958,12.145999999999958,3,1,0,0,0,19.195999999999913,18.24113299999999,4,1,1,0,0,25.29115794769477,defensive_third,85.66330304719573,80.06584874773834,29.86833259189839,5.597454299457382,4.577174644203623,0.9157230461235094,4.056126303954972,25.29115794769477,defensive_third,85.66330304719573,67.35500383183044,37.94239216766964,18.30829921536528,12.651234219974867,0.970359127754234,3.814229003201136,25.29115794769477,defensive_third,85.66330304719573,67.35500383183044,37.94239216766964,18.30829921536528,12.651234219974867,0.970359127754234,3.814229003201136,25.29115794769477,defensive_third,85.66330304719573,33.32202985417798,76.41254310368693,52.34127319301775,51.12138515599216,0.9894282590373272,4.311472256426549,25.29115794769477,defensive_third,85.66330304719573,18.31222565324027,105.36565160934737,67.35107739395545,80.10723876955298,0.9372600525498072,3.5115264543251317,27.20884205230523,31.379961562059776,0.98085815,0.66,1,Finland,finland,Norway - Finland,norway,2,1,False,0,0,1,1,0,opponent_on_ball,0,2596381283,19.740999999999985,102.9,18.479707789897542,77.60884205230523,67.18359525729818,3.4032518746415192
6,5706997,5048,2596381704,1,duel_regain,2H,3300.375,1,opponent_on_ball,pass,1.4209999999998215,0.0075320000000829,Norway - Finland,1.4209999999998215,1.4209999999998215,1,0,0,0,0,3.4039999999999964,3.4039999999999964,2,0,0,0,0,7.177000000000135,7.177000000000135,2,0,0,0,0,11.577000000000226,11.577000000000226,3,0,0,0,0,11.577000000000226,11.577000000000226,3,0,0,0,0,46.33939821484492,middle_third,65.81728003622696,64.00715003917549,45.47410137459538,1.810129997051476,0.1647348496471181,0.9890004622635424,1.2929499978938277,46.33939821484492,middle_third,65.81728003622696,57.256304317301705,47.75216753043858,8.560975718925256,1.412769315593657,0.9976539117235504,2.5328330529367253,46.33939821484492,middle_third,65.81728003622696,46.251039706584294,64.14290213587914,19.566240329642667,17.80350392103422,0.9985567308843116,2.732715129838417,46.33939821484492,middle_third,65.81728003622696,11.253118355965256,94.87832532253702,54.564161680261705,48.5389271076921,0.9994819765280332,4.72008319033408,46.33939821484492,middle_third,65.81728003622696,11.253118355965256,94.87832532253702,54.564161680261705,48.5389271076921,0.9994819765280332,4.72008319033408,6.16060178515508,29.84707941441809,0.99521166,0.66,1,Finland,finland,Norway - Finland,norway,2,1,False,0,0,1,1,0,opponent_on_ball,0,2596381909,12.788000000000011,91.35,14.24671541092894,45.010601785155075,51.57056462529802,4.032731046707693
6,5706997,5048,2596381866,1,duel_regain,2H,3823.224,1,window_end,none,,0.0014680000003863,Norway - Finland,0.8019999999996799,0.8019999999996799,0,0,0,0,0,0.8019999999996799,0.8019999999996799,0,0,0,0,0,9.753999999999904,9.753999999999904,1,1,0,0,0,12.616999999999734,12.616999999999734,2,1,0,0,0,12.616999999999734,12.616999999999734,2,1,0,0,0,39.14047849940725,middle_third,66.05341469364431,65.24277810291488,40.24725299986834,0.8106365907294304,1.1067745004610856,0.8053067399377801,1.039277680422686,39.14047849940725,middle_third,66.05341469364431,65.24277810291488,40.24725299986834,0.8106365907294304,1.1067745004610856,0.8053067399377801,1.039277680422686,39.14047849940725,middle_third,66.05341469364431,31.592530551863167,87.39610833805409,34.46088414178115,48.25562983864684,0.9847226356333753,3.545358450800603,39.14047849940725,middle_third,66.05341469364431,5.015608907013937,100.42573581706932,61.03780578663038,61.28525731766207,0.9913169054357132,4.8519718431343986,39.14047849940725,middle_third,66.05341469364431,5.015608907013937,100.42573581706932,61.03780578663038,61.28525731766207,0.9913169054357132,4.8519718431343986,13.359521500592749,-5.057372875664726,0.9909887,0.66,1,Finland,finland,Norway - Finland,norway,2,1,False,0,0,1,1,0,window_end_20s,1,,12.616999999999734,100.46720213160746,4.868379800559231,61.32672363220021,61.18503489308508,4.849412292390138
6,5706997,7337,2596382233,1,interception,2H,4615.491,0,opponent_on_ball,pass,2.0140000000001237,0.0084679999999934,Norway - Finland,2.0,2.0,0,0,0,0,0,4.125,4.125,2,1,0,0,0,9.011000000000422,9.011000000000422,3,1,0,0,0,9.011000000000422,9.011000000000422,3,1,0,0,0,9.011000000000422,9.011000000000422,3,1,0,0,0,45.2678482831238,middle_third,66.11208140907911,58.87164678839147,49.54276730474124,7.240434620687637,4.274919021617443,0.9465778764898282,3.656785161964259,45.2678482831238,middle_third,66.11208140907911,39.110164015571705,71.08829490748353,27.001917393507405,25.820446624359732,0.9850922624953592,6.585833510612439,45.2678482831238,middle_third,66.11208140907911,10.43995881530573,99.21581503456696,55.67212259377338,56.1184002211985,0.9789252255148334,6.19956821756972,45.2678482831238,middle_third,66.11208140907911,10.43995881530573,99.21581503456696,55.67212259377338,56.1184002211985,0.9789252255148334,6.19956821756972,45.2678482831238,middle_third,66.11208140907911,10.43995881530573,99.21581503456696,55.67212259377338,56.1184002211985,0.9789252255148334,6.19956821756972,-7.232151716876203,-28.3350906035747,0.99908185,0.66,1,Norway,norway,Norway - Finland,norway,2,1,True,0,0,1,1,0,opponent_on_ball,0,2596382007,10.212999999999738,97.65,9.144183943906636,52.38215171687621,56.96789746517247,5.57797879811749
6,5706998,6698,2596705568,1,interception,1H,339.051,0,opponent_on_ball,none,,0.0090000000000145,Switzerland - Iceland,2.0,2.0,0,0,0,0,0,5.0,5.0,0,0,0,0,0,9.023000000000025,9.023000000000025,3,0,0,0,0,9.023000000000025,9.023000000000025,3,0,0,0,0,9.023000000000025,9.023000000000025,3,0,0,0,0,22.654894230763485,defensive_third,83.08444916409644,81.27945758374867,24.708535665530466,1.8049915803477743,2.0536414347669805,0.9994089166540882,0.9116119092665445,22.654894230763485,defensive_third,83.08444916409644,63.964588139451415,42.780629082317745,19.119861024645022,20.12573485155426,0.9999441694758918,3.839329523021075,22.654894230763485,defensive_third,83.08444916409644,44.56433431917803,68.23937318845766,38.52011484491841,45.584478957694174,0.764366054607705,4.28001276054649,22.654894230763485,defensive_third,83.08444916409644,44.56433431917803,68.23937318845766,38.52011484491841,45.584478957694174,0.764366054607705,4.28001276054649,22.654894230763485,defensive_third,83.08444916409644,44.56433431917803,68.23937318845766,38.52011484491841,45.584478957694174,0.764366054607705,4.28001276054649,-29.845105769236515,-11.059351190489306,0.99076873,0.66,1,Switzerland,switzerland,Switzerland - Iceland,switzerland,2,0,True,0,0,0,0,0,opponent_on_ball,0,2596705607,11.661000000000001,73.5,41.177183002240454,50.84510576923651,41.907266161855986,3.5937969438175097
6,5706998,7840,2596705652,1,duel_regain,1H,547.197,1,opponent_on_ball,pass,3.7350000000000136,0.0030000000000427,Switzerland - Iceland,0.0099999999999909,0.0099999999999909,0,0,0,0,0,3.7350000000000136,3.7350000000000136,1,0,0,0,0,3.7350000000000136,3.7350000000000136,1,0,0,0,0,3.7350000000000136,3.7350000000000136,1,0,0,0,0,3.7350000000000136,3.7350000000000136,1,0,0,0,0,,,,,,,,,,36.41463110187624,middle_third,68.61163824497541,36.33843469454716,70.12665092421636,32.27320355042825,33.712019822340125,0.9757381192208676,8.67559235226586,36.41463110187624,middle_third,68.61163824497541,36.33843469454716,70.12665092421636,32.27320355042825,33.712019822340125,0.9757381192208676,8.67559235226586,36.41463110187624,middle_third,68.61163824497541,36.33843469454716,70.12665092421636,32.27320355042825,33.712019822340125,0.9757381192208676,8.67559235226586,36.41463110187624,middle_third,68.61163824497541,36.33843469454716,70.12665092421636,32.27320355042825,33.712019822340125,0.9757381192208676,8.67559235226586,16.08536889812376,1.8984403513542103,0.7420215,0.66,1,Iceland,iceland,Switzerland - Iceland,switzerland,2,0,False,0,0,0,0,0,opponent_on_ball,0,2596705655,8.705000000000041,91.35,21.275923011705043,54.935368898123755,47.33571523327036,5.437761658043669
6,5706998,6698,2596707568,1,duel_regain,1H,943.136,0,opponent_on_ball,interception,2.6299999999999955,0.004000000000019,Switzerland - Iceland,2.0,2.0,0,0,0,0,0,4.391000000000076,4.391000000000076,1,0,0,0,0,8.504999999999995,8.504999999999995,2,0,2,0,0,13.066000000000033,13.066000000000033,4,0,2,0,0,16.827999999999975,16.827999999999975,5,0,2,0,0,22.54387609107619,defensive_third,84.49247560214627,73.20063243082421,35.702921877496514,11.291843171322055,13.159045786420323,1.0,5.702951096627249,22.54387609107619,defensive_third,84.49247560214627,60.9926101827792,49.38058494325625,23.49986541936707,26.836708852180063,0.8546174127826366,5.365266077481071,22.54387609107619,defensive_third,84.49247560214627,53.94066124709275,52.16678842362154,30.551814355053516,31.664338517513176,0.8377835834111682,3.5943311005945313,22.54387609107619,defensive_third,84.49247560214627,34.52293868236794,77.18347654144624,49.96953691977833,54.639600450370054,0.8941469145760181,3.8261513721116462,22.54387609107619,defensive_third,84.49247560214627,16.197580053022392,90.7927406378591,68.29489554912388,68.24886454678291,0.9202860115293102,4.060338617664904,-29.95612390892381,-18.43816865351566,0.99642086,0.66,1,Switzerland,switzerland,Switzerland - Iceland,switzerland,2,0,True,0,0,1,1,0,opponent_on_ball,0,2596705736,19.370000000000005,91.35,16.26247521135698,68.80612390892381,68.23000039078929,3.522457428538424
6,5706998,7840,2596706065,1,interception,1H,2487.268,1,opponent_on_ball,pass,1.3800000000001091,0.0079999999998108,Switzerland - Iceland,1.3800000000001091,1.3800000000001091,1,0,0,0,0,3.621999999999843,3.621999999999843,1,1,0,0,0,6.846999999999753,6.846999999999753,1,1,1,0,0,6.846999999999753,6.846999999999753,1,1,1,0,0,6.846999999999753,6.846999999999753,1,1,1,0,0,62.20979857380979,middle_third,43.83210540073499,35.43386624652114,71.03808050546806,8.398239154213854,8.828281931658267,0.9998464286446912,6.175175848688144,62.20979857380979,middle_third,43.83210540073499,28.17478564598611,80.5388192415425,15.657319754748888,18.329020667732703,0.93088126308397,4.349255487430356,62.20979857380979,middle_third,43.83210540073499,12.445017495296788,97.02515147767036,31.387087905438207,34.81535290386056,0.964283203172078,4.602212302850373,62.20979857380979,middle_third,43.83210540073499,12.445017495296788,97.02515147767036,31.387087905438207,34.81535290386056,0.964283203172078,4.602212302850373,62.20979857380979,middle_third,43.83210540073499,12.445017495296788,97.02515147767036,31.387087905438207,34.81535290386056,0.964283203172078,4.602212302850373,-9.709798573809792,-9.500111881826015,0.9995766,0.66,1,Iceland,iceland,Switzerland - Iceland,switzerland,2,0,False,0,0,1,1,0,window_end_20s,1,,6.846999999999753,97.10478446803678,12.390262100900692,34.89498589422699,31.441843299834296,4.592061238474577
6,5706998,6698,2596706117,1,duel_regain,1H,2635.438,0,window_end,pass,2.705999999999676,0.0019999999999527,Switzerland - Iceland,0.1159999999999854,0.1159999999999854,0,0,0,0,0,2.705999999999676,2.705999999999676,1,0,0,0,0,9.268999999999778,9.268999999999778,2,0,1,0,0,14.561999999999898,13.942000000000007,2,0,1,0,1,14.561999999999898,13.942000000000007,2,0,1,0,1,18.084585798684913,defensive_third,90.8628904683027,90.8628904683027,17.72506665515389,0.0,0.0,0.0,0.0,18.084585798684913,defensive_third,90.8628904683027,85.24744684545726,22.105300173065924,5.615443622845433,4.020714374381011,0.5870976682408178,2.0797939343873377,18.084585798684913,defensive_third,90.8628904683027,14.719093069751109,99.6846434693114,76.14379739855158,81.6000576706265,0.8541779022606275,8.222872289260641,18.084585798684913,defensive_third,90.8628904683027,14.719093069751109,77.96940569490397,76.14379739855158,81.85983459656555,0.5243369807371508,5.229656414735706,18.084585798684913,defensive_third,90.8628904683027,14.719093069751109,77.96940569490397,76.14379739855158,81.85983459656555,0.5243369807371508,5.229656414735706,-34.41541420131509,-26.491048270474437,0.9867236,0.66,1,Switzerland,switzerland,Switzerland - Iceland,switzerland,2,0,True,1,1,1,1,1,shot,0,2596706123,14.561999999999898,79.8,26.101340961720727,61.715414201315085,64.76154950658197,4.44729772741261
6,5706998,7840,2596706773,1,duel_regain,2H,4639.521,1,window_end,pass,1.1520000000000437,0.0009999999992942,Switzerland - Iceland,1.1520000000000437,1.1520000000000437,1,0,0,0,0,3.3100000000004,3.3100000000004,1,0,1,0,0,9.347000000000662,7.819000000000415,4,0,1,0,0,13.095000000000256,11.195000000000618,5,0,1,0,0,19.01299999999992,17.113000000000284,7,1,1,0,0,27.179050033581237,defensive_third,83.83325700907936,80.57717097899881,30.904775342307023,3.256086030080553,3.7257253087257887,1.0,2.9072196697150625,27.179050033581237,defensive_third,83.83325700907936,72.81774868073134,39.42284283252344,11.01550832834802,12.2437927989422,1.0,3.3789902847691047,27.179050033581237,defensive_third,83.83325700907936,10.906093083846825,105.96953111319954,72.92716392523253,81.7477963481306,0.9904532808601252,7.841630529594743,27.179050033581237,defensive_third,83.83325700907936,6.290158580336323,100.71648725736524,77.54309842874304,81.7477963481306,0.9910164664112744,5.937450109398213,27.179050033581237,defensive_third,83.83325700907936,5.730602469662925,100.12025424275966,78.10265453941643,81.7477963481306,0.9907164087014476,4.114997604816359,25.320949966418763,31.175546941064223,0.99783957,0.66,1,Iceland,iceland,Switzerland - Iceland,switzerland,2,0,False,0,0,1,1,0,window_end_20s,1,,19.01299999999992,100.12046522728596,5.750351401346902,72.94141519370473,78.08290560773246,4.106816683728648
6,5706998,7840,2596706797,1,interception,2H,4719.888,1,opponent_on_ball,pass,1.337999999999738,0.0079999999998108,Switzerland - Iceland,1.337999999999738,1.337999999999738,1,0,0,0,0,4.9890000000004875,4.9890000000004875,2,0,0,0,0,4.9890000000004875,4.9890000000004875,2,0,0,0,0,4.9890000000004875,4.9890000000004875,2,0,0,0,0,4.9890000000004875,4.9890000000004875,2,0,0,0,0,92.67188288351322,attacking_third,20.055743058854823,3.488869434506678,102.5024117918466,16.566873624348148,10.541869467899588,0.9458889269493974,12.743748941804483,92.67188288351322,attacking_third,20.055743058854823,3.488869434506678,101.84931576749624,16.566873624348148,10.541869467899588,0.8722167857265426,3.3672507366560778,92.67188288351322,attacking_third,20.055743058854823,3.488869434506678,101.84931576749624,16.566873624348148,10.541869467899588,0.8722167857265426,3.3672507366560778,92.67188288351322,attacking_third,20.055743058854823,3.488869434506678,101.84931576749624,16.566873624348148,10.541869467899588,0.8722167857265426,3.3672507366560778,92.67188288351322,attacking_third,20.055743058854823,3.488869434506678,101.84931576749624,16.566873624348148,10.541869467899588,0.8722167857265426,3.3672507366560778,-40.17188288351322,-15.81930333500781,0.9444119,0.66,1,Iceland,iceland,Switzerland - Iceland,switzerland,2,0,False,0,0,1,1,0,opponent_on_ball,0,2596706709,7.324000000000524,76.65,34.534054207405184,-16.021882883513214,-14.478311148550361,0.0
6,5706998,6698,2596706782,1,duel_regain,2H,4950.844,0,opponent_on_ball,touch,3.506999999999607,0.0039999999999054,Switzerland - Iceland,2.0,2.0,0,0,0,0,0,3.506999999999607,3.506999999999607,0,1,0,0,0,9.592999999999847,9.592999999999847,1,2,0,0,0,9.592999999999847,9.592999999999847,1,2,0,0,0,9.592999999999847,9.592999999999847,1,2,0,0,0,36.36750608375297,middle_third,75.39790575616563,68.33793428836285,44.81518783123264,7.059971467802782,8.44768174747967,1.0,3.6020262590829852,36.36750608375297,middle_third,75.39790575616563,61.984244140804186,51.74921878293581,13.41366161536144,15.381712699182842,1.0,3.876780813688237,36.36750608375297,middle_third,75.39790575616563,18.515326953583667,86.48820591949509,56.88257880258196,50.12069983574211,0.9999999999999998,5.962534465679473,36.36750608375297,middle_third,75.39790575616563,18.515326953583667,86.48820591949509,56.88257880258196,50.12069983574211,0.9999999999999998,5.962534465679473,36.36750608375297,middle_third,75.39790575616563,18.515326953583667,86.48820591949509,56.88257880258196,50.12069983574211,0.9999999999999998,5.962534465679473,-16.13249391624703,31.215780804778035,0.99929357,0.66,1,Switzerland,switzerland,Switzerland - Iceland,switzerland,2,0,True,0,0,1,1,0,opponent_on_ball,0,2596706870,10.09900000000016,38.849999999999994,66.83152624323344,2.482493916247023,8.566379512932187,0.8482403716142243
6,5706999,1599,2597685003,1,interception,1H,163.601,0,game_interruption,pass,1.4840000000000089,0.0071499999999957,Spain - Belgium,1.4840000000000089,1.4840000000000089,1,0,0,0,0,4.822000000000003,4.822000000000003,2,0,1,0,0,8.812000000000012,8.812000000000012,3,1,1,0,0,8.812000000000012,8.812000000000012,3,1,1,0,0,8.812000000000012,8.812000000000012,3,1,1,0,0,18.64126325523899,defensive_third,86.49193793398754,77.30525794307283,27.86789840675872,9.186679990914712,9.22663515151973,1.0,6.292246569119631,18.64126325523899,defensive_third,86.49193793398754,67.11071004349094,40.8294615525526,19.381227890496604,22.188198297313612,0.9131817406070328,4.037755810520117,18.64126325523899,defensive_third,86.49193793398754,42.28505127183536,62.99640306689115,44.206886662152186,44.35513981165216,0.9599861640544772,5.023509847971833,18.64126325523899,defensive_third,86.49193793398754,42.28505127183536,62.99640306689115,44.206886662152186,44.35513981165216,0.9599861640544772,5.023509847971833,18.64126325523899,defensive_third,86.49193793398754,42.28505127183536,62.99640306689115,44.206886662152186,44.35513981165216,0.9599861640544772,5.023509847971833,-33.85873674476101,-4.798324231001509,0.9977518,0.66,1,Spain,spain,Spain - Belgium,spain,6,2,True,0,0,0,0,0,game_interruption,0,2597685052,15.004999999999995,85.05,39.42083839798439,66.408736744761,47.07109953600315,3.137027626524703
6,5706999,1599,2597685078,1,interception,1H,496.777,0,opponent_on_ball,pass,3.052000000000021,0.0088499999999953,Spain - Belgium,2.0,2.0,0,0,0,0,0,4.703000000000031,4.703000000000031,2,0,0,0,0,7.6650000000000205,7.6650000000000205,2,0,0,0,1,7.6650000000000205,7.6650000000000205,2,0,0,0,1,7.6650000000000205,7.6650000000000205,2,0,0,0,1,84.73565201718309,attacking_third,36.0587246730952,26.932041846496524,88.52209932161554,9.126682826598676,3.786447304432457,0.9982028251707784,4.609435771009389,84.73565201718309,attacking_third,36.0587246730952,11.261188967793304,95.07307105111543,24.797535705301897,15.103148055288742,0.998203169438655,5.298618740449116,84.73565201718309,attacking_third,36.0587246730952,7.754736479460154,94.21326784895258,28.30398819363505,15.103148055288742,0.6945740965894948,3.704710496549069,84.73565201718309,attacking_third,36.0587246730952,7.754736479460154,94.21326784895258,28.30398819363505,15.103148055288742,0.6945740965894948,3.704710496549069,84.73565201718309,attacking_third,36.0587246730952,7.754736479460154,94.21326784895258,28.30398819363505,15.103148055288742,0.6945740965894948,3.704710496549069,32.235652017183085,29.825958926435007,0.999092,0.66,1,Spain,spain,Spain - Belgium,spain,6,2,True,1,1,1,1,1,shot,0,2597685081,7.6650000000000205,90.3,15.674297432421017,5.564347982816912,20.38442724067418,2.659416469755268
6,5706999,5630,2597685287,1,interception,1H,869.808,1,opponent_on_ball,pass,2.4629999999999654,0.0001499999999623,Spain - Belgium,2.0,2.0,0,0,0,0,0,2.4629999999999654,2.4629999999999654,1,0,0,0,0,7.460000000000036,7.460000000000036,1,0,1,0,0,12.04600000000005,12.04600000000005,2,0,1,0,0,12.04600000000005,12.04600000000005,2,0,1,0,0,16.26800778508199,defensive_third,88.79006497942343,79.75713062029136,25.34298686593992,9.03293435913207,9.07497908085793,1.0,4.562088060167671,16.26800778508199,defensive_third,88.79006497942343,76.77395973897646,28.520076711211743,12.016105240446976,12.252068926129752,1.0,4.884595626197886,16.26800778508199,defensive_third,88.79006497942343,62.007212523070265,48.65651158785429,26.78285245635317,32.3885038027723,1.0,3.5998457602624963,16.26800778508199,defensive_third,88.79006497942343,34.87910875554757,72.91928552705632,53.910956223875864,56.651277741974326,0.9899263708765936,4.477654171418233,16.26800778508199,defensive_third,88.79006497942343,34.87910875554757,72.91928552705632,53.910956223875864,56.651277741974326,0.9899263708765936,4.477654171418233,36.23199221491801,-3.2107937682085748,0.99578553,0.66,1,Belgium,belgium,Spain - Belgium,spain,6,2,False,0,0,0,1,0,opponent_on_ball,0,2597685195,17.966999999999985,94.5,11.03675676999362,78.23199221491801,77.75330820942982,4.327562097703004
6,5706999,1599,2597685417,1,duel_regain,1H,1770.103,0,opponent_on_ball,pass,3.20699999999988,0.0051499999999577,Spain - Belgium,0.3260000000000218,0.3260000000000218,0,0,0,0,0,3.20699999999988,3.106999999999971,1,0,0,0,0,3.20699999999988,3.106999999999971,1,0,0,0,0,3.20699999999988,3.106999999999971,1,0,0,0,0,3.20699999999988,3.106999999999971,1,0,0,0,0,94.06063215017288,attacking_third,32.50447987333588,31.6112854236147,96.03512193197142,0.8931944497211823,1.9744897817985247,1.0,2.79123265537925,94.06063215017288,attacking_third,32.50447987333588,16.42028315512517,103.39556132282694,16.084196718210713,11.016563701059994,1.0,5.026311474440776,94.06063215017288,attacking_third,32.50447987333588,16.42028315512517,103.39556132282694,16.084196718210713,11.016563701059994,1.0,5.026311474440776,94.06063215017288,attacking_third,32.50447987333588,16.42028315512517,103.39556132282694,16.084196718210713,11.016563701059994,1.0,5.026311474440776,94.06063215017288,attacking_third,32.50447987333588,16.42028315512517,103.39556132282694,16.084196718210713,11.016563701059994,1.0,5.026311474440776,41.56063215017289,-30.60835576900965,0.98831123,0.66,1,Spain,spain,Spain - Belgium,spain,6,2,True,0,0,1,1,0,opponent_on_ball,0,2597685546,8.67899999999986,93.45,12.76699259810234,-0.6106321501728758,19.73748727523354,2.2741660646657285
6,5706999,1599,2597685525,1,duel_regain,1H,2067.515,0,opponent_on_ball,touch,0.0790000000001782,0.0068499999997584,Spain - Belgium,1.7020000000002256,1.7020000000002256,0,2,0,0,0,1.7020000000002256,1.7020000000002256,0,2,0,0,0,7.149000000000342,7.149000000000342,0,2,0,0,1,7.149000000000342,7.149000000000342,0,2,0,0,1,7.149000000000342,7.149000000000342,0,2,0,0,1,56.83261640638955,middle_third,50.85509010189359,46.54129305729619,60.46336107951678,4.3137970445974005,3.630744673127232,0.9986040687816332,2.5677363360701313,56.83261640638955,middle_third,50.85509010189359,46.54129305729619,60.46336107951678,4.3137970445974005,3.630744673127232,0.9986040687816332,2.5677363360701313,56.83261640638955,middle_third,50.85509010189359,19.626397523361987,81.12839331167706,31.2286925785316,29.34961992446981,0.858212830186533,4.386052328445516,56.83261640638955,middle_third,50.85509010189359,19.626397523361987,81.12839331167706,31.2286925785316,29.34961992446981,0.858212830186533,4.386052328445516,56.83261640638955,middle_third,50.85509010189359,19.626397523361987,81.12839331167706,31.2286925785316,29.34961992446981,0.858212830186533,4.386052328445516,4.332616406389548,-16.313900423188258,0.98010236,0.66,1,Spain,spain,Spain - Belgium,spain,6,2,True,1,1,1,1,1,shot,0,2597685528,7.149000000000342,74.55,30.722123950013614,17.71738359361045,20.132966151879973,2.8161933349949657
6,5706999,5630,2597685710,1,interception,1H,2075.026,1,opponent_on_ball,duel,3.845000000000254,0.0021500000002561,Spain - Belgium,2.0,2.0,0,0,0,0,0,3.845000000000254,3.845000000000254,0,0,1,0,0,9.715000000000146,9.715000000000146,0,0,2,0,0,13.562000000000353,13.562000000000353,1,0,2,0,0,13.562000000000353,13.562000000000353,1,0,2,0,0,26.11655966981371,defensive_third,79.19715473364805,74.32006899143214,31.38784252907209,4.877085742215911,5.271282859258378,0.988365804341649,2.4631746172807407,26.11655966981371,defensive_third,79.19715473364805,65.46413709101772,42.11545862591045,13.73301764263033,15.998898956096738,0.9958370485651902,3.5763066777686032,26.11655966981371,defensive_third,79.19715473364805,51.63149991740828,64.08743952128481,27.56565481623977,37.970879851471096,0.9972613438483058,2.8418200841484835,26.11655966981371,defensive_third,79.19715473364805,29.73229612661204,87.49987249803158,49.46485860703601,61.38331282821787,0.9980941293016642,3.653239188111975,26.11655966981371,defensive_third,79.19715473364805,29.73229612661204,87.49987249803158,49.46485860703601,61.38331282821787,0.9980941293016642,3.653239188111975,26.38344033018629,7.042170090201509,0.9972,0.66,1,Belgium,belgium,Spain - Belgium,spain,6,2,False,0,0,0,1,0,opponent_on_ball,0,2597685533,16.971000000000004,97.65,15.459058832930289,71.5334403301863,63.73809590071776,3.7557065523963082
6,5706999,5630,2597685813,1,interception,1H,2637.185,1,game_interruption,none,,0.003150000000005,Spain - Belgium,2.0,2.0,0,0,0,0,0,5.0,5.0,0,0,0,0,0,9.740999999999984,9.740999999999984,0,0,0,0,0,11.11999999999989,11.11999999999989,0,0,1,0,0,11.11999999999989,11.11999999999989,0,0,1,0,0,7.791428979891393,defensive_third,98.05020941822708,98.05020941822708,6.849477849271466,0.0,0.0,0.0,0.0,7.791428979891393,defensive_third,98.05020941822708,43.6142875001122,69.90106842252908,54.435921918114886,62.109639442637686,0.876612689081446,10.93090801568568,7.791428979891393,defensive_third,98.05020941822708,28.943799773707457,87.50398323024373,69.10640964451963,80.23462525279739,0.9001920424555416,7.109712926390722,7.791428979891393,defensive_third,98.05020941822708,17.404242268549375,86.28520566614276,80.64596714967772,81.13135160766944,0.8757207468400826,7.265402445916971,7.791428979891393,defensive_third,98.05020941822708,17.404242268549375,86.28520566614276,80.64596714967772,81.13135160766944,0.8757207468400826,7.265402445916971,44.70857102010861,12.819410563153347,0.98386854,0.66,1,Belgium,belgium,Spain - Belgium,spain,6,2,False,0,0,1,1,0,game_interruption,0,2597685815,14.566000000000258,8.4,101.33074558099332,0.6085710201086076,-3.2805361627662393,0.0
6,5706999,5630,2597686382,1,duel_regain,2H,4118.198,1,opponent_on_ball,pass,1.2599999999993088,0.0029599999998026,Spain - Belgium,1.2599999999993088,1.2599999999993088,1,0,0,0,0,3.4989999999997963,3.4989999999997963,2,0,0,0,0,3.4989999999997963,3.4989999999997963,2,0,0,0,0,3.4989999999997963,3.4989999999997963,2,0,0,0,0,3.4989999999997963,3.4989999999997963,2,0,0,0,0,41.966870625230186,middle_third,63.39507164755197,63.39507164755197,40.16543699534519,0.0,0.0,0.0,0.0,41.966870625230186,middle_third,63.39507164755197,45.90469112381196,61.364830208219864,17.490380523740015,19.39795958298968,0.8038918852884428,5.025971414868451,41.966870625230186,middle_third,63.39507164755197,45.90469112381196,61.364830208219864,17.490380523740015,19.39795958298968,0.8038918852884428,5.025971414868451,41.966870625230186,middle_third,63.39507164755197,45.90469112381196,61.364830208219864,17.490380523740015,19.39795958298968,0.8038918852884428,5.025971414868451,41.966870625230186,middle_third,63.39507164755197,45.90469112381196,61.364830208219864,17.490380523740015,19.39795958298968,0.8038918852884428,5.025971414868451,10.533129374769814,6.764592406182189,0.9294213,0.66,1,Belgium,belgium,Spain - Belgium,spain,6,2,False,0,0,0,0,0,opponent_on_ball,0,2597686028,4.791999999999462,63.0,45.5695336820556,21.033129374769814,17.825537965496373,3.719853498643234
6,5706999,1599,2597686161,1,interception,2H,4518.538,0,game_interruption,pass,1.9760000000005675,0.0029600000007121,Spain - Belgium,1.9760000000005675,1.9760000000005675,1,0,0,0,0,3.8690000000005966,3.8690000000005966,1,0,1,0,1,3.8690000000005966,3.8690000000005966,1,0,1,0,1,3.8690000000005966,3.8690000000005966,1,0,1,0,1,3.8690000000005966,3.8690000000005966,1,0,1,0,1,79.60018552425028,attacking_third,26.866082925835492,22.88684963891966,84.1209108745379,3.979233286915832,4.52072535028762,0.7556506604859661,2.0302210647529377,79.60018552425028,attacking_third,26.866082925835492,2.7566547933285026,104.27824995936734,24.10942813250699,24.678064435117065,0.9309721422015658,6.245965837437574,79.60018552425028,attacking_third,26.866082925835492,2.7566547933285026,104.27824995936734,24.10942813250699,24.678064435117065,0.9309721422015658,6.245965837437574,79.60018552425028,attacking_third,26.866082925835492,2.7566547933285026,104.27824995936734,24.10942813250699,24.678064435117065,0.9309721422015658,6.245965837437574,79.60018552425028,attacking_third,26.866082925835492,2.7566547933285026,104.27824995936734,24.10942813250699,24.678064435117065,0.9309721422015658,6.245965837437574,27.10018552425028,8.754189646984145,0.9991511,0.66,1,Spain,spain,Spain - Belgium,spain,6,2,True,1,1,1,1,1,shot,0,2597686164,3.8690000000005966,82.95,26.64590212396645,3.3498144757497244,0.22018080186904143,0.05690896920884143
6,5706999,5630,2597686464,1,duel_regain,2H,4592.97,1,opponent_on_ball,pass,1.2299999999995634,0.0090399999999135,Spain - Belgium,1.2299999999995634,1.2299999999995634,1,0,0,0,0,2.2849999999998545,2.2849999999998545,2,0,0,0,0,9.364999999999782,9.364999999999782,3,0,0,0,0,11.684000000000196,11.684000000000196,4,0,0,0,0,11.684000000000196,11.684000000000196,4,0,0,0,0,45.70541470529192,middle_third,60.668070582801185,52.88160575679694,52.94590258772102,7.786464826004249,7.2404878824291,1.0,6.488720688337858,45.70541470529192,middle_third,60.668070582801185,44.46822443961779,64.3708044902015,16.199846143183393,18.66538978490957,1.0,7.168073514682225,45.70541470529192,middle_third,60.668070582801185,25.720068953387926,85.51266229252121,34.948001629413255,45.87292732987198,0.9932468075773698,3.741756063106286,45.70541470529192,middle_third,60.668070582801185,10.231923566763564,93.6791009132584,50.43614701603762,49.06353349623912,0.972093008385313,4.32557006998579,45.70541470529192,middle_third,60.668070582801185,10.231923566763564,93.6791009132584,50.43614701603762,49.06353349623912,0.972093008385313,4.32557006998579,6.794585294708078,-12.836157640366324,0.99536264,0.66,1,Belgium,belgium,Spain - Belgium,spain,6,2,False,0,0,1,1,0,opponent_on_ball,0,2597686178,12.947000000000116,90.3,14.715719486318028,44.594585294708075,45.952351096483156,3.549266323973333
6,5707000,3758,2597804352,1,duel_regain,1H,336.749,1,window_end,pass,1.2930000000000064,0.0090000000000145,Portugal - Italy,1.2930000000000064,1.2930000000000064,1,0,0,0,0,4.005999999999972,4.005999999999972,2,0,0,0,0,8.70399999999995,8.70399999999995,3,0,0,0,0,8.70399999999995,8.70399999999995,3,0,0,0,0,17.313999999999965,17.313999999999965,5,0,0,0,0,24.9017603105346,defensive_third,84.99740354000167,84.99740354000167,22.77649695661887,0.0,0.0,0.0,0.0,24.9017603105346,defensive_third,84.99740354000167,81.63525061798241,24.09256233468706,3.3621529220192627,0.7579848025144003,0.3200190377442167,0.8447620407083536,24.9017603105346,defensive_third,84.99740354000167,62.935247900654026,46.0015072720167,22.062155639347644,21.099746961482104,0.755395326307402,2.5417229999248416,24.9017603105346,defensive_third,84.99740354000167,62.935247900654026,46.0015072720167,22.062155639347644,21.099746961482104,0.755395326307402,2.5417229999248416,24.9017603105346,defensive_third,84.99740354000167,30.979489011448756,97.25401440041752,54.017914528552915,72.35225408988293,0.8760174237544478,3.1224228051186635,27.5982396894654,28.43994738375646,0.9526279,0.66,1,Italy,italy,Portugal - Italy,draw,1,1,False,0,0,0,1,0,window_end_20s,1,,17.313999999999965,97.25401440041753,30.979489011448756,72.35225408988293,54.017914528552915,3.119898032144682
6,5707000,9906,2597804288,1,interception,1H,635.634,0,opponent_on_ball,touch,3.2450000000000045,0.0059999999999718,Portugal - Italy,2.0,2.0,0,0,0,0,0,3.2450000000000045,3.2450000000000045,0,1,0,0,0,3.2450000000000045,3.2450000000000045,0,1,0,0,0,3.2450000000000045,3.2450000000000045,0,1,0,0,0,3.2450000000000045,3.2450000000000045,0,1,0,0,0,73.93287496225415,attacking_third,42.658382813484494,41.21633872544603,78.79975952031054,1.4420440880384575,4.866884558056398,0.241255264717804,0.7283050949689113,73.93287496225415,attacking_third,42.658382813484494,30.906463201893185,88.95594480599962,11.751919611591308,15.023069843745477,0.7215463792741571,3.649664475649444,73.93287496225415,attacking_third,42.658382813484494,30.906463201893185,88.95594480599962,11.751919611591308,15.023069843745477,0.7215463792741571,3.649664475649444,73.93287496225415,attacking_third,42.658382813484494,30.906463201893185,88.95594480599962,11.751919611591308,15.023069843745477,0.7215463792741571,3.649664475649444,73.93287496225415,attacking_third,42.658382813484494,30.906463201893185,88.95594480599962,11.751919611591308,15.023069843745477,0.7215463792741571,3.649664475649444,21.432874962254147,29.23305263141114,0.9598231,0.66,1,Portugal,portugal,Portugal - Italy,draw,1,1,False,0,0,0,1,0,opponent_on_ball,0,2597804433,9.696000000000026,100.8,21.494334137162753,26.86712503774585,21.16404867632174,2.182760795825256
6,5707000,3758,2597804787,1,interception,1H,1853.118,1,opponent_on_ball,none,,0.0019999999999527,Portugal - Italy,2.0,2.0,0,0,0,0,0,5.0,5.0,0,0,0,0,0,9.719000000000053,9.719000000000053,2,0,1,0,0,9.719000000000053,9.719000000000053,2,0,1,0,0,9.719000000000053,9.719000000000053,2,0,1,0,0,24.809631452412972,defensive_third,80.19905659055325,73.60079053944061,31.40812932544723,6.598266051112645,6.598497873034262,1.0,3.3324576015720124,24.809631452412972,defensive_third,80.19905659055325,72.06780845046816,29.64579432805556,8.131248140085091,8.3095538252729,0.6076214161741269,1.6327807510210968,24.809631452412972,defensive_third,80.19905659055325,42.88444363611622,61.899121813288815,37.31461295443704,38.03766641376265,0.6116221494696078,3.8468673148903982,24.809631452412972,defensive_third,80.19905659055325,42.88444363611622,61.899121813288815,37.31461295443704,38.03766641376265,0.6116221494696078,3.8468673148903982,24.809631452412972,defensive_third,80.19905659055325,42.88444363611622,61.899121813288815,37.31461295443704,38.03766641376265,0.6116221494696078,3.8468673148903982,27.690368547587028,-1.1804533946453049,0.99792373,0.66,1,Italy,italy,Portugal - Italy,draw,1,1,False,0,0,0,0,0,opponent_on_ball,0,2597804657,11.859000000000151,69.3,35.72589537016532,44.490368547587025,44.47316122038794,3.7501611620193414
6,5707000,3758,2597805259,1,interception,2H,3559.065,1,game_interruption,duel,1.36200000000008,0.0050000000001091,Portugal - Italy,1.5479999999997744,1.5479999999997744,0,0,1,0,0,4.889999999999873,4.295000000000073,0,0,1,0,1,4.889999999999873,4.295000000000073,0,0,1,0,1,4.889999999999873,4.295000000000073,0,0,1,0,1,4.889999999999873,4.295000000000073,0,0,1,0,1,80.67909850305652,attacking_third,30.27088228351187,28.27192638498741,80.43657137280842,1.998955898524464,0.0,0.6433141916559131,1.3151025648187422,80.67909850305652,attacking_third,30.27088228351187,1.7590316270566952,108.46637500836395,28.511850656455177,27.78727650530745,0.8514896748919039,6.335966812545595,80.67909850305652,attacking_third,30.27088228351187,1.7590316270566952,108.46637500836395,28.511850656455177,27.78727650530745,0.8514896748919039,6.335966812545595,80.67909850305652,attacking_third,30.27088228351187,1.7590316270566952,108.46637500836395,28.511850656455177,27.78727650530745,0.8514896748919039,6.335966812545595,80.67909850305652,attacking_third,30.27088228351187,1.7590316270566952,108.46637500836395,28.511850656455177,27.78727650530745,0.8514896748919039,6.335966812545595,-28.17909850305652,-18.022765176248775,0.9969261,0.66,1,Italy,italy,Portugal - Italy,draw,1,1,False,1,1,1,1,1,shot,0,2597805263,4.889999999999873,84.0,23.057111701165,3.3209014969434776,7.213770582346871,1.4752087080464333
6,5707000,3758,2597805380,1,interception,2H,4158.643,1,window_end,touch,2.9149999999999636,0.0029999999997016,Portugal - Italy,2.0,2.0,0,0,0,0,0,2.9149999999999636,2.9149999999999636,0,1,0,0,0,8.88299999999981,8.88299999999981,2,1,1,0,0,11.161000000000058,11.161000000000058,3,1,1,0,0,19.5600000000004,17.38000000000011,3,1,2,0,1,35.592512422451435,middle_third,70.63193446618726,61.87531224864858,46.796709113453616,8.756622217538684,11.20419669100218,1.0,4.42253647350333,35.592512422451435,middle_third,70.63193446618726,59.38390909380809,50.62024293765774,11.248025372379168,15.027730515206308,1.0,3.905564365409285,35.592512422451435,middle_third,70.63193446618726,43.70722598634915,58.543696760765215,26.92470847983811,28.644696254066005,0.785154893289309,3.0389061489657268,35.592512422451435,middle_third,70.63193446618726,30.197288147163594,80.04715346783013,40.43464631902367,44.45464104537869,0.7938614026575744,3.6296809981169194,35.592512422451435,middle_third,70.63193446618726,0.5452716895440721,104.94864805705276,70.0866627766432,71.71827542357538,0.8105362577586314,3.586830234219208,16.907487577548565,-13.09468726652966,0.9720138,0.66,1,Italy,italy,Portugal - Italy,draw,1,1,False,1,0,1,1,1,shot,0,2597805392,17.833999999999833,84.0,25.78374681849013,48.407487577548565,44.84818764769713,2.5147576341649405
6,5707000,9906,2597805338,1,interception,2H,4649.928,0,opponent_on_ball,none,,0.0079999999998108,Portugal - Italy,2.0,2.0,0,0,0,0,0,5.0,5.0,0,0,0,0,0,7.859999999999673,7.859999999999673,2,0,0,0,0,7.859999999999673,7.859999999999673,2,0,0,0,0,7.859999999999673,7.859999999999673,2,0,0,0,0,72.1942500236762,attacking_third,36.35915795784167,34.44522261629912,71.78104799477737,1.9139353415425475,0.0,0.956911266639734,0.9764976232359756,72.1942500236762,attacking_third,36.35915795784167,25.523415616360563,87.47370949460205,10.835742341481104,15.279459470925843,0.9911119768101208,2.184625472072787,72.1942500236762,attacking_third,36.35915795784167,9.711434122005238,101.19367026475578,26.64772383583643,28.999420241079576,0.9478355492465768,3.407637319160796,72.1942500236762,attacking_third,36.35915795784167,9.711434122005238,101.19367026475578,26.64772383583643,28.999420241079576,0.9478355492465768,3.407637319160796,72.1942500236762,attacking_third,36.35915795784167,9.711434122005238,101.19367026475578,26.64772383583643,28.999420241079576,0.9478355492465768,3.407637319160796,19.694250023676204,-15.677089522427693,0.9664769,0.66,1,Portugal,portugal,Portugal - Italy,draw,1,1,False,0,0,1,1,0,opponent_on_ball,0,2597805496,8.233000000000175,93.45,19.993621482862977,21.2557499763238,16.36553647497869,1.987797458396495
6,5707000,9906,2597805389,1,duel_regain,2H,5031.967,0,window_end,pass,2.154000000000451,0.006999999999607,Portugal - Italy,2.0,2.0,0,0,0,0,0,2.154000000000451,2.154000000000451,1,0,0,0,0,8.57800000000043,8.57800000000043,2,0,0,0,0,12.345000000000256,12.345000000000256,4,0,0,0,0,19.045000000000073,19.045000000000073,5,1,0,0,0,15.172429192524334,defensive_third,89.83277287816456,89.83277287816456,10.845618629479134,0.0,0.0,0.0,0.0,15.172429192524334,defensive_third,89.83277287816456,89.83277287816456,10.52480102428747,0.0,0.0,0.0,0.0,15.172429192524334,defensive_third,89.83277287816456,86.58764414812063,24.729156658751904,3.2451287300439304,9.55672746622757,0.1113218764967508,0.3791038236032452,15.172429192524334,defensive_third,89.83277287816456,50.85702335728725,56.50088736642902,38.975749520877315,41.328458173904686,0.6007222317187102,3.1636160325385845,15.172429192524334,defensive_third,89.83277287816456,21.984722409917623,90.98398224448866,67.84805046824694,75.81155305196432,0.6518958193683816,3.5671950824524385,-37.32757080747567,0.9667501268915756,0.97659636,0.66,1,Portugal,portugal,Portugal - Italy,draw,1,1,False,0,0,0,1,0,window_end_20s,1,,19.045000000000073,91.09319520156554,21.895711338494923,75.9207660090412,67.93706153966964,3.5671862189377466
6,5707001,3149,2599098039,1,duel_regain,1H,220.129,0,opponent_on_ball,pass,2.0190000000000055,0.0089999999999861,Germany - Denmark,2.0,2.0,0,0,0,0,0,3.006,3.006,1,0,1,0,0,9.654000000000025,9.654000000000025,3,0,2,0,0,9.654000000000025,9.654000000000025,3,0,2,0,0,9.654000000000025,9.654000000000025,3,0,2,0,0,29.35410235964532,defensive_third,81.62930624319847,67.43893978171104,43.44621923048653,14.190366461487429,14.092116870841206,0.9446239573787348,7.166851748225908,29.35410235964532,defensive_third,81.62930624319847,63.68372726157264,48.394593394646456,17.94557898162583,19.040491035001136,0.9513989332781304,6.02200636967306,29.35410235964532,defensive_third,81.62930624319847,46.91267997083084,62.46641625553181,34.716626272367634,33.11231389588649,0.8721960375901545,3.6013097792912427,29.35410235964532,defensive_third,81.62930624319847,46.91267997083084,62.46641625553181,34.716626272367634,33.11231389588649,0.8721960375901545,3.6013097792912427,29.35410235964532,defensive_third,81.62930624319847,46.91267997083084,62.46641625553181,34.716626272367634,33.11231389588649,0.8721960375901545,3.6013097792912427,-23.14589764035468,-30.67640474258457,0.99961346,0.66,1,Germany,germany,Germany - Denmark,germany,2,1,True,0,0,0,0,0,opponent_on_ball,0,2599098084,11.741000000000014,69.3,38.45007672294036,39.94589764035467,43.17922952025811,3.6776449638240405
6,5707001,3149,2599098287,1,interception,1H,1015.294,0,opponent_on_ball,none,,0.0059999999999718,Germany - Denmark,0.7590000000000146,0.7590000000000146,0,0,0,0,0,0.7590000000000146,0.7590000000000146,0,0,0,0,0,5.522000000000048,5.522000000000048,0,0,0,0,1,5.522000000000048,5.522000000000048,0,0,0,0,1,5.522000000000048,5.522000000000048,0,0,0,0,1,68.6682040150556,middle_third,45.42041620472211,42.77128877009426,72.20032232436287,2.6491274346278573,3.532118309307279,1.0,3.5799019386862496,68.6682040150556,middle_third,45.42041620472211,42.77128877009426,72.20032232436287,2.6491274346278573,3.532118309307279,1.0,3.5799019386862496,68.6682040150556,middle_third,45.42041620472211,13.74962160826416,87.8073714108082,31.670794596457956,23.614200105914023,0.8864979856925396,5.7583262902650825,68.6682040150556,middle_third,45.42041620472211,13.74962160826416,87.8073714108082,31.670794596457956,23.614200105914023,0.8864979856925396,5.7583262902650825,68.6682040150556,middle_third,45.42041620472211,13.74962160826416,87.8073714108082,31.670794596457956,23.614200105914023,0.8864979856925396,5.7583262902650825,16.168204015055593,-27.258297979121153,0.9751839,0.66,1,Germany,germany,Germany - Denmark,germany,2,1,True,1,1,1,1,1,shot,0,2599098291,5.522000000000048,89.25,17.435965703109193,20.581795984944407,27.984450501612915,5.067810666717253
6,5707001,7713,2599098470,1,interception,1H,2141.233,1,opponent_on_ball,pass,2.02599999999984,0.006999999999607,Germany - Denmark,2.0,2.0,0,0,0,0,0,4.080999999999676,4.080999999999676,2,0,0,0,0,9.178999999999633,9.178999999999633,4,0,1,0,0,10.933999999999742,10.933999999999742,4,0,2,0,0,10.933999999999742,10.933999999999742,4,0,2,0,0,25.32882516570376,defensive_third,80.21717771891248,79.49704421396554,26.776587485438597,0.7201335049469435,1.447762319734835,0.7910724063737306,0.3637037903772409,25.32882516570376,defensive_third,80.21717771891248,68.66767694087879,36.79108386207068,11.54950077803369,11.462258696366916,0.9542535250139969,2.84470462513117,25.32882516570376,defensive_third,80.21717771891248,43.35842230231019,66.0461334817575,36.85875541660229,40.71730831605373,0.9548990617487688,4.023881595698804,25.32882516570376,defensive_third,80.21717771891248,34.776964494513415,71.1274645337449,45.440213224399066,45.80097770201783,0.927032661126599,4.168826901320981,25.32882516570376,defensive_third,80.21717771891248,34.776964494513415,71.1274645337449,45.440213224399066,45.80097770201783,0.927032661126599,4.168826901320981,27.17117483429624,9.343420236219302,0.99957854,0.66,1,Denmark,denmark,Germany - Denmark,germany,2,1,False,0,0,0,1,0,opponent_on_ball,0,2599098562,14.235999999999876,73.5,32.71690083122178,48.17117483429624,47.5002768876907,3.3366308575225565
6,5707001,3149,2599099057,1,duel_regain,2H,3565.033,0,opponent_on_ball,pass,1.905999999999949,0.0070000000000618,Germany - Denmark,1.905999999999949,1.905999999999949,1,0,0,0,0,3.2899999999999636,3.2899999999999636,2,0,0,0,0,3.2899999999999636,3.2899999999999636,2,0,0,0,0,3.2899999999999636,3.2899999999999636,2,0,0,0,0,3.2899999999999636,3.2899999999999636,2,0,0,0,0,90.22186106556754,attacking_third,21.31967804138224,21.31967804138224,91.21568928779192,0.0,0.99382822222438,0.0,0.0,90.22186106556754,attacking_third,21.31967804138224,8.909411947464005,98.38386135039208,12.410266093918237,8.707316905771066,0.3370694768558167,3.7836177115602063,90.22186106556754,attacking_third,21.31967804138224,8.909411947464005,98.38386135039208,12.410266093918237,8.707316905771066,0.3370694768558167,3.7836177115602063,90.22186106556754,attacking_third,21.31967804138224,8.909411947464005,98.38386135039208,12.410266093918237,8.707316905771066,0.3370694768558167,3.7836177115602063,90.22186106556754,attacking_third,21.31967804138224,8.909411947464005,98.38386135039208,12.410266093918237,8.707316905771066,0.3370694768558167,3.7836177115602063,37.721861065567545,-15.366693900211835,0.99592716,0.66,1,Germany,germany,Germany - Denmark,germany,2,1,True,0,0,1,1,0,opponent_on_ball,0,2599098803,4.548000000000229,95.55,11.258636684785598,5.3281389344324595,10.061041356596641,2.212190271898886
6,5707001,7713,2599098837,1,interception,2H,3693.884,1,opponent_on_ball,pass,3.768000000000029,0.0039999999999054,Germany - Denmark,2.0,2.0,0,0,0,0,0,3.768000000000029,3.768000000000029,1,0,0,0,0,5.0909999999998945,5.0909999999998945,2,0,0,0,0,5.0909999999998945,5.0909999999998945,2,0,0,0,0,5.0909999999998945,5.0909999999998945,2,0,0,0,0,45.56107735826584,middle_third,61.81296433779433,57.08175652898978,49.75404359794611,4.731207808804548,4.192966239680267,0.9104738513623062,2.3894988933356083,45.56107735826584,middle_third,61.81296433779433,45.18312804623135,60.45651025913658,16.629836291562974,14.895432900870738,0.9727865238799258,4.446480291862017,45.56107735826584,middle_third,61.81296433779433,34.25439247441371,71.35584314835705,27.558571863380617,25.794765790091212,0.9833992536139454,5.4463580757669785,45.56107735826584,middle_third,61.81296433779433,34.25439247441371,71.35584314835705,27.558571863380617,25.794765790091212,0.9833992536139454,5.4463580757669785,45.56107735826584,middle_third,61.81296433779433,34.25439247441371,71.35584314835705,27.558571863380617,25.794765790091212,0.9833992536139454,5.4463580757669785,6.938922641734159,16.96635009114737,0.9899406,0.66,1,Denmark,denmark,Germany - Denmark,germany,2,1,False,0,0,0,1,0,opponent_on_ball,0,2599099100,7.625,75.6,29.595945668283697,30.038922641734153,32.21701866951063,4.225182776329263
6,5707002,7048,2599191690,1,duel_regain,1H,9.579,1,opponent_on_ball,pass,2.4339999999999993,0.0007529999999995,Poland - Sweden,2.0,2.0,0,0,0,0,0,2.4339999999999993,2.4339999999999993,1,0,0,0,0,5.641,5.641,2,0,0,0,0,5.641,5.641,2,0,0,0,0,5.641,5.641,2,0,0,0,0,40.68222467017215,middle_third,65.96343335255797,59.954570418031146,45.059850478514875,6.0088629345268245,4.377625808342728,0.9813693810620606,3.034779259862032,40.68222467017215,middle_third,65.96343335255797,59.235531068116416,45.76704525996839,6.727902284441555,5.084820589796244,0.9833273165128168,2.7801249109262627,40.68222467017215,middle_third,65.96343335255797,40.82687870200029,61.87760456747085,25.136554650557677,25.574397380651888,0.8728609394308581,4.456835930949942,40.68222467017215,middle_third,65.96343335255797,40.82687870200029,61.87760456747085,25.136554650557677,25.574397380651888,0.8728609394308581,4.456835930949942,40.68222467017215,middle_third,65.96343335255797,40.82687870200029,61.87760456747085,25.136554650557677,25.574397380651888,0.8728609394308581,4.456835930949942,11.817775329827851,14.642346679379765,0.9844015,0.66,1,Sweden,sweden,Poland - Sweden,sweden,0,3,True,0,0,0,0,0,opponent_on_ball,0,2599191644,6.325999999999999,68.25,39.93960565654098,27.567775329827853,26.023827696016994,4.1137887600406255
6,5707002,7048,2599191733,1,interception,1H,117.695,1,opponent_on_ball,pass,2.713000000000008,0.004753000000008,Poland - Sweden,2.0,2.0,0,0,0,0,0,3.734000000000009,3.304753000000005,1,0,0,0,1,3.734000000000009,3.304753000000005,1,0,0,0,1,3.734000000000009,3.304753000000005,1,0,0,0,1,3.734000000000009,3.304753000000005,1,0,0,0,1,100.54986187629828,attacking_third,20.058269191234945,3.638696153938197,101.38703735389478,16.419573037296747,2.132393291317541,0.9994516531916008,8.29271365520036,100.54986187629828,attacking_third,20.058269191234945,2.297610776609472,106.62776676105727,17.760658414625475,6.077904884759008,0.7063793850454525,4.77437054156599,100.54986187629828,attacking_third,20.058269191234945,2.297610776609472,106.62776676105727,17.760658414625475,6.077904884759008,0.7063793850454525,4.77437054156599,100.54986187629828,attacking_third,20.058269191234945,2.297610776609472,106.62776676105727,17.760658414625475,6.077904884759008,0.7063793850454525,4.77437054156599,100.54986187629828,attacking_third,20.058269191234945,2.297610776609472,106.62776676105727,17.760658414625475,6.077904884759008,0.7063793850454525,4.77437054156599,-48.04986187629828,-19.55838525103802,0.9860029,0.66,1,Sweden,sweden,Poland - Sweden,sweden,0,3,True,1,1,1,1,1,shot,0,2599191738,3.734000000000009,99.75,5.912774306533271,-0.7998618762982801,14.145494884701673,3.7882953628017244
6,5707002,7048,2599191759,1,interception,1H,212.811,1,opponent_on_ball,touch,3.1910000000000025,0.0087529999999844,Poland - Sweden,2.0,2.0,0,0,0,0,0,3.1910000000000025,3.1910000000000025,0,1,0,0,0,7.335999999999984,7.335999999999984,1,1,0,0,0,7.335999999999984,7.335999999999984,1,1,0,0,0,7.335999999999984,7.335999999999984,1,1,0,0,0,68.80306088642617,middle_third,48.65301451080123,39.03417200126129,80.31934417469586,9.618842509539938,11.51628328826969,1.0,4.858001267444369,68.80306088642617,middle_third,48.65301451080123,30.93887640262458,86.61983374102624,17.71413810817665,17.816772854600075,1.0,5.570483681816544,68.80306088642617,middle_third,48.65301451080123,15.481759159681348,89.55456655665543,33.17125535111988,26.14607606219413,0.8958286241215705,4.531592261081938,68.80306088642617,middle_third,48.65301451080123,15.481759159681348,89.55456655665543,33.17125535111988,26.14607606219413,0.8958286241215705,4.531592261081938,68.80306088642617,middle_third,48.65301451080123,15.481759159681348,89.55456655665543,33.17125535111988,26.14607606219413,0.8958286241215705,4.531592261081938,-16.303060886426167,-32.509958778756754,0.99605656,0.66,1,Sweden,sweden,Poland - Sweden,sweden,0,3,True,0,0,1,1,0,opponent_on_ball,0,2599191672,8.289999999999992,90.3,15.674297432421017,21.49693911357383,32.978717078380214,3.9781323375609463
6,5707002,7048,2599191762,0,interception,1H,226.59,1,game_interruption,pass,3.837999999999994,0.0097529999999892,Poland - Sweden,2.0,2.0,0,0,0,0,0,3.837999999999994,3.837999999999994,1,0,0,0,0,5.706999999999994,5.706999999999994,1,1,0,0,0,14.637,13.249752999999998,2,1,1,0,1,14.637,13.249752999999998,2,1,1,0,1,59.32257450742206,middle_third,47.241801380271184,40.74723261084563,69.56771430497936,6.494568769425555,10.2451397975573,1.0,3.2800852370835836,59.32257450742206,middle_third,47.241801380271184,35.78811393194079,82.69660309529412,11.453687448330392,23.37402858787206,1.0,2.9983474995629353,59.32257450742206,middle_third,47.241801380271184,32.28143505928052,86.29184658904315,14.960366320990666,26.969272081621085,1.0,2.633867310033565,59.32257450742206,middle_third,47.241801380271184,2.5079694417373504,106.94201519694788,44.73383193853383,47.61944068952583,0.9944009910493068,3.343335720368748,59.32257450742206,middle_third,47.241801380271184,2.5079694417373504,106.94201519694788,44.73383193853383,47.61944068952583,0.9944009910493068,3.343335720368748,-6.822574507422061,-12.056558299240436,0.9676193,0.66,1,Sweden,sweden,Poland - Sweden,sweden,0,3,True,1,1,1,1,1,shot,0,2599191773,14.637,90.3,16.812959287406844,30.977425492577936,30.42884209286434,2.0788988244083035
6,5707002,13870,2599191710,1,interception,1H,403.62,0,opponent_on_ball,touch,1.4680000000000175,0.0002470000000016,Poland - Sweden,1.4680000000000175,1.4680000000000175,0,1,0,0,0,4.677000000000021,4.677000000000021,1,1,0,0,0,4.677000000000021,4.677000000000021,1,1,0,0,0,4.677000000000021,4.677000000000021,1,1,0,0,0,4.677000000000021,4.677000000000021,1,1,0,0,0,45.481340366023545,middle_third,64.54674120240038,61.67211133541813,50.484485966781335,2.8746298669822536,5.00314560075779,1.0,1.9962707409599016,45.481340366023545,middle_third,64.54674120240038,42.80920693826423,60.308688200441566,21.73753426413615,22.947319738353272,0.8008216628078748,4.684813418994817,45.481340366023545,middle_third,64.54674120240038,42.80920693826423,60.308688200441566,21.73753426413615,22.947319738353272,0.8008216628078748,4.684813418994817,45.481340366023545,middle_third,64.54674120240038,42.80920693826423,60.308688200441566,21.73753426413615,22.947319738353272,0.8008216628078748,4.684813418994817,45.481340366023545,middle_third,64.54674120240038,42.80920693826423,60.308688200441566,21.73753426413615,22.947319738353272,0.8008216628078748,4.684813418994817,-7.018659633976455,-24.97620778309856,0.8415322,0.66,1,Poland,poland,Poland - Sweden,sweden,0,3,False,0,0,0,0,0,opponent_on_ball,0,2599191836,6.211999999999989,67.2,42.32447991411117,21.718659633976458,22.22226128828921,3.5773118622487523
6,5707002,7048,2599191927,1,duel_regain,1H,651.499,1,opponent_on_ball,pass,1.822999999999979,0.0007530000000315,Poland - Sweden,1.822999999999979,1.822999999999979,1,0,0,0,0,3.920999999999935,3.920999999999935,2,1,0,0,0,7.196000000000026,7.196000000000026,3,1,0,0,0,7.196000000000026,7.196000000000026,3,1,0,0,0,7.196000000000026,7.196000000000026,3,1,0,0,0,56.343333717367344,middle_third,51.72472273229323,44.21397871592578,61.32560433413544,7.510744016367447,4.982270616768098,0.7745777917854273,4.126782426575665,56.343333717367344,middle_third,51.72472273229323,33.429131547412815,71.62171019475488,18.295591184880415,15.27837647738754,0.8932778124190848,4.667242649204236,56.343333717367344,middle_third,51.72472273229323,22.66203632187422,85.3497311916665,29.062686410419012,29.006397474299163,0.9300503832370374,4.047727912314654,56.343333717367344,middle_third,51.72472273229323,22.66203632187422,85.3497311916665,29.062686410419012,29.006397474299163,0.9300503832370374,4.047727912314654,56.343333717367344,middle_third,51.72472273229323,22.66203632187422,85.3497311916665,29.062686410419012,29.006397474299163,0.9300503832370374,4.047727912314654,-3.843333717367344,17.549238387836965,0.9665042,0.66,1,Sweden,sweden,Poland - Sweden,sweden,0,3,True,0,0,0,1,0,opponent_on_ball,0,2599191778,13.197999999999979,75.6,30.03022477438356,19.25666628263265,21.69449795790967,1.6437716288763227
6,5707002,13870,2599191834,1,interception,1H,864.31,0,window_end,pass,3.5,0.009753000000046,Poland - Sweden,2.0,2.0,0,0,0,0,0,3.5,3.5,1,0,0,0,0,8.909000000000106,8.909000000000106,2,0,0,0,0,8.909000000000106,8.909000000000106,2,0,0,0,0,15.954000000000065,15.954000000000065,2,1,0,0,0,12.984185305682187,defensive_third,92.81917029583622,78.8091612110001,28.466661151167752,14.010009084836112,15.482475845485563,1.0,7.075762164058578,12.984185305682187,defensive_third,92.81917029583622,68.09406774567213,42.103622757060755,24.72510255016408,29.11943745137857,1.0,7.104914525909182,12.984185305682187,defensive_third,92.81917029583622,32.29286138975675,72.92141413710812,60.526308906079464,59.93722883142593,0.9964110477206444,6.816025777711655,12.984185305682187,defensive_third,92.81917029583622,32.29286138975675,72.92141413710812,60.526308906079464,59.93722883142593,0.9964110477206444,6.816025777711655,12.984185305682187,defensive_third,92.81917029583622,19.549890520687345,98.24628439633122,73.26927977514887,85.26285894230551,0.9855853269547388,4.596567112619111,-39.51581469431781,-12.185574280615938,0.9958734,0.66,1,Poland,poland,Poland - Sweden,sweden,0,3,False,0,0,1,1,0,window_end_20s,1,,15.954000000000065,98.24628439633122,19.549890520687345,85.26209909064903,73.26927977514887,4.592533519816258
6,5707002,7048,2599192045,1,duel_regain,1H,948.575,1,opponent_on_ball,pass,3.0319999999999254,0.0047529999999369,Poland - Sweden,1.016999999999939,1.016999999999939,0,0,0,0,0,4.0090000000000146,4.0090000000000146,2,0,0,0,0,6.936999999999898,6.936999999999898,3,0,0,0,0,13.019999999999982,13.019999999999982,3,0,1,0,0,17.055999999999926,17.055999999999926,4,0,1,0,0,36.44356247813992,middle_third,74.25066305108128,74.25066305108128,31.72667855017576,0.0,0.0,0.0,0.0,36.44356247813992,middle_third,74.25066305108128,65.54461225028112,43.888012619310075,8.706050800800156,7.444450141170151,0.4619687403946423,2.176512700200039,36.44356247813992,middle_third,74.25066305108128,29.24612719752289,81.13607517103384,45.00453585355839,44.692512692893914,0.8161271336247945,6.503545643577733,36.44356247813992,middle_third,74.25066305108128,12.224397857132889,98.45755370394777,62.02626519394839,66.75486670032736,0.8505828152147276,4.771251168765261,36.44356247813992,middle_third,74.25066305108128,8.309755893941983,88.52525568825118,65.94090715713929,66.75486670032736,0.7703996793436321,3.869771546780483,16.056437521860076,-28.516238143144022,0.99960893,0.66,1,Sweden,sweden,Poland - Sweden,sweden,0,3,True,0,0,1,1,0,opponent_on_ball,0,2599191890,17.64199999999994,96.6,8.427478863812125,60.15643752186008,65.82318418726915,3.731050004946683
6,5707002,7048,2599192078,1,interception,1H,1108.379,1,opponent_on_ball,pass,4.652000000000044,0.0007530000000315,Poland - Sweden,2.0,2.0,0,0,0,0,0,4.652000000000044,4.652000000000044,1,0,0,0,0,6.920000000000073,6.920000000000073,2,0,0,0,0,6.920000000000073,6.920000000000073,2,0,0,0,0,6.920000000000073,6.920000000000073,2,0,0,0,0,28.728516200628235,defensive_third,77.02773679184799,74.03974646568939,31.35493191855241,2.987990326158595,2.626415717924175,1.0,1.509086023312408,28.728516200628235,defensive_third,77.02773679184799,64.54614171442516,41.427093361502344,12.481595077422824,12.698577160874107,1.0,2.689998939099689,28.728516200628235,defensive_third,77.02773679184799,47.62285750191377,60.400109500348414,29.404879289934215,31.67159329972018,1.0,4.261576708686062,28.728516200628235,defensive_third,77.02773679184799,47.62285750191377,60.400109500348414,29.404879289934215,31.67159329972018,1.0,4.261576708686062,28.728516200628235,defensive_third,77.02773679184799,47.62285750191377,60.400109500348414,29.404879289934215,31.67159329972018,1.0,4.261576708686062,23.771483799371765,10.767218504162528,0.995752,0.66,1,Sweden,sweden,Poland - Sweden,sweden,0,3,True,0,0,0,0,0,opponent_on_ball,0,2599191922,13.922000000000025,57.75,55.56563776291963,29.021483799371765,21.462099028928357,1.5415959653015598
6,5707002,7048,2599192117,1,interception,1H,1388.247,1,opponent_on_ball,pass,2.0289999999999964,0.0072470000000066,Poland - Sweden,2.0,2.0,0,0,0,0,0,4.447999999999865,4.447999999999865,2,0,0,0,0,6.612999999999829,6.612999999999829,4,0,0,0,0,6.612999999999829,6.612999999999829,4,0,0,0,0,6.612999999999829,6.612999999999829,4,0,0,0,0,62.790957683168976,middle_third,47.46608022303734,45.35685136153214,61.542017176430555,2.1092288615052013,0.0,1.0,1.065267101770294,62.790957683168976,middle_third,47.46608022303734,23.492061160703287,80.45492509871042,23.97401906233405,18.78521272286604,0.9561401727247212,5.423986213197939,62.790957683168976,middle_third,47.46608022303734,23.492061160703287,78.62328330569562,23.97401906233405,18.78521272286604,0.8391186630738549,3.632427130656725,62.790957683168976,middle_third,47.46608022303734,23.492061160703287,78.62328330569562,23.97401906233405,18.78521272286604,0.8391186630738549,3.632427130656725,62.790957683168976,middle_third,47.46608022303734,23.492061160703287,78.62328330569562,23.97401906233405,18.78521272286604,0.8391186630738549,3.632427130656725,-10.290957683168976,21.712335628296287,0.99226886,0.66,1,Sweden,sweden,Poland - Sweden,sweden,0,3,True,0,0,0,1,0,opponent_on_ball,0,2599191981,10.71699999999987,70.35,35.93400756943206,7.559042316831018,11.532072653605276,1.0760541806107506
6,5707002,7048,2599192381,1,duel_regain,1H,2548.202,1,game_interruption,pass,1.87099999999964,0.0022470000003522,Poland - Sweden,1.87099999999964,1.87099999999964,1,0,0,0,0,4.567999999999756,3.557752999999593,1,0,0,0,1,5.155999999999949,3.557752999999593,1,0,0,0,1,5.155999999999949,3.557752999999593,1,0,0,0,1,5.155999999999949,3.557752999999593,1,0,0,0,1,77.23430731604856,attacking_third,29.957572613596707,16.99585739095561,90.4999830980354,12.961715222641097,13.265675781986843,1.0,7.044410447086995,77.23430731604856,attacking_third,29.957572613596707,6.344463124274437,109.55344430713556,23.61310948932227,32.31913699108699,0.738381229849031,5.201125438176753,77.23430731604856,attacking_third,29.957572613596707,6.344463124274437,108.27175779661604,23.61310948932227,32.98814550951636,0.7017729089198728,4.611935447132945,77.23430731604856,attacking_third,29.957572613596707,6.344463124274437,108.27175779661604,23.61310948932227,32.98814550951636,0.7017729089198728,4.611935447132945,77.23430731604856,attacking_third,29.957572613596707,6.344463124274437,108.27175779661604,23.61310948932227,32.98814550951636,0.7017729089198728,4.611935447132945,-24.734307316048557,-11.248220600578769,0.9956683,0.66,1,Sweden,sweden,Poland - Sweden,sweden,0,3,True,1,1,1,1,1,shot,0,2599192384,4.567999999999756,92.4,16.647354144127526,15.165692683951448,13.31021846946918,2.913795636924232
6,5707002,7048,2599192430,0,duel_regain,1H,2763.255,1,opponent_on_ball,pass,2.5450000000000728,0.0092869999998583,Poland - Sweden,1.7300000000000182,1.7300000000000182,0,0,0,0,0,4.201999999999771,4.201999999999771,1,1,0,0,0,4.201999999999771,4.201999999999771,1,1,0,0,0,14.449999999999818,14.449999999999818,2,1,1,0,0,14.449999999999818,14.449999999999818,2,1,1,0,0,44.580931627761494,middle_third,63.15694438955733,53.60524927366588,58.06491348394787,9.551695115891448,13.483981856186375,1.0,5.553311113889555,44.580931627761494,middle_third,63.15694438955733,41.97431469497928,76.16016269005127,21.182629694578047,31.57923106228977,1.0,5.067614759468079,44.580931627761494,middle_third,63.15694438955733,41.97431469497928,76.16016269005127,21.182629694578047,31.57923106228977,1.0,5.067614759468079,44.580931627761494,middle_third,63.15694438955733,15.27142252479088,101.58996067494184,47.88552186476645,57.00902904718035,0.974805262595274,3.316171874291293,44.580931627761494,middle_third,63.15694438955733,15.27142252479088,101.58996067494184,47.88552186476645,57.00902904718035,0.974805262595274,3.316171874291293,7.919068372238506,-18.393906644767043,0.70073336,0.66,1,Sweden,sweden,Poland - Sweden,sweden,0,3,True,0,0,1,1,0,opponent_on_ball,0,2599192450,14.690000000000055,98.7,14.374157366607617,54.11906837223851,48.78278702294971,3.3208159988393144
6,5707002,13870,2599192464,1,duel_regain,2H,2841.495,0,opponent_on_ball,touch,2.338000000000193,0.0092870000003131,Poland - Sweden,2.0,2.0,0,0,0,0,0,4.537000000000262,4.537000000000262,1,1,0,0,0,8.91800000000012,8.91800000000012,2,1,1,0,0,8.91800000000012,8.91800000000012,2,1,1,0,0,16.184000000000196,16.184000000000196,2,1,2,0,1,10.655402339964796,defensive_third,94.71053293040248,88.01929010224033,18.262150139818143,6.691242828162132,7.606747799853352,1.0,3.3794155697788235,10.655402339964796,defensive_third,94.71053293040248,72.58005243005594,33.27442292260763,22.13048050034652,22.619020582642833,1.0,4.896124004501463,10.655402339964796,defensive_third,94.71053293040248,40.08389103901643,65.48310199337467,54.62664189138603,54.82769965340988,1.0,6.137824931616346,10.655402339964796,defensive_third,94.71053293040248,40.08389103901643,65.48310199337467,54.62664189138603,54.82769965340988,1.0,6.137824931616346,10.655402339964796,defensive_third,94.71053293040248,5.199006339236459,101.60705509819306,89.511526591166,90.95165275822826,1.0,5.539079615790025,-41.844597660035205,-8.317568173867372,0.9996056,0.66,1,Poland,poland,Poland - Sweden,sweden,0,3,False,1,0,1,1,1,shot,0,2599193187,16.184000000000196,94.5,19.981241202688086,83.8445976600352,74.7292917277144,4.617479716245272
6,5707002,7048,2599192437,1,duel_regain,1H,2862.172,1,window_end,duel,1.8449999999998,0.0077129999999669,Poland - Sweden,1.8449999999998,1.8449999999998,0,0,1,0,0,2.9420000000000073,2.9420000000000073,1,0,1,0,0,9.010999999999967,9.010999999999967,2,0,2,0,0,14.737999999999827,14.737999999999827,3,0,2,0,0,16.77500000000009,16.77500000000009,4,0,2,0,0,4.567539541613868,defensive_third,100.43411588396263,99.67570384453802,5.32429615583726,0.7584120394246128,0.7567566142233915,1.0,0.4167099117717278,4.567539541613868,defensive_third,100.43411588396263,99.6745574128568,5.284123309695062,0.7595584711058336,0.7579041387961496,0.8774670496620114,0.2601227640773338,4.567539541613868,defensive_third,100.43411588396263,91.19573046472595,14.134919596118124,9.238385419236678,9.567380054504255,0.9704790681995116,1.028773431986265,4.567539541613868,defensive_third,100.43411588396263,81.22166285909593,28.11517731237549,19.212453024866704,23.54763777076162,0.9855838031249826,1.3051938196240742,4.567539541613868,defensive_third,100.43411588396263,65.33923653098874,46.50426428525395,35.09487935297389,41.936724743640085,0.9920561240419894,2.093966548506768,47.93246045838613,0.5766451837472815,0.92551357,0.66,1,Sweden,sweden,Poland - Sweden,sweden,0,3,True,0,0,0,0,0,window_end_20s,1,,16.77500000000009,46.50426428525395,65.33923653098874,41.936724743640085,35.09487935297389,2.0920941492085663
6,5707002,7048,2599192714,1,interception,2H,3473.837,1,opponent_on_ball,none,,0.0072869999999056,Poland - Sweden,1.9949999999998909,1.9949999999998909,0,0,0,0,0,1.9949999999998909,1.9949999999998909,0,0,0,0,0,6.175999999999931,5.907286999999997,0,0,0,0,1,6.175999999999931,5.907286999999997,0,0,0,0,1,6.175999999999931,5.907286999999997,0,0,0,0,1,61.67823223551018,middle_third,43.33992219781216,31.89432580775272,73.17824047154195,11.445596390059446,11.500008236031777,1.0,5.780604237403708,61.67823223551018,middle_third,43.33992219781216,31.89432580775272,73.17824047154195,11.445596390059446,11.500008236031777,1.0,5.780604237403708,61.67823223551018,middle_third,43.33992219781216,11.750317186671824,105.4852681485042,31.58960501114034,43.80703591299401,0.9046065886110164,5.128182631678369,61.67823223551018,middle_third,43.33992219781216,11.750317186671824,105.4852681485042,31.58960501114034,43.80703591299401,0.9046065886110164,5.128182631678369,61.67823223551018,middle_third,43.33992219781216,11.750317186671824,105.4852681485042,31.58960501114034,43.80703591299401,0.9046065886110164,5.128182631678369,-9.17823223551018,-1.2543101179620564,0.9887438,0.66,1,Sweden,sweden,Poland - Sweden,sweden,0,3,True,1,1,1,1,1,shot,0,2599192718,6.175999999999931,90.3,16.812959287406844,28.621767764489817,26.526962910405313,4.295168865026815
6,5707002,13870,2599192695,1,duel_regain,2H,3707.911,0,opponent_on_ball,pass,1.5639999999998508,0.0067129999997632,Poland - Sweden,1.5639999999998508,1.5639999999998508,1,0,0,0,0,3.1959999999999127,3.1959999999999127,1,0,0,0,1,3.1959999999999127,3.1959999999999127,1,0,0,0,1,3.1959999999999127,3.1959999999999127,1,0,0,0,1,3.1959999999999127,3.1959999999999127,1,0,0,0,1,80.91071371758521,attacking_third,28.580175219246097,23.824706795318125,82.38274552962599,4.755468423927969,1.4720318120407825,1.0,3.0879665090442083,80.91071371758521,attacking_third,28.580175219246097,13.714217479420526,92.87595084933317,14.865957739825568,11.96523713174794,1.0,4.674829477932141,80.91071371758521,attacking_third,28.580175219246097,13.714217479420526,92.87595084933317,14.865957739825568,11.96523713174794,1.0,4.674829477932141,80.91071371758521,attacking_third,28.580175219246097,13.714217479420526,92.87595084933317,14.865957739825568,11.96523713174794,1.0,4.674829477932141,80.91071371758521,attacking_third,28.580175219246097,13.714217479420526,92.87595084933317,14.865957739825568,11.96523713174794,1.0,4.674829477932141,28.410713717585217,15.379619695124823,0.9905695,0.66,1,Poland,poland,Poland - Sweden,sweden,0,3,False,1,1,1,1,1,shot,0,2599192700,3.1959999999999127,81.9,24.733693618220467,0.9892862824147954,3.84648160102563,1.2035299127114314
6,5707002,7048,2599192850,1,duel_regain,2H,3885.538,1,opponent_on_ball,pass,2.617999999999938,0.0062870000001566,Poland - Sweden,2.0,2.0,0,0,0,0,0,4.570999999999913,4.570999999999913,2,0,0,0,0,7.233000000000175,7.233000000000175,3,0,1,0,0,7.233000000000175,7.233000000000175,3,0,1,0,0,7.233000000000175,7.233000000000175,3,0,1,0,0,97.00910291568542,attacking_third,32.18742919815303,32.18742919815303,90.13021939204152,0.0,0.4989775922581145,0.0,0.0,97.00910291568542,attacking_third,32.18742919815303,22.546160384994497,94.70253357086386,9.641268813158536,0.4989775922581145,0.6292215811488322,2.1143133362190025,97.00910291568542,attacking_third,32.18742919815303,7.384588088839657,94.50200555122376,24.802841109313377,0.8271389003815841,0.719970518550686,3.435296552536574,97.00910291568542,attacking_third,32.18742919815303,7.384588088839657,94.50200555122376,24.802841109313377,0.8271389003815841,0.719970518550686,3.435296552536574,97.00910291568542,attacking_third,32.18742919815303,7.384588088839657,94.50200555122376,24.802841109313377,0.8271389003815841,0.719970518550686,3.435296552536574,-44.50910291568542,31.179739610426623,0.9932908,0.66,1,Sweden,sweden,Poland - Sweden,sweden,0,3,True,0,0,1,1,0,opponent_on_ball,0,2599192730,8.271000000000186,96.6,8.829405415994902,-0.40910291568542334,23.35802378215813,2.82408702480445
6,5707003,665,2603092306,1,interception,1H,402.422,1,opponent_on_ball,none,,0.0060660000000325,England - Netherlands,2.0,2.0,0,0,0,0,0,5.0,5.0,0,0,0,0,0,7.416999999999973,7.416999999999973,1,1,1,0,0,7.416999999999973,7.416999999999973,1,1,1,0,0,7.416999999999973,7.416999999999973,1,1,1,0,0,34.63370828157295,defensive_third,71.5797567531505,53.365909782518024,55.98910019179997,18.21384697063248,21.677141797760683,0.977556811738978,9.197221809037329,34.63370828157295,defensive_third,71.5797567531505,53.365909782518024,51.21715783872203,18.21384697063248,21.677141797760683,0.6281658501842478,3.65710157519969,34.63370828157295,defensive_third,71.5797567531505,44.4313611440829,65.43743484005651,27.14839560906761,30.80372655848356,0.6036963514409653,3.6686659184399306,34.63370828157295,defensive_third,71.5797567531505,44.4313611440829,65.43743484005651,27.14839560906761,30.80372655848356,0.6036963514409653,3.6686659184399306,34.63370828157295,defensive_third,71.5797567531505,44.4313611440829,65.43743484005651,27.14839560906761,30.80372655848356,0.6036963514409653,3.6686659184399306,17.86629171842705,-13.124273947057844,0.9762199,0.66,1,Netherlands,netherlands,England - Netherlands,england,4,0,False,0,0,0,0,0,opponent_on_ball,0,2603092256,8.516999999999996,70.35,39.53661720481407,35.716291718427044,32.043139548336434,3.762256610113473
6,5707003,2414,2603092501,1,interception,1H,1251.456,0,window_end,none,,0.008670999999822,England - Netherlands,2.0,2.0,0,0,0,0,0,5.0,5.0,0,0,0,0,0,10.0,10.0,0,0,0,0,0,11.950000000000044,11.950000000000044,1,0,0,0,0,16.365999999999985,16.365999999999985,2,0,0,0,0,6.479569008673707,defensive_third,100.27618354368197,96.21028668527858,10.002701330360615,4.065896858403391,3.5231323216869086,1.0,2.0534448893648514,6.479569008673707,defensive_third,100.27618354368197,90.97787967568225,14.241423095478154,9.298303867999737,7.779237093278894,0.9973361130737122,1.8672537743479751,6.479569008673707,defensive_third,100.27618354368197,78.46118321977558,26.14463363974225,21.81500032390639,20.56926823756158,0.923363983528738,2.1858684905690704,6.479569008673707,defensive_third,100.27618354368197,78.46118321977558,11.836242643399537,21.81500032390639,20.56926823756158,0.5788877929803967,1.830115173840514,6.479569008673707,defensive_third,100.27618354368197,67.49970022794288,37.64367419397123,32.776483315739085,31.16410518529753,0.5082882700282596,2.005913079426485,-46.02043099132629,-18.68254970204832,0.9348608,0.66,1,England,england,England - Netherlands,england,4,0,True,0,0,0,0,0,window_end_20s,1,,16.365999999999985,38.042177688261866,67.108615364706,31.56260867958816,33.16756817897597,2.0266142111069287
6,5707003,2414,2603092829,1,duel_regain,1H,2492.926,0,opponent_on_ball,pass,2.44399999999996,0.0071339999999509,England - Netherlands,2.0,2.0,0,0,0,0,0,2.44399999999996,2.44399999999996,1,0,0,0,0,7.302000000000135,7.302000000000135,2,0,1,0,0,7.302000000000135,7.302000000000135,2,0,1,0,0,7.302000000000135,7.302000000000135,2,0,1,0,0,71.22573705240994,attacking_third,33.77879193032584,32.35336297442907,74.27433629650062,1.42542895589677,3.0485992440906813,0.3829800367085941,0.7199027064724512,71.22573705240994,attacking_third,33.77879193032584,32.35336297442907,74.62988223441954,1.42542895589677,3.4041451820096,0.2973622724403432,0.5889995417089287,71.22573705240994,attacking_third,33.77879193032584,4.3265289244581915,104.48990955369388,29.452263005867646,33.26417250128394,0.8147915303157205,4.045573281799395,71.22573705240994,attacking_third,33.77879193032584,4.3265289244581915,104.48990955369388,29.452263005867646,33.26417250128394,0.8147915303157205,4.045573281799395,71.22573705240994,attacking_third,33.77879193032584,4.3265289244581915,104.48990955369388,29.452263005867646,33.26417250128394,0.8147915303157205,4.045573281799395,18.72573705240994,0.5531244157431274,0.9995394,0.66,1,England,england,England - Netherlands,england,4,0,True,0,0,1,1,0,opponent_on_ball,0,2603092808,7.318000000000211,93.45,11.569999999999995,22.224262947590063,22.208791930325845,3.034817153638317
6,5707003,665,2603093057,1,duel_regain,2H,3237.387,1,opponent_on_ball,none,,0.0185159999996358,England - Netherlands,1.836999999999989,1.836999999999989,0,0,0,0,0,1.836999999999989,1.836999999999989,0,0,0,0,0,6.117999999999938,6.117999999999938,0,0,0,0,1,6.117999999999938,6.117999999999938,0,0,0,0,1,6.117999999999938,6.117999999999938,0,0,0,0,1,61.10129727500282,middle_third,45.38201589134912,38.7432928144337,68.82761815233603,6.638723076915419,7.726320877333208,1.0,3.688107773968092,61.10129727500282,middle_third,45.38201589134912,38.7432928144337,68.82761815233603,6.638723076915419,7.726320877333208,1.0,3.688107773968092,61.10129727500282,middle_third,45.38201589134912,12.424762709161092,96.0202992806487,32.957253182188026,34.91900200564588,1.0,5.4205036755406955,61.10129727500282,middle_third,45.38201589134912,12.424762709161092,96.0202992806487,32.957253182188026,34.91900200564588,1.0,5.4205036755406955,61.10129727500282,middle_third,45.38201589134912,12.424762709161092,96.0202992806487,32.957253182188026,34.91900200564588,1.0,5.4205036755406955,-8.601297275002821,-11.5078784067694,0.97962064,0.66,1,Netherlands,netherlands,England - Netherlands,england,4,0,False,1,1,1,1,1,shot,0,2603093058,6.117999999999938,91.35,14.456144022525512,30.248702724997173,30.925871868823606,5.05489896515592
6,5707003,2414,2603093379,1,interception,2H,4575.996,0,opponent_on_ball,pass,2.480999999999767,0.0044490000000223,England - Netherlands,2.0,2.0,0,0,0,0,0,4.484999999999673,4.484999999999673,2,0,0,0,0,9.246000000000096,9.246000000000096,2,1,1,0,1,9.246000000000096,9.246000000000096,2,1,1,0,1,9.246000000000096,9.246000000000096,2,1,1,0,1,65.78489426594398,middle_third,45.78109602976736,43.40949486693566,63.42775661116861,2.371601162831702,0.0,0.6239722270092661,1.1977535630989158,65.78489426594398,middle_third,45.78109602976736,30.48891501193448,75.62151953164806,15.29218101783288,9.836625265704086,0.914527995008403,3.4133905955271215,65.78489426594398,middle_third,45.78109602976736,13.81035810314721,92.29237715025978,31.970737926620153,28.386646221613248,0.9190179809782832,3.459985645949594,65.78489426594398,middle_third,45.78109602976736,13.81035810314721,92.29237715025978,31.970737926620153,28.386646221613248,0.9190179809782832,3.459985645949594,65.78489426594398,middle_third,45.78109602976736,13.81035810314721,92.29237715025978,31.970737926620153,28.386646221613248,0.9190179809782832,3.459985645949594,13.284894265943976,23.62380655088394,0.99875176,0.66,1,England,england,England - Netherlands,england,4,0,True,1,1,1,1,1,shot,0,2603093391,9.246000000000095,91.35,16.26247521135698,25.56510573405602,29.518620818410383,3.192582826996548
6,5707003,2414,2603093531,1,duel_regain,2H,5117.82,0,opponent_on_ball,pass,0.8760000000002037,0.0067189999999754,England - Netherlands,0.8760000000002037,0.8760000000002037,1,0,0,0,0,3.7020000000002256,3.7020000000002256,2,0,0,0,0,6.3640000000004875,6.3640000000004875,2,0,1,0,0,6.3640000000004875,6.3640000000004875,2,0,1,0,0,6.3640000000004875,6.3640000000004875,2,0,1,0,0,67.62505453800284,middle_third,46.7246154255576,43.70367803235085,69.56685207862415,3.0209373932067507,1.9417975406213088,0.8815572629879167,3.512648463003468,67.62505453800284,middle_third,46.7246154255576,33.505545707637935,79.79971355539635,13.219069717919666,12.174659017393507,0.9292528174025672,3.592044804787563,67.62505453800284,middle_third,46.7246154255576,21.96194139600161,90.14160324074372,24.762674029555996,22.51654870274089,0.9570715094285318,3.905718630546146,67.62505453800284,middle_third,46.7246154255576,21.96194139600161,90.14160324074372,24.762674029555996,22.51654870274089,0.9570715094285318,3.905718630546146,67.62505453800284,middle_third,46.7246154255576,21.96194139600161,90.14160324074372,24.762674029555996,22.51654870274089,0.9570715094285318,3.905718630546146,15.125054538002844,28.041097310536777,0.9996749,0.66,1,England,england,England - Netherlands,england,4,0,True,0,0,0,1,0,opponent_on_ball,0,2603093459,8.957000000000335,95.55,21.867347804432068,27.924945461997154,24.857267621125533,2.7751778074271076
6,5707003,2414,2603093559,1,duel_regain,2H,5179.91,0,opponent_on_ball,pass,4.3530000000000655,0.0026159999997616,England - Netherlands,0.3510000000005675,0.3510000000005675,0,0,0,0,0,4.3530000000000655,4.3530000000000655,1,0,0,0,0,8.480000000000473,8.480000000000473,3,0,0,0,0,8.480000000000473,8.480000000000473,3,0,0,0,0,8.480000000000473,8.480000000000473,3,0,0,0,0,69.02267260720666,middle_third,41.11925645708237,41.11925645708237,68.84629552736834,0.0,0.0250091099222231,0.0,0.0,69.02267260720666,middle_third,41.11925645708237,27.22990607045313,81.10111839890092,13.889350386629246,12.078445791694264,0.89512174693442,3.2149696326547033,69.02267260720666,middle_third,41.11925645708237,8.811929142841223,97.67129400952956,32.30732731424115,28.648621402322902,0.9347589035348316,3.818737773117314,69.02267260720666,middle_third,41.11925645708237,8.811929142841223,97.67129400952956,32.30732731424115,28.648621402322902,0.9347589035348316,3.818737773117314,69.02267260720666,middle_third,41.11925645708237,8.811929142841223,97.67129400952956,32.30732731424115,28.648621402322902,0.9347589035348316,3.818737773117314,16.52267260720666,19.910428555284085,0.9980855,0.66,1,England,england,England - Netherlands,england,4,0,True,0,0,1,1,0,opponent_on_ball,0,2603093489,17.85400000000027,88.2,30.821187517680105,19.177327392793345,10.298068939402267,0.5767933762407366
6,5707003,2414,2603093589,1,duel_regain,2H,5368.648,0,game_interruption,pass,2.3029999999998836,0.0036950000003344,England - Netherlands,2.0,2.0,0,0,0,0,0,4.27599999999984,4.27599999999984,3,0,0,0,0,9.72400000000016,9.72400000000016,3,1,1,0,0,10.949999999999818,10.949999999999818,3,1,2,0,0,10.949999999999818,10.949999999999818,3,1,2,0,0,24.49111893806409,defensive_third,83.1646681842628,83.1646681842628,15.177677660074949,0.0,0.0,0.0,0.0,24.49111893806409,defensive_third,83.1646681842628,83.1646681842628,13.194236976885035,0.0,0.0,0.0,0.0,24.49111893806409,defensive_third,83.1646681842628,32.005619570869285,75.21317071550232,51.15904861339351,50.722051777438224,0.7260800000303257,5.263215418729871,24.49111893806409,defensive_third,83.1646681842628,26.77846011534651,77.10032822473764,56.38620806891629,55.87235297085891,0.710014051158829,5.154079127786226,24.49111893806409,defensive_third,83.1646681842628,26.77846011534651,77.10032822473764,56.38620806891629,55.87235297085891,0.710014051158829,5.154079127786226,-28.00888106193591,-20.84903125695747,0.99927646,0.66,1,England,england,England - Netherlands,england,4,0,True,0,0,0,1,0,game_interruption,0,2603093596,13.061999999999898,72.45,47.069124699743455,47.95888106193591,36.09554348451934,2.7634009711008742
6,5707004,4419,2599997477,1,interception,1H,5.201,0,game_interruption,duel,0.1680000000000001,0.0009999999999994,France - Wales,1.9480000000000004,1.9480000000000004,1,0,1,0,0,3.37,3.37,2,0,2,0,0,9.569,9.569,4,0,2,0,0,12.092,12.092,4,0,2,0,1,12.092,12.092,4,0,2,0,1,42.01392909077251,middle_third,64.40266902696331,53.31288462988606,51.38276590684433,11.089784397077253,9.771079495088628,0.951090512417696,5.775929373477736,42.01392909077251,middle_third,64.40266902696331,51.76157519317513,54.06177901780136,12.641093833788176,12.04784992702885,0.8891463389912543,3.7847586328707106,42.01392909077251,middle_third,64.40266902696331,22.02212951736676,92.20143033282052,42.380539509596545,50.187501242048015,0.964145987297607,4.442404560754356,42.01392909077251,middle_third,64.40266902696331,10.27422420954225,104.30249317660612,54.128444817421055,62.28856408583363,0.9341689244453883,4.4882624226717285,42.01392909077251,middle_third,64.40266902696331,10.27422420954225,104.30249317660612,54.128444817421055,62.28856408583363,0.9341689244453883,4.4882624226717285,-10.486070909227491,-13.433489837504844,0.99929523,0.66,1,France,france,France - Wales,france,4,1,True,1,1,1,1,1,shot,0,2599997483,11.768999999999998,98.7,16.861186197892483,56.686070909227496,47.54148282907083,4.039551604135512
6,5707004,4419,2599997826,1,duel_regain,1H,1844.131,0,opponent_on_ball,pass,1.22199999999998,0.0090000000000145,France - Wales,1.22199999999998,1.22199999999998,1,0,0,0,0,4.9789999999998145,4.9789999999998145,2,1,1,0,0,4.9789999999998145,4.9789999999998145,2,1,1,0,0,4.9789999999998145,4.9789999999998145,2,1,1,0,0,4.9789999999998145,4.9789999999998145,2,1,1,0,0,56.28657154309543,middle_third,55.252483255311034,55.251694458038635,56.52070000453224,0.0007887972723992,0.2341284614368106,0.0003133183624401,0.0006573310603327,56.28657154309543,middle_third,55.252483255311034,37.45982082897405,78.96753310188038,17.79266242633698,22.68096155878495,0.7428456650136519,3.5872303278906585,56.28657154309543,middle_third,55.252483255311034,37.45982082897405,78.96753310188038,17.79266242633698,22.68096155878495,0.7428456650136519,3.5872303278906585,56.28657154309543,middle_third,55.252483255311034,37.45982082897405,78.96753310188038,17.79266242633698,22.68096155878495,0.7428456650136519,3.5872303278906585,56.28657154309543,middle_third,55.252483255311034,37.45982082897405,78.96753310188038,17.79266242633698,22.68096155878495,0.7428456650136519,3.5872303278906585,3.786571543095427,26.07371845081684,0.9837426,0.66,1,France,france,France - Wales,france,4,1,True,0,0,0,0,0,opponent_on_ball,0,2599998034,6.816000000000031,93.45,22.26935338082361,37.163428456904576,32.983129874487425,4.839074218674776
6,5707004,10683,2599998058,1,duel_regain,1H,1880.807,1,opponent_on_ball,none,,0.0070000000000618,France - Wales,0.0509999999999308,0.0509999999999308,0,0,0,0,0,0.0509999999999308,0.0509999999999308,0,0,0,0,0,5.042999999999893,5.042999999999893,1,0,0,0,0,5.042999999999893,5.042999999999893,1,0,0,0,0,5.042999999999893,5.042999999999893,1,0,0,0,0,44.528218940168905,middle_third,61.78145550471683,61.65261052141387,44.69238892062397,0.1288449833029616,0.164169980455064,1.0,6.442249165153943,44.528218940168905,middle_third,61.78145550471683,61.65261052141387,44.69238892062397,0.1288449833029616,0.164169980455064,1.0,6.442249165153943,44.528218940168905,middle_third,61.78145550471683,37.958082846791505,72.94982456286115,23.82337265792533,28.421605622692248,1.0,4.745691764526975,44.528218940168905,middle_third,61.78145550471683,37.958082846791505,72.94982456286115,23.82337265792533,28.421605622692248,1.0,4.745691764526975,44.528218940168905,middle_third,61.78145550471683,37.958082846791505,72.94982456286115,23.82337265792533,28.421605622692248,1.0,4.745691764526975,7.971781059831095,-12.653534673487862,0.87547165,0.66,1,Wales,wales,France - Wales,france,4,1,False,0,0,0,0,0,opponent_on_ball,0,2599997847,6.708000000000084,84.0,21.273457640919588,39.471781059831095,40.50799786379724,6.038759371466419
6,5707004,10683,2599998076,1,interception,1H,2087.174,1,game_interruption,pass,4.1469999999999345,0.0059999999998581,France - Wales,2.0,2.0,0,0,0,0,0,4.1469999999999345,4.1469999999999345,1,0,0,0,0,8.489000000000033,8.489000000000033,2,0,0,0,0,13.755999999999858,13.58600000000024,2,0,1,0,0,13.755999999999858,13.58600000000024,2,0,1,0,0,13.630730964679572,defensive_third,91.37086396500024,82.135075882013,23.3964729889762,9.23578808298724,9.765742024296628,1.0,4.712136777034219,13.630730964679572,defensive_third,91.37086396500024,66.2187507621578,39.488034036514705,25.152113202842443,25.857303071835133,0.9995373594111286,6.075389662521848,13.630730964679572,defensive_third,91.37086396500024,49.01585112018146,58.52467065140499,42.35501284481878,44.893939686725425,0.9924564286123388,5.006502700333168,13.630730964679572,defensive_third,91.37086396500024,40.67552604371368,83.13939636037726,50.69533792128656,69.50866539569769,0.9608493346952311,3.689617024838842,13.630730964679572,defensive_third,91.37086396500024,40.67552604371368,83.13939636037726,50.69533792128656,69.50866539569769,0.9608493346952311,3.689617024838842,38.86926903532043,-0.5398681892962429,0.99563664,0.66,1,Wales,wales,France - Wales,france,4,1,False,0,0,0,0,0,game_interruption,0,2599998080,15.173999999999978,89.25,37.47082198191014,75.61926903532043,53.9000419830901,3.5521314078746657
6,5707004,4419,2599998432,1,duel_regain,2H,3750.468,0,opponent_on_ball,pass,2.162000000000262,0.0079999999998108,France - Wales,0.0700000000001637,0.0700000000001637,0,0,0,0,0,4.844000000000051,4.844000000000051,1,0,1,0,0,5.4520000000002256,5.4520000000002256,2,0,1,0,0,5.4520000000002256,5.4520000000002256,2,0,1,0,0,5.4520000000002256,5.4520000000002256,2,0,1,0,0,79.77597273185825,attacking_third,36.76228160301263,36.76228160301263,79.6386142619219,0.0,0.0,0.0,0.0,79.77597273185825,attacking_third,36.76228160301263,18.560215839816657,97.72361344315686,18.202065763195975,17.947640711298618,0.9294824640011016,3.7763621915343064,79.77597273185825,attacking_third,36.76228160301263,12.67133826316744,99.43694046038264,24.09094333984519,19.660967728524383,0.9457855004809376,4.428482231589145,79.77597273185825,attacking_third,36.76228160301263,12.67133826316744,99.43694046038264,24.09094333984519,19.660967728524383,0.9457855004809376,4.428482231589145,79.77597273185825,attacking_third,36.76228160301263,12.67133826316744,99.43694046038264,24.09094333984519,19.660967728524383,0.9457855004809376,4.428482231589145,27.275972731858243,26.743481393327272,0.9994124,0.66,1,France,france,France - Wales,france,4,1,True,0,0,1,1,0,opponent_on_ball,0,2599998665,6.524000000000342,100.8,5.0038385265713785,21.02402726814175,31.758443076441253,4.867940385720354
6,5707004,10683,2599998778,1,duel_regain,2H,4371.056,1,opponent_on_ball,pass,2.96100000000024,0.0039999999999054,France - Wales,2.0,2.0,0,0,0,0,0,4.253000000000611,4.253000000000611,1,1,0,0,0,7.382000000000517,7.382000000000517,2,1,0,0,0,7.382000000000517,7.382000000000517,2,1,0,0,0,7.382000000000517,7.382000000000517,2,1,0,0,0,21.716269397396537,defensive_third,84.5725074614433,80.20402949304727,26.718006288747233,4.3684779683960215,5.001736891350699,1.0,2.206302004239888,21.716269397396537,defensive_third,84.5725074614433,69.30008113570565,35.73254186707467,15.27242632573764,14.01627246967814,1.0,3.6019873409752714,21.716269397396537,defensive_third,84.5725074614433,43.50657073672615,61.530893754426465,41.06593672471715,39.81462435702993,1.0,5.57961096803178,21.716269397396537,defensive_third,84.5725074614433,43.50657073672615,61.530893754426465,41.06593672471715,39.81462435702993,1.0,5.57961096803178,21.716269397396537,defensive_third,84.5725074614433,43.50657073672615,61.530893754426465,41.06593672471715,39.81462435702993,1.0,5.57961096803178,30.783730602603463,-14.708135001721123,0.99782974,0.66,1,Wales,wales,France - Wales,france,4,1,False,0,0,0,0,0,opponent_on_ball,0,2599998657,12.432999999999993,86.1,34.81648460140685,64.38373060260346,49.756022860036445,4.001932185316213
6,5707004,10683,2599998850,1,duel_regain,2H,4776.24,1,window_end,touch,1.6520000000000437,0.0,France - Wales,1.6520000000000437,1.6520000000000437,0,1,0,0,0,3.292000000000371,3.292000000000371,1,1,0,0,0,9.497000000000298,9.497000000000298,2,1,1,0,0,9.497000000000298,9.497000000000298,2,1,1,0,0,9.497000000000298,9.497000000000298,2,1,1,0,0,12.240128354799616,defensive_third,92.81746202339222,89.32595475718009,15.833900852456267,3.491507266212139,3.5937724976566514,1.0,2.1289678452508793,12.240128354799616,defensive_third,92.81746202339222,80.73892575410719,25.389192280627807,12.078536269285038,13.149063925828193,1.0,3.68248056990324,12.240128354799616,defensive_third,92.81746202339222,47.75642898962644,67.45372259482389,45.06103303376578,55.21359424002427,0.9840523276191392,4.753273526768761,12.240128354799616,defensive_third,92.81746202339222,47.75642898962644,67.45372259482389,45.06103303376578,55.21359424002427,0.9840523276191392,4.753273526768761,12.240128354799616,defensive_third,92.81746202339222,47.75642898962644,67.45372259482389,45.06103303376578,55.21359424002427,0.9840523276191392,4.753273526768761,40.259871645200384,-3.2691694403638536,0.9931473,0.66,1,Wales,wales,France - Wales,france,4,1,False,0,0,0,0,0,window_end_20s,1,,9.497000000000298,67.47353439604208,48.48828471156801,55.23340604124247,44.32917731182422,4.667703202255747
6,5707005,6698,2604332725,1,duel_regain,1H,165.787,1,opponent_on_ball,none,,0.0025660000000016,Finland - Switzerland,0.4530000000000029,0.4530000000000029,0,0,0,0,0,0.4530000000000029,0.4530000000000029,0,0,0,0,0,5.3019999999999925,5.3019999999999925,1,0,0,0,0,5.3019999999999925,5.3019999999999925,1,0,0,0,0,5.3019999999999925,5.3019999999999925,1,0,0,0,0,86.09501588513109,attacking_third,36.99291484457825,36.99291484457825,86.13115119254454,0.0,0.0361353074134456,0.0,0.0,86.09501588513109,attacking_third,36.99291484457825,36.99291484457825,86.13115119254454,0.0,0.0361353074134456,0.0,0.0,86.09501588513109,attacking_third,36.99291484457825,19.69539314790109,102.41440563261747,17.297521696677162,17.380688701029456,0.865463458809055,3.2760457758858252,86.09501588513109,attacking_third,36.99291484457825,19.69539314790109,102.41440563261747,17.297521696677162,17.380688701029456,0.865463458809055,3.2760457758858252,86.09501588513109,attacking_third,36.99291484457825,19.69539314790109,102.41440563261747,17.297521696677162,17.380688701029456,0.865463458809055,3.2760457758858252,-33.59501588513109,-31.797442103332344,0.96005267,0.66,1,Switzerland,switzerland,Finland - Switzerland,draw,1,1,False,0,0,1,1,0,opponent_on_ball,0,2604332640,6.108000000000004,96.6,12.194490559264873,10.504984114868904,24.79842428531338,4.059990878407558
6,5707005,6698,2604333578,1,interception,1H,2212.931,1,window_end,pass,2.06899999999996,0.0065660000000207,Finland - Switzerland,2.0,2.0,0,0,0,0,0,4.322999999999865,4.322999999999865,2,0,0,0,0,6.875999999999749,6.875999999999749,3,0,0,0,0,11.235000000000127,11.235000000000127,3,0,0,0,0,11.235000000000127,11.235000000000127,3,0,0,0,0,31.439321494513905,defensive_third,77.59324652823584,68.67967377994958,39.19522103841817,8.913572748286256,7.755899543904263,1.0,4.50180441832635,31.439321494513905,defensive_third,77.59324652823584,54.09848269323302,53.36648285076416,23.49476383500282,21.927161356250252,0.999650813115888,5.463898566279495,31.439321494513905,defensive_third,77.59324652823584,53.41120157374736,60.30871005512729,24.182044954488475,28.869388560613388,0.9489497553006768,3.5250794394297413,31.439321494513905,defensive_third,77.59324652823584,33.621541091043035,87.00796655797785,43.9717054371928,55.56864506346395,0.9646804254605988,3.919046830409411,31.439321494513905,defensive_third,77.59324652823584,33.621541091043035,87.00796655797785,43.9717054371928,55.56864506346395,0.9646804254605988,3.919046830409411,21.060678505486095,-24.68883319648984,0.9634302,0.66,1,Switzerland,switzerland,Finland - Switzerland,draw,1,1,False,0,0,0,1,0,window_end_20s,1,,11.235000000000127,87.00796655797785,33.621541091043035,55.56864506346395,43.9717054371928,3.913814458139057
6,5707005,5048,2604333424,1,interception,2H,2786.826,0,opponent_on_ball,pass,1.43100000000004,0.0015659999999115,Finland - Switzerland,1.43100000000004,1.43100000000004,1,0,0,0,0,3.735999999999876,3.735999999999876,2,0,0,0,0,3.735999999999876,3.735999999999876,2,0,0,0,0,3.735999999999876,3.735999999999876,2,0,0,0,0,3.735999999999876,3.735999999999876,2,0,0,0,0,67.20801340566919,middle_third,43.69228461412419,33.36700219588915,76.49412631664677,10.32528241823504,9.28611291097758,0.9199866660831016,7.375201727310264,67.20801340566919,middle_third,43.69228461412419,24.32726663283633,81.01916840404039,19.36501798128786,14.10254704237184,0.9518931215906364,5.233788643591571,67.20801340566919,middle_third,43.69228461412419,24.32726663283633,81.01916840404039,19.36501798128786,14.10254704237184,0.9518931215906364,5.233788643591571,67.20801340566919,middle_third,43.69228461412419,24.32726663283633,81.01916840404039,19.36501798128786,14.10254704237184,0.9518931215906364,5.233788643591571,67.20801340566919,middle_third,43.69228461412419,24.32726663283633,81.01916840404039,19.36501798128786,14.10254704237184,0.9518931215906364,5.233788643591571,14.7080134056692,-21.926729898814237,0.99220395,0.66,1,Finland,finland,Finland - Switzerland,draw,1,1,False,0,0,0,1,0,opponent_on_ball,0,2604333787,4.251000000000204,78.75,26.25,11.541986594330808,17.44228461412419,4.103101532374349
6,5707005,5048,2604333667,1,duel_regain,2H,3621.714,0,opponent_on_ball,duel,3.9079999999999018,0.0095659999997224,Finland - Switzerland,2.0,2.0,0,0,0,0,0,3.9079999999999018,3.9079999999999018,0,0,1,0,0,5.148000000000138,5.148000000000138,1,0,1,0,0,5.148000000000138,5.148000000000138,1,0,1,0,0,5.148000000000138,5.148000000000138,1,0,1,0,0,88.56400395848831,attacking_third,31.49658703574355,31.49658703574355,88.07929890841073,0.0,0.0,0.0,0.0,88.56400395848831,attacking_third,31.49658703574355,25.09337070441013,92.082763200604,6.403216331333418,3.518759242115678,0.5781630297404959,1.65031348745702,88.56400395848831,attacking_third,31.49658703574355,13.888315293127194,93.48911265433271,17.608271742616353,4.925108695844415,0.7903117088076924,3.439115574729524,88.56400395848831,attacking_third,31.49658703574355,13.888315293127194,93.48911265433271,17.608271742616353,4.925108695844415,0.7903117088076924,3.439115574729524,88.56400395848831,attacking_third,31.49658703574355,13.888315293127194,93.48911265433271,17.608271742616353,4.925108695844415,0.7903117088076924,3.439115574729524,36.06400395848832,26.8680670875964,0.98763436,0.66,1,Finland,finland,Finland - Switzerland,draw,1,1,False,0,0,1,1,0,opponent_on_ball,0,2604333962,7.307999999999993,95.55,14.410999271389894,6.985996041511683,17.085587764353654,2.337929360201652
6,5707005,6698,2604334038,1,duel_regain,2H,3886.711,1,game_interruption,touch,2.313000000000102,0.0065659999995659,Finland - Switzerland,0.1160000000004402,0.1160000000004402,0,0,0,0,0,2.313000000000102,2.313000000000102,0,1,0,0,0,5.265000000000327,5.265000000000327,0,1,0,0,1,5.265000000000327,5.265000000000327,0,1,0,0,1,5.265000000000327,5.265000000000327,0,1,0,0,1,67.47435263041662,middle_third,37.52565638219196,37.52565638219196,67.31639918173536,0.0,0.0,0.0,0.0,67.47435263041662,middle_third,37.52565638219196,34.44610270195058,71.03131976471705,3.079553680241382,3.556967134300436,0.627007535973223,1.350681438702242,67.47435263041662,middle_third,37.52565638219196,6.584876441415674,98.66931260501993,30.940779940776288,31.194959974603307,0.9441012141782442,5.9047289963310865,67.47435263041662,middle_third,37.52565638219196,6.584876441415674,98.66931260501993,30.940779940776288,31.194959974603307,0.9441012141782442,5.9047289963310865,67.47435263041662,middle_third,37.52565638219196,6.584876441415674,98.66931260501993,30.940779940776288,31.194959974603307,0.9441012141782442,5.9047289963310865,-14.974352630416618,0.0260078454388121,0.9944582,0.66,1,Switzerland,switzerland,Finland - Switzerland,draw,1,1,False,1,1,1,1,1,shot,0,2604334040,5.265000000000327,79.8,26.488216247984692,12.325647369583379,11.03744013420727,2.096379892536863
6,5707005,6698,2604334058,1,duel_regain,2H,4060.116,1,opponent_on_ball,pass,4.83199999999988,0.0084340000003066,Finland - Switzerland,0.0320000000001527,0.0320000000001527,0,0,0,0,0,4.83199999999988,4.83199999999988,1,0,0,0,0,4.83199999999988,4.83199999999988,1,0,0,0,0,4.83199999999988,4.83199999999988,1,0,0,0,0,4.83199999999988,4.83199999999988,1,0,0,0,0,49.01983404726725,middle_third,60.02397171241545,59.97995785995211,49.06715418612319,0.0440138524633439,0.0473201388559374,1.0,2.200692623219239,49.01983404726725,middle_third,60.02397171241545,32.74138909185207,72.6984074407297,27.28258262056338,23.678573393462443,1.0,5.660286850739633,49.01983404726725,middle_third,60.02397171241545,32.74138909185207,72.6984074407297,27.28258262056338,23.678573393462443,1.0,5.660286850739633,49.01983404726725,middle_third,60.02397171241545,32.74138909185207,72.6984074407297,27.28258262056338,23.678573393462443,1.0,5.660286850739633,49.01983404726725,middle_third,60.02397171241545,32.74138909185207,72.6984074407297,27.28258262056338,23.678573393462443,1.0,5.660286850739633,3.4801659527327473,-21.658674937247476,0.99355423,0.66,1,Switzerland,switzerland,Finland - Switzerland,draw,1,1,False,0,0,0,1,0,opponent_on_ball,0,2604333754,6.757000000000062,72.45,33.55723617939951,23.43016595273275,26.466735533015942,3.9169358491957524
6,5707005,6698,2604334114,1,interception,2H,4350.245,1,game_interruption,duel,2.3209999999999127,0.0005659999997078,Finland - Switzerland,2.0,2.0,0,0,0,0,0,3.673999999999978,3.673999999999978,0,0,1,0,0,3.673999999999978,3.673999999999978,0,0,1,0,0,11.98700000000008,11.98700000000008,1,0,1,0,1,11.98700000000008,11.98700000000008,1,0,1,0,1,34.48800430854078,defensive_third,74.09341252843872,70.6628632257062,39.92142000535734,3.4305493027325156,5.43341569681656,0.8039882732766164,1.732600657945301,34.48800430854078,defensive_third,74.09341252843872,64.08603366464457,49.37526928382586,10.007378863794145,14.887264975285078,0.8951836127925173,2.764469299390731,34.48800430854078,defensive_third,74.09341252843872,64.08603366464457,49.37526928382586,10.007378863794145,14.887264975285078,0.8951836127925173,2.764469299390731,34.48800430854078,defensive_third,74.09341252843872,3.838917771219395,102.41904821502118,70.25449475721932,67.9310439064804,0.9622415251101883,5.874121635218989,34.48800430854078,defensive_third,74.09341252843872,3.838917771219395,102.41904821502118,70.25449475721932,67.9310439064804,0.9622415251101883,5.874121635218989,18.01199569145922,-22.75724596072724,0.9995838,0.66,1,Switzerland,switzerland,Finland - Switzerland,draw,1,1,False,1,1,1,1,1,shot,0,2604334122,11.98700000000008,94.5,12.509596316428441,60.01199569145922,61.58381621201028,5.137550363895042
6,5707006,7840,2609323935,1,interception,1H,300.529,1,opponent_on_ball,none,,0.0090000000000145,Norway - Iceland,1.7370000000000232,1.7370000000000232,0,0,0,0,0,1.7370000000000232,1.7370000000000232,0,0,0,0,0,9.30200000000002,8.971000000000004,1,0,0,0,2,9.30200000000002,8.971000000000004,1,0,0,0,2,9.30200000000002,8.971000000000004,1,0,0,0,2,58.12008036010454,middle_third,50.7404908126395,39.698921416154505,69.26787949253256,11.041569396484997,11.14779913242802,1.0,6.495040821461806,58.12008036010454,middle_third,50.7404908126395,39.698921416154505,69.26787949253256,11.041569396484997,11.14779913242802,1.0,6.495040821461806,58.12008036010454,middle_third,50.7404908126395,4.158974145010726,107.46480590087695,46.581516667628776,49.344725540772416,0.8181366872637771,5.0304013679944735,58.12008036010454,middle_third,50.7404908126395,4.158974145010726,107.46480590087695,46.581516667628776,49.344725540772416,0.8181366872637771,5.0304013679944735,58.12008036010454,middle_third,50.7404908126395,4.158974145010726,107.46480590087695,46.581516667628776,49.344725540772416,0.8181366872637771,5.0304013679944735,-5.620080360104538,-19.41315385156406,0.9995177,0.66,1,Iceland,iceland,Norway - Iceland,norway,4,3,False,1,1,1,1,1,shot,0,2609323936,7.137999999999977,94.5,12.153369903035125,36.37991963989546,38.58712090960437,5.405872920930863
6,5707006,7337,2609323584,0,duel_regain,1H,1081.797,0,opponent_on_ball,pass,3.738000000000056,0.002999999999929,Norway - Iceland,2.0,2.0,0,0,0,0,0,3.738000000000056,3.738000000000056,1,0,0,0,0,8.55600000000004,8.55600000000004,1,0,1,0,0,8.55600000000004,8.55600000000004,1,0,1,0,0,8.55600000000004,8.55600000000004,1,0,1,0,0,22.769510059262096,defensive_third,82.62703223140811,72.76744454333142,33.332566197332994,9.859587688076688,10.563056138070898,1.0,4.979589741452826,22.769510059262096,defensive_third,82.62703223140811,69.73613593710226,37.978948213987785,12.890896294305849,15.209438154725689,0.8883955441916717,3.4652947027703633,22.769510059262096,defensive_third,82.62703223140811,53.000757774814744,61.57214299015577,29.626274456593364,38.80263293089367,0.9462834408481072,3.4691187888282777,22.769510059262096,defensive_third,82.62703223140811,53.000757774814744,61.57214299015577,29.626274456593364,38.80263293089367,0.9462834408481072,3.4691187888282777,22.769510059262096,defensive_third,82.62703223140811,53.000757774814744,61.57214299015577,29.626274456593364,38.80263293089367,0.9462834408481072,3.4691187888282777,-29.730489940737904,8.085355865783512,0.74302685,0.66,1,Norway,norway,Norway - Iceland,norway,4,3,True,0,0,0,0,0,opponent_on_ball,0,2609324056,15.95699999999988,80.85,24.755122702180255,58.0804899407379,57.87190952922785,3.626741212585592
6,5707006,7337,2609323588,1,duel_regain,1H,1093.379,0,opponent_on_ball,pass,3.3300000000001546,0.0010000000002037,Norway - Iceland,2.0,2.0,0,0,0,0,0,3.3300000000001546,3.3300000000001546,1,0,0,0,0,3.3300000000001546,3.3300000000001546,1,0,0,0,0,3.3300000000001546,3.3300000000001546,1,0,0,0,0,3.3300000000001546,3.3300000000001546,1,0,0,0,0,71.16144019588756,attacking_third,47.75008186782444,40.508507070500734,76.20019127393174,7.2415747973237075,5.0387510780441715,0.9982023278337402,3.6573610087497337,71.16144019588756,attacking_third,47.75008186782444,28.858817094613055,80.7708676859859,18.891264773211383,9.60942749009834,0.9993101348698374,5.690139991931249,71.16144019588756,attacking_third,47.75008186782444,28.858817094613055,80.7708676859859,18.891264773211383,9.60942749009834,0.9993101348698374,5.690139991931249,71.16144019588756,attacking_third,47.75008186782444,28.858817094613055,80.7708676859859,18.891264773211383,9.60942749009834,0.9993101348698374,5.690139991931249,71.16144019588756,attacking_third,47.75008186782444,28.858817094613055,80.7708676859859,18.891264773211383,9.60942749009834,0.9993101348698374,5.690139991931249,18.661440195887565,33.69009036448912,0.98653805,0.66,1,Norway,norway,Norway - Iceland,norway,4,3,True,0,0,0,1,0,opponent_on_ball,0,2609324056,4.375,80.85,24.755122702180255,9.68855980411243,22.994959165644186,5.2559906664329565
6,5707006,7337,2609323618,1,duel_regain,1H,1231.44,0,opponent_on_ball,touch,1.5399999999999636,0.0,Norway - Iceland,1.9869999999998529,1.9869999999998529,0,2,0,0,0,1.9869999999998529,1.9869999999998529,0,2,0,0,0,6.45699999999988,6.45699999999988,1,3,0,0,0,6.45699999999988,6.45699999999988,1,3,0,0,0,6.45699999999988,6.45699999999988,1,3,0,0,0,70.73944382802723,attacking_third,37.5986178475179,33.82764292024406,76.24801956661143,3.7709749272738406,5.508575738584199,0.7752369345110098,1.9045327915524273,70.73944382802723,attacking_third,37.5986178475179,33.82764292024406,76.24801956661143,3.7709749272738406,5.508575738584199,0.7752369345110098,1.9045327915524273,70.73944382802723,attacking_third,37.5986178475179,16.063990797133844,90.19447957496496,21.534627050384056,19.455035746937725,0.951683091945178,3.3438861879478066,70.73944382802723,attacking_third,37.5986178475179,16.063990797133844,90.19447957496496,21.534627050384056,19.455035746937725,0.951683091945178,3.3438861879478066,70.73944382802723,attacking_third,37.5986178475179,16.063990797133844,90.19447957496496,21.534627050384056,19.455035746937725,0.951683091945178,3.3438861879478066,18.23944382802723,15.487748539758464,0.9971662,0.66,1,Norway,norway,Norway - Iceland,norway,4,3,True,0,0,1,1,0,opponent_on_ball,0,2609324094,7.885999999999967,93.45,16.829144363276463,22.71055617197277,20.769473484241438,2.633714618848786
6,5707006,7337,2609323664,1,duel_regain,1H,1424.188,0,game_interruption,pass,1.681999999999789,0.0080000000000381,Norway - Iceland,1.681999999999789,1.681999999999789,1,0,0,0,0,4.420999999999822,4.420999999999822,1,0,0,0,1,5.044999999999845,4.571999999999889,1,0,0,0,1,5.044999999999845,4.571999999999889,1,0,0,0,1,5.044999999999845,4.571999999999889,1,0,0,0,1,95.1886017615932,attacking_third,19.878007033710155,18.728689282030786,94.38813665975624,1.1493177516793691,0.5311345450935789,0.9281039745316902,0.6923600913731748,95.1886017615932,attacking_third,19.878007033710155,2.358093731494797,102.91794729817384,17.519913302215357,7.729345536580624,0.8999871119570849,3.981798477776341,95.1886017615932,attacking_third,19.878007033710155,1.29027402350237,104.30010947186383,18.587733010207785,9.111507710270644,0.9051878645912588,4.076257239080704,95.1886017615932,attacking_third,19.878007033710155,1.29027402350237,104.30010947186383,18.587733010207785,9.111507710270644,0.9051878645912588,4.076257239080704,95.1886017615932,attacking_third,19.878007033710155,1.29027402350237,104.30010947186383,18.587733010207785,9.111507710270644,0.9051878645912588,4.076257239080704,42.688601761593205,-17.287904101990456,0.9904434,0.66,1,Norway,norway,Norway - Iceland,norway,4,3,True,1,1,1,1,1,shot,0,2609323667,4.420999999999822,93.45,11.728772314270573,-1.738601761593202,8.149234719439582,1.8433012258402872
6,5707006,7337,2609323674,1,interception,1H,1503.406,0,game_interruption,pass,1.0750000000000457,0.0059999999998581,Norway - Iceland,1.0750000000000457,1.0750000000000457,1,0,0,0,0,3.0510000000001583,3.0510000000001583,1,0,0,0,1,3.0510000000001583,3.0510000000001583,1,0,0,0,1,3.0510000000001583,3.0510000000001583,1,0,0,0,1,3.0510000000001583,3.0510000000001583,1,0,0,0,1,79.74828612092975,attacking_third,34.66583558394542,28.911382320779367,82.54652905397923,5.754453263166056,2.7982429330494796,1.0,5.4287294935531625,79.74828612092975,attacking_third,34.66583558394542,11.815278162609854,96.14139431996348,22.85055742133557,16.393108199033733,1.0,7.566409742164141,79.74828612092975,attacking_third,34.66583558394542,11.815278162609854,96.14139431996348,22.85055742133557,16.393108199033733,1.0,7.566409742164141,79.74828612092975,attacking_third,34.66583558394542,11.815278162609854,96.14139431996348,22.85055742133557,16.393108199033733,1.0,7.566409742164141,79.74828612092975,attacking_third,34.66583558394542,11.815278162609854,96.14139431996348,22.85055742133557,16.393108199033733,1.0,7.566409742164141,27.248286120929748,-23.750181113050644,0.9603005,0.66,1,Norway,norway,Norway - Iceland,norway,4,3,True,1,1,1,1,1,shot,0,2609323676,3.0510000000001583,85.05,23.768233001214035,5.301713879070249,10.897602582731388,3.5718133670045304
6,5707006,7840,2609324985,1,interception,1H,2152.266,1,opponent_on_ball,pass,1.2089999999998329,0.0059999999998581,Norway - Iceland,1.2089999999998329,1.2089999999998329,1,0,0,0,0,4.235999999999876,4.235999999999876,2,0,0,0,0,8.523999999999887,8.523999999999887,2,0,1,0,0,8.523999999999887,8.523999999999887,2,0,1,0,0,8.523999999999887,8.523999999999887,2,0,1,0,0,48.421048111740774,middle_third,56.69657510211619,54.21683690704363,51.43889135298843,2.479738195072557,3.017843241247654,0.7423606318812533,2.10147304667195,48.421048111740774,middle_third,56.69657510211619,34.31298153278817,72.9278855766897,22.38359356932802,24.50683746494893,0.9629755535081927,5.304169092258077,48.421048111740774,middle_third,56.69657510211619,15.093085491467995,101.08384443155929,41.6034896106482,52.6627963198185,0.9447763947046464,4.894528189488023,48.421048111740774,middle_third,56.69657510211619,15.093085491467995,101.08384443155929,41.6034896106482,52.6627963198185,0.9447763947046464,4.894528189488023,48.421048111740774,middle_third,56.69657510211619,15.093085491467995,101.08384443155929,41.6034896106482,52.6627963198185,0.9447763947046464,4.894528189488023,4.078951888259226,-3.6501823976273617,0.99978906,0.66,1,Iceland,iceland,Norway - Iceland,norway,4,3,False,0,0,1,1,0,opponent_on_ball,0,2609323776,9.277000000000044,102.9,15.106674021769319,54.47895188825923,41.58990108034688,4.483119659410012
6,5707006,7840,2609324999,1,duel_regain,2H,3190.863,1,game_interruption,none,,0.0029999999997016,Norway - Iceland,2.0,2.0,0,0,0,0,0,5.0,5.0,0,0,0,0,0,7.166000000000167,6.857000000000426,0,0,1,0,1,7.166000000000167,6.857000000000426,0,0,1,0,1,7.166000000000167,6.857000000000426,0,0,1,0,1,69.22887292234323,middle_third,36.75172446914619,31.756895211891155,77.99994149837319,4.994829257255034,8.771068576029961,0.8830684047422814,2.522641039017671,69.22887292234323,middle_third,36.75172446914619,22.056450265838503,87.71301308586233,14.695274203307688,19.405230843855666,0.9569313495371304,2.9508582737565527,69.22887292234323,middle_third,36.75172446914619,2.1688571241675336,109.1431691689762,34.58286734497866,39.91429624663297,0.8514495630326263,4.843538843834632,69.22887292234323,middle_third,36.75172446914619,2.1688571241675336,109.1431691689762,34.58286734497866,39.91429624663297,0.8514495630326263,4.843538843834632,69.22887292234323,middle_third,36.75172446914619,2.1688571241675336,109.1431691689762,34.58286734497866,39.91429624663297,0.8514495630326263,4.843538843834632,-16.72887292234323,8.433013639866203,0.9993414,0.66,1,Iceland,iceland,Norway - Iceland,norway,4,3,False,1,1,1,1,1,shot,0,2609324993,7.166000000000167,85.05,23.057235306948666,15.821127077656769,13.694489162197524,1.9110367237227468
6,5707006,7840,2609324728,1,duel_regain,2H,3515.978,1,opponent_on_ball,pass,1.58199999999988,0.0019999999999527,Norway - Iceland,1.58199999999988,1.58199999999988,1,0,0,0,0,4.780999999999949,4.780999999999949,2,0,0,0,0,6.85799999999972,6.85799999999972,2,0,1,0,0,6.85799999999972,6.85799999999972,2,0,1,0,0,6.85799999999972,6.85799999999972,2,0,1,0,0,30.410976102521843,defensive_third,74.6642331263791,73.68037328916681,31.761904872654988,0.9838598372122932,1.3509287701331445,0.7610984483158452,0.62269609950148,30.410976102521843,defensive_third,74.6642331263791,52.33241421135397,56.674121373786306,22.33181891502514,26.263145271264463,0.9509367282189582,4.69155859559375,30.410976102521843,defensive_third,74.6642331263791,44.67423566728849,64.82878256270921,29.98999745909061,34.417806460187364,0.963001877449072,4.3845025524985335,30.410976102521843,defensive_third,74.6642331263791,44.67423566728849,64.82878256270921,29.98999745909061,34.417806460187364,0.963001877449072,4.3845025524985335,30.410976102521843,defensive_third,74.6642331263791,44.67423566728849,64.82878256270921,29.98999745909061,34.417806460187364,0.963001877449072,4.3845025524985335,22.089023897478157,-3.350406299498559,0.99756706,0.66,1,Iceland,iceland,Norway - Iceland,norway,4,3,False,0,0,0,0,0,opponent_on_ball,0,2609324167,12.775000000000091,91.35,19.268692223397004,60.93902389747815,55.3955409029821,4.3362458632471
6,5707006,7840,2609325506,1,duel_regain,2H,4207.725,1,window_end,touch,1.5649999999995998,0.0050000000001091,Norway - Iceland,1.5649999999995998,1.5649999999995998,0,1,0,0,0,4.057999999999993,4.057999999999993,1,1,0,0,0,9.719999999999343,9.719999999999343,2,1,0,0,0,11.212999999999738,11.212999999999738,2,2,0,0,0,19.875,19.875,4,2,0,0,0,15.611785038774704,defensive_third,89.5639913260046,86.71345227462992,18.351119365314773,2.8505390513746818,2.7393343265400674,0.9113200102034296,1.8509993840095773,15.611785038774704,defensive_third,89.5639913260046,70.03843605068579,35.95847769614349,19.52555527531881,20.346692657368784,0.9859927763488197,4.833058236465095,15.611785038774704,defensive_third,89.5639913260046,49.03748834531786,66.16638860743473,40.526502980686736,50.55460356866002,0.9932020152646432,4.186622208748504,15.611785038774704,defensive_third,89.5639913260046,48.62954549297268,67.06562860875377,40.93444583303192,51.67848811734192,0.947683702723172,3.6613994483927415,15.611785038774704,defensive_third,89.5639913260046,16.107969360692135,89.8644892668705,73.45602196531246,74.25270422809581,0.945177062333142,3.698691941858525,36.888214961225295,5.608526392057598,0.98388034,0.66,1,Iceland,iceland,Norway - Iceland,norway,4,3,False,0,0,1,1,0,window_end_20s,1,,19.875,89.8644892668705,16.107969360692135,74.25270422809581,73.45602196531246,3.6959004762421364
6,5707006,7337,2609324566,1,duel_regain,2H,4846.419,0,opponent_on_ball,pass,2.270999999999731,0.0010000000002037,Norway - Iceland,0.0820000000003347,0.0820000000003347,0,0,0,0,0,4.739999999999782,4.739999999999782,1,1,0,0,0,8.95300000000043,8.661000000000058,2,1,0,0,1,8.95300000000043,8.661000000000058,2,1,0,0,1,8.95300000000043,8.661000000000058,2,1,0,0,1,53.77522276603258,middle_third,53.878240557603945,53.72277433674667,53.815915138272345,0.1554662208572779,0.0406923722397678,1.0,1.9433277607177413,53.77522276603258,middle_third,53.878240557603945,24.69720363240271,80.35362950376532,29.181036925201234,26.57840673773274,1.0,6.1824230773740005,53.77522276603258,middle_third,53.878240557603945,1.8232284542667496,106.18284170366552,52.0550121033372,52.407618937632954,0.8924011966878933,5.835763688714885,53.77522276603258,middle_third,53.878240557603945,1.8232284542667496,106.18284170366552,52.0550121033372,52.407618937632954,0.8924011966878933,5.835763688714885,53.77522276603258,middle_third,53.878240557603945,1.8232284542667496,106.18284170366552,52.0550121033372,52.407618937632954,0.8924011966878933,5.835763688714885,1.2752227660325772,16.699910266628763,0.9999478,0.66,1,Norway,norway,Norway - Iceland,norway,4,3,True,1,1,1,1,1,shot,0,2609324572,8.95300000000043,99.75,10.87165580764954,45.97477723396742,43.006584749954406,4.803594856467368
6,5707006,7840,2609324882,1,duel_regain,2H,5021.308,1,window_end,pass,1.332999999999629,0.0079999999998108,Norway - Iceland,1.332999999999629,1.332999999999629,1,0,0,0,0,1.332999999999629,1.332999999999629,1,0,0,0,0,5.456000000000131,5.456000000000131,1,0,1,0,0,14.332000000000336,14.332000000000336,2,0,2,0,0,16.74200000000019,15.782000000000153,2,0,2,0,1,7.927830386568715,defensive_third,97.37567858770493,84.05400631904277,23.59273827932508,13.32167226866214,15.664907892756364,0.9952586587857604,10.24744020666892,7.927830386568715,defensive_third,97.37567858770493,84.05400631904277,23.59273827932508,13.32167226866214,15.664907892756364,0.9952586587857604,10.24744020666892,7.927830386568715,defensive_third,97.37567858770493,64.82256607245105,47.26279766082243,32.55311251525386,39.33496727425372,0.9979694306172338,6.006109320157457,7.927830386568715,defensive_third,97.37567858770493,11.986313429487454,93.62690908855876,85.38936515821746,85.69907870199005,0.9989445659851152,5.971284276798728,7.927830386568715,defensive_third,97.37567858770493,1.9604524543518187,102.52360090244372,95.41522613335307,99.965847563927,0.9483629196671902,5.7134865948116245,44.572169613431285,-7.682230597765333,0.98984504,0.66,1,Iceland,iceland,Norway - Iceland,norway,4,3,False,1,0,1,1,1,shot,0,2609324884,15.667999999999665,92.4,14.007655050007473,84.47216961343129,83.36802353769745,5.320910361099006
6,5707007,3758,2601700381,1,duel_regain,1H,268.479,0,opponent_on_ball,interception,2.937000000000012,0.0071330000000102,Italy - Spain,2.0,2.0,0,0,0,0,0,2.937000000000012,2.937000000000012,0,0,0,0,0,7.989000000000033,7.989000000000033,2,0,0,0,0,14.819999999999991,14.819999999999991,2,1,1,0,0,16.49000000000001,16.207133,3,1,1,0,0,22.918902054488463,defensive_third,85.10835973807283,73.92380072638393,33.245836207960025,11.184559011688904,10.326934153471562,1.0,5.6487671776206065,22.918902054488463,defensive_third,85.10835973807283,70.14275977254012,35.32290609093272,14.965599965532718,13.170366554010664,0.9685246256238984,5.125205467648163,22.918902054488463,defensive_third,85.10835973807283,43.30684380998628,65.43844864451741,41.80151592808655,42.519546590028945,0.9661289376031597,5.238285204020859,22.918902054488463,defensive_third,85.10835973807283,20.42353880771102,98.93662971521086,64.68482093036181,76.01772766072239,0.977845915588276,4.370596008808227,22.918902054488463,defensive_third,85.10835973807283,18.24627128084506,106.00928642468764,66.86208845722777,83.09038437019919,0.9129797144399304,4.0571655617249816,-29.581097945511537,-22.497249995600768,0.99436533,0.66,1,Italy,italy,Italy - Spain,spain,1,3,False,0,0,1,1,0,opponent_on_ball,0,2601698459,17.602000000000032,100.8,14.884837923202255,77.88109794551153,70.22352181487058,3.9895194759044683
6,5707007,3758,2601698442,1,duel_regain,1H,422.407,0,window_end,pass,2.0710000000000264,0.000866999999971,Italy - Spain,2.0,2.0,0,0,0,0,0,2.0710000000000264,2.0710000000000264,1,0,0,0,0,7.826000000000022,7.826000000000022,2,0,1,0,0,13.949000000000012,13.949000000000012,4,1,1,0,0,17.77199999999999,17.77199999999999,5,1,1,0,0,3.4535592130954456,defensive_third,103.115604349583,102.24244898583268,6.287924027449712,0.8731553637503282,2.8343648143542666,0.1661958504072847,0.4409875574496567,3.4535592130954456,defensive_third,103.115604349583,102.1719687774576,6.453193484486398,0.9436355721254016,2.9996342713909527,0.1772333953523072,0.4625664569242119,3.4535592130954456,defensive_third,103.115604349583,69.28157605557476,37.66526717558264,33.83402829400825,35.95533821781892,0.7615228740072434,4.337695935129257,3.4535592130954456,defensive_third,103.115604349583,60.17906276348748,46.77086398639572,42.93654158609553,49.39062770165866,0.6552357848438114,3.0845216656677787,3.4535592130954456,defensive_third,103.115604349583,41.92109581494547,74.83517050628618,61.19450853463754,71.38161129319073,0.6969976543602225,3.4495213379164325,-49.046440786904554,17.920608915196688,0.9934056,0.66,1,Italy,italy,Italy - Spain,spain,1,3,False,0,0,0,0,0,window_end_20s,1,,17.77199999999999,74.9391360987211,41.81025306464372,71.48557688562565,61.30535128493928,3.4495471125894275
6,5707007,1599,2601698555,1,duel_regain,1H,719.98,1,opponent_on_ball,pass,2.2690000000000055,0.006132999999977,Italy - Spain,2.0,2.0,0,0,0,0,0,4.4109999999999445,4.4109999999999445,2,0,0,0,0,4.4109999999999445,4.4109999999999445,2,0,0,0,0,4.4109999999999445,4.4109999999999445,2,0,0,0,0,4.4109999999999445,4.4109999999999445,2,0,0,0,0,68.2670732351031,middle_third,40.79699126287088,29.40549668392163,76.04837691826614,11.391494578949246,7.781303683163045,0.980781591642431,5.753280090378354,68.2670732351031,middle_third,40.79699126287088,17.454813274791366,88.04329635317721,23.34217798807951,19.827064474391538,0.9902718581805628,5.3050404518362795,68.2670732351031,middle_third,40.79699126287088,17.454813274791366,88.04329635317721,23.34217798807951,19.827064474391538,0.9902718581805628,5.3050404518362795,68.2670732351031,middle_third,40.79699126287088,17.454813274791366,88.04329635317721,23.34217798807951,19.827064474391538,0.9902718581805628,5.3050404518362795,68.2670732351031,middle_third,40.79699126287088,17.454813274791366,88.04329635317721,23.34217798807951,19.827064474391538,0.9902718581805628,5.3050404518362795,-15.767073235103098,17.750678504989125,0.99847835,0.66,1,Spain,spain,Italy - Spain,spain,1,3,True,0,0,1,1,0,opponent_on_ball,0,2601698505,5.932000000000016,87.15,18.056048847962277,18.882926764896908,22.740942414908606,3.833604587813308
6,5707007,1599,2601698838,1,duel_regain,1H,1390.475,1,opponent_on_ball,pass,2.9480000000000928,0.0088670000000092,Italy - Spain,2.0,2.0,0,0,0,0,0,4.563000000000102,4.563000000000102,1,1,0,0,0,8.637000000000171,8.637000000000171,2,2,0,0,0,11.923999999999978,11.923999999999978,3,2,0,0,0,11.923999999999978,11.923999999999978,3,2,0,0,0,34.105146559082684,defensive_third,72.39566713157996,60.7197726151588,45.47871698213775,11.675894516421153,11.373570423055064,1.0,5.896916422435549,34.105146559082684,defensive_third,72.39566713157996,49.504355183272835,55.503545316402,22.89131194830712,21.398398757319313,1.0,5.0421391956624015,34.105146559082684,defensive_third,72.39566713157996,34.371688893766205,77.36568413624778,38.02397823781375,43.260537577165096,1.0,4.411134366335758,34.105146559082684,defensive_third,72.39566713157996,23.236690976075337,79.56444515922233,49.15897615550462,51.040964844976585,0.8878881159847521,4.131006399622284,34.105146559082684,defensive_third,72.39566713157996,23.236690976075337,79.56444515922233,49.15897615550462,51.040964844976585,0.8878881159847521,4.131006399622284,18.394853440917316,-14.664664163129643,0.98581785,0.66,1,Spain,spain,Italy - Spain,spain,1,3,True,0,0,0,1,0,opponent_on_ball,0,2601698698,16.700000000000045,70.35,37.74154342365983,36.24485344091731,34.65412370792013,2.0750972280191635
6,5707007,1599,2601699004,1,interception,1H,2046.327,1,opponent_on_ball,duel,3.5049999999998818,0.000866999999971,Italy - Spain,2.0000000000002274,2.0000000000002274,0,0,0,0,0,3.5049999999998818,3.5049999999998818,0,0,1,0,0,3.5049999999998818,3.5049999999998818,0,0,1,0,0,3.5049999999998818,3.5049999999998818,0,0,1,0,0,3.5049999999998818,3.5049999999998818,0,0,1,0,0,70.25283190889394,attacking_third,43.62107339768517,32.43586675184736,81.86107236686944,11.185206645837816,11.608240457975498,1.0,5.649094265574603,70.25283190889394,attacking_third,43.62107339768517,26.46224298530172,86.24624751484436,17.158830412383452,15.993415605950418,1.0,4.930698394363035,70.25283190889394,attacking_third,43.62107339768517,26.46224298530172,86.24624751484436,17.158830412383452,15.993415605950418,1.0,4.930698394363035,70.25283190889394,attacking_third,43.62107339768517,26.46224298530172,86.24624751484436,17.158830412383452,15.993415605950418,1.0,4.930698394363035,70.25283190889394,attacking_third,43.62107339768517,26.46224298530172,86.24624751484436,17.158830412383452,15.993415605950418,1.0,4.930698394363035,-17.752831908893945,26.37105143930857,0.96838164,0.66,1,Spain,spain,Italy - Spain,spain,1,3,True,0,0,0,1,0,opponent_on_ball,0,2601698770,5.645999999999958,87.15,22.035174154065583,16.897168091106067,21.58589924361959,3.82321984477856
6,5707007,3758,2601698956,1,duel_regain,1H,2555.925,0,opponent_on_ball,pass,2.713999999999942,0.0011329999997542,Italy - Spain,2.0,2.0,0,0,0,0,0,4.5359999999996035,4.5359999999996035,2,0,0,0,0,9.654999999999744,9.654999999999744,3,0,0,0,0,9.654999999999744,9.654999999999744,3,0,0,0,0,9.654999999999744,9.654999999999744,3,0,0,0,0,49.37808232478695,middle_third,58.00468384492451,56.42133224198658,55.413754512870874,1.583351602937924,6.035672188083922,0.8539676747082989,0.799672526736318,49.37808232478695,middle_third,58.00468384492451,42.03259401984772,74.61791108600431,15.972089825076786,25.23982876121736,0.8320246812919069,3.5336481913886835,49.37808232478695,middle_third,58.00468384492451,3.3132085466623966,102.16983777627844,54.69147529826211,52.791755451491476,0.9443234708474758,5.673389553761705,49.37808232478695,middle_third,58.00468384492451,3.3132085466623966,102.16983777627844,54.69147529826211,52.791755451491476,0.9443234708474758,5.673389553761705,49.37808232478695,middle_third,58.00468384492451,3.3132085466623966,102.16983777627844,54.69147529826211,52.791755451491476,0.9443234708474758,5.673389553761705,-3.121917675213048,16.4543496401854,0.9996569,0.66,1,Italy,italy,Italy - Spain,spain,1,3,False,0,0,1,1,0,opponent_on_ball,0,2601699124,10.040999999999713,97.65,15.459058832930289,48.271917675213054,42.54562501199422,4.237190022108897
6,5707007,3758,2601699696,1,interception,2H,4832.87,0,opponent_on_ball,pass,3.0670000000000073,0.0161330000000816,Italy - Spain,2.0,2.0,0,0,0,0,0,4.854000000000269,4.793999999999869,2,0,0,0,0,8.77099999999973,8.71099999999933,3,1,0,0,0,8.77099999999973,8.71099999999933,3,1,0,0,0,8.77099999999973,8.71099999999933,3,1,0,0,0,23.44354378669378,defensive_third,84.35558825399517,77.29685785502583,34.87386171073618,7.058730398969331,11.4303179240424,1.0,3.6013930606985713,23.44354378669378,defensive_third,84.35558825399517,67.31120512078154,44.96969230746025,17.04438313321363,21.52614852076647,1.0,3.5361790732810494,23.44354378669378,defensive_third,84.35558825399517,43.21591318361472,72.33792041112667,41.13967507038044,48.894376624432894,1.0,4.707056644208406,23.44354378669378,defensive_third,84.35558825399517,43.21591318361472,72.33792041112667,41.13967507038044,48.894376624432894,1.0,4.707056644208406,23.44354378669378,defensive_third,84.35558825399517,43.21591318361472,72.33792041112667,41.13967507038044,48.894376624432894,1.0,4.707056644208406,-29.05645621330622,21.550167507577065,0.9968924,0.66,1,Italy,italy,Italy - Spain,spain,1,3,False,0,0,0,0,0,opponent_on_ball,0,2601699908,8.972999999999956,67.2,46.969505000585215,43.75645621330622,37.38608325340995,4.166508776709031
6,5707007,1599,2601699910,1,interception,2H,4854.351,1,opponent_on_ball,none,,0.0048669999996491,Italy - Spain,2.0,2.0,0,0,0,0,0,2.236000000000786,2.236000000000786,0,0,0,0,0,5.393000000000029,5.393000000000029,1,0,0,0,0,5.393000000000029,5.393000000000029,1,0,0,0,0,5.393000000000029,5.393000000000029,1,0,0,0,0,18.45928701247611,defensive_third,86.9745699284278,76.79699239361639,28.31266153039496,10.177577534811403,9.853374517918848,1.0,5.192641599393478,18.45928701247611,defensive_third,86.9745699284278,75.70909710233188,29.37327968491542,11.265472826095916,10.91399267243931,1.0,5.120669466407658,18.45928701247611,defensive_third,86.9745699284278,50.76693341252528,54.3996039911598,36.207636515902514,35.94031697868369,1.0,6.780456276386054,18.45928701247611,defensive_third,86.9745699284278,50.76693341252528,54.3996039911598,36.207636515902514,35.94031697868369,1.0,6.780456276386054,18.45928701247611,defensive_third,86.9745699284278,50.76693341252528,54.3996039911598,36.207636515902514,35.94031697868369,1.0,6.780456276386054,34.04071298752389,8.676451454712868,0.99622786,0.66,1,Spain,spain,Italy - Spain,spain,1,3,True,0,0,0,0,0,opponent_on_ball,0,2601699706,6.828000000000429,73.5,34.5856675517475,55.04071298752389,52.3889023766803,7.672657055752344
6,5707008,5630,2602640312,1,duel_regain,1H,34.028,1,opponent_on_ball,duel,4.972999999999999,0.0045849999999987,Portugal - Belgium,1.2450000000000043,1.2450000000000043,0,0,0,0,0,4.972999999999999,4.972999999999999,0,0,1,0,0,4.972999999999999,4.972999999999999,0,0,1,0,0,4.972999999999999,4.972999999999999,0,0,1,0,0,4.972999999999999,4.972999999999999,0,0,1,0,0,60.75980270255931,middle_third,48.241101366489794,41.150866484056095,66.73431167035207,7.090234882433698,5.974508967792758,1.0,5.8116679364210695,60.75980270255931,middle_third,48.241101366489794,21.335634927421545,84.00832275562315,26.90546643906825,23.24852005306384,1.0,5.446450696167664,60.75980270255931,middle_third,48.241101366489794,21.335634927421545,84.00832275562315,26.90546643906825,23.24852005306384,1.0,5.446450696167664,60.75980270255931,middle_third,48.241101366489794,21.335634927421545,84.00832275562315,26.90546643906825,23.24852005306384,1.0,5.446450696167664,60.75980270255931,middle_third,48.241101366489794,21.335634927421545,84.00832275562315,26.90546643906825,23.24852005306384,1.0,5.446450696167664,-8.259802702559313,-19.23561291291403,0.9865789,0.66,1,Belgium,belgium,Portugal - Belgium,belgium,1,2,True,0,0,0,1,0,opponent_on_ball,0,2602640316,5.878999999999998,82.95,23.2841770307649,22.19019729744069,24.956924335724892,4.2450968422733295
6,5707008,5630,2602640393,1,duel_regain,1H,635.6659999999999,1,game_interruption,pass,3.733000000000061,0.0025849999999536,Portugal - Belgium,2.0,2.0,0,0,0,0,0,3.733000000000061,3.733000000000061,1,0,0,0,0,8.466000000000008,8.466000000000008,2,0,3,0,0,14.222000000000094,14.222000000000094,3,2,3,0,0,14.222000000000094,14.222000000000094,3,2,3,0,0,39.81337626790692,middle_third,71.15339758636445,61.22914833441181,51.30114182554947,9.924249251952638,11.487765557642554,1.0,5.012247096945731,39.81337626790692,middle_third,71.15339758636445,54.4652808991951,58.910811207295595,16.688116687169348,19.097434939388677,1.0,4.510301807343011,39.81337626790692,middle_third,71.15339758636445,45.636620646328986,72.85364297849586,25.516776940035463,33.04026671058894,0.9113540257133248,3.0233148033217176,39.81337626790692,middle_third,71.15339758636445,9.446023037437538,100.0190463084708,61.70737454892691,60.205670040563874,0.93799254393472,4.345589756966669,39.81337626790692,middle_third,71.15339758636445,9.446023037437538,100.0190463084708,61.70737454892691,60.205670040563874,0.93799254393472,4.345589756966669,12.686623732093082,28.52209800301816,0.9865132,0.66,1,Belgium,belgium,Portugal - Belgium,belgium,1,2,True,0,0,1,1,0,game_interruption,0,2602640409,19.091000000000008,105.0,18.36,65.18662373209308,52.79339758636445,2.765355276641581
6,5707008,9906,2602641324,1,duel_regain,2H,2870.647,0,opponent_on_ball,duel,1.180000000000291,0.0009329999998044,Portugal - Belgium,1.180000000000291,1.180000000000291,0,0,1,0,0,3.2460000000000946,3.2460000000000946,1,0,1,0,0,3.2460000000000946,3.2460000000000946,1,0,1,0,0,3.2460000000000946,3.2460000000000946,1,0,1,0,0,3.2460000000000946,3.2460000000000946,1,0,1,0,0,82.13944147277941,attacking_third,38.53342312443517,38.07207674857862,84.9961166192527,0.4613463758565501,2.856675146473293,0.9993062768466544,0.3977123929798345,82.13944147277941,attacking_third,38.53342312443517,23.646718813828684,95.66471184019056,14.886704310606484,13.525270367411151,0.9998340628160736,4.623200096461275,82.13944147277941,attacking_third,38.53342312443517,23.646718813828684,95.66471184019056,14.886704310606484,13.525270367411151,0.9998340628160736,4.623200096461275,82.13944147277941,attacking_third,38.53342312443517,23.646718813828684,95.66471184019056,14.886704310606484,13.525270367411151,0.9998340628160736,4.623200096461275,82.13944147277941,attacking_third,38.53342312443517,23.646718813828684,95.66471184019056,14.886704310606484,13.525270367411151,0.9998340628160736,4.623200096461275,29.639441472779417,31.019664110210428,0.9873404,0.66,1,Portugal,portugal,Portugal - Belgium,belgium,1,2,False,0,0,0,1,0,opponent_on_ball,0,2602640727,4.969000000000051,89.25,19.142541628529898,7.11055852722059,19.39088149590527,3.9023709993771525
6,5707008,9906,2602641418,1,duel_regain,2H,3006.929,0,opponent_on_ball,pass,3.2210000000000036,0.0029329999997571,Portugal - Belgium,2.0,2.0,0,0,0,0,0,4.925999999999931,4.925999999999931,1,0,1,0,0,7.9659999999998945,7.9659999999998945,1,0,1,0,1,7.9659999999998945,7.9659999999998945,1,0,1,0,1,7.9659999999998945,7.9659999999998945,1,0,1,0,1,59.90932686804811,middle_third,46.171522662737765,46.171522662737765,55.3716852741085,0.0,0.0,0.0,0.0,59.90932686804811,middle_third,46.171522662737765,29.664573764497217,75.97994112951181,16.506948898240548,16.070614261463703,0.6783375551195354,3.368765081273519,59.90932686804811,middle_third,46.171522662737765,17.920578832827342,92.4230829082023,28.250943829910423,32.51375604015419,0.7830428879072042,3.5580533790818927,59.90932686804811,middle_third,46.171522662737765,17.920578832827342,92.4230829082023,28.250943829910423,32.51375604015419,0.7830428879072042,3.5580533790818927,59.90932686804811,middle_third,46.171522662737765,17.920578832827342,92.4230829082023,28.250943829910423,32.51375604015419,0.7830428879072042,3.5580533790818927,7.409326868048112,-9.931802530416086,0.998933,0.66,1,Portugal,portugal,Portugal - Belgium,belgium,1,2,False,1,1,1,1,1,shot,0,2602641421,7.9659999999998945,87.15,23.732511455806776,27.240673131951894,22.43901120693099,2.816848004887181
6,5707008,9906,2602641494,1,duel_regain,2H,3349.702,0,opponent_on_ball,duel,3.0529999999998836,0.0040669999998499,Portugal - Belgium,2.0,2.0,0,0,0,0,0,3.9909999999999854,3.9909999999999854,1,0,1,0,0,8.604999999999563,8.604999999999563,2,0,2,0,0,8.604999999999563,8.604999999999563,2,0,2,0,0,8.604999999999563,8.604999999999563,2,0,2,0,0,72.67804924479319,attacking_third,33.523504934758996,33.523504934758996,71.90916338952113,0.0,0.0,0.0,0.0,72.67804924479319,attacking_third,33.523504934758996,23.987973193231497,85.43344799082686,9.5355317415275,12.755398746033675,0.5572956138021297,2.395862246614939,72.67804924479319,attacking_third,33.523504934758996,4.683456744352103,100.10589135848215,28.840048190406893,30.56409838217799,0.7651000189318014,3.353493975628744,72.67804924479319,attacking_third,33.523504934758996,4.683456744352103,100.10589135848215,28.840048190406893,30.56409838217799,0.7651000189318014,3.353493975628744,72.67804924479319,attacking_third,33.523504934758996,4.683456744352103,100.10589135848215,28.840048190406893,30.56409838217799,0.7651000189318014,3.353493975628744,20.17804924479318,8.894767140785405,0.998705,0.66,1,Portugal,portugal,Portugal - Belgium,belgium,1,2,False,0,0,1,1,0,opponent_on_ball,0,2602640998,9.071999999999662,100.8,4.414702707997451,28.12195075520681,29.108802226761547,3.208642220763077
6,5707008,9906,2602641576,1,interception,2H,4156.208,0,opponent_on_ball,pass,3.149000000000342,0.0019329999995534,Portugal - Belgium,2.0,2.0,0,0,0,0,0,3.149000000000342,3.149000000000342,1,0,0,0,0,3.149000000000342,3.149000000000342,1,0,0,0,0,3.149000000000342,3.149000000000342,1,0,0,0,0,3.149000000000342,3.149000000000342,1,0,0,0,0,81.1196273714414,attacking_third,36.32209349289836,31.118924870284935,93.86102491203025,5.2031686226134255,12.741397540588835,1.0,2.6278629407132237,81.1196273714414,attacking_third,36.32209349289836,22.91937877187307,97.09232381085178,13.402714721025289,15.99184777242938,1.0,4.295741897763413,81.1196273714414,attacking_third,36.32209349289836,22.91937877187307,97.09232381085178,13.402714721025289,15.99184777242938,1.0,4.295741897763413,81.1196273714414,attacking_third,36.32209349289836,22.91937877187307,97.09232381085178,13.402714721025289,15.99184777242938,1.0,4.295741897763413,81.1196273714414,attacking_third,36.32209349289836,22.91937877187307,97.09232381085178,13.402714721025289,15.99184777242938,1.0,4.295741897763413,28.61962737144139,27.368271389111115,0.9956528,0.66,1,Portugal,portugal,Portugal - Belgium,belgium,1,2,False,0,0,0,1,0,window_end_20s,1,,3.149000000000342,97.07461610479976,22.580323089581263,15.954988733358363,13.741770403317098,4.363852144590538
6,5707008,5630,2602641294,1,interception,2H,4563.812,1,opponent_on_ball,touch,1.8599999999996728,0.0059329999994588,Portugal - Belgium,1.8599999999996728,1.8599999999996728,0,1,0,0,0,1.8599999999996728,1.8599999999996728,0,1,0,0,0,6.690000000000509,6.690000000000509,1,1,0,0,0,13.289999999999964,13.289999999999964,3,2,0,0,0,17.53899999999976,17.53899999999976,4,2,1,0,1,15.393379089768551,defensive_third,89.8320751686001,86.1221289953036,22.48756214905637,3.709946173296501,7.094183059287815,1.0,2.0162750941827214,15.393379089768551,defensive_third,89.8320751686001,86.1221289953036,22.48756214905637,3.709946173296501,7.094183059287815,1.0,2.0162750941827214,15.393379089768551,defensive_third,89.8320751686001,66.48121229152495,46.9635218896232,23.350862877075144,31.57014279985465,1.0,3.5061355671284766,15.393379089768551,defensive_third,89.8320751686001,35.73729713612774,86.654536171876,54.09477803247236,71.26115708210745,0.9586048658289792,4.079545854635858,15.393379089768551,defensive_third,89.8320751686001,2.755723399968056,102.27149475589624,87.07635176863204,86.87811566612768,0.9557455051738452,4.9701114023190565,37.10662091023145,6.360441662894999,0.99857354,0.66,1,Belgium,belgium,Portugal - Belgium,belgium,1,2,True,1,0,1,1,1,shot,0,2602641302,17.53899999999976,96.6,8.50938305636784,81.20662091023144,81.32269211223226,4.636677810150714
6,5707009,3149,2605280290,1,duel_regain,1H,45.457,1,opponent_on_ball,duel,1.6829999999999998,0.0034690000000026,Sweden - Germany,1.6829999999999998,1.6829999999999998,0,0,1,0,0,4.369999999999997,4.369999999999997,2,0,1,0,0,8.121000000000002,8.121000000000002,3,1,1,0,0,8.121000000000002,8.121000000000002,3,1,1,0,0,8.121000000000002,8.121000000000002,3,1,1,0,0,28.46530867458992,defensive_third,81.8483706913525,81.8483706913525,27.16312426858329,0.0,0.0,0.0,0.0,28.46530867458992,defensive_third,81.8483706913525,65.42145817684715,47.821247697834245,16.426912514505347,19.355939023244325,0.7387289491322279,3.7680155580866006,28.46530867458992,defensive_third,81.8483706913525,46.004346705136626,62.021181789799805,35.84402398621587,33.555873115209884,0.8605215508452859,4.425454766437272,28.46530867458992,defensive_third,81.8483706913525,46.004346705136626,62.021181789799805,35.84402398621587,33.555873115209884,0.8605215508452859,4.425454766437272,28.46530867458992,defensive_third,81.8483706913525,46.004346705136626,62.021181789799805,35.84402398621587,33.555873115209884,0.8605215508452859,4.425454766437272,24.03469132541008,-29.010287977771743,0.99885106,0.66,1,Germany,germany,Sweden - Germany,sweden,4,1,False,0,0,0,0,0,opponent_on_ball,0,2605280084,9.759999999999998,65.1,41.02000000000001,36.634691325410074,40.82837069135249,4.183234701982838
6,5707009,3149,2605280407,1,duel_regain,1H,388.823,1,window_end,pass,1.0610000000000357,0.0003389999999967,Sweden - Germany,1.0610000000000357,1.0610000000000357,1,0,0,0,0,4.359000000000037,4.359000000000037,2,1,0,0,0,8.552999999999997,8.552999999999997,3,1,0,0,0,13.64100000000002,13.64100000000002,4,1,0,0,1,15.325000000000044,14.159952000000033,4,1,0,0,1,23.77388381096398,defensive_third,86.60397933487039,86.60397933487039,19.68352326475116,0.0,0.0,0.0,0.0,23.77388381096398,defensive_third,86.60397933487039,57.988843487269456,48.29052592274453,28.615135847600932,25.56694494576535,0.8789919902479084,6.624039639787535,23.77388381096398,defensive_third,86.60397933487039,43.133784497002345,62.952597532727275,43.47019483786804,39.178713721763295,0.916908004345262,5.102198423556656,23.77388381096398,defensive_third,86.60397933487039,2.6687418754890473,102.33487723395596,83.93523745938134,78.56099342299197,0.9551707272637924,6.162516065878903,23.77388381096398,defensive_third,86.60397933487039,1.5776057326800543,107.1921320419854,85.02637360219033,83.53213507846483,0.9219040807605556,5.564443996661753,28.72611618903602,30.042757621095262,0.9952135,0.66,1,Germany,germany,Sweden - Germany,sweden,4,1,False,1,1,1,1,1,shot,0,2605280425,13.64100000000002,95.55,12.485515608095648,71.77611618903602,74.11846372677473,5.433506614381249
6,5707009,3149,2605280736,1,duel_regain,1H,1069.27,1,opponent_on_ball,pass,1.303000000000111,0.002379000000019,Sweden - Germany,1.303000000000111,1.303000000000111,1,0,0,0,0,3.3840000000000146,3.3840000000000146,2,0,0,0,0,7.927000000000135,7.927000000000135,2,0,1,0,1,7.927000000000135,7.927000000000135,2,0,1,0,1,7.927000000000135,7.927000000000135,2,0,1,0,1,72.0891416984302,attacking_third,33.67469916174006,23.058299982143637,83.55351609608266,10.61639917959642,11.464374397652463,1.0,8.293945225455442,72.0891416984302,attacking_third,33.67469916174006,21.87538068447696,82.84679383309685,11.7993184772631,11.588544925615563,0.8909829921870531,3.511677889485654,72.0891416984302,attacking_third,33.67469916174006,3.7181945863664088,96.88528845706752,29.95650457537365,29.796237168183637,0.7759659480123855,3.791966924439996,72.0891416984302,attacking_third,33.67469916174006,3.7181945863664088,96.88528845706752,29.95650457537365,29.796237168183637,0.7759659480123855,3.791966924439996,72.0891416984302,attacking_third,33.67469916174006,3.7181945863664088,96.88528845706752,29.95650457537365,29.796237168183637,0.7759659480123855,3.791966924439996,-19.589141698430197,-7.1316736806790715,0.9996904,0.66,1,Germany,germany,Sweden - Germany,sweden,4,1,False,1,1,1,1,1,shot,0,2605280746,7.221000000000004,95.55,12.05209110486641,23.4608583015698,21.62260805687365,2.994406322790976
6,5707009,7048,2605280270,1,interception,1H,1457.18,0,opponent_on_ball,none,,0.0089000000000396,Sweden - Germany,1.4449999999999363,1.4449999999999363,0,0,0,0,0,1.4449999999999363,1.4449999999999363,0,0,0,0,0,6.587999999999965,6.587999999999965,0,0,1,0,0,6.587999999999965,6.587999999999965,0,0,1,0,0,6.587999999999965,6.587999999999965,0,0,1,0,0,62.33828128764202,middle_third,48.8912791396517,46.27809228003206,67.45004031198125,2.6131868596196384,5.111759024339236,1.0,1.840345013338022,62.33828128764202,middle_third,48.8912791396517,46.27809228003206,67.45004031198125,2.6131868596196384,5.111759024339236,1.0,1.840345013338022,62.33828128764202,middle_third,48.8912791396517,16.83483195364199,98.00137480576534,32.056447186009706,35.66309351812332,1.0,4.886991005020527,62.33828128764202,middle_third,48.8912791396517,16.83483195364199,98.00137480576534,32.056447186009706,35.66309351812332,1.0,4.886991005020527,62.33828128764202,middle_third,48.8912791396517,16.83483195364199,98.00137480576534,32.056447186009706,35.66309351812332,1.0,4.886991005020527,9.83828128764202,23.88168613014973,0.9889824,0.66,1,Sweden,sweden,Sweden - Germany,sweden,4,1,True,0,0,1,1,0,opponent_on_ball,0,2605281554,8.145999999999958,96.6,13.213629327327146,34.261718712357975,35.67764981232455,4.379775326826017
6,5707009,7048,2605280356,1,duel_regain,1H,1784.58,0,opponent_on_ball,pass,4.941000000000031,0.0072040000000015,Sweden - Germany,2.0,2.0,0,0,0,0,0,4.941000000000031,4.941000000000031,1,0,0,0,0,4.941000000000031,4.941000000000031,1,0,0,0,0,4.941000000000031,4.941000000000031,1,0,0,0,0,4.941000000000031,4.941000000000031,1,0,0,0,0,75.95184052381602,attacking_third,35.00264493154019,23.447354301125294,88.41859755542758,11.555290630414891,12.466757031611564,1.0,5.836111480013907,75.95184052381602,attacking_third,35.00264493154019,7.531039245618178,97.29953280169866,27.47160568592201,21.649585472520116,0.9896926474658044,5.583742540472899,75.95184052381602,attacking_third,35.00264493154019,7.531039245618178,97.29953280169866,27.47160568592201,21.649585472520116,0.9896926474658044,5.583742540472899,75.95184052381602,attacking_third,35.00264493154019,7.531039245618178,97.29953280169866,27.47160568592201,21.649585472520116,0.9896926474658044,5.583742540472899,75.95184052381602,attacking_third,35.00264493154019,7.531039245618178,97.29953280169866,27.47160568592201,21.649585472520116,0.9896926474658044,5.583742540472899,23.451840523816017,19.52919822342071,0.9987729,0.66,1,Sweden,sweden,Sweden - Germany,sweden,4,1,True,0,0,1,1,0,opponent_on_ball,0,2605280959,5.803000000000111,94.5,10.846584715937087,18.548159476183983,24.1560602156031,4.162684855351135
6,5707009,3149,2605280959,1,interception,1H,1790.383,1,window_end,pass,1.740000000000009,0.0097839999998541,Sweden - Germany,1.740000000000009,1.740000000000009,1,0,0,0,0,2.9449999999999363,2.9449999999999363,1,1,0,0,0,9.513999999999896,9.513999999999896,2,2,0,0,0,11.676999999999907,11.676999999999907,3,2,0,0,0,11.676999999999907,11.676999999999907,3,2,0,0,0,8.885200378762448,defensive_third,96.11489759027384,86.67426597608552,19.600376617933705,9.44063161418832,10.715176239171257,1.0,5.4884425517617865,8.885200378762448,defensive_third,96.11489759027384,80.70065773840582,26.503715335085403,15.414239851868018,17.618514956322954,1.0,5.278648603380938,8.885200378762448,defensive_third,96.11489759027384,45.839734962399824,65.22603169333772,50.27516262787402,56.34083131457527,0.9828398141163645,5.292066675916353,8.885200378762448,defensive_third,96.11489759027384,22.126087135426395,86.8538116116883,73.98881045484745,77.96861123292585,0.9882752229518844,6.3454723529136166,8.885200378762448,defensive_third,96.11489759027384,22.126087135426395,86.8538116116883,73.98881045484745,77.96861123292585,0.9882752229518844,6.3454723529136166,43.61479962123755,-0.137231768130789,0.99363977,0.66,1,Germany,germany,Sweden - Germany,sweden,4,1,False,0,0,0,1,0,window_end_20s,1,,11.676999999999907,86.8538116116883,22.126087135426395,77.96861123292585,73.98881045484745,6.336285900046933
6,5707009,7048,2605280427,1,interception,1H,2309.835,0,game_interruption,shot,3.1669999999999163,0.0028680000000349,Sweden - Germany,2.0,2.0,0,0,0,0,0,3.1669999999999163,3.1669999999999163,0,0,0,0,1,3.1669999999999163,3.1669999999999163,0,0,0,0,1,3.1669999999999163,3.1669999999999163,0,0,0,0,1,3.1669999999999163,3.1669999999999163,0,0,0,0,1,88.39607224699213,attacking_third,18.616081840343455,18.42078966071548,86.87262326987529,0.1952921796279767,0.0,0.0423022871177717,0.0986342571189458,88.39607224699213,attacking_third,18.616081840343455,5.357754451828068,104.54883495813138,13.258327388515388,16.152762711139246,0.7406864573534497,4.195687829456482,88.39607224699213,attacking_third,18.616081840343455,5.357754451828068,104.54883495813138,13.258327388515388,16.152762711139246,0.7406864573534497,4.195687829456482,88.39607224699213,attacking_third,18.616081840343455,5.357754451828068,104.54883495813138,13.258327388515388,16.152762711139246,0.7406864573534497,4.195687829456482,88.39607224699213,attacking_third,18.616081840343455,5.357754451828068,104.54883495813138,13.258327388515388,16.152762711139246,0.7406864573534497,4.195687829456482,35.896072246992134,-8.418318493574617,0.97886616,0.66,1,Sweden,sweden,Sweden - Germany,sweden,4,1,True,1,1,1,1,1,shot,0,2605280428,3.1669999999999163,85.05,20.054029520273478,-3.3460722469921365,-1.4379476799300228,0.0
6,5707010,13870,2604809075,1,duel_regain,1H,38.817,0,opponent_on_ball,none,,0.0030000000000001,Poland - Denmark,2.0,2.0,0,0,0,0,0,5.0,5.0,0,0,0,0,0,6.170000000000002,6.170000000000002,1,1,0,0,0,6.170000000000002,6.170000000000002,1,1,0,0,0,6.170000000000002,6.170000000000002,1,1,0,0,0,55.540011079712656,middle_third,56.98533766750319,43.71732396837049,65.41128106815727,13.268013699132696,9.87126998844461,1.0,6.701017019763998,55.540011079712656,middle_third,56.98533766750319,21.167654973814024,87.08957135538772,35.817682693689164,31.549560275675063,0.9999999999999998,7.1923057617849775,55.540011079712656,middle_third,56.98533766750319,17.84289942489016,88.79110147852718,39.142438242613025,33.29096094981935,0.9984489241271662,6.354291922502118,55.540011079712656,middle_third,56.98533766750319,17.84289942489016,88.79110147852718,39.142438242613025,33.29096094981935,0.9984489241271662,6.354291922502118,55.540011079712656,middle_third,56.98533766750319,17.84289942489016,88.79110147852718,39.142438242613025,33.29096094981935,0.9984489241271662,6.354291922502118,3.040011079712656,28.302618343263077,0.9796681,0.66,1,Poland,poland,Poland - Denmark,poland,3,2,True,0,0,1,1,0,opponent_on_ball,0,2604809235,10.503999999999998,93.45,16.829144363276463,37.90998892028735,40.156193304226726,3.822943003068044
6,5707010,13870,2604809081,1,duel_regain,1H,105.3,0,opponent_on_ball,duel,3.058000000000007,0.0,Poland - Denmark,2.0,2.0,0,0,0,0,0,4.462000000000003,4.462000000000003,1,0,1,0,0,7.52300000000001,7.52300000000001,2,0,1,0,0,7.52300000000001,7.52300000000001,2,0,1,0,0,7.52300000000001,7.52300000000001,2,0,1,0,0,43.20678154668435,middle_third,64.03666627773043,56.547182016412826,52.72168801858259,7.489484261317607,9.514906471898245,1.0,3.7447421306588033,43.20678154668435,middle_third,64.03666627773043,52.27422976708841,64.01686814198257,11.762436510642026,20.810086595298223,0.9967439846343144,2.637317603282961,43.20678154668435,middle_third,64.03666627773043,35.89502173591526,78.63389076302286,28.141644541815175,35.427109216338515,0.9986364907990832,3.7422399656669136,43.20678154668435,middle_third,64.03666627773043,35.89502173591526,78.63389076302286,28.141644541815175,35.427109216338515,0.9986364907990832,3.7422399656669136,43.20678154668435,middle_third,64.03666627773043,35.89502173591526,78.63389076302286,28.141644541815175,35.427109216338515,0.9986364907990832,3.7422399656669136,-9.293218453315651,-16.801570794012935,0.9854842,0.66,1,Poland,poland,Poland - Denmark,poland,3,2,True,0,0,0,0,0,opponent_on_ball,0,2604809266,7.840000000000003,71.4,43.660673380056785,28.19321845331566,20.375992897673648,2.59897868592776
6,5707010,7713,2604809310,1,duel_regain,1H,206.409,1,opponent_on_ball,pass,3.280000000000001,0.0089999999999861,Poland - Denmark,2.0,2.0,0,0,0,0,0,4.312000000000012,4.312000000000012,1,0,1,0,0,5.093999999999994,5.093999999999994,1,0,1,0,1,5.093999999999994,5.093999999999994,1,0,1,0,1,5.093999999999994,5.093999999999994,1,0,1,0,1,68.91926743827901,middle_third,40.74273955209802,26.215719871326556,82.2237848333581,14.527019680771469,13.304517395079088,1.0,7.336878626652188,68.91926743827901,middle_third,40.74273955209802,16.689222531312158,89.83020527190504,24.053517020785865,22.882268794841224,0.915014861435437,5.593841167624605,68.91926743827901,middle_third,40.74273955209802,16.689222531312158,89.75515107749314,24.053517020785865,22.882268794841224,0.8397307474507679,4.734944295430276,68.91926743827901,middle_third,40.74273955209802,16.689222531312158,89.75515107749314,24.053517020785865,22.882268794841224,0.8397307474507679,4.734944295430276,68.91926743827901,middle_third,40.74273955209802,16.689222531312158,89.75515107749314,24.053517020785865,22.882268794841224,0.8397307474507679,4.734944295430276,-16.419267438279007,18.924892708273383,0.99950194,0.66,1,Denmark,denmark,Poland - Denmark,poland,3,2,False,1,1,1,1,1,shot,0,2604809314,5.093999999999994,89.25,18.061231962410535,20.330732561720993,22.681507589687488,4.452592773790246
6,5707010,7713,2604809419,1,interception,1H,443.988,1,window_end,duel,1.6229999999999905,0.0079999999999813,Poland - Denmark,1.6229999999999905,1.6229999999999905,0,0,1,0,0,3.704000000000008,3.704000000000008,0,1,1,0,0,8.968999999999994,8.968999999999994,1,2,1,0,0,11.52600000000001,11.52600000000001,2,3,1,0,0,19.024,17.651999999999987,3,3,2,0,1,20.04617061857188,defensive_third,85.28113697962975,77.75508459790811,27.259204130053277,7.526052381721641,7.213033511481399,1.0,4.703782738575959,20.04617061857188,defensive_third,85.28113697962975,68.78148171400366,36.2444722737699,16.49965526562609,16.198301655198023,1.0,4.483601974354907,20.04617061857188,defensive_third,85.28113697962975,47.62304580167575,61.20262810510138,37.658091177954,41.156457486529504,1.0,4.2123144494355715,20.04617061857188,defensive_third,85.28113697962975,32.364086506703124,86.68640634703247,52.917050472926626,66.6402357284606,1.0,4.601482649819706,20.04617061857188,defensive_third,85.28113697962975,0.3084922112008397,107.28852587743177,84.9726447684289,87.24235525885987,0.9736861598161388,4.757706873932186,32.45382938142812,7.464529320029101,0.9971386,0.66,1,Denmark,denmark,Poland - Denmark,poland,3,2,False,1,0,1,1,1,shot,0,2604809435,19.024,102.9,2.9277294957014,82.85382938142813,82.35340748392835,4.328921755883534
6,5707010,7713,2604809517,1,interception,1H,643.307,1,opponent_on_ball,pass,3.270999999999958,0.0070000000000618,Poland - Denmark,2.0,2.0,0,0,0,0,0,4.460000000000036,4.460000000000036,1,1,0,0,0,9.543000000000006,9.543000000000006,3,1,0,0,0,9.543000000000006,9.543000000000006,3,1,0,0,0,9.543000000000006,9.543000000000006,3,1,0,0,0,56.04101081994606,middle_third,49.25763197707495,41.68122602887696,63.43539191660244,7.576405948197987,7.394381096656382,1.0,3.826467650605229,56.04101081994606,middle_third,49.25763197707495,33.129034880565634,74.03285517664949,16.128597096509317,17.99184435670343,1.0,3.6325669136282728,56.04101081994606,middle_third,49.25763197707495,6.99307338101832,94.02358317984783,42.26455859605663,44.404908673771295,0.9130593289724906,4.439554474375705,56.04101081994606,middle_third,49.25763197707495,6.99307338101832,94.02358317984783,42.26455859605663,44.404908673771295,0.9130593289724906,4.439554474375705,56.04101081994606,middle_third,49.25763197707495,6.99307338101832,94.02358317984783,42.26455859605663,44.404908673771295,0.9130593289724906,4.439554474375705,-3.5410108199460595,5.415873563546199,0.99819785,0.66,1,Denmark,denmark,Poland - Denmark,poland,3,2,False,0,0,1,1,0,opponent_on_ball,0,2604809183,10.508000000000038,98.7,6.336592144047143,42.65898918005394,42.921039833027805,4.084605998575148
6,5707010,7713,2604809664,1,duel_regain,1H,1014.005,1,game_interruption,touch,2.2200000000000273,0.0049999999999954,Poland - Denmark,2.0,2.0,0,0,0,0,0,2.2200000000000273,2.2200000000000273,0,1,0,0,0,8.019000000000005,8.019000000000005,1,1,0,0,1,8.019000000000005,8.019000000000005,1,1,0,0,1,8.019000000000005,8.019000000000005,1,1,0,0,1,28.676595829198742,defensive_third,76.9890976902283,69.64713446698916,35.7582819981414,7.341963223239148,7.081686168942653,1.0,3.708062233959131,28.676595829198742,defensive_third,76.9890976902283,68.66109898885558,36.727287545334434,8.32799870137272,8.050691716135688,1.0,3.785453955169341,28.676595829198742,defensive_third,76.9890976902283,12.309160250243176,96.2647215618842,64.67993743998512,67.58812573268544,0.9999999999999996,8.08499217999814,28.676595829198742,defensive_third,76.9890976902283,12.309160250243176,96.2647215618842,64.67993743998512,67.58812573268544,0.9999999999999996,8.08499217999814,28.676595829198742,defensive_third,76.9890976902283,12.309160250243176,96.2647215618842,64.67993743998512,67.58812573268544,0.9999999999999996,8.08499217999814,23.823404170801258,10.102432327713707,0.9994386,0.66,1,Denmark,denmark,Poland - Denmark,poland,3,2,False,1,1,1,1,1,shot,0,2604809668,8.019000000000005,66.15,39.56352992340294,37.47340417080126,37.42556776682537,4.667111580848652
6,5707010,7713,2604809673,1,duel_regain,1H,1068.057,1,opponent_on_ball,duel,2.4610000000000127,0.002999999999929,Poland - Denmark,2.0,2.0,0,0,0,0,0,2.4610000000000127,2.4610000000000127,0,0,1,0,0,7.833000000000084,7.833000000000084,2,0,1,0,0,7.833000000000084,7.833000000000084,2,0,1,0,0,7.833000000000084,7.833000000000084,2,0,1,0,0,68.80299841117098,middle_third,43.35846417399503,43.35846417399503,69.9525402003733,0.0,1.1495417892023312,0.0,0.0,68.80299841117098,middle_third,43.35846417399503,43.35846417399503,71.61082393320913,0.0,2.807825522038158,0.0,0.0,68.80299841117098,middle_third,43.35846417399503,10.52880045704762,97.3631395692741,32.82966371694741,28.56014115810312,0.8746918344751209,4.198166715722087,68.80299841117098,middle_third,43.35846417399503,10.52880045704762,97.3631395692741,32.82966371694741,28.56014115810312,0.8746918344751209,4.198166715722087,68.80299841117098,middle_third,43.35846417399503,10.52880045704762,97.3631395692741,32.82966371694741,28.56014115810312,0.8746918344751209,4.198166715722087,-16.302998411170975,-23.86909071384831,0.9990989,0.66,1,Denmark,denmark,Poland - Denmark,poland,3,2,False,0,0,1,1,0,opponent_on_ball,0,2604809268,10.057000000000016,98.7,9.269843580125825,29.897001588829028,34.08862059386921,3.3895416718573284
6,5707010,13870,2604809281,1,duel_regain,1H,1108.77,0,opponent_on_ball,free_kick,3.382000000000062,0.0099999999999909,Poland - Denmark,1.875,1.875,0,0,0,0,0,3.382000000000062,3.382000000000062,0,0,0,0,0,6.1340000000000146,6.1340000000000146,1,0,0,0,0,13.04300000000012,13.04300000000012,2,0,0,0,0,13.04300000000012,13.04300000000012,2,0,0,0,0,27.294728451967337,defensive_third,78.1325708642546,77.22434885916049,28.11157612513111,0.9082220050941174,0.8168476731637746,0.8827882070590393,0.4882914005882017,27.294728451967337,defensive_third,78.1325708642546,71.74196380149863,33.26351861129676,6.390607062755976,5.968790159329426,0.981479783894197,1.9019663877249209,27.294728451967337,defensive_third,78.1325708642546,44.123451474655006,63.74863188424702,34.0091193895996,36.45390343227969,0.9964667511037436,5.557045651895252,27.294728451967337,defensive_third,78.1325708642546,8.750442839889281,98.4290823479198,69.38212802436533,77.10820236555384,0.9412045844079556,5.328888481134057,27.294728451967337,defensive_third,78.1325708642546,8.750442839889281,98.4290823479198,69.38212802436533,77.10820236555384,0.9412045844079556,5.328888481134057,-25.205271548032663,8.16023305453163,0.99965596,0.66,1,Poland,poland,Poland - Denmark,poland,3,2,True,0,0,1,1,0,opponent_on_ball,0,2604810677,14.135999999999967,95.55,10.293148206452681,68.25527154803265,67.83942265780192,4.799053668491941
6,5707010,13870,2604809329,1,duel_regain,1H,1286.871,0,opponent_on_ball,pass,4.810999999999922,0.0090000000000145,Poland - Denmark,2.0,2.0,0,0,0,0,0,4.810999999999922,4.810999999999922,1,0,0,0,0,6.091999999999871,6.091999999999871,1,0,0,0,0,12.860999999999876,12.860999999999876,1,0,1,0,0,12.860999999999876,12.860999999999876,1,0,1,0,0,23.377246917603916,defensive_third,84.23441815550326,78.85577884345369,28.833721870184508,5.378639312049572,5.456474952580592,1.0,2.716484501035424,23.377246917603916,defensive_third,84.23441815550326,59.4669655207815,47.60268110704529,24.767452634721764,24.225434189441376,1.0,5.159885965567083,23.377246917603916,defensive_third,84.23441815550326,53.02112814359736,53.34291025411409,31.213290011905904,29.965663336510172,1.0,5.133764804589848,23.377246917603916,defensive_third,84.23441815550326,7.344251923903419,99.25683888726732,76.89016623159985,75.87959196966341,1.0000000000000004,5.988330703395665,23.377246917603916,defensive_third,84.23441815550326,7.344251923903419,99.25683888726732,76.89016623159985,75.87959196966341,1.0000000000000004,5.988330703395665,-29.122753082396084,20.812577477246236,0.9998714,0.66,1,Poland,poland,Poland - Denmark,poland,3,2,True,0,0,1,1,0,opponent_on_ball,0,2604810690,13.211999999999989,84.0,21.0,60.62275308239609,63.23441815550326,4.786135191909121
6,5707010,7713,2604809924,1,duel_regain,1H,1821.977,1,opponent_on_ball,pass,3.34699999999998,0.002999999999929,Poland - Denmark,2.0,2.0,0,0,0,0,0,3.34699999999998,3.34699999999998,1,0,0,0,0,3.34699999999998,3.34699999999998,1,0,0,0,0,3.34699999999998,3.34699999999998,1,0,0,0,0,3.34699999999998,3.34699999999998,1,0,0,0,0,66.6255779952331,middle_third,42.38709257758656,27.762568258647363,78.76454384547337,14.6245243189392,12.138965850240268,1.0,7.386123393403569,66.6255779952331,middle_third,42.38709257758656,16.506387289265238,88.52877702397677,25.880705288321327,21.90319902874367,0.9920051527742996,7.748714158180228,66.6255779952331,middle_third,42.38709257758656,16.506387289265238,88.52877702397677,25.880705288321327,21.90319902874367,0.9920051527742996,7.748714158180228,66.6255779952331,middle_third,42.38709257758656,16.506387289265238,88.52877702397677,25.880705288321327,21.90319902874367,0.9920051527742996,7.748714158180228,66.6255779952331,middle_third,42.38709257758656,16.506387289265238,88.52877702397677,25.880705288321327,21.90319902874367,0.9920051527742996,7.748714158180228,-14.1255779952331,-18.00192636861277,0.9651115,0.66,1,Denmark,denmark,Poland - Denmark,poland,3,2,False,0,0,1,1,0,opponent_on_ball,0,2604809448,4.7309999999999945,89.25,15.808608414405109,22.6244220047669,26.57848416318145,5.6179421186179415
6,5707010,13870,2604809495,1,duel_regain,1H,2001.748,0,opponent_on_ball,touch,1.0209999999999582,0.0080000000000381,Poland - Denmark,1.0209999999999582,1.0209999999999582,0,1,0,0,0,4.724999999999909,4.724999999999909,0,1,1,0,0,4.724999999999909,4.724999999999909,0,1,1,0,0,4.724999999999909,4.724999999999909,0,1,1,0,0,4.724999999999909,4.724999999999909,0,1,1,0,0,65.55308734077504,middle_third,39.50322434729992,33.45411720837341,71.57811032491472,6.049107138926509,6.025022984139682,1.0,6.049107138926509,65.55308734077504,middle_third,39.50322434729992,14.672062830077882,90.82558241916097,24.831161517222036,25.272495078385916,0.9878777315983786,5.283225854728042,65.55308734077504,middle_third,39.50322434729992,14.672062830077882,90.82558241916097,24.831161517222036,25.272495078385916,0.9878777315983786,5.283225854728042,65.55308734077504,middle_third,39.50322434729992,14.672062830077882,90.82558241916097,24.831161517222036,25.272495078385916,0.9878777315983786,5.283225854728042,65.55308734077504,middle_third,39.50322434729992,14.672062830077882,90.82558241916097,24.831161517222036,25.272495078385916,0.9878777315983786,5.283225854728042,13.053087340775036,2.108510253374753,0.9825335,0.66,1,Poland,poland,Poland - Denmark,poland,3,2,True,0,0,1,1,0,opponent_on_ball,0,2604809970,6.182000000000016,90.3,16.49364726190057,24.74691265922496,23.00957708539935,3.7220279982852293
6,5707010,13870,2604809743,1,interception,2H,2937.351,0,opponent_on_ball,pass,3.4409999999998035,0.0090000000000145,Poland - Denmark,2.0,2.0,0,0,0,0,0,3.4409999999998035,3.4409999999998035,1,0,0,0,0,9.571999999999662,9.571999999999662,1,1,1,0,0,12.279999999999744,11.808999999999742,2,1,1,0,0,12.279999999999744,11.808999999999742,2,1,1,0,0,54.55241581081208,middle_third,54.34562951947429,44.25483718596871,65.557486690546,10.090792333505584,11.00507087973392,1.0,5.096359764396712,54.55241581081208,middle_third,54.34562951947429,39.78422195138816,78.52312891083061,14.561407568086132,23.97071310001853,1.0,4.2577215111362055,54.55241581081208,middle_third,54.34562951947429,21.64448718899302,97.37690500624235,32.701142330481275,43.62280116074663,0.9976725603492408,3.4206215826863455,54.55241581081208,middle_third,54.34562951947429,5.660469302623547,109.39409253344937,48.68516021685075,55.25690962316405,0.954348439606279,3.971057113935701,54.55241581081208,middle_third,54.34562951947429,5.660469302623547,109.39409253344937,48.68516021685075,55.25690962316405,0.954348439606279,3.971057113935701,2.0524158108120787,-20.211103318293944,0.999884,0.66,1,Poland,poland,Poland - Denmark,poland,3,2,True,0,0,1,1,0,opponent_on_ball,0,2604810310,12.603000000000065,100.8,10.405306338594748,46.24758418918792,43.940323180879545,3.4864971182162434
6,5707010,13870,2604809764,1,duel_regain,2H,3021.875,0,opponent_on_ball,duel,1.3079999999999927,0.0050000000001091,Poland - Denmark,1.6239999999997965,1.6239999999997965,1,0,1,0,0,3.936000000000149,3.936000000000149,1,0,2,0,0,3.936000000000149,3.936000000000149,1,0,2,0,0,10.798999999999978,10.798999999999978,2,0,2,0,0,10.798999999999978,10.798999999999978,2,0,2,0,0,36.874081817332936,middle_third,73.30953819685267,66.14227843864707,40.82060520516676,7.167259758205603,3.946523387833821,0.9895950485238484,4.479537348878757,36.874081817332936,middle_third,73.30953819685267,56.41960171070344,49.691581100416585,16.88993648614923,12.817499283083649,0.9955580439265652,4.308657266874724,36.874081817332936,middle_third,73.30953819685267,56.41960171070344,49.691581100416585,16.88993648614923,12.817499283083649,0.9955580439265652,4.308657266874724,36.874081817332936,middle_third,73.30953819685267,29.41719280371193,90.42981859108156,43.892345393140744,53.555736773748635,0.9982860352017672,4.071646140365657,36.874081817332936,middle_third,73.30953819685267,29.41719280371193,90.42981859108156,43.892345393140744,53.555736773748635,0.9982860352017672,4.071646140365657,-15.625918182667064,-27.076699621710773,0.99229276,0.66,1,Poland,poland,Poland - Denmark,poland,3,2,True,0,0,0,1,0,opponent_on_ball,0,2604810329,13.728000000000065,93.45,26.454536472975672,56.57591818266707,46.855001723876995,3.4130974449210933
6,5707010,13870,2604810719,1,interception,2H,3062.38,0,window_end,pass,2.6039999999998145,0.0,Poland - Denmark,2.0,2.0,0,0,0,0,0,2.6039999999998145,2.6039999999998145,1,0,0,0,0,8.208999999999833,8.208999999999833,1,0,1,0,0,8.208999999999833,8.208999999999833,1,0,1,0,0,8.208999999999833,8.208999999999833,1,0,1,0,0,41.647197486211894,middle_third,63.44554094950812,42.88891791290349,63.00581259553767,20.55662303660463,21.358615109325775,1.0,10.278311518302315,41.647197486211894,middle_third,63.44554094950812,36.619939905272,69.46452603706288,26.825601044236123,27.817328550850988,0.9989675025595788,10.3175388631681,41.647197486211894,middle_third,63.44554094950812,36.619939905272,72.55833935512163,26.825601044236123,31.66435235452279,0.8629338935278387,3.2714147614922826,41.647197486211894,middle_third,63.44554094950812,36.619939905272,72.55833935512163,26.825601044236123,31.66435235452279,0.8629338935278387,3.2714147614922826,41.647197486211894,middle_third,63.44554094950812,36.619939905272,72.55833935512163,26.825601044236123,31.66435235452279,0.8629338935278387,3.2714147614922826,-10.852802513788106,3.429151502146823,0.958744,0.66,1,Poland,poland,Poland - Denmark,poland,3,2,True,0,0,0,0,0,window_end_20s,1,,8.208999999999833,72.55833935512163,39.44815142674814,30.911141868909738,23.99738952275998,2.9233024147594677
6,5707010,7713,2604810381,1,interception,2H,3392.583,1,game_interruption,pass,2.393000000000029,0.0030000000001564,Poland - Denmark,2.0,2.0,0,0,0,0,0,4.346999999999753,4.346999999999753,2,0,0,0,0,9.074999999999818,9.074999999999818,3,1,0,0,0,9.074999999999818,9.074999999999818,3,1,0,0,0,16.927999999999884,16.927999999999884,4,1,0,0,0,30.9411582985503,defensive_third,74.72077607955146,69.94410954982926,35.10826029415044,4.776666529722192,4.18741028950074,0.998157931238393,2.412457843294014,30.9411582985503,defensive_third,74.72077607955146,69.94410954982926,33.25084228266129,4.776666529722192,4.18741028950074,0.5716895770671632,1.105709844843058,30.9411582985503,defensive_third,74.72077607955146,51.002563358283496,62.48262256551275,23.71821272126796,31.54146426696245,0.7488834040002937,2.6236960974854044,30.9411582985503,defensive_third,74.72077607955146,51.002563358283496,62.48262256551275,23.71821272126796,31.54146426696245,0.7488834040002937,2.6236960974854044,30.9411582985503,defensive_third,74.72077607955146,14.793906089281997,103.70077795312908,59.92686999026946,72.75961965457878,0.8828342331098858,3.5459686384774636,21.5588417014497,9.923827072761952,0.9969098,0.66,1,Denmark,denmark,Poland - Denmark,poland,3,2,False,0,0,1,1,0,game_interruption,0,2604810387,19.954999999999927,105.0,12.24,74.0588417014497,62.480776079551454,3.1310837423979794
6,5707010,7713,2604810398,1,interception,2H,3524.835,1,window_end,duel,2.0679999999997563,0.0050000000001091,Poland - Denmark,2.0,2.0,0,0,0,0,0,4.264999999999873,4.105000000000018,0,0,1,0,1,5.849999999999909,4.105000000000018,0,0,1,0,1,5.849999999999909,4.105000000000018,0,0,1,0,1,5.849999999999909,4.105000000000018,0,0,1,0,1,78.81915382922216,attacking_third,26.18223769905132,22.66968710019875,83.29344901978855,3.5125505988525703,4.474295190566394,0.996953021646768,1.7740154539659283,78.81915382922216,attacking_third,26.18223769905132,0.3067684009416058,105.62077908308454,25.875469298109714,26.801625253862383,0.9876019406846948,6.074053825847688,78.81915382922216,attacking_third,26.18223769905132,0.3067684009416058,106.29336363702276,25.875469298109714,28.546981489609507,0.8954400635186861,4.430731044196758,78.81915382922216,attacking_third,26.18223769905132,0.3067684009416058,106.29336363702276,25.875469298109714,28.546981489609507,0.8954400635186861,4.430731044196758,78.81915382922216,attacking_third,26.18223769905132,0.3067684009416058,106.29336363702276,25.875469298109714,28.546981489609507,0.8954400635186861,4.430731044196758,-26.31915382922216,-0.2699346433702345,0.98153013,0.66,1,Denmark,denmark,Poland - Denmark,poland,3,2,False,1,1,1,1,1,shot,0,2604810400,4.264999999999873,84.0,21.87360052666227,5.180846170777841,4.3086371723890515,1.0102314589423635
6,5707010,7713,2604810488,1,interception,2H,4150.265,1,opponent_on_ball,pass,3.261999999999716,0.0050000000001091,Poland - Denmark,2.0,2.0,0,0,0,0,0,3.261999999999716,3.261999999999716,1,0,0,0,0,5.313000000000102,5.313000000000102,2,0,0,0,0,5.313000000000102,5.313000000000102,2,0,0,0,0,5.313000000000102,5.313000000000102,2,0,0,0,0,66.23829138933326,middle_third,41.182503308075546,28.80091333885195,79.78294207039708,12.381589969223596,13.544650681063828,1.0,6.253328267283152,66.23829138933326,middle_third,41.182503308075546,22.82511515007265,85.67024238893836,18.357388158002895,19.431950999605107,1.0,5.665860542592277,66.23829138933326,middle_third,41.182503308075546,16.068628838145802,90.05198641886207,25.113874469929744,24.002156023220365,1.0,4.7564156193051055,66.23829138933326,middle_third,41.182503308075546,16.068628838145802,90.05198641886207,25.113874469929744,24.002156023220365,1.0,4.7564156193051055,66.23829138933326,middle_third,41.182503308075546,16.068628838145802,90.05198641886207,25.113874469929744,24.002156023220365,1.0,4.7564156193051055,-13.738291389333256,13.911452990303232,0.9986224,0.66,1,Denmark,denmark,Poland - Denmark,poland,3,2,False,0,0,1,1,0,opponent_on_ball,0,2604810018,6.8159999999998035,88.2,17.461317246989125,21.961708610666747,23.72118606108642,3.480220959666535
6,5707010,7713,2604810496,1,interception,2H,4275.986,1,opponent_on_ball,pass,1.96100000000024,0.0060000000003128,Poland - Denmark,1.96100000000024,1.96100000000024,1,0,0,0,0,4.596000000000458,4.596000000000458,2,0,0,0,0,4.596000000000458,4.596000000000458,2,0,0,0,0,4.596000000000458,4.596000000000458,2,0,0,0,0,4.596000000000458,4.596000000000458,2,0,0,0,0,51.27100492416538,middle_third,55.20203417008489,43.667367932281046,61.74503095009066,11.534666237803847,10.474026025925276,1.0,6.0076386655226095,51.27100492416538,middle_third,55.20203417008489,29.131972733917664,78.95369276355632,26.07006143616723,27.682687839390937,1.0,5.692153152001669,51.27100492416538,middle_third,55.20203417008489,29.131972733917664,78.95369276355632,26.07006143616723,27.682687839390937,1.0,5.692153152001669,51.27100492416538,middle_third,55.20203417008489,29.131972733917664,78.95369276355632,26.07006143616723,27.682687839390937,1.0,5.692153152001669,51.27100492416538,middle_third,55.20203417008489,29.131972733917664,78.95369276355632,26.07006143616723,27.682687839390937,1.0,5.692153152001669,1.228995075834618,-12.667267450249852,0.9778398,0.66,1,Denmark,denmark,Poland - Denmark,poland,3,2,False,0,0,0,1,0,opponent_on_ball,0,2604810026,4.94800000000032,66.15,39.229021145065545,14.878995075834624,15.973013025019348,3.228175631572012
6,5707010,13870,2604810039,1,interception,2H,4322.963,0,opponent_on_ball,pass,3.505000000000109,0.0029999999997016,Poland - Denmark,2.0,2.0,0,0,0,0,0,3.505000000000109,3.505000000000109,1,0,0,0,0,9.74200000000019,9.74200000000019,2,1,0,0,0,13.28900000000067,13.28900000000067,2,2,1,0,0,13.28900000000067,13.28900000000067,2,2,1,0,0,31.827921670386573,defensive_third,74.92295258076938,74.92295258076938,31.703991787239048,0.0,0.1827177819394023,0.0,0.0,31.827921670386573,defensive_third,74.92295258076938,57.82468661374025,53.245722143145734,17.09826596702913,21.41780047275916,0.8375245619777584,4.913294818111151,31.827921670386573,defensive_third,74.92295258076938,35.446050467701106,71.44380907909115,39.47690211306827,39.61588740870458,0.9224894899837026,4.061409682414324,31.827921670386573,defensive_third,74.92295258076938,16.96165843961259,82.44180081532524,57.961294141156785,56.60062276097872,0.8627321318206692,4.371138321354135,31.827921670386573,defensive_third,74.92295258076938,16.96165843961259,82.44180081532524,57.961294141156785,56.60062276097872,0.8627321318206692,4.371138321354135,-20.672078329613427,16.10266364130898,0.9995741,0.66,1,Poland,poland,Poland - Denmark,poland,3,2,True,0,0,1,1,0,opponent_on_ball,0,2604810509,14.304000000000087,87.15,18.056048847962277,55.32207832961343,56.8669037328071,3.975594500336043
6,5707010,7713,2604810518,1,duel_regain,2H,4454.607,1,opponent_on_ball,none,,0.006999999999607,Poland - Denmark,2.0,2.0,0,0,0,0,0,5.0,5.0,0,0,0,0,0,8.75,8.75,2,1,0,0,0,8.75,8.75,2,1,0,0,0,8.75,8.75,2,1,0,0,0,57.692955087312235,middle_third,47.44754334512339,43.25905690301657,63.72721218762364,4.1884864421068215,6.034257100311407,1.0,2.115397192982738,57.692955087312235,middle_third,47.44754334512339,38.70483016731473,78.90270032840031,8.74271317780866,21.20974524108808,0.7008665842999983,1.7555648951421343,57.692955087312235,middle_third,47.44754334512339,3.692993285500163,100.25811152179227,43.75455005962323,43.73924122987486,0.8966644860095355,5.017723630690591,57.692955087312235,middle_third,47.44754334512339,3.692993285500163,100.25811152179227,43.75455005962323,43.73924122987486,0.8966644860095355,5.017723630690591,57.692955087312235,middle_third,47.44754334512339,3.692993285500163,100.25811152179227,43.75455005962323,43.73924122987486,0.8966644860095355,5.017723630690591,-5.192955087312235,3.648680736417724,0.99784863,0.66,1,Denmark,denmark,Poland - Denmark,poland,3,2,False,0,0,1,1,0,opponent_on_ball,0,2604810072,9.832999999999629,100.8,4.25469152818392,43.10704491268776,43.19285181693947,4.392642308241747
6,5707010,7713,2604810526,1,interception,2H,4515.338,1,opponent_on_ball,pass,2.3609999999998763,0.0020000000004074,Poland - Denmark,2.0,2.0,0,0,0,0,0,2.3609999999998763,2.3609999999998763,1,0,0,0,0,9.488000000000284,9.488000000000284,2,1,1,0,0,10.202000000000226,10.202000000000226,2,1,1,0,0,10.202000000000226,10.202000000000226,2,1,1,0,0,17.911429890397784,defensive_third,87.60866373886161,70.70162144696347,34.54524350073531,16.907042291898136,16.633813610337526,1.0,8.626041985662154,17.911429890397784,defensive_third,87.60866373886161,66.8855368669638,38.30092815868713,20.723126871897804,20.389498268289344,1.0,8.8560371247421,17.911429890397784,defensive_third,87.60866373886161,53.45825244654782,53.039575493249615,34.15041129231379,35.144768328974926,0.8102866866886556,3.609980052041613,17.911429890397784,defensive_third,87.60866373886161,53.42242904606427,51.24095983441012,34.186234692797335,35.15936920289261,0.7756902964486722,3.351591636548818,17.911429890397784,defensive_third,87.60866373886161,53.42242904606427,51.24095983441012,34.186234692797335,35.15936920289261,0.7756902964486722,3.351591636548818,34.588570109602216,9.531994459389065,0.9173105,0.66,1,Denmark,denmark,Poland - Denmark,poland,3,2,False,0,0,0,0,0,opponent_on_ball,0,2604810090,15.554000000000087,28.349999999999994,77.51681172494132,10.43857010960221,10.091852013920288,0.6488267978603723
6,5707011,4419,2609210387,1,duel_regain,1H,763.327,1,opponent_on_ball,duel,3.3250000000000455,0.0069999999999481,Netherlands - France,2.0,2.0,0,0,0,0,0,3.58299999999997,3.58299999999997,0,0,1,0,0,7.503000000000043,7.503000000000043,1,0,1,0,0,7.503000000000043,7.503000000000043,1,0,1,0,0,7.503000000000043,7.503000000000043,1,0,1,0,0,76.52496116901372,attacking_third,41.02485483379897,40.21996258491748,81.57341688144832,0.8048922488814867,5.048455712434603,0.9055667880709002,0.4065112368088279,76.52496116901372,attacking_third,41.02485483379897,36.4009411909758,88.16944872996764,4.623913642823169,11.64448756095392,0.972704243678042,1.2988521468604606,76.52496116901372,attacking_third,41.02485483379897,10.248323770815023,95.66869389990012,30.776531062983945,22.57602528609412,0.9958016637718268,4.114509500398913,76.52496116901372,attacking_third,41.02485483379897,10.248323770815023,95.66869389990012,30.776531062983945,22.57602528609412,0.9958016637718268,4.114509500398913,76.52496116901372,attacking_third,41.02485483379897,10.248323770815023,95.66869389990012,30.776531062983945,22.57602528609412,0.9958016637718268,4.114509500398913,-24.024961169013725,-29.533216514766934,0.9986934,0.66,1,France,france,Netherlands - France,france,2,5,True,0,0,1,1,0,opponent_on_ball,0,2609210123,8.927000000000021,96.6,8.644165662456967,20.075038830986273,32.380689171342,3.6272755876937293
6,5707011,4419,2609210493,1,duel_regain,1H,1259.902,1,opponent_on_ball,pass,1.380999999999858,0.0019999999999527,Netherlands - France,1.380999999999858,1.380999999999858,1,0,0,0,0,3.241999999999962,3.241999999999962,1,0,1,0,0,3.241999999999962,3.241999999999962,1,0,1,0,0,3.241999999999962,3.241999999999962,1,0,1,0,0,3.241999999999962,3.241999999999962,1,0,1,0,0,59.79703323860706,middle_third,48.13734600861649,39.244341515406816,72.71128130293184,8.893004493209673,12.91424806432478,1.0,6.5389738920664175,59.79703323860706,middle_third,48.13734600861649,32.10878236956167,81.10550250991855,16.028563639054816,21.308469271311495,0.9729676033157484,4.977814794737478,59.79703323860706,middle_third,48.13734600861649,32.10878236956167,81.10550250991855,16.028563639054816,21.308469271311495,0.9729676033157484,4.977814794737478,59.79703323860706,middle_third,48.13734600861649,32.10878236956167,81.10550250991855,16.028563639054816,21.308469271311495,0.9729676033157484,4.977814794737478,59.79703323860706,middle_third,48.13734600861649,32.10878236956167,81.10550250991855,16.028563639054816,21.308469271311495,0.9729676033157484,4.977814794737478,-7.297033238607057,16.549799899747143,0.9823301,0.66,1,France,france,Netherlands - France,france,2,5,True,0,0,0,1,0,window_end_20s,1,,3.241999999999962,81.10550250991855,32.5541111647786,21.308469271311495,15.583234843837893,4.806673301615693
6,5707011,665,2609210347,1,duel_regain,1H,1847.576,0,window_end,pass,0.8460000000000036,0.0039999999999054,Netherlands - France,0.8460000000000036,0.8460000000000036,1,0,0,0,0,4.927999999999884,4.927999999999884,3,0,0,0,0,8.641000000000076,8.641000000000076,3,1,1,0,1,10.18100000000004,10.18100000000004,3,1,1,0,1,10.18100000000004,10.18100000000004,3,1,1,0,1,66.95878389286176,middle_third,49.7751663582637,47.899519544606775,68.21164388987253,1.875646813656921,1.2528599970107734,1.0,2.2329128734007098,66.95878389286176,middle_third,49.7751663582637,21.444651323982793,83.55866631936986,28.330515034280904,16.599882426508103,1.0,5.758234763065139,66.95878389286176,middle_third,49.7751663582637,2.482796324782821,103.35983611307034,47.29237003348088,36.40770956143916,0.9845812538581096,5.486353832190282,66.95878389286176,middle_third,49.7751663582637,2.425938912006239,103.54891800922596,47.34922744625746,36.59013411636421,0.9701921822962308,4.660357032111917,66.95878389286176,middle_third,49.7751663582637,2.425938912006239,103.54891800922596,47.34922744625746,36.59013411636421,0.9701921822962308,4.660357032111917,14.45878389286176,32.10035923604022,0.9995437,0.66,1,Netherlands,netherlands,Netherlands - France,france,2,5,False,1,1,1,1,1,shot,0,2609210357,8.641000000000076,90.3,17.153297059166206,23.341216107138237,32.62186929909749,3.7752423676770284
6,5707011,665,2609210485,1,duel_regain,1H,2406.133,0,opponent_on_ball,pass,2.200000000000273,0.0070000000000618,Netherlands - France,0.11200000000008,0.11200000000008,0,0,0,0,0,3.902000000000044,3.902000000000044,2,0,0,0,0,8.726000000000113,8.726000000000113,4,1,0,0,0,11.656000000000404,11.656000000000404,5,1,0,0,0,15.146000000000186,15.146000000000186,5,1,0,0,1,49.12137878054948,middle_third,57.18461106134962,57.18461106134962,49.01989106073339,0.0,0.0,0.0,0.0,49.12137878054948,middle_third,57.18461106134962,57.18461106134962,47.43993264647906,0.0,0.0,0.0,0.0,49.12137878054948,middle_third,57.18461106134962,44.32385228438093,68.87611685504208,12.860758776968687,19.754738074492607,0.3047224417106139,1.478248135283711,49.12137878054948,middle_third,57.18461106134962,20.25877843811975,93.2528767907342,36.925832623229866,44.13149801018473,0.5572036567560202,3.172322390311755,49.12137878054948,middle_third,57.18461106134962,1.4723571043264982,104.5763269119872,55.71225395702312,55.45494813143772,0.6427659508405315,3.6846728807554134,-3.3786212194505225,12.151519775361564,0.9903927,0.66,1,Netherlands,netherlands,Netherlands - France,france,2,5,False,1,0,1,1,1,shot,0,2609210498,15.146000000000186,96.6,8.644165662456967,47.47862121945052,48.54044539889266,3.204835956615084
6,5707011,4419,2609211018,1,duel_regain,2H,3567.047,1,window_end,pass,2.9699999999998,0.0070000000000618,Netherlands - France,2.0,2.0,0,0,0,0,0,3.972999999999956,3.972999999999956,2,0,0,0,0,9.391000000000076,9.391000000000076,3,1,0,0,0,9.391000000000076,9.391000000000076,3,1,0,0,0,9.391000000000076,9.391000000000076,3,1,0,0,0,45.13417695729816,middle_third,66.24394667790068,53.089759947883806,56.6814963483359,13.154186730016876,11.54731939103774,1.0,6.643528651523613,45.13417695729816,middle_third,66.24394667790068,43.856254148278786,63.40676659705277,22.387692529621894,18.272589639754617,1.0,5.653457709500427,45.13417695729816,middle_third,66.24394667790068,20.0071531457808,90.61573441257984,46.23679353211987,46.89133788858391,0.9930403739415988,4.939828368816159,45.13417695729816,middle_third,66.24394667790068,20.0071531457808,90.61573441257984,46.23679353211987,46.89133788858391,0.9930403739415988,4.939828368816159,45.13417695729816,middle_third,66.24394667790068,20.0071531457808,90.61573441257984,46.23679353211987,46.89133788858391,0.9930403739415988,4.939828368816159,7.365823042701841,28.36095384299439,0.9871273,0.66,1,France,france,Netherlands - France,france,2,5,True,0,0,1,1,0,window_end_20s,1,,9.391000000000076,90.61108946516387,20.0516767783125,45.47691250786571,46.19226989958818,4.91878073683184
6,5707011,4419,2609211026,1,duel_regain,2H,3630.656,1,window_end,duel,3.081000000000131,0.0039999999999054,Netherlands - France,2.0,2.0,0,0,0,0,0,3.262000000000171,3.262000000000171,0,0,1,0,0,8.911000000000058,7.871000000000095,1,1,1,0,1,8.911000000000058,7.871000000000095,1,1,1,0,1,8.911000000000058,7.871000000000095,1,1,1,0,1,49.10323749443929,middle_third,59.48896369748173,50.31354576308384,56.56929576814724,9.175417934397892,7.466058273707951,1.0,4.6340494618170744,49.10323749443929,middle_third,59.48896369748173,44.4747910256153,61.283816782412295,15.014172671866426,12.180579287973003,1.0,4.634003911069546,49.10323749443929,middle_third,59.48896369748173,1.41998648035676,104.46070759078344,58.06897721712497,59.24757506503929,0.9604900762231392,6.524604181699368,49.10323749443929,middle_third,59.48896369748173,1.41998648035676,104.46070759078344,58.06897721712497,59.24757506503929,0.9604900762231392,6.524604181699368,49.10323749443929,middle_third,59.48896369748173,1.41998648035676,104.46070759078344,58.06897721712497,59.24757506503929,0.9604900762231392,6.524604181699368,3.3967625055607087,-20.358996615679303,0.9996884,0.66,1,France,france,Netherlands - France,france,2,5,True,1,1,1,1,1,shot,0,2609211030,8.447000000000116,91.35,16.64190193457467,42.2467625055607,42.84706176290706,5.072459069836211
6,5707011,4419,2609211126,1,interception,2H,3958.149,1,opponent_on_ball,pass,1.71100000000024,0.0089999999995598,Netherlands - France,1.71100000000024,1.71100000000024,1,0,0,0,0,3.2539999999999054,3.2539999999999054,1,0,0,0,1,3.2539999999999054,3.2539999999999054,1,0,0,0,1,3.2539999999999054,3.2539999999999054,1,0,0,0,1,3.2539999999999054,3.2539999999999054,1,0,0,0,1,85.58703379977226,attacking_third,22.46118951192742,13.419794472677308,94.3145037574071,9.04139503925011,8.727469957634838,0.988900489928362,5.31846767014627,85.58703379977226,attacking_third,22.46118951192742,0.2283450422470886,104.74405166944294,22.23284446968033,19.370498615334583,0.8647500739510696,6.861989033851453,85.58703379977226,attacking_third,22.46118951192742,0.2283450422470886,104.74405166944294,22.23284446968033,19.370498615334583,0.8647500739510696,6.861989033851453,85.58703379977226,attacking_third,22.46118951192742,0.2283450422470886,104.74405166944294,22.23284446968033,19.370498615334583,0.8647500739510696,6.861989033851453,85.58703379977226,attacking_third,22.46118951192742,0.2283450422470886,104.74405166944294,22.23284446968033,19.370498615334583,0.8647500739510696,6.861989033851453,-33.08703379977226,11.297866063975686,0.9725928,0.66,1,France,france,Netherlands - France,france,2,5,True,1,1,1,1,1,shot,0,2609211129,3.2539999999999054,94.5,14.173228284339459,8.912966200227743,8.28796122758796,2.547007138164782
6,5707011,4419,2609211161,1,interception,2H,4158.365,1,opponent_on_ball,none,,0.0150000000003274,Netherlands - France,2.0,2.0,0,0,0,0,0,5.0,5.0,0,0,0,0,0,5.498999999999796,5.498999999999796,0,0,1,0,0,5.498999999999796,5.498999999999796,0,0,1,0,0,5.498999999999796,5.498999999999796,0,0,1,0,0,35.914590274619165,middle_third,76.19478795676298,61.08858360780233,51.768631438506766,15.106204348960652,15.8540411638876,0.9956721524453508,7.707247116816516,35.914590274619165,middle_third,76.19478795676298,50.31483971608533,63.311295018771304,25.879948240677656,27.39670474415214,0.997469262691808,5.217731500136586,35.914590274619165,middle_third,76.19478795676298,48.613621399837754,65.35610767936204,27.581166556925226,29.441517404742875,0.9976249889346132,5.051495706396528,35.914590274619165,middle_third,76.19478795676298,48.613621399837754,65.35610767936204,27.581166556925226,29.441517404742875,0.9976249889346132,5.051495706396528,35.914590274619165,middle_third,76.19478795676298,48.613621399837754,65.35610767936204,27.581166556925226,29.441517404742875,0.9976249889346132,5.051495706396528,16.585409725380835,32.13801292632027,0.9547648,0.66,1,France,france,Netherlands - France,france,2,5,True,0,0,0,0,0,window_end_20s,1,,5.498999999999796,65.4973507336643,48.49615789565742,29.58276045904514,27.69863006110556,5.037030380270338
6,5707011,665,2609211003,1,duel_regain,2H,4310.75,0,opponent_on_ball,duel,1.436999999999898,0.0100000000002182,Netherlands - France,1.5330000000003563,1.5330000000003563,0,0,1,0,0,4.9350000000004,4.9350000000004,1,0,1,0,0,6.979000000000269,6.979000000000269,1,0,2,0,0,6.979000000000269,6.979000000000269,1,0,2,0,0,6.979000000000269,6.979000000000269,1,0,2,0,0,32.84063633842827,defensive_third,75.38795639385812,73.9133849388292,33.64027984437084,1.4745714550289222,0.8254245273366934,0.9824185133494316,0.9701127993614348,32.84063633842827,defensive_third,75.38795639385812,50.610126456450544,54.39579214676583,24.777829937407574,21.55515580833756,0.9989361036433576,5.036144296220977,32.84063633842827,defensive_third,75.38795639385812,31.721042188084287,74.60988354562807,43.66691420577384,41.7692472071998,0.9993960374639798,6.273981926116898,32.84063633842827,defensive_third,75.38795639385812,31.721042188084287,74.60988354562807,43.66691420577384,41.7692472071998,0.9993960374639798,6.273981926116898,32.84063633842827,defensive_third,75.38795639385812,31.721042188084287,74.60988354562807,43.66691420577384,41.7692472071998,0.9993960374639798,6.273981926116898,-19.65936366157173,-21.825906744034583,0.99888283,0.66,1,Netherlands,netherlands,Netherlands - France,france,2,5,False,0,0,0,1,0,opponent_on_ball,0,2609211196,9.628999999999905,84.0,27.018512172212596,51.15936366157173,48.36944422164552,5.023309193233565
6,5707011,4419,2609211280,1,duel_regain,2H,4661.735,1,game_interruption,pass,2.1820000000006985,0.0050000000001091,Netherlands - France,2.0,2.0,0,0,0,0,0,4.592000000000553,4.592000000000553,1,1,1,0,0,4.592000000000553,4.592000000000553,1,1,1,0,0,13.610000000000582,12.605000000000471,2,1,1,0,1,13.610000000000582,12.605000000000471,2,1,1,0,1,46.64532929896466,middle_third,60.13295739571531,52.97482520292568,52.9472653308319,7.15813219278963,6.3019360318672355,0.9794453967925292,3.615218279185818,46.64532929896466,middle_third,60.13295739571531,46.611523119404296,60.649554336946125,13.521434276311012,14.004225037981463,0.9310005499583331,2.965226814980225,46.64532929896466,middle_third,60.13295739571531,46.611523119404296,60.649554336946125,13.521434276311012,14.004225037981463,0.9310005499583331,2.965226814980225,46.64532929896466,middle_third,60.13295739571531,4.596671484920484,110.2000244985458,55.536285910794824,63.554695199581126,0.8878899914618499,4.083550434617157,46.64532929896466,middle_third,60.13295739571531,4.596671484920484,110.2000244985458,55.536285910794824,63.554695199581126,0.8878899914618499,4.083550434617157,5.854670701035339,14.51568022962207,0.9990571,0.66,1,France,france,Netherlands - France,france,2,5,True,1,1,1,1,1,shot,0,2609211284,13.269000000000233,95.55,17.1236941107928,48.904670701035336,43.00926328492251,3.2413341838059955
6,5707011,665,2609211400,1,interception,2H,5318.094,0,window_end,touch,3.25,0.0060000000003128,Netherlands - France,2.0,2.0,0,0,0,0,0,3.25,3.25,0,1,0,0,0,5.868999999999687,5.868999999999687,1,1,0,0,0,10.740999999999984,10.740999999999984,1,1,0,0,0,10.740999999999984,10.740999999999984,1,1,0,0,0,22.774275826739355,defensive_third,82.32850161280538,71.52237945831149,33.50669668143918,10.806122154493892,10.732420854699823,1.0,5.4576374517657955,22.774275826739355,defensive_third,82.32850161280538,65.49476193189707,39.56067430209188,16.83373968090831,16.786398475352527,1.0,5.195598666947359,22.774275826739355,defensive_third,82.32850161280538,38.366103212845154,68.02587217194369,43.96239839996023,45.251596345204334,1.0,7.502115767911721,22.774275826739355,defensive_third,82.32850161280538,24.912906283444865,72.9314925150095,57.41559532936052,58.898424058178705,0.7675705209087387,5.355932400127242,22.774275826739355,defensive_third,82.32850161280538,24.912906283444865,72.9314925150095,57.41559532936052,58.898424058178705,0.7675705209087387,5.355932400127242,-29.725724173260645,4.112476382006054,0.98993915,0.66,1,Netherlands,netherlands,Netherlands - France,france,2,5,False,0,0,0,1,0,window_end_20s,1,,10.740999999999984,72.90443785687663,42.32804978789577,50.13016203013727,40.00045182490961,3.7240901056614533
6,5707012,10683,2605265578,1,duel_regain,1H,492.171,1,opponent_on_ball,pass,2.930999999999983,0.0098959999999692,England - Wales,0.0840000000000031,0.0840000000000031,0,0,0,0,0,2.930999999999983,2.930999999999983,1,0,0,0,0,5.446000000000026,5.446000000000026,2,0,0,0,0,5.446000000000026,5.446000000000026,2,0,0,0,0,5.446000000000026,5.446000000000026,2,0,0,0,0,47.93451260935297,middle_third,58.50031947828635,58.46927302574922,48.03593795220383,0.031046452537133,0.1014253428508595,0.8984765256154682,0.5174408756188639,47.93451260935297,middle_third,58.50031947828635,45.271667094821495,62.126273016369645,13.228652383464857,14.689076465153851,0.9985035089621104,4.530360405296158,47.93451260935297,middle_third,58.50031947828635,21.39142176324348,83.6624203871738,37.10889771504287,35.727907777820825,0.9989418816230994,6.84666009502634,47.93451260935297,middle_third,58.50031947828635,21.39142176324348,83.6624203871738,37.10889771504287,35.727907777820825,0.9989418816230994,6.84666009502634,47.93451260935297,middle_third,58.50031947828635,21.39142176324348,83.6624203871738,37.10889771504287,35.727907777820825,0.9989418816230994,6.84666009502634,4.565487390647029,12.877015489991251,0.99479216,0.66,1,Wales,wales,England - Wales,england,6,1,False,0,0,0,1,0,opponent_on_ball,0,2605265383,8.824999999999989,93.45,14.967728618598079,45.51548739064703,43.53259085968827,4.932871485517091
6,5707012,2414,2605265405,1,duel_regain,1H,876.325,0,window_end,pass,1.538000000000011,0.0038960000000543,England - Wales,1.538000000000011,1.538000000000011,1,0,0,0,0,3.4879999999999427,3.4879999999999427,3,0,0,0,0,5.649000000000001,5.649000000000001,4,0,0,0,0,5.649000000000001,5.649000000000001,4,0,0,0,0,5.649000000000001,5.649000000000001,4,0,0,0,0,54.4881205672931,middle_third,52.275629454520555,52.275629454520555,50.27860460533976,0.0,0.0,0.0,0.0,54.4881205672931,middle_third,52.275629454520555,46.38369983471174,60.852448026103815,5.891929619808813,6.364327458810713,0.3624808023954587,1.702869832314668,54.4881205672931,middle_third,52.275629454520555,28.10509425149466,80.62508872899313,24.170535203025896,26.136968161700032,0.6999244045103716,4.30080697562738,54.4881205672931,middle_third,52.275629454520555,28.10509425149466,80.62508872899313,24.170535203025896,26.136968161700032,0.6999244045103716,4.30080697562738,54.4881205672931,middle_third,52.275629454520555,28.10509425149466,80.62508872899313,24.170535203025896,26.136968161700032,0.6999244045103716,4.30080697562738,1.9881205672931015,13.4644521255794,0.9798496,0.66,1,England,england,England - Wales,england,6,1,True,0,0,0,1,0,window_end_20s,1,,5.649000000000001,80.76866427953487,27.982811850187503,26.280543712241773,24.292817604333052,4.300374863574624
6,5707012,2414,2605265434,1,interception,1H,1151.061,0,opponent_on_ball,pass,0.8830000000000382,0.0001039999999647,England - Wales,0.8830000000000382,0.8830000000000382,1,0,0,0,0,4.750999999999976,4.750999999999976,1,0,1,0,0,6.705000000000155,6.705000000000155,2,1,1,0,0,6.705000000000155,6.705000000000155,2,1,1,0,0,6.705000000000155,6.705000000000155,2,1,1,0,0,29.728206824580145,defensive_third,78.5502327502575,71.63914901604124,36.21155272598165,6.9110837342162625,6.483345901401503,1.0,7.853504243426597,29.728206824580145,defensive_third,78.5502327502575,61.44294360027467,44.62982412848617,17.10728914998284,14.901617303906026,0.9727564877048958,3.609132732063883,29.728206824580145,defensive_third,78.5502327502575,49.623599326917,55.37701005852378,28.926633423340505,25.648803233943635,0.9830479843964608,4.317407973632882,29.728206824580145,defensive_third,78.5502327502575,49.623599326917,55.37701005852378,28.926633423340505,25.648803233943635,0.9830479843964608,4.317407973632882,29.728206824580145,defensive_third,78.5502327502575,49.623599326917,55.37701005852378,28.926633423340505,25.648803233943635,0.9830479843964608,4.317407973632882,-22.771793175419855,22.456540634666837,0.9963735,0.66,1,England,england,England - Wales,england,6,1,True,0,0,0,0,0,opponent_on_ball,0,2605265662,7.619000000000142,53.55,51.52184876341298,23.821793175419852,27.028383986844524,3.547497570133091
6,5707012,10683,2605265668,1,duel_regain,1H,1167.704,1,game_interruption,pass,4.539999999999964,0.0028959999999642,England - Wales,0.2250000000001364,0.2250000000001364,0,0,0,0,0,4.539999999999964,4.539999999999964,1,0,0,0,0,6.803000000000111,6.7771040000000085,1,0,0,0,1,6.803000000000111,6.7771040000000085,1,0,0,0,1,6.803000000000111,6.7771040000000085,1,0,0,0,1,53.6053374820998,middle_third,53.245335199125016,52.91505826628464,53.741065666410776,0.3302769328403769,0.1357281843109774,1.0,1.651384664201509,53.6053374820998,middle_third,53.245335199125016,30.907629663097733,74.49655082026626,22.337705536027283,20.891213338166462,1.0,4.9419702513334895,53.6053374820998,middle_third,53.245335199125016,4.757003962443857,101.47756479572784,48.48833123668116,47.872227313628045,1.0000000000000009,7.1728300645978145,53.6053374820998,middle_third,53.245335199125016,4.757003962443857,101.47756479572784,48.48833123668116,47.872227313628045,1.0000000000000009,7.1728300645978145,53.6053374820998,middle_third,53.245335199125016,4.757003962443857,101.47756479572784,48.48833123668116,47.872227313628045,1.0000000000000009,7.1728300645978145,-1.1053374820997988,-13.915975896009757,0.9997825,0.66,1,Wales,wales,England - Wales,england,6,1,False,1,1,1,1,1,shot,0,2605265672,6.803000000000111,76.65,29.003049839628932,23.044662517900207,24.242285359496083,3.563469845582197
6,5707012,2414,2605265570,1,interception,1H,1554.083,0,game_interruption,pass,4.117999999999938,0.0018959999999879,England - Wales,2.0,2.0,0,0,0,0,0,4.117999999999938,4.117999999999938,1,0,0,0,0,6.076000000000022,6.076000000000022,1,0,0,0,1,6.076000000000022,6.076000000000022,1,0,0,0,1,6.076000000000022,6.076000000000022,1,0,0,0,1,80.88355917235923,attacking_third,38.32610203135582,36.53422471786664,89.36619851498236,1.791877313489188,8.48263934262313,0.8534679799751117,0.9049885421662482,80.88355917235923,attacking_third,38.32610203135582,14.334788215562774,93.11042367622402,23.99131381579305,12.715527453836074,0.9873390625391532,5.880223974459185,80.88355917235923,attacking_third,38.32610203135582,2.3282289012081656,102.7028989350762,35.99787313014766,21.819339762716965,0.9348443469579298,5.959912769892033,80.88355917235923,attacking_third,38.32610203135582,2.3282289012081656,102.7028989350762,35.99787313014766,21.819339762716965,0.9348443469579298,5.959912769892033,80.88355917235923,attacking_third,38.32610203135582,2.3282289012081656,102.7028989350762,35.99787313014766,21.819339762716965,0.9348443469579298,5.959912769892033,28.383559172359227,-29.787369449563656,0.9994973,0.66,1,England,england,England - Wales,england,6,1,True,1,1,1,1,1,shot,0,2605265576,6.076000000000022,92.4,16.647354144127526,11.516440827640778,21.678747887228297,3.567930857015836
6,5707012,10683,2605266386,1,duel_regain,1H,2271.591,1,opponent_on_ball,pass,2.201000000000022,0.0098960000000261,England - Wales,2.0,2.0,0,0,0,0,0,2.201000000000022,2.201000000000022,1,0,0,0,0,9.094000000000053,9.094000000000053,2,0,1,0,0,9.094000000000053,9.094000000000053,2,0,1,0,0,9.094000000000053,9.094000000000053,2,0,1,0,0,26.67927868742325,defensive_third,80.22933029422057,80.11556535131236,28.529199848409576,0.1137649429082188,1.88891967110159,0.1681108456496862,0.0574570418728372,26.67927868742325,defensive_third,80.22933029422057,80.11556535131236,28.51468312115817,0.1137649429082188,1.88891967110159,0.1606743805519686,0.0521857536276163,26.67927868742325,defensive_third,80.22933029422057,40.28221103383588,73.25802193677731,39.947119260384696,46.57874324935406,0.9712195875645764,4.399462473610685,26.67927868742325,defensive_third,80.22933029422057,40.28221103383588,73.25802193677731,39.947119260384696,46.57874324935406,0.9712195875645764,4.399462473610685,26.67927868742325,defensive_third,80.22933029422057,40.28221103383588,73.25802193677731,39.947119260384696,46.57874324935406,0.9712195875645764,4.399462473610685,25.82072131257675,17.39569063121165,0.9990619,0.66,1,Wales,wales,England - Wales,england,6,1,False,0,0,0,0,0,opponent_on_ball,0,2605265750,13.0,85.05,24.93600008020533,58.37072131257675,55.29333021401524,4.253333093385788
6,5707012,2414,2605266080,1,duel_regain,2H,3827.392,0,opponent_on_ball,duel,3.312000000000353,0.0091040000002067,England - Wales,0.0830000000000836,0.0830000000000836,0,0,0,0,0,4.193000000000211,4.193000000000211,0,0,1,0,1,4.193000000000211,4.193000000000211,0,0,1,0,1,4.193000000000211,4.193000000000211,0,0,1,0,1,4.193000000000211,4.193000000000211,0,0,1,0,1,75.17174721287532,attacking_third,31.89842132826564,31.592223240209705,75.4775938068838,0.3061980880559325,0.3058465940084858,1.0,5.103301467603517,75.17174721287532,attacking_third,31.89842132826564,8.961467614333937,96.05518871841772,22.9369537139317,20.883441505542407,1.0,5.487309500940813,75.17174721287532,attacking_third,31.89842132826564,8.961467614333937,96.05518871841772,22.9369537139317,20.883441505542407,1.0,5.487309500940813,75.17174721287532,attacking_third,31.89842132826564,8.961467614333937,96.05518871841772,22.9369537139317,20.883441505542407,1.0,5.487309500940813,75.17174721287532,attacking_third,31.89842132826564,8.961467614333937,96.05518871841772,22.9369537139317,20.883441505542407,1.0,5.487309500940813,22.671747212875317,-11.304185901821532,0.99703526,0.66,1,England,england,England - Wales,england,6,1,True,1,1,1,1,1,shot,0,2605266082,4.193000000000211,79.8,25.346368576188585,4.62825278712468,6.552052752077056,1.5626169215541919
6,5707012,10683,2605266793,1,interception,2H,4543.107,1,window_end,pass,1.1090000000003783,0.0058960000005754,England - Wales,1.1090000000003783,1.1090000000003783,1,0,0,0,0,2.6809999999995853,2.6809999999995853,1,0,0,0,0,9.318000000000213,9.318000000000213,2,0,0,0,0,11.043999999999867,9.914103999999496,2,0,0,0,1,16.595000000000255,15.3149999999996,2,0,0,0,1,43.04577479916806,middle_third,62.98458772581149,60.316854058249206,44.7328845709768,2.667733667562281,1.6871097718087429,1.0,2.470123766261538,43.04577479916806,middle_third,62.98458772581149,54.81561336161195,50.18451733553982,8.168974364199535,7.138742536371765,1.0,3.0710429940601434,43.04577479916806,middle_third,62.98458772581149,11.211623671691456,96.66856085973022,51.77296405412003,53.62278606056216,1.0000000000000004,5.5669853821633355,43.04577479916806,middle_third,62.98458772581149,0.3429115863195855,105.44991028498428,62.6416761394919,65.36857739312332,0.9148518856792176,5.684362626087969,43.04577479916806,middle_third,62.98458772581149,0.3429115863195855,97.94203115395835,62.6416761394919,65.36857739312332,0.8587451802457468,3.778146932418105,9.454225200831942,11.346024447137534,0.9958532,0.66,1,Wales,wales,England - Wales,england,6,1,False,1,1,1,1,1,shot,0,2605266797,11.043999999999869,96.6,11.710917982805622,53.55422520083194,51.27366974300587,4.642672015846294
6,5707012,10683,2605266812,1,interception,2H,4883.705,1,opponent_on_ball,pass,1.9080000000003563,0.0038960000001679,England - Wales,1.9080000000003563,1.9080000000003563,1,0,0,0,0,2.8299999999999272,2.8299999999999272,1,1,0,0,0,2.8299999999999272,2.8299999999999272,1,1,0,0,0,14.716999999999643,13.43610400000034,3,1,0,0,0,14.716999999999643,13.43610400000034,3,1,0,0,0,30.245123662363287,defensive_third,75.93402337524999,74.54168093326133,32.3662750512309,1.39234244198866,2.121151388867613,0.3953481993029864,0.740607681909177,30.245123662363287,defensive_third,75.93402337524999,70.6583697649093,35.80753937894379,5.275653610340697,5.5624157165804995,0.7124328323050436,1.884162003693596,30.245123662363287,defensive_third,75.93402337524999,70.6583697649093,35.80753937894379,5.275653610340697,5.5624157165804995,0.7124328323050436,1.884162003693596,30.245123662363287,defensive_third,75.93402337524999,10.977514939552734,107.52929715467464,64.95650843569726,79.85413971998753,0.9431714516296682,4.418810097666535,30.245123662363287,defensive_third,75.93402337524999,10.977514939552734,107.52929715467464,64.95650843569726,79.85413971998753,0.9431714516296682,4.418810097666535,22.254876337636713,13.329830070096731,0.9973183,0.66,1,Wales,wales,England - Wales,england,6,1,False,0,0,1,1,0,opponent_on_ball,0,2605266343,15.35400000000027,100.8,16.194122390546518,70.55487633763671,59.739900984703475,3.8908363282989726
6,5723756,3758,2606245236,1,interception,1H,452.883,1,game_interruption,touch,1.406000000000006,0.0029999999999859,Norway - Italy,1.406000000000006,1.406000000000006,0,1,0,0,0,4.2900000000000205,4.2900000000000205,0,1,2,0,0,5.66700000000003,5.66700000000003,0,1,2,0,1,5.66700000000003,5.66700000000003,0,1,2,0,1,5.66700000000003,5.66700000000003,0,1,2,0,1,76.68298884970102,attacking_third,31.700594433131823,26.430577036216192,80.93333418726272,5.27001739691563,4.250345337561697,1.0,3.818853186170759,76.68298884970102,attacking_third,31.700594433131823,12.772594322453669,93.1574626676314,18.928000110678155,16.474473817930374,0.9999999999999998,4.443192514243648,76.68298884970102,attacking_third,31.700594433131823,3.2659740963762514,104.50138281490536,28.43462033675557,27.818393965204336,0.979396774166475,5.041599350488538,76.68298884970102,attacking_third,31.700594433131823,3.2659740963762514,104.50138281490536,28.43462033675557,27.818393965204336,0.979396774166475,5.041599350488538,76.68298884970102,attacking_third,31.700594433131823,3.2659740963762514,104.50138281490536,28.43462033675557,27.818393965204336,0.979396774166475,5.041599350488538,-24.18298884970101,14.250423394683786,0.9972395,0.66,1,Italy,italy,Norway - Italy,italy,1,2,True,1,1,1,1,1,shot,0,2606245241,5.66700000000003,94.5,12.509596316428441,17.81701115029898,19.190998116703383,3.386447523681539
6,5723756,7337,2606245418,0,interception,1H,573.535,0,window_end,pass,1.066000000000031,0.0149999999999863,Norway - Italy,1.066000000000031,1.066000000000031,1,0,0,0,0,1.066000000000031,1.066000000000031,1,0,0,0,0,7.432000000000016,7.432000000000016,1,0,2,0,0,10.906000000000065,10.906000000000065,1,0,3,0,0,19.990999999999985,19.990999999999985,2,1,3,0,0,9.0293930176112,defensive_third,96.52759882945232,89.07589062873421,17.92385613204449,7.451708200718102,8.894463114433293,0.8981227035973853,7.165104039151489,9.0293930176112,defensive_third,96.52759882945232,89.07589062873421,17.92385613204449,7.451708200718102,8.894463114433293,0.8981227035973853,7.165104039151489,9.0293930176112,defensive_third,96.52759882945232,56.88181550560231,56.64281782488143,39.64578332385,47.613424807270235,0.9791244244744478,5.357538287006691,9.0293930176112,defensive_third,96.52759882945232,41.01659551311161,77.71432486886115,55.511003316340705,68.68493185124996,0.985001242695988,5.102114275398911,9.0293930176112,defensive_third,96.52759882945232,25.09750574117087,86.83893995519584,71.43009308828144,85.60772287364662,0.953818782007221,3.578661978370807,-43.4706069823888,10.354705752050648,0.9559904,0.66,1,Norway,norway,Norway - Italy,italy,1,2,False,0,0,0,1,0,window_end_20s,1,,19.990999999999985,86.83893995519584,27.416610817050053,77.80954693758464,69.11098801240226,3.457105097914177
6,5723756,3758,2606245364,1,interception,1H,920.602,1,opponent_on_ball,pass,2.2420000000000755,0.0019999999999527,Norway - Italy,2.0,2.0,0,0,0,0,0,4.95900000000006,4.95900000000006,3,0,0,0,0,5.814000000000078,5.814000000000078,3,1,0,0,0,5.814000000000078,5.814000000000078,3,1,0,0,0,5.814000000000078,5.814000000000078,3,1,0,0,0,69.96190715589945,middle_third,35.257224619484404,31.63326680027865,73.51147075972362,3.623957819205753,3.5495636038241685,0.3726919078517142,1.8302817268715756,69.96190715589945,middle_third,35.257224619484404,18.272991967770928,86.90853659110341,16.984232651713477,16.94662943520396,0.5168807888237891,3.4381037756505424,69.96190715589945,middle_third,35.257224619484404,11.181250280885031,93.82887432793338,24.075974338599373,23.866967172033924,0.6026401198925024,4.165393484186763,69.96190715589945,middle_third,35.257224619484404,11.181250280885031,93.82887432793338,24.075974338599373,23.866967172033924,0.6026401198925024,4.165393484186763,69.96190715589945,middle_third,35.257224619484404,11.181250280885031,93.82887432793338,24.075974338599373,23.866967172033924,0.6026401198925024,4.165393484186763,-17.461907155899453,3.924785053600658,0.9966877,0.66,1,Italy,italy,Norway - Italy,italy,1,2,True,0,0,1,1,0,opponent_on_ball,0,2606245619,7.391000000000076,97.65,8.756717421499904,27.688092844100552,26.5005071979845,3.5855103772133985
6,5723756,3758,2606245611,1,interception,1H,1864.977,1,opponent_on_ball,pass,3.3719999999998436,0.002999999999929,Norway - Italy,2.0,2.0,0,0,0,0,0,3.3719999999998436,3.3719999999998436,1,0,0,0,0,3.3719999999998436,3.3719999999998436,1,0,0,0,0,3.3719999999998436,3.3719999999998436,1,0,0,0,0,3.3719999999998436,3.3719999999998436,1,0,0,0,0,94.22607981052631,attacking_third,33.09167857728525,29.25414090576485,103.64720797883976,3.837537671520405,9.421128168313444,1.0,1.938150339151702,94.22607981052631,attacking_third,33.09167857728525,18.411861035841863,97.08584361679186,14.679817541443384,10.242879829228798,0.9737212691307384,4.368993315905899,94.22607981052631,attacking_third,33.09167857728525,18.411861035841863,97.08584361679186,14.679817541443384,10.242879829228798,0.9737212691307384,4.368993315905899,94.22607981052631,attacking_third,33.09167857728525,18.411861035841863,97.08584361679186,14.679817541443384,10.242879829228798,0.9737212691307384,4.368993315905899,94.22607981052631,attacking_third,33.09167857728525,18.411861035841863,97.08584361679186,14.679817541443384,10.242879829228798,0.9737212691307384,4.368993315905899,-41.726079810526336,31.288685412033715,0.9957705,0.66,1,Italy,italy,Norway - Italy,italy,1,2,True,0,0,1,1,0,opponent_on_ball,0,2606245850,4.294999999999845,96.6,16.56738965558546,2.3739201894736794,16.524288921699792,3.8473315300815805
6,5723756,3758,2606245878,1,duel_regain,2H,2865.123,1,opponent_on_ball,none,,0.0030000000001564,Norway - Italy,2.0,2.0,0,0,0,0,0,5.0,5.0,0,0,0,0,0,9.572000000000116,9.572000000000116,1,0,1,0,0,9.572000000000116,9.572000000000116,1,0,1,0,0,9.572000000000116,9.572000000000116,1,0,1,0,0,54.35097949069041,middle_third,59.70887928239062,49.5707529413707,63.916816624661635,10.13812634101992,9.565837133971222,1.0,5.120265828797892,54.35097949069041,middle_third,59.70887928239062,32.74030726684219,84.80035478023444,26.968572015548432,30.44937528954403,1.0,5.415375906736613,54.35097949069041,middle_third,59.70887928239062,3.791989223285528,101.45865359355147,55.91689005910509,47.36974107553905,0.9981122809700088,5.861309230514183,54.35097949069041,middle_third,59.70887928239062,3.791989223285528,101.45865359355147,55.91689005910509,47.36974107553905,0.9981122809700088,5.861309230514183,54.35097949069041,middle_third,59.70887928239062,3.791989223285528,101.45865359355147,55.91689005910509,47.36974107553905,0.9981122809700088,5.861309230514183,-1.8509794906904131,31.620040901406696,0.9997327,0.66,1,Italy,italy,Norway - Italy,italy,1,2,True,0,0,1,1,0,opponent_on_ball,0,2606246191,11.331000000000131,99.75,5.25,45.39902050930959,54.45887928239062,4.806184739421939
6,5723756,3758,2606245889,1,interception,2H,2928.013,1,opponent_on_ball,touch,1.4900000000002365,0.0070000000000618,Norway - Italy,1.4900000000002365,1.4900000000002365,0,1,0,0,0,3.972999999999956,3.972999999999956,1,1,0,0,0,3.972999999999956,3.972999999999956,1,1,0,0,0,3.972999999999956,3.972999999999956,1,1,0,0,0,3.972999999999956,3.972999999999956,1,1,0,0,0,60.388234009842655,middle_third,54.34647340726803,49.79816773568283,66.06361267948438,4.548305671585204,5.675378669641724,1.0,3.073179507827803,60.388234009842655,middle_third,54.34647340726803,34.73531818102119,85.13612283042761,19.611155226246844,24.74788882058495,1.0,4.952311925819864,60.388234009842655,middle_third,54.34647340726803,34.73531818102119,85.13612283042761,19.611155226246844,24.74788882058495,1.0,4.952311925819864,60.388234009842655,middle_third,54.34647340726803,34.73531818102119,85.13612283042761,19.611155226246844,24.74788882058495,1.0,4.952311925819864,60.388234009842655,middle_third,54.34647340726803,34.73531818102119,85.13612283042761,19.611155226246844,24.74788882058495,1.0,4.952311925819864,-7.888234009842655,-31.03754995237756,0.95729285,0.66,1,Italy,italy,Norway - Italy,italy,1,2,True,0,0,0,1,0,opponent_on_ball,0,2606246199,5.7400000000002365,82.95,33.969222834795616,22.561765990157348,20.377250572472413,3.5500436537406923
6,5723756,3758,2606245967,1,interception,2H,3142.919,1,opponent_on_ball,pass,3.887000000000171,0.0010000000002037,Norway - Italy,2.0,2.0,0,0,0,0,0,3.887000000000171,3.887000000000171,1,0,0,0,0,5.863000000000284,5.863000000000284,2,0,0,0,0,5.863000000000284,5.863000000000284,2,0,0,0,0,5.863000000000284,5.863000000000284,2,0,0,0,0,67.91578070734272,middle_third,37.092245619531795,27.927541958279907,77.59814349920035,9.164703661251888,9.682362791857628,1.0,4.628638212753437,67.91578070734272,middle_third,37.092245619531795,19.698674855929667,93.70694527327616,17.393570763602128,25.79116456593343,1.0,4.482879062783927,67.91578070734272,middle_third,37.092245619531795,7.967488425402349,94.98067697498968,29.124757194129444,30.354531883625725,0.9248603521494518,4.970095084322323,67.91578070734272,middle_third,37.092245619531795,7.967488425402349,94.98067697498968,29.124757194129444,30.354531883625725,0.9248603521494518,4.970095084322323,67.91578070734272,middle_third,37.092245619531795,7.967488425402349,94.98067697498968,29.124757194129444,30.354531883625725,0.9248603521494518,4.970095084322323,-15.41578070734272,0.7715986999606699,0.9986406,0.66,1,Italy,italy,Norway - Italy,italy,1,2,True,0,0,1,1,0,opponent_on_ball,0,2606246248,6.644000000000233,96.6,10.007677053142757,28.684219292657275,27.084568566389038,4.0765455397935115
6,5723756,3758,2606246068,1,interception,2H,3682.908,1,opponent_on_ball,pass,1.5760000000000218,0.0079999999998108,Norway - Italy,1.5760000000000218,1.5760000000000218,1,0,0,0,0,4.099999999999909,4.099999999999909,2,0,1,0,0,5.420000000000073,5.420000000000073,2,1,2,0,0,5.420000000000073,5.420000000000073,2,1,2,0,0,5.420000000000073,5.420000000000073,2,1,2,0,0,29.197766231353288,defensive_third,79.34766113018395,79.34766113018395,27.113361871361317,0.0,0.0,0.0,0.0,29.197766231353288,defensive_third,79.34766113018395,60.18916899731654,51.91869403340891,19.15849213286741,22.720927802055623,0.6857952108937293,4.695708856095036,29.197766231353288,defensive_third,79.34766113018395,49.4626402777461,61.98048621473776,29.885020852437854,32.78271998338447,0.7729677761217617,5.534263120821731,29.197766231353288,defensive_third,79.34766113018395,49.4626402777461,61.98048621473776,29.885020852437854,32.78271998338447,0.7729677761217617,5.534263120821731,29.197766231353288,defensive_third,79.34766113018395,49.4626402777461,61.98048621473776,29.885020852437854,32.78271998338447,0.7729677761217617,5.534263120821731,23.302233768646712,-23.453628344329587,0.9975267,0.66,1,Italy,italy,Norway - Italy,italy,1,2,True,0,0,0,0,0,opponent_on_ball,0,2606246377,9.624000000000251,73.5,34.5856675517475,44.302233768646715,44.76199357843645,4.651079964509069
6,5723756,7337,2606246388,1,duel_regain,2H,3714.168,0,opponent_on_ball,pass,2.2489999999997963,0.0080000000002655,Norway - Italy,2.0,2.0,0,0,0,0,0,4.311999999999898,4.311999999999898,2,0,0,0,0,9.960999999999784,9.960999999999784,2,1,1,0,1,9.960999999999784,9.960999999999784,2,1,1,0,1,9.960999999999784,9.960999999999784,2,1,1,0,1,73.61277243519837,attacking_third,43.163978601660574,26.404916807594,82.20847981155435,16.759061794066575,8.595707376355989,0.9965981817978822,8.464172623267814,73.61277243519837,attacking_third,43.163978601660574,20.503685090892212,84.24318293571025,22.66029351076836,10.884902217376634,0.8942827407909516,5.269835700179023,73.61277243519837,attacking_third,43.163978601660574,9.272554597551355,99.20606439472652,33.89142400410922,25.59329195952816,0.8077912638019042,3.4096000004135396,73.61277243519837,attacking_third,43.163978601660574,9.272554597551355,99.20606439472652,33.89142400410922,25.59329195952816,0.8077912638019042,3.4096000004135396,73.61277243519837,attacking_third,43.163978601660574,9.272554597551355,99.20606439472652,33.89142400410922,25.59329195952816,0.8077912638019042,3.4096000004135396,21.11277243519836,29.630575332247055,0.9994789,0.66,1,Norway,norway,Norway - Italy,italy,1,2,False,1,1,1,1,1,shot,0,2606246398,9.960999999999785,93.45,19.993621482862977,19.837227564801637,23.170357118797597,2.326107531251691
6,5723756,3758,2606246124,1,interception,2H,4009.389,1,opponent_on_ball,touch,1.2929999999996653,0.0090000000000145,Norway - Italy,1.2929999999996653,1.2929999999996653,0,1,0,0,0,4.810999999999694,4.810999999999694,2,1,0,0,0,4.810999999999694,4.810999999999694,2,1,0,0,0,4.810999999999694,4.810999999999694,2,1,0,0,0,4.810999999999694,4.810999999999694,2,1,0,0,0,52.40372347780944,middle_third,55.01219978603204,49.89029069015208,57.18445917857385,5.121909095879964,4.780735700764417,0.9879082614136052,4.001491481155596,52.40372347780944,middle_third,55.01219978603204,35.716447613470606,72.20760354756266,19.295752172561436,19.80388006975322,0.8472282891233684,4.019948369283861,52.40372347780944,middle_third,55.01219978603204,35.716447613470606,72.20760354756266,19.295752172561436,19.80388006975322,0.8472282891233684,4.019948369283861,52.40372347780944,middle_third,55.01219978603204,35.716447613470606,72.20760354756266,19.295752172561436,19.80388006975322,0.8472282891233684,4.019948369283861,52.40372347780944,middle_third,55.01219978603204,35.716447613470606,72.20760354756266,19.295752172561436,19.80388006975322,0.8472282891233684,4.019948369283861,0.0962765221905641,-16.12370370912248,0.9671058,0.66,1,Italy,italy,Norway - Italy,italy,1,2,True,0,0,0,0,0,opponent_on_ball,0,2606246479,5.585000000000036,73.5,35.79455265819088,21.096276522190557,19.21764712784116,3.4409395036420833
6,5723756,7337,2606246506,1,duel_regain,2H,4147.688,0,opponent_on_ball,pass,2.255000000000109,0.0079999999998108,Norway - Italy,0.7429999999994834,0.7429999999994834,0,0,0,0,0,4.07300000000032,4.07300000000032,3,0,0,0,0,7.472999999999956,7.472999999999956,4,0,0,0,0,10.716999999999643,10.716999999999643,4,1,0,0,0,18.037999999999556,18.037999999999556,4,1,1,0,1,27.533272978113445,defensive_third,79.12793815336943,76.46327365856274,29.841961498180993,2.6646644948066864,2.308688520067548,1.0,3.700922909452422,27.533272978113445,defensive_third,79.12793815336943,63.61455955140088,41.92902866162283,15.513378601968547,14.52770986381148,0.7032057320322925,3.821029212307147,27.533272978113445,defensive_third,79.12793815336943,50.23462206137912,58.58248489593191,28.893316091990307,31.049211917818468,0.7978448240754821,3.873098671848547,27.533272978113445,defensive_third,79.12793815336943,42.0980502919119,74.82670890800095,37.02988786145752,47.29343592988751,0.8281856141508483,3.4672179645558536,27.533272978113445,defensive_third,79.12793815336943,4.353087072599805,101.48151079629126,74.77485108076962,73.94823781817782,0.9068341893388282,4.149547784726294,-24.966727021886555,-16.128756955201702,0.99796695,0.66,1,Norway,norway,Norway - Italy,italy,1,2,False,1,0,1,1,1,shot,0,2606246513,18.037999999999556,88.2,22.048999977323234,60.66672702188656,57.078938176046194,3.1643717804661047
6,5723757,7048,2611416922,1,interception,1H,100.859,0,window_end,pass,2.211999999999989,0.0009999999999905,Sweden - England,2.0,2.0,0,0,0,0,0,3.875,3.820999999999998,1,0,0,0,1,7.35799999999999,3.820999999999998,1,0,0,0,1,7.35799999999999,3.820999999999998,1,0,0,0,1,7.35799999999999,3.820999999999998,1,0,0,0,1,82.25781867864399,attacking_third,22.747045115704633,16.77109103552237,89.50831792527231,5.975954080182262,7.250499246628323,1.0,3.018158626354672,82.25781867864399,attacking_third,22.747045115704633,2.162592459667305,105.67563016700116,20.584452656037328,23.417811488357177,0.9230697102026428,5.332759755450086,82.25781867864399,attacking_third,22.747045115704633,1.8479139463746697,105.43451480881532,20.89913116932996,24.67330447800541,0.805470767585767,2.847293074840593,82.25781867864399,attacking_third,22.747045115704633,1.8479139463746697,105.43451480881532,20.89913116932996,24.67330447800541,0.805470767585767,2.847293074840593,82.25781867864399,attacking_third,22.747045115704633,1.8479139463746697,105.43451480881532,20.89913116932996,24.67330447800541,0.805470767585767,2.847293074840593,29.757818678643982,-0.4703724507956934,0.96951723,0.66,1,Sweden,sweden,Sweden - England,draw,2,2,False,1,1,1,1,1,shot,0,2611416925,3.875000000000014,89.25,16.663015933497753,6.992181321356014,6.08402918220688,1.5700720470211245
6,5723757,2414,2611417139,1,duel_regain,1H,1385.37,1,opponent_on_ball,touch,0.5740000000000691,0.0099999999999909,Sweden - England,1.3910000000000764,1.3910000000000764,1,1,0,0,0,3.6980000000000928,3.6980000000000928,1,1,1,0,0,7.570000000000164,7.570000000000164,2,1,1,0,0,7.570000000000164,7.570000000000164,2,1,1,0,0,7.570000000000164,7.570000000000164,2,1,1,0,0,22.590931780955657,defensive_third,82.56474225234146,70.80321712720335,34.60850954154233,11.761525125138109,12.017577760586676,1.0,8.522844293579068,22.590931780955657,defensive_third,82.56474225234146,56.314792958005526,50.58348210774503,26.249949294335934,28.03468496555744,0.9787843836730986,7.1331383952003,22.590931780955657,defensive_third,82.56474225234146,40.61719913044276,68.85076862572097,41.9475431218987,46.25983684476532,0.9320351758694604,5.548616815066005,22.590931780955657,defensive_third,82.56474225234146,40.61719913044276,68.85076862572097,41.9475431218987,46.25983684476532,0.9320351758694604,5.548616815066005,22.590931780955657,defensive_third,82.56474225234146,40.61719913044276,68.85076862572097,41.9475431218987,46.25983684476532,0.9320351758694604,5.548616815066005,29.909068219044343,-5.067754775487373,0.9974987,0.66,1,England,england,Sweden - England,draw,2,2,False,0,0,0,0,0,opponent_on_ball,0,2611417291,8.761000000000195,70.35,38.30097779430704,47.75906821904434,44.26376445803442,5.0523643942510486
6,5723757,2414,2611418832,1,interception,1H,1621.07,1,opponent_on_ball,interception,1.259999999999991,0.0099999999999909,Sweden - England,1.259999999999991,1.259999999999991,0,0,0,0,0,4.45900000000006,4.45900000000006,2,0,0,0,0,7.424999999999955,7.424999999999955,2,0,1,0,1,7.424999999999955,7.424999999999955,2,0,1,0,1,7.424999999999955,7.424999999999955,2,0,1,0,1,52.44095280267036,middle_third,53.03005856954211,45.749078735721206,60.7613900432552,7.280979833820908,8.320437240584837,0.8895354910172087,5.871757930500689,52.44095280267036,middle_third,53.03005856954211,27.013905821771104,77.98869950005621,26.01615274777101,25.547746697385858,0.9664131652085194,5.859493862110516,52.44095280267036,middle_third,53.03005856954211,14.718371930162371,91.9088290820532,38.311686639379744,39.46787627938283,0.9458414241510276,5.17725495126747,52.44095280267036,middle_third,53.03005856954211,14.718371930162371,91.9088290820532,38.311686639379744,39.46787627938283,0.9458414241510276,5.17725495126747,52.44095280267036,middle_third,53.03005856954211,14.718371930162371,91.9088290820532,38.311686639379744,39.46787627938283,0.9458414241510276,5.17725495126747,0.0590471973296402,7.052210263310478,0.9994137,0.66,1,England,england,Sweden - England,draw,2,2,False,1,1,1,1,1,shot,0,2611417206,7.4249999999999545,86.1,19.49019240541253,33.659047197329635,33.539866164129585,4.5171536921386926
6,5723757,7048,2611417500,1,duel_regain,1H,2012.226,0,opponent_on_ball,pass,0.9509999999997945,0.0060000000000854,Sweden - England,0.9509999999997945,0.9509999999997945,1,0,0,0,0,4.378999999999905,4.378999999999905,2,0,0,0,0,6.945999999999913,6.945999999999913,3,0,0,0,0,6.945999999999913,6.945999999999913,3,0,0,0,0,6.945999999999913,6.945999999999913,3,0,0,0,0,27.985978557942985,defensive_third,80.42992467213634,80.42992467213634,21.22420991936455,0.0,0.0,0.0,0.0,27.985978557942985,defensive_third,80.42992467213634,80.1662296802825,31.758778064843636,0.2636949918538391,3.772799506900654,0.0200905466380387,0.0604805027187718,27.985978557942985,defensive_third,80.42992467213634,56.21876258769633,52.6184505766466,24.211162084440005,24.63247201870362,0.6530708772938151,3.4987228445722183,27.985978557942985,defensive_third,80.42992467213634,56.21876258769633,52.6184505766466,24.211162084440005,24.63247201870362,0.6530708772938151,3.4987228445722183,27.985978557942985,defensive_third,80.42992467213634,56.21876258769633,52.6184505766466,24.211162084440005,24.63247201870362,0.6530708772938151,3.4987228445722183,-24.514021442057015,23.1908017129186,0.9391933,0.66,1,Sweden,sweden,Sweden - England,draw,2,2,False,0,0,0,0,0,opponent_on_ball,0,2611417339,11.20399999999995,81.9,24.280864893985957,53.91402144205702,56.14905977815038,5.011519080520406
6,5723757,7048,2611417514,1,duel_regain,1H,2128.451,0,opponent_on_ball,pass,1.2010000000000218,0.0090000000000145,Sweden - England,1.2010000000000218,1.2010000000000218,1,0,0,0,0,1.2010000000000218,1.2010000000000218,1,0,0,0,0,8.081000000000131,8.081000000000131,3,1,0,0,0,13.586999999999987,13.427000000000136,4,1,1,0,0,13.586999999999987,13.427000000000136,4,1,1,0,0,12.976471581256147,defensive_third,92.05531597019048,85.14712958041235,19.95455411641893,6.9081863897781375,6.978082535162777,1.0,5.854395245575505,12.976471581256147,defensive_third,92.05531597019048,85.14712958041235,19.95455411641893,6.9081863897781375,6.978082535162777,1.0,5.854395245575505,12.976471581256147,defensive_third,92.05531597019048,64.70498117391448,46.14895736832141,27.350334796276016,33.17248578706526,0.7747908602878804,3.3933417861384867,12.976471581256147,defensive_third,92.05531597019048,27.06985661111419,91.04220117921406,64.9854593590763,78.06572959795791,0.8838812737510514,4.792438005831605,12.976471581256147,defensive_third,92.05531597019048,27.06985661111419,91.04220117921406,64.9854593590763,78.06572959795791,0.8838812737510514,4.792438005831605,-39.52352841874385,-2.4189699742358286,0.9975122,0.66,1,Sweden,sweden,Sweden - England,draw,2,2,False,0,0,0,1,0,opponent_on_ball,0,2611417383,17.485000000000127,100.8,13.585521705109453,87.82352841874385,78.46979426508102,4.487834959398367
6,5723757,7048,2611417551,1,duel_regain,1H,2445.333,0,opponent_on_ball,duel,0.4819999999999709,0.0070000000000618,Sweden - England,0.4819999999999709,0.4819999999999709,0,0,1,0,0,4.186999999999898,4.186999999999898,3,0,1,0,0,4.186999999999898,4.186999999999898,3,0,1,0,0,4.186999999999898,4.186999999999898,3,0,1,0,0,4.186999999999898,4.186999999999898,3,0,1,0,0,39.197722744166384,middle_third,73.943668599322,71.77025853628207,41.3032557837347,2.173410063039924,2.1055330395683143,1.0,4.7248044848690265,39.197722744166384,middle_third,73.943668599322,46.13829054428758,62.398029057893496,27.805378055034417,23.20030631372711,0.8547828487549327,6.652004319386485,39.197722744166384,middle_third,73.943668599322,46.13829054428758,62.398029057893496,27.805378055034417,23.20030631372711,0.8547828487549327,6.652004319386485,39.197722744166384,middle_third,73.943668599322,46.13829054428758,62.398029057893496,27.805378055034417,23.20030631372711,0.8547828487549327,6.652004319386485,39.197722744166384,middle_third,73.943668599322,46.13829054428758,62.398029057893496,27.805378055034417,23.20030631372711,0.8547828487549327,6.652004319386485,-13.302277255833616,-33.73020062010839,0.9950464,0.66,1,Sweden,sweden,Sweden - England,draw,2,2,False,0,0,0,0,0,window_end_20s,1,,4.186999999999898,62.398029057893496,46.13829054428758,23.20030631372711,27.805378055034417,6.640883223079793
6,5723757,2414,2611417625,1,duel_regain,2H,2996.139,1,game_interruption,duel,1.9800000000000184,0.0009999999997489,Sweden - England,1.9800000000000184,1.9800000000000184,0,0,1,0,0,1.9800000000000184,1.9800000000000184,0,0,1,0,0,6.993999999999687,6.993999999999687,1,0,2,0,0,13.563000000000102,13.563000000000102,3,0,2,0,0,15.071999999999662,15.071999999999662,3,0,2,0,1,31.752001847155835,defensive_third,74.44163392023134,67.53345650181636,37.94615303482436,6.908177418414979,6.194151187668528,0.9969882518663182,3.524580315517781,31.752001847155835,defensive_third,74.44163392023134,67.53345650181636,37.94615303482436,6.908177418414979,6.194151187668528,0.9969882518663182,3.524580315517781,31.752001847155835,defensive_third,74.44163392023134,45.61561310730616,60.95119165869255,28.82602081292518,29.199189811536716,0.999276575682703,4.1298024087285246,31.752001847155835,defensive_third,74.44163392023134,16.014229998776802,98.63589553937844,58.42740392145454,66.88389369222261,0.865225909722173,4.308805598927344,31.752001847155835,defensive_third,74.44163392023134,4.84761934494205,101.27957574071392,69.5940145752893,69.52757389355807,0.8022052610398988,4.621116505663316,20.747998152844165,-13.277335098380044,0.9995216,0.66,1,England,england,Sweden - England,draw,2,2,False,1,0,1,1,1,shot,0,2611417635,15.071999999999662,96.6,11.710917982805622,64.84799815284416,62.730715937425714,4.162069794149889
6,5723757,7048,2611417974,0,interception,2H,3854.45,0,window_end,pass,2.394999999999982,0.0099999999997635,Sweden - England,2.0,2.0,0,0,0,0,0,2.394999999999982,2.394999999999982,1,0,0,0,0,8.577000000000226,8.577000000000226,1,0,1,0,0,14.777000000000044,14.777000000000044,2,0,1,0,0,15.96100000000024,15.96100000000024,2,1,1,0,0,11.356715435849535,defensive_third,93.94023579206524,86.08498881230258,20.357804264731055,7.855246979762654,9.001088828881521,1.0,3.9672964544255462,11.356715435849535,defensive_third,93.94023579206524,81.53582940534847,25.420296512139743,12.404406386716772,14.063581076290204,1.0,5.211935456603447,11.356715435849535,defensive_third,93.94023579206524,36.56880415201359,80.6203818009073,57.37143164005165,69.26366636505776,1.0,6.702270051407945,11.356715435849535,defensive_third,93.94023579206524,25.647749743226218,83.58821512792768,68.29248604883902,82.2870689706557,0.912021257129448,4.62686219843076,11.356715435849535,defensive_third,93.94023579206524,25.647749743226218,76.2876821178649,68.29248604883902,82.2870689706557,0.821327078784265,4.2843466780952815,-41.14328456415046,-7.463454743371493,0.6979981,0.66,1,Sweden,sweden,Sweden - England,draw,2,2,False,0,0,0,1,0,window_end_20s,1,,15.96100000000024,76.35876354811438,38.96677973784608,65.00204811226484,54.973456054219156,3.44423632944166
6,5723758,1599,2611250119,1,interception,1H,1556.5,0,opponent_on_ball,pass,3.633000000000038,0.0043909999999414,Spain - Switzerland,2.0,2.0,0,0,0,0,0,3.633000000000038,3.633000000000038,1,0,0,0,0,8.781999999999925,8.781999999999925,3,0,0,0,0,8.781999999999925,8.781999999999925,3,0,0,0,0,8.781999999999925,8.781999999999925,3,0,0,0,0,66.12897179709051,middle_third,40.49660510521639,39.653455963837224,69.2383058688276,0.8431491413791647,3.1093340717370808,0.4619718725597508,0.4258328996864429,66.12897179709051,middle_third,40.49660510521639,39.653455963837224,69.03988860787013,0.8431491413791647,3.7411561779091183,0.2833026865408786,0.2329141274528003,66.12897179709051,middle_third,40.49660510521639,12.162530822037173,93.94385680751871,28.334074283179216,27.814885010428213,0.8432338449103046,3.2344833656597314,66.12897179709051,middle_third,40.49660510521639,12.162530822037173,93.94385680751871,28.334074283179216,27.814885010428213,0.8432338449103046,3.2344833656597314,66.12897179709051,middle_third,40.49660510521639,12.162530822037173,93.94385680751871,28.334074283179216,27.814885010428213,0.8432338449103046,3.2344833656597314,13.628971797090514,-11.358617499346188,0.96255225,0.66,1,Spain,spain,Spain - Switzerland,spain,2,0,True,0,0,1,1,0,opponent_on_ball,0,2611249996,10.989000000000033,96.6,12.696078134605193,30.47102820290948,27.800526970611195,2.5298504841760954
6,5723758,1599,2611250181,1,duel_regain,1H,1690.978,0,game_interruption,shot,3.643000000000029,0.0063909999998941,Spain - Switzerland,2.0,2.0,0,0,0,0,0,3.643000000000029,2.8063909999998486,0,0,0,0,1,3.643000000000029,2.8063909999998486,0,0,0,0,1,3.643000000000029,2.8063909999998486,0,0,0,0,1,3.643000000000029,2.8063909999998486,0,0,0,0,1,72.61205140178433,attacking_third,32.388168657904906,18.170383040221605,87.34012150825058,14.2177856176833,14.728070106466248,1.0,7.180699806910692,72.61205140178433,attacking_third,32.388168657904906,3.0374415027229604,110.33795737396598,29.350727155181943,37.72590597218165,0.9086934819636654,9.40728434460924,72.61205140178433,attacking_third,32.388168657904906,3.0374415027229604,110.33795737396598,29.350727155181943,37.72590597218165,0.9086934819636654,9.40728434460924,72.61205140178433,attacking_third,32.388168657904906,3.0374415027229604,110.33795737396598,29.350727155181943,37.72590597218165,0.9086934819636654,9.40728434460924,72.61205140178433,attacking_third,32.388168657904906,3.0374415027229604,110.33795737396598,29.350727155181943,37.72590597218165,0.9086934819636654,9.40728434460924,20.112051401784328,0.1193926808201979,0.94310755,0.66,1,Spain,spain,Spain - Switzerland,spain,2,0,True,1,1,1,1,1,shot,0,2611250182,3.643000000000029,80.85,24.236008334707275,8.237948598215667,8.15216032319763,2.237760176557114
6,5723758,1599,2611250216,1,duel_regain,1H,1766.822,0,opponent_on_ball,pass,2.8510000000001128,0.002391000000216,Spain - Switzerland,2.0,2.0,0,0,0,0,0,3.953000000000202,3.953000000000202,1,1,0,0,0,9.14500000000021,9.14500000000021,2,2,0,0,0,12.004000000000133,12.004000000000133,3,2,0,0,0,17.317000000000007,17.317000000000007,5,2,0,0,0,28.7186795623139,defensive_third,77.93749899243159,67.97619675494249,37.387756180418585,9.961302237489091,8.669076618104686,0.9993421155042768,5.030960726005124,28.7186795623139,defensive_third,77.93749899243159,57.71945522787287,47.598949221799515,20.218043764558715,18.880269659485617,0.9996757562555644,5.131483188974518,28.7186795623139,defensive_third,77.93749899243159,28.746745041330787,78.02374276563988,49.1907539511008,49.305063203325986,0.9998667061209524,5.381920563577843,28.7186795623139,defensive_third,77.93749899243159,22.915701972400512,81.3635001635398,55.02179702003107,53.5038553347832,0.8966505593577178,4.585149751669256,28.7186795623139,defensive_third,77.93749899243159,6.386806020719086,95.18529136173235,71.5506929717125,70.44617778598422,0.7256406706192661,4.13587820645738,-23.7813204376861,-15.98167392604192,0.9967591,0.66,1,Spain,spain,Spain - Switzerland,spain,2,0,True,0,0,1,1,0,opponent_on_ball,0,2611250027,18.22400000000016,95.55,10.903948825998773,66.8313204376861,67.03355016643282,3.678311576296764
6,5723758,6698,2611250411,1,duel_regain,2H,2940.442,1,opponent_on_ball,pass,2.2040000000001783,0.0022650000000794,Spain - Switzerland,2.0,2.0,0,0,0,0,0,2.2040000000001783,2.2040000000001783,1,0,0,0,0,7.6840000000001965,7.6840000000001965,2,0,0,0,0,7.6840000000001965,7.6840000000001965,2,0,0,0,0,7.6840000000001965,7.6840000000001965,2,0,0,0,0,29.413962348859258,defensive_third,76.46099121262924,62.05569500632506,46.45242035754114,14.40529620630418,17.221094505036575,0.969514905587692,7.275402124395983,29.413962348859258,defensive_third,76.46099121262924,62.05569500632506,45.98150518141467,14.40529620630418,17.221094505036575,0.9268348060250912,6.5478619119569865,29.413962348859258,defensive_third,76.46099121262924,48.490256072451125,59.04362426097549,27.97073514017811,31.09981844442239,0.7798967062359821,3.6420228047107694,29.413962348859258,defensive_third,76.46099121262924,48.490256072451125,59.04362426097549,27.97073514017811,31.09981844442239,0.7798967062359821,3.6420228047107694,29.413962348859258,defensive_third,76.46099121262924,48.490256072451125,59.04362426097549,27.97073514017811,31.09981844442239,0.7798967062359821,3.6420228047107694,23.086037651140742,11.534040463692612,0.99479336,0.66,1,Switzerland,switzerland,Spain - Switzerland,spain,2,0,False,0,0,0,0,0,opponent_on_ball,0,2611250634,11.280999999999949,53.55,56.68811603854904,24.13603765114074,19.7728751740802,1.7527590793440553
6,5723758,1599,2611250634,1,interception,2H,2951.723,0,opponent_on_ball,pass,1.0289999999999964,0.0012649999998757,Spain - Switzerland,1.0289999999999964,1.0289999999999964,1,0,0,0,0,4.30600000000004,4.30600000000004,2,0,1,0,0,4.30600000000004,4.30600000000004,2,0,1,0,0,4.30600000000004,4.30600000000004,2,0,1,0,0,4.30600000000004,4.30600000000004,2,0,1,0,0,67.49385407886189,middle_third,42.80943909974499,42.38505209705361,69.44130542035901,0.4243870026913825,1.9474513414971284,0.3970383405110901,0.4160656889131275,67.49385407886189,middle_third,42.80943909974499,14.14996236186402,95.35845857510276,28.659476737880972,27.864604496240887,0.9780065761721598,6.6649945902045955,67.49385407886189,middle_third,42.80943909974499,14.14996236186402,95.35845857510276,28.659476737880972,27.864604496240887,0.9780065761721598,6.6649945902045955,67.49385407886189,middle_third,42.80943909974499,14.14996236186402,95.35845857510276,28.659476737880972,27.864604496240887,0.9780065761721598,6.6649945902045955,67.49385407886189,middle_third,42.80943909974499,14.14996236186402,95.35845857510276,28.659476737880972,27.864604496240887,0.9780065761721598,6.6649945902045955,14.993854078861894,20.638243485749236,0.9978508,0.66,1,Spain,spain,Spain - Switzerland,spain,2,0,True,0,0,1,1,0,opponent_on_ball,0,2611250639,4.633000000000266,80.85,31.613011561697192,13.356145921138108,11.1964275380478,2.4166690131765938
6,5723758,6698,2611250428,1,interception,2H,2996.472,1,game_interruption,none,,0.0077350000001388,Spain - Switzerland,2.0,2.0,0,0,0,0,0,5.0,4.972264999999879,0,0,0,0,0,5.059999999999945,4.972264999999879,0,0,0,0,1,5.059999999999945,4.972264999999879,0,0,0,0,1,5.059999999999945,4.972264999999879,0,0,0,0,1,51.4653011375129,middle_third,56.803517822919474,46.45115131854622,65.16066181905146,10.35236650437325,13.695360681538553,1.0,5.228467931501593,51.4653011375129,middle_third,56.803517822919474,5.268155969298382,105.0780577079186,51.53536185362109,53.612756570405686,1.0,10.348466235666848,51.4653011375129,middle_third,56.803517822919474,4.74122519365091,105.75165864159082,52.06229262926856,54.28635750407792,1.0,10.32981996612479,51.4653011375129,middle_third,56.803517822919474,4.74122519365091,105.75165864159082,52.06229262926856,54.28635750407792,1.0,10.32981996612479,51.4653011375129,middle_third,56.803517822919474,4.74122519365091,105.75165864159082,52.06229262926856,54.28635750407792,1.0,10.32981996612479,1.0346988624870974,-18.99146268094043,0.9788862,0.66,1,Switzerland,switzerland,Spain - Switzerland,spain,2,0,False,1,1,1,1,1,shot,0,2611250432,5.059999999999945,65.1,43.92151636726583,13.634698862487092,12.882001455653644,2.5458500900501546
6,5723758,6698,2611250646,1,interception,2H,3784.473,1,opponent_on_ball,pass,3.0570000000002437,0.0087349999998878,Spain - Switzerland,2.0,2.0,0,0,0,0,0,4.845000000000255,4.845000000000255,2,0,1,0,0,9.648999999999887,9.648999999999887,3,1,2,0,0,9.648999999999887,9.648999999999887,3,1,2,0,0,9.648999999999887,9.648999999999887,3,1,2,0,0,16.982509734122004,defensive_third,91.8187669934216,79.76061519846057,29.90528006567883,12.05815179496102,12.92277033155683,0.8476867980178239,6.0899756540206615,16.982509734122004,defensive_third,91.8187669934216,68.64402297184462,42.12512279837683,23.17474402157697,25.14261306425483,0.9145026060854484,4.808038178750699,16.982509734122004,defensive_third,91.8187669934216,47.81430277394659,68.20440539380782,44.00446421947501,51.22189565968581,0.9530740799514984,4.574268629883108,16.982509734122004,defensive_third,91.8187669934216,47.81430277394659,68.20440539380782,44.00446421947501,51.22189565968581,0.9530740799514984,4.574268629883108,16.982509734122004,defensive_third,91.8187669934216,47.81430277394659,68.20440539380782,44.00446421947501,51.22189565968581,0.9530740799514984,4.574268629883108,35.517490265877996,26.14588647356057,0.9991535,0.66,1,Switzerland,switzerland,Spain - Switzerland,spain,2,0,False,0,0,0,0,0,window_end_20s,1,,9.648999999999887,68.28553111161145,47.768676948586766,51.30302137748944,44.05009004483484,4.565249253273433
6,5723758,6698,2611250710,1,duel_regain,2H,4060.244,1,opponent_on_ball,duel,3.3599999999996726,0.0002650000001267,Spain - Switzerland,2.0,2.0,0,0,0,0,0,3.3599999999996726,3.3599999999996726,0,0,1,0,0,5.560999999999694,5.560999999999694,1,0,1,0,0,5.560999999999694,5.560999999999694,1,0,1,0,0,5.560999999999694,5.560999999999694,1,0,1,0,0,25.380329504920613,defensive_third,79.90608232994491,78.769133235614,26.450623428471488,1.1369490943309015,1.2250241630765686,0.47357657676489,0.5742167143086628,25.380329504920613,defensive_third,79.90608232994491,78.24985188002219,28.376584704597185,1.6562304499227167,2.996255199676572,0.4434542839227633,0.4958773802164282,25.380329504920613,defensive_third,79.90608232994491,45.52955973897826,63.29920717835853,34.37652259096665,37.91887767343792,0.9429817233314384,6.182827804131259,25.380329504920613,defensive_third,79.90608232994491,45.52955973897826,63.29920717835853,34.37652259096665,37.91887767343792,0.9429817233314384,6.182827804131259,25.380329504920613,defensive_third,79.90608232994491,45.52955973897826,63.29920717835853,34.37652259096665,37.91887767343792,0.9429817233314384,6.182827804131259,27.119670495079387,-6.759442549124657,0.9997737,0.66,1,Switzerland,switzerland,Spain - Switzerland,spain,2,0,False,0,0,0,0,0,opponent_on_ball,0,2611250948,9.333000000000084,80.85,28.772071527785418,55.469670495079384,51.134010802159494,5.478839687363017
6,5723759,4419,2611031432,1,duel_regain,1H,154.018,0,opponent_on_ball,pass,2.3029999999999973,0.0020000000000095,France - Germany,0.3239999999999838,0.3239999999999838,0,0,0,0,0,4.408999999999992,4.408999999999992,2,0,0,0,0,7.667000000000002,7.667000000000002,2,1,0,0,0,7.667000000000002,7.667000000000002,2,1,0,0,0,7.667000000000002,7.667000000000002,2,1,0,0,0,44.56493164542433,middle_third,60.70303151455473,60.70303151455473,44.13023926424813,0.0,0.0,0.0,0.0,44.56493164542433,middle_third,60.70303151455473,41.78039641771018,68.11932431224255,18.92263509684455,23.554392666818224,0.933571665447698,4.300598885646512,44.56493164542433,middle_third,60.70303151455473,32.767494188385214,87.18332131527677,27.935537326169516,42.80923062573486,0.951243007611284,3.656483943215912,44.56493164542433,middle_third,60.70303151455473,32.767494188385214,87.18332131527677,27.935537326169516,42.80923062573486,0.951243007611284,3.656483943215912,44.56493164542433,middle_third,60.70303151455473,32.767494188385214,87.18332131527677,27.935537326169516,42.80923062573486,0.951243007611284,3.656483943215912,-7.935068354575669,5.697415908531799,0.97766215,0.66,1,France,france,France - Germany,draw,1,1,False,0,0,0,1,0,opponent_on_ball,0,2611031411,10.012,84.0,30.240661368429098,39.43506835457567,30.462370146125632,3.042585911518741
6,5723759,3149,2611031484,1,duel_regain,1H,429.259,1,opponent_on_ball,pass,1.440999999999974,0.0009999999999763,France - Germany,1.440999999999974,1.440999999999974,1,0,0,0,0,3.8530000000000086,3.8530000000000086,1,1,0,0,0,6.1200000000000045,6.1200000000000045,1,1,1,0,0,6.1200000000000045,6.1200000000000045,1,1,1,0,0,6.1200000000000045,6.1200000000000045,1,1,1,0,0,20.460257658577845,defensive_third,84.99881474965346,68.8120499843789,38.0711259246674,16.18676476527456,17.610868266089554,0.9867729683246316,11.240808864774015,20.460257658577845,defensive_third,84.99881474965346,59.23593242145088,52.07749926942006,25.762882328202583,31.617241610842218,0.9916484231692572,6.709083939636034,20.460257658577845,defensive_third,84.99881474965346,57.58388525041024,58.16654388848452,27.41492949924322,37.706286229906674,0.9870372737093194,4.494250737580839,20.460257658577845,defensive_third,84.99881474965346,57.58388525041024,58.16654388848452,27.41492949924322,37.706286229906674,0.9870372737093194,4.494250737580839,20.460257658577845,defensive_third,84.99881474965346,57.58388525041024,58.16654388848452,27.41492949924322,37.706286229906674,0.9870372737093194,4.494250737580839,32.039742341422155,-8.822158108527766,0.99283946,0.66,1,Germany,germany,France - Germany,draw,1,1,False,0,0,0,0,0,window_end_20s,1,,6.1200000000000045,58.23901351035733,57.543162942811605,37.778755851779486,27.455651806841857,4.486217615497032
6,5723759,3149,2611031512,1,duel_regain,1H,498.134,1,game_interruption,duel,1.0819999999999936,0.0059999999999718,France - Germany,1.092999999999961,1.092999999999961,0,0,1,0,0,1.092999999999961,1.092999999999961,0,0,1,0,0,9.836999999999987,9.836999999999987,1,1,1,0,0,14.076000000000022,13.74599999999998,1,1,2,0,0,14.076000000000022,13.74599999999998,1,1,2,0,0,33.319487280669485,defensive_third,75.04159283062482,69.93000806348081,37.49888759226682,5.111584767144009,4.179400311597334,1.0,4.732948858466496,33.319487280669485,defensive_third,75.04159283062482,69.93000806348081,37.49888759226682,5.111584767144009,4.179400311597334,1.0,4.732948858466496,33.319487280669485,defensive_third,75.04159283062482,22.362213749893552,89.11577294366873,52.679379080731266,55.796285662999246,1.0,5.364498888058177,33.319487280669485,defensive_third,75.04159283062482,7.929390227728312,108.8148650655772,67.1122026028965,75.49537778490773,0.928163494448415,4.807464369834981,33.319487280669485,defensive_third,75.04159283062482,7.929390227728312,108.8148650655772,67.1122026028965,75.49537778490773,0.928163494448415,4.807464369834981,19.180512719330515,-22.2068626971749,0.9997683,0.66,1,Germany,germany,France - Germany,draw,1,1,False,0,0,1,1,0,game_interruption,0,2611031520,19.008000000000038,105.0,11.56,71.68051271933052,63.48159283062482,3.3397302625539083
6,5723759,3149,2611031772,0,interception,1H,1985.677,1,window_end,duel,2.84900000000016,0.0030000000001564,France - Germany,2.0,2.0,0,0,0,0,0,4.803000000000111,4.803000000000111,1,0,2,0,0,9.24200000000019,9.24200000000019,1,0,3,0,0,9.24200000000019,9.24200000000019,1,0,3,0,0,9.24200000000019,9.24200000000019,1,0,3,0,0,13.714388708469777,defensive_third,91.70651382524622,89.8781418684515,15.263306093676348,1.828371956794726,1.548917385206572,0.5601128293475184,0.923420180199348,13.714388708469777,defensive_third,91.70651382524622,65.37608366582758,39.74194635292206,26.33043015941864,26.02755764445228,0.9482855956621205,5.485506283212269,13.714388708469777,defensive_third,91.70651382524622,51.61861279662826,57.29036042176534,40.08790102861796,43.575971713295566,0.9384131268597414,4.347928528049657,13.714388708469777,defensive_third,91.70651382524622,51.61861279662826,57.29036042176534,40.08790102861796,43.575971713295566,0.9384131268597414,4.347928528049657,13.714388708469777,defensive_third,91.70651382524622,51.61861279662826,57.29036042176534,40.08790102861796,43.575971713295566,0.9384131268597414,4.347928528049657,38.78561129153022,8.776209267771904,0.9067997,0.66,1,Germany,germany,France - Germany,draw,1,1,False,0,0,0,0,0,window_end_20s,1,,9.24200000000019,57.33684065303323,52.89585094487423,43.62245194456345,38.810662880371986,4.199379233972213
6,5723759,3149,2611031968,1,duel_regain,1H,2927.294,1,opponent_on_ball,pass,2.79300000000012,0.0060000000003128,France - Germany,2.0,2.0,0,0,0,0,0,2.79300000000012,2.79300000000012,1,0,0,0,0,8.289999999999964,8.289999999999964,2,0,2,0,0,8.289999999999964,8.289999999999964,2,0,2,0,0,8.289999999999964,8.289999999999964,2,0,2,0,0,20.586018799209356,defensive_third,86.93881935798132,86.93749939452174,20.583252560096017,0.0013199634595792,0.0013131590673793,0.0196461678875762,0.0006666482119087,20.586018799209356,defensive_third,86.93881935798132,86.93749939452174,20.58657553105428,0.0013199634595792,0.0013131590673793,0.0149748655729315,0.0004748069998487,20.586018799209356,defensive_third,86.93881935798132,49.09880859997329,61.17576242023973,37.84001075800803,40.58974362103037,0.9942783143033564,4.570049608455216,20.586018799209356,defensive_third,86.93881935798132,49.09880859997329,61.17576242023973,37.84001075800803,40.58974362103037,0.9942783143033564,4.570049608455216,20.586018799209356,defensive_third,86.93881935798132,49.09880859997329,61.17576242023973,37.84001075800803,40.58974362103037,0.9942783143033564,4.570049608455216,31.913981200790644,20.799954067071184,0.999345,0.66,1,Germany,germany,France - Germany,draw,1,1,False,0,0,0,0,0,game_interruption,0,2611032067,12.628000000000156,69.3,49.300000000000004,48.71398120079064,37.63881935798131,2.9805843647434944
6,5723759,4419,2611032230,1,interception,2H,3306.291,0,window_end,pass,2.5729999999998654,0.0090000000000145,France - Germany,2.0,2.0,0,0,0,0,0,2.5729999999998654,2.5729999999998654,1,0,0,0,0,8.871999999999844,8.871999999999844,1,0,1,0,0,13.614000000000033,13.614000000000033,1,0,2,0,1,13.614000000000033,13.614000000000033,1,0,2,0,1,15.264892013480235,defensive_third,93.57975961704189,84.24610060167807,23.245837156526022,9.333659015363809,7.980945143045787,1.0,4.71396919967973,15.264892013480235,defensive_third,93.57975961704189,81.34551417098359,26.221778850733635,12.23424544605828,10.9568868372534,1.0,4.779002127366618,15.264892013480235,defensive_third,93.57975961704189,30.838287174024863,79.94125392434135,62.74147244301701,64.67636191086112,1.0,7.081430298309179,15.264892013480235,defensive_third,93.57975961704189,3.7318499850611953,103.34964272052456,89.84790963198068,88.08475070704432,0.9959159492240568,6.606463943528036,15.264892013480235,defensive_third,93.57975961704189,3.7318499850611953,103.34964272052456,89.84790963198068,88.08475070704432,0.9959159492240568,6.606463943528036,-37.235107986519765,-26.547726920227618,0.999775,0.66,1,France,france,France - Germany,draw,1,1,False,1,1,1,1,1,shot,0,2611032240,12.617999999999938,79.8,25.428330656966065,64.53510798651976,68.15142896007582,5.401127671586317
6,5723759,3149,2611032440,1,duel_regain,2H,4897.543,1,window_end,pass,1.679000000000087,0.0029999999997016,France - Germany,1.679000000000087,1.679000000000087,1,0,0,0,0,4.871000000000095,4.871000000000095,1,0,1,0,0,7.180000000000291,7.180000000000291,1,0,2,0,0,13.559000000000196,13.559000000000196,1,0,2,0,0,13.559000000000196,13.559000000000196,1,0,2,0,0,15.67723854596906,defensive_third,91.68668158790427,87.82001049494302,19.06685748387912,3.866671092961269,3.3896189379100576,0.5963780156941063,2.329319935519041,15.67723854596906,defensive_third,91.68668158790427,57.35788412085267,53.48968292817696,34.32879746705162,37.8124443822079,0.9291685199990266,7.122157150839672,15.67723854596906,defensive_third,91.68668158790427,52.99058156670674,59.70757631064597,38.69610002119755,44.03033776467691,0.9301115340509972,5.404483243184125,15.67723854596906,defensive_third,91.68668158790427,40.16540985231411,66.88209568377474,51.521271735590176,51.204857137805675,0.9458502309319576,3.805116080914834,15.67723854596906,defensive_third,91.68668158790427,40.16540985231411,66.88209568377474,51.521271735590176,51.204857137805675,0.9458502309319576,3.805116080914834,36.82276145403094,20.6855472934132,0.9718937,0.66,1,Germany,germany,France - Germany,draw,1,1,False,0,0,0,0,0,window_end_20s,1,,13.559000000000196,66.88209568377474,40.16540985231411,51.204857137805675,51.52127173559016,3.7997840353705596
6,5723759,4419,2611033466,0,duel_regain,2H,5132.729,0,window_end,pass,3.483000000000174,0.009000000000924,France - Germany,2.0,2.0,0,0,0,0,0,3.483000000000174,3.483000000000174,1,0,0,0,0,7.045000000000073,7.045000000000073,1,0,0,0,1,7.045000000000073,7.045000000000073,1,0,0,0,1,7.045000000000073,7.045000000000073,1,0,0,0,1,89.5417744433356,attacking_third,29.903384098364025,28.003340511816123,90.0070731936749,1.9000435865478984,0.529268427210468,0.762064939127841,0.9596179730042008,89.5417744433356,attacking_third,29.903384098364025,23.421923058347257,89.4697375932028,6.481461040016768,1.751560586231804,0.915690188783326,1.873254635842977,89.5417744433356,attacking_third,29.903384098364025,2.0981659392175236,103.14088354034746,27.8052181591465,13.801176325264136,0.8143303009258417,3.96085728762746,89.5417744433356,attacking_third,29.903384098364025,2.0981659392175236,103.14088354034746,27.8052181591465,13.801176325264136,0.8143303009258417,3.96085728762746,89.5417744433356,attacking_third,29.903384098364025,2.0981659392175236,103.14088354034746,27.8052181591465,13.801176325264136,0.8143303009258417,3.96085728762746,37.0417744433356,-25.59796169958807,0.9874828,0.66,1,France,france,France - Germany,draw,1,1,False,1,1,1,1,1,shot,0,2611032654,5.49199999999928,79.8,28.635642126552707,-9.7417744433356,1.2677419718113185,0.23083429931017568
6,5723759,3149,2611032889,1,interception,2E,6449.073,1,opponent_on_ball,pass,2.4549999999999272,0.0070000000005165,France - Germany,2.0,2.0,0,0,0,0,0,2.4549999999999272,2.4549999999999272,1,0,0,0,0,6.550999999999476,6.550999999999476,1,0,1,0,0,10.148999999999432,10.148999999999432,2,0,1,0,0,10.148999999999432,10.148999999999432,2,0,1,0,0,37.173531167204885,middle_third,68.71881693492813,68.71881693492813,32.604249115939425,0.0,0.0,0.0,0.0,37.173531167204885,middle_third,68.71881693492813,68.71881693492813,37.73503246003607,0.0,0.5615012928311813,0.0,0.0,37.173531167204885,middle_third,68.71881693492813,50.671399913102256,57.28715421359288,18.047417021825872,20.113623046387993,0.5646308412066982,2.7595438871293534,37.173531167204885,middle_third,68.71881693492813,28.342035493490652,76.6679222303668,40.37678144143747,39.49439106316191,0.7436887657376914,3.9819311086232534,37.173531167204885,middle_third,68.71881693492813,28.342035493490652,76.6679222303668,40.37678144143747,39.49439106316191,0.7436887657376914,3.9819311086232534,15.326468832795117,-11.038384239101234,0.9979798,0.66,1,Germany,germany,France - Germany,draw,1,1,False,0,0,0,1,0,opponent_on_ball,0,2611033158,11.10399999999936,78.75,26.678082764696562,41.576468832795115,42.040734170231566,3.7860891723913896
6,5728857,2414,2612567601,1,duel_regain,1H,1297.104,0,opponent_on_ball,pass,3.1749999999999545,0.0098669999999856,England - Italy,2.0,2.0,0,0,0,0,0,3.1749999999999545,3.1749999999999545,1,0,0,0,0,3.1749999999999545,3.1749999999999545,1,0,0,0,0,3.1749999999999545,3.1749999999999545,1,0,0,0,0,3.1749999999999545,3.1749999999999545,1,0,0,0,0,58.83584399129064,middle_third,46.164162252748,42.63349692741427,62.395160956171864,3.530665325333729,3.5593169648812264,0.9696953845777422,1.7831643057240891,58.83584399129064,middle_third,46.164162252748,28.55164071154239,78.16520338830583,17.61252154120561,19.32935939701519,0.9937741855255564,5.573582766204564,58.83584399129064,middle_third,46.164162252748,28.55164071154239,78.16520338830583,17.61252154120561,19.32935939701519,0.9937741855255564,5.573582766204564,58.83584399129064,middle_third,46.164162252748,28.55164071154239,78.16520338830583,17.61252154120561,19.32935939701519,0.9937741855255564,5.573582766204564,58.83584399129064,middle_third,46.164162252748,28.55164071154239,78.16520338830583,17.61252154120561,19.32935939701519,0.9937741855255564,5.573582766204564,6.335843991290638,0.0240104474562485,0.9631737,0.66,1,England,england,England - Italy,england,2,1,True,0,0,0,1,0,opponent_on_ball,0,2612567917,5.985999999999876,94.5,26.013265846486867,35.66415600870936,20.150896406261133,3.36633752192809
6,5728857,2414,2612571455,1,duel_regain,1H,2225.137,0,window_end,interception,0.1179999999999381,0.0028670000001511,England - Italy,0.7799999999997453,0.7799999999997453,1,0,0,0,0,2.83199999999988,2.83199999999988,1,0,1,0,0,8.250999999999749,8.250999999999749,2,0,1,0,0,14.83999999999969,14.83999999999969,3,2,1,0,0,16.829999999999927,16.829999999999927,3,2,1,0,1,12.20587097226774,defensive_third,93.38585260419129,83.38577597356365,22.01679068282908,10.000076630627618,9.81091971056134,0.907335797452855,13.157995566611508,12.20587097226774,defensive_third,93.38585260419129,69.21320336196933,36.913470962655026,24.172649242221937,24.707599990387287,0.9594630312159238,8.633089015078703,12.20587097226774,defensive_third,93.38585260419129,52.340066221513254,58.86777979202885,41.04578638267802,46.66190881976111,0.973964932453002,4.993404669425671,12.20587097226774,defensive_third,93.38585260419129,16.117784424169816,89.43491511724545,77.26806818002146,77.2290441449777,0.976112213479855,5.213769782727436,12.20587097226774,defensive_third,93.38585260419129,4.825721192332164,102.64128633431152,88.5601314118591,90.43541536204378,0.9230319805332872,5.271436393562984,-40.29412902773226,-10.496050904807753,0.97379977,0.66,1,England,england,England - Italy,england,2,1,True,1,0,1,1,1,shot,0,2612567775,15.786999999999807,93.45,11.86595550303472,81.24412902773227,81.51989710115657,5.163735801682243
6,5728857,2414,2612567968,1,interception,2H,2909.024,0,opponent_on_ball,touch,1.650000000000091,0.0098669999997582,England - Italy,1.650000000000091,1.650000000000091,0,1,0,0,0,4.019999999999982,4.019999999999982,1,1,0,0,0,7.191000000000258,7.191000000000258,2,1,0,0,0,7.191000000000258,7.191000000000258,2,1,0,0,0,7.191000000000258,7.191000000000258,2,1,0,0,0,51.57046522185447,middle_third,55.22642328519153,47.06850249320376,60.63325569717544,8.15792079198777,9.062790475320966,1.0,5.035753575301432,51.57046522185447,middle_third,55.22642328519153,34.709140295265286,71.7420598975501,20.517282989926244,20.171594675695637,1.0,5.129320747481561,51.57046522185447,middle_third,55.22642328519153,25.670121002350843,81.10425064348587,29.556302282840687,29.5337854216314,0.9982382761527528,4.116476641064256,51.57046522185447,middle_third,55.22642328519153,25.670121002350843,81.10425064348587,29.556302282840687,29.5337854216314,0.9982382761527528,4.116476641064256,51.57046522185447,middle_third,55.22642328519153,25.670121002350843,81.10425064348587,29.556302282840687,29.5337854216314,0.9982382761527528,4.116476641064256,-0.9295347781455304,-13.972925329582289,0.9128236,0.66,1,England,england,England - Italy,england,2,1,True,0,0,0,1,0,opponent_on_ball,0,2612569412,8.582000000000335,85.05,21.30617046773071,33.47953477814553,33.92025281746082,3.9524880933884288
6,5728857,3758,2612569417,1,duel_regain,2H,3054.741,1,opponent_on_ball,pass,1.9780000000000657,0.0068670000000565,England - Italy,1.9780000000000657,1.9780000000000657,1,0,0,0,0,4.889000000000124,4.889000000000124,2,1,0,0,0,8.52599999999984,8.52599999999984,3,2,0,0,0,11.427999999999884,11.427999999999884,4,2,0,0,0,11.427999999999884,11.427999999999884,4,2,0,0,0,38.15521391018784,middle_third,69.471034639962,64.1592360149143,45.39028422221266,5.3117986250477,7.235070312024817,1.0,2.710101339310001,38.15521391018784,middle_third,69.471034639962,51.96667548024343,60.06069464891323,17.504359159718568,21.905480738725387,1.0,3.601719991711882,38.15521391018784,middle_third,69.471034639962,33.956416727203155,82.88970461321006,35.514617912758844,44.73449070302222,1.0,4.178190342677511,38.15521391018784,middle_third,69.471034639962,25.121424468667247,99.25110636066331,44.34961017129475,61.09589245047549,0.998751041933446,3.890316681692646,38.15521391018784,middle_third,69.471034639962,25.121424468667247,99.25110636066331,44.34961017129475,61.09589245047549,0.998751041933446,3.890316681692646,14.34478608981216,-18.920867489469288,0.9883859,0.66,1,Italy,italy,England - Italy,england,2,1,False,0,0,0,1,0,opponent_on_ball,0,2612568019,13.389000000000124,93.45,12.249444885381537,55.29478608981216,57.221589754580464,4.273776215892146
6,5728857,2414,2612568056,1,interception,2H,3155.291,0,opponent_on_ball,pass,1.2979999999997744,0.0031330000001617,England - Italy,1.2979999999997744,1.2979999999997744,1,0,0,0,0,2.33199999999988,2.33199999999988,1,1,0,0,0,6.350999999999658,6.350999999999658,2,1,0,0,0,12.116999999999734,12.116999999999734,3,1,0,0,0,12.116999999999734,12.116999999999734,3,1,0,0,0,7.842826609680799,defensive_third,97.19345178138512,87.84230246019229,17.16322740027836,9.351149321192835,9.32040079059756,1.0,7.305585407183356,7.842826609680799,defensive_third,97.19345178138512,84.06611998451012,20.979096009645616,13.127331796874998,13.136269399964815,1.0,5.6583326710675195,7.842826609680799,defensive_third,97.19345178138512,68.33504455863248,37.27599137397341,28.858407222752646,29.433164764292613,1.0,4.551799246491176,7.842826609680799,defensive_third,97.19345178138512,52.527453651876705,62.919350405083094,44.66599812950842,55.076523795402295,0.9994473058796594,3.691404804091632,7.842826609680799,defensive_third,97.19345178138512,52.527453651876705,62.919350405083094,44.66599812950842,55.076523795402295,0.9994473058796594,3.691404804091632,-44.6571733903192,-2.6553206932281483,0.99088204,0.66,1,England,england,England - Italy,england,2,1,True,0,0,0,0,0,opponent_on_ball,0,2612569422,16.68899999999985,70.35,46.680412380355,62.507173390319196,50.51303940103012,3.0267265504841854
6,5728857,2414,2612568078,1,duel_regain,2H,3244.33,0,game_interruption,pass,1.130999999999858,0.0041330000003654,England - Italy,1.130999999999858,1.130999999999858,1,0,0,0,0,1.130999999999858,1.130999999999858,1,0,0,0,0,5.657000000000153,5.657000000000153,1,0,1,0,0,5.657000000000153,5.657000000000153,1,0,1,0,0,5.657000000000153,5.657000000000153,1,0,1,0,0,18.56181213164929,defensive_third,88.15563261391038,81.66708016600154,24.231821144189936,6.488552447908845,5.670009012540646,1.0,5.793350399919175,18.56181213164929,defensive_third,88.15563261391038,81.66708016600154,24.231821144189936,6.488552447908845,5.670009012540646,1.0,5.793350399919175,18.56181213164929,defensive_third,88.15563261391038,52.4734914173392,55.5117887193995,35.68214119657119,36.94997658775021,1.0,6.326620779534041,18.56181213164929,defensive_third,88.15563261391038,52.4734914173392,55.5117887193995,35.68214119657119,36.94997658775021,1.0,6.326620779534041,18.56181213164929,defensive_third,88.15563261391038,52.4734914173392,55.5117887193995,35.68214119657119,36.94997658775021,1.0,6.326620779534041,-33.93818786835071,-17.31632869849865,0.9961665,0.66,1,England,england,England - Italy,england,2,1,True,0,0,0,0,0,game_interruption,0,2612568083,9.190000000000055,71.4,47.80125521364475,52.838187868350715,40.35437740026563,4.391118324294385
6,5728857,2414,2612568123,1,interception,2H,3367.661,0,opponent_on_ball,duel,1.8260000000000216,0.0068670000000565,England - Italy,1.8260000000000216,1.8260000000000216,0,0,1,0,0,4.128999999999905,4.128999999999905,2,0,1,0,0,5.143999999999778,5.143999999999778,2,1,1,0,0,5.143999999999778,5.143999999999778,2,1,1,0,0,5.143999999999778,5.143999999999778,2,1,1,0,0,42.90916830288451,middle_third,62.10425646460404,58.428855703345285,46.71362313767525,3.675400761258757,3.804454834790739,0.8694087777220009,2.0418893118102144,42.90916830288451,middle_third,62.10425646460404,50.43502405189171,54.7636317859194,11.669232412712326,11.854463483034891,0.7390460758876408,2.8461542470030694,42.90916830288451,middle_third,62.10425646460404,37.89461211850949,67.12091713395965,24.20964434609455,24.21174883107514,0.8545586001200778,4.728446161346272,42.90916830288451,middle_third,62.10425646460404,37.89461211850949,67.12091713395965,24.20964434609455,24.21174883107514,0.8545586001200778,4.728446161346272,42.90916830288451,middle_third,62.10425646460404,37.89461211850949,67.12091713395965,24.20964434609455,24.21174883107514,0.8545586001200778,4.728446161346272,-9.59083169711549,1.2912359125237955,0.987386,0.66,1,England,england,England - Italy,england,2,1,True,0,0,0,0,0,opponent_on_ball,0,2612569426,6.072000000000116,78.75,28.682679442478868,35.84083169711549,33.42157702212518,5.504212289546202
6,5728857,3758,2612568684,1,interception,2H,3639.725,1,opponent_on_ball,pass,2.3290000000001783,0.0091330000000198,England - Italy,2.0,2.0,0,0,0,0,0,4.527000000000044,4.527000000000044,1,0,1,0,0,4.527000000000044,4.527000000000044,1,0,1,0,0,4.527000000000044,4.527000000000044,1,0,1,0,0,4.527000000000044,4.527000000000044,1,0,1,0,0,35.83468556602939,middle_third,74.99109587242775,65.63634665003656,45.70037497660868,9.354749222391192,9.865689410579286,1.0,4.724620819388362,35.83468556602939,middle_third,74.99109587242775,45.67633580218289,71.65206853799847,29.31476007024486,35.81738297196908,1.0,6.51439112672108,35.83468556602939,middle_third,74.99109587242775,45.67633580218289,71.65206853799847,29.31476007024486,35.81738297196908,1.0,6.51439112672108,35.83468556602939,middle_third,74.99109587242775,45.67633580218289,71.65206853799847,29.31476007024486,35.81738297196908,1.0,6.51439112672108,35.83468556602939,middle_third,74.99109587242775,45.67633580218289,71.65206853799847,29.31476007024486,35.81738297196908,1.0,6.51439112672108,16.665314433970607,-28.97971254856796,0.997017,0.66,1,Italy,italy,England - Italy,england,2,1,False,0,0,0,0,0,opponent_on_ball,0,2612568201,4.552999999999884,68.25,42.3666012325747,32.41531443397061,32.62449463985305,7.165494100560923
6,5728857,2414,2612568261,1,interception,2H,4009.733,0,opponent_on_ball,none,,0.0011329999997542,England - Italy,2.0,2.0,0,0,0,0,0,5.0,5.0,0,0,0,0,0,9.375,9.375,1,0,1,0,0,9.375,9.375,1,0,1,0,0,9.375,9.375,1,0,1,0,0,57.20084902566066,middle_third,51.91209163314174,43.40358775095954,70.23045388994488,8.508503882182204,13.029604864284224,1.0,4.297224182919279,57.20084902566066,middle_third,51.91209163314174,39.40933477250419,80.12934526424104,12.502756860637554,22.92849623858038,0.9941545813179472,2.5105937471157365,57.20084902566066,middle_third,51.91209163314174,14.326196288050715,103.23623686552725,37.585895345091025,46.92598787034856,0.9910912520175418,4.015587109518218,57.20084902566066,middle_third,51.91209163314174,14.326196288050715,103.23623686552725,37.585895345091025,46.92598787034856,0.9910912520175418,4.015587109518218,57.20084902566066,middle_third,51.91209163314174,14.326196288050715,103.23623686552725,37.585895345091025,46.92598787034856,0.9910912520175418,4.015587109518218,4.700849025660659,20.251084510712506,0.99802494,0.66,1,England,england,England - Italy,england,2,1,True,0,0,1,1,0,opponent_on_ball,0,2612568792,10.416999999999916,103.95,1.0499999999999972,46.749150974339344,50.862091633141745,4.882604553435937
6,5728857,2414,2612568326,1,interception,2H,4367.49,0,game_interruption,duel,3.40099999999984,0.0041330000003654,England - Italy,2.0,2.0,0,0,0,0,0,3.40099999999984,3.40099999999984,0,0,1,0,0,5.007000000000517,5.007000000000517,0,0,1,0,1,5.007000000000517,5.007000000000517,0,0,1,0,1,5.007000000000517,5.007000000000517,0,0,1,0,1,68.45487514177731,middle_third,36.55319085831562,28.13307825219593,78.27127686086483,8.420112606119687,9.816401719087525,1.0,4.25258212430381,68.45487514177731,middle_third,36.55319085831562,26.30217359741588,80.31266248641523,10.251017260899737,12.10074918678066,0.9732139369100627,3.050897994315695,68.45487514177731,middle_third,36.55319085831562,19.38772683636906,85.87197202181851,17.16546402194656,17.4170968800412,0.9838291931449172,3.433092804389312,68.45487514177731,middle_third,36.55319085831562,19.38772683636906,85.87197202181851,17.16546402194656,17.4170968800412,0.9838291931449172,3.433092804389312,68.45487514177731,middle_third,36.55319085831562,19.38772683636906,85.87197202181851,17.16546402194656,17.4170968800412,0.9838291931449172,3.433092804389312,15.954875141777308,-0.7678613295132948,0.97729677,0.66,1,England,england,England - Italy,england,2,1,True,1,1,1,1,1,shot,0,2612568329,5.007000000000517,79.8,26.70553500681086,11.34512485822269,9.847655851504758,1.9667776815465832
6,5728857,3758,2612569438,1,duel_regain,2H,4664.346,1,game_interruption,pass,1.4150000000008731,0.0081330000002708,England - Italy,1.4150000000008731,1.4150000000008731,1,0,0,0,0,4.6030000000000655,4.6030000000000655,2,0,0,0,1,4.6030000000000655,4.6030000000000655,2,0,0,0,1,4.6030000000000655,4.6030000000000655,2,0,0,0,1,4.6030000000000655,4.6030000000000655,2,0,0,0,1,84.42335706779811,attacking_third,21.244900682239788,20.391299170526885,85.32288598440192,0.8536015117129025,0.8995289166038134,0.3184470002849289,0.6097153655089784,84.42335706779811,attacking_third,21.244900682239788,6.478588422200629,98.74809456919222,14.766312260039156,14.324737501394113,0.6621325802069415,3.2240856462961704,84.42335706779811,attacking_third,21.244900682239788,6.478588422200629,98.74809456919222,14.766312260039156,14.324737501394113,0.6621325802069415,3.2240856462961704,84.42335706779811,attacking_third,21.244900682239788,6.478588422200629,98.74809456919222,14.766312260039156,14.324737501394113,0.6621325802069415,3.2240856462961704,84.42335706779811,attacking_third,21.244900682239788,6.478588422200629,98.74809456919222,14.766312260039156,14.324737501394113,0.6621325802069415,3.2240856462961704,-31.923357067798108,5.286546191881669,0.9755234,0.66,1,Italy,italy,England - Italy,england,2,1,False,1,1,1,1,1,shot,0,2612568927,4.6030000000000655,92.4,13.050670480860354,7.976642932201898,8.194230201379433,1.7801933959112137
6,5728857,2414,2612568494,1,duel_regain,2H,5256.383,0,window_end,pass,1.51299999999992,0.0088669999995545,England - Italy,1.51299999999992,1.51299999999992,1,0,0,0,0,3.037000000000262,3.037000000000262,2,0,0,0,0,8.766999999999825,8.5911329999999,2,0,1,0,0,8.766999999999825,8.5911329999999,2,0,1,0,0,8.766999999999825,8.5911329999999,2,0,1,0,0,38.3291792680493,middle_third,68.6998270509455,61.48477820361003,45.05430922278517,7.215048847335474,6.72512995473587,1.0,4.810032564890316,38.3291792680493,middle_third,68.6998270509455,54.924341736973254,52.708069865335254,13.775485313972249,14.378890597285952,0.9991521169898986,4.561418978135846,38.3291792680493,middle_third,68.6998270509455,36.80738100616634,91.374330572257,31.892446044779163,53.04515130420771,0.9991778779704572,3.649021286588096,38.3291792680493,middle_third,68.6998270509455,36.80738100616634,91.374330572257,31.892446044779163,53.04515130420771,0.9991778779704572,3.649021286588096,38.3291792680493,middle_third,68.6998270509455,36.80738100616634,91.374330572257,31.892446044779163,53.04515130420771,0.9991778779704572,3.649021286588096,-14.170820731950698,16.57310772781969,0.9669185,0.66,1,England,england,England - Italy,england,2,1,True,0,0,0,0,0,window_end_20s,1,,8.766999999999825,91.43411755346615,36.82211868000862,53.10493828541685,31.87770837093688,3.636102243747863
6,5728857,3758,2612569236,1,duel_regain,1E,6222.012,1,opponent_on_ball,pass,3.88300000000072,0.0047670000003563,England - Italy,2.0,2.0,0,0,0,0,0,3.88300000000072,3.88300000000072,1,0,0,0,0,7.182999999999993,7.182999999999993,2,0,1,0,0,7.182999999999993,7.182999999999993,2,0,1,0,0,7.182999999999993,7.182999999999993,2,0,1,0,0,51.033951333411345,middle_third,60.20871005062086,49.315860470348,61.8999764154008,10.89284958027286,10.866025081989456,1.0,5.501439181957203,51.033951333411345,middle_third,60.20871005062086,36.03919272023057,77.29784617125385,24.169517330390292,26.263894837842507,1.0,6.261532987148275,51.033951333411345,middle_third,60.20871005062086,20.068772104760285,87.77069968592681,40.139937945860574,38.06935400266264,1.0000000000000002,5.606136584617513,51.033951333411345,middle_third,60.20871005062086,20.068772104760285,87.77069968592681,40.139937945860574,38.06935400266264,1.0000000000000002,5.606136584617513,51.033951333411345,middle_third,60.20871005062086,20.068772104760285,87.77069968592681,40.139937945860574,38.06935400266264,1.0000000000000002,5.606136584617513,1.4660486665886552,26.697459753225942,0.9994673,0.66,1,Italy,italy,England - Italy,england,2,1,False,0,0,1,1,0,opponent_on_ball,0,2612568857,9.365000000000691,87.15,20.558757258161293,36.11604866658866,39.649952792459565,4.233844398553832
6,5728857,2414,2612568894,1,interception,2E,6397.087,0,opponent_on_ball,pass,3.777999999999338,0.0032519999986106,England - Italy,2.0,2.0,0,0,0,0,0,3.777999999999338,3.777999999999338,1,0,0,0,0,3.777999999999338,3.777999999999338,1,0,0,0,0,3.777999999999338,3.777999999999338,1,0,0,0,0,3.777999999999338,3.777999999999338,1,0,0,0,0,79.4903999800901,attacking_third,31.99612412629332,25.88141591485045,89.16682452565055,6.114708211442871,9.676424545560453,1.0,3.0882364704249547,79.4903999800901,attacking_third,31.99612412629332,9.434050968530956,98.81061009608108,22.562073157762363,19.32021011599099,1.0,6.000551371744961,79.4903999800901,attacking_third,31.99612412629332,9.434050968530956,98.81061009608108,22.562073157762363,19.32021011599099,1.0,6.000551371744961,79.4903999800901,attacking_third,31.99612412629332,9.434050968530956,98.81061009608108,22.562073157762363,19.32021011599099,1.0,6.000551371744961,79.4903999800901,attacking_third,31.99612412629332,9.434050968530956,98.81061009608108,22.562073157762363,19.32021011599099,1.0,6.000551371744961,26.990399980090107,19.31352546609196,0.99718165,0.66,1,England,england,England - Italy,england,2,1,True,0,0,1,1,0,opponent_on_ball,0,2612569261,5.427999999999884,101.85,5.707898036930937,22.35960001990989,26.288226089362382,4.843077761489121
6,5728857,2414,2612569021,1,duel_regain,2E,7004.345,0,window_end,pass,2.1520000000000437,0.0052519999990181,England - Italy,0.1809999999995852,0.1809999999995852,0,0,0,0,0,3.543999999999869,3.543999999999869,1,0,1,0,0,6.134999999999309,6.134999999999309,1,0,1,0,0,6.134999999999309,6.134999999999309,1,0,1,0,0,6.134999999999309,6.134999999999309,1,0,1,0,0,93.47860563766582,attacking_third,31.648006557415925,31.011292580425415,94.4572424961296,0.6367139769905101,0.978636858463787,1.0,3.979462356194308,93.47860563766582,attacking_third,31.648006557415925,8.362698221975014,93.2000885393152,23.28530833544091,4.983199455100561,0.8211339538397192,6.615144413476711,93.47860563766582,attacking_third,31.648006557415925,8.362698221975014,84.54565631170176,23.28530833544091,4.983199455100561,0.5498445894504825,3.804788943699563,93.47860563766582,attacking_third,31.648006557415925,8.362698221975014,84.54565631170176,23.28530833544091,4.983199455100561,0.5498445894504825,3.804788943699563,93.47860563766582,attacking_third,31.648006557415925,8.362698221975014,84.54565631170176,23.28530833544091,4.983199455100561,0.5498445894504825,3.804788943699563,40.97860563766583,-29.476325941436727,0.9991843,0.66,1,England,england,England - Italy,england,2,1,True,0,0,1,1,0,window_end_20s,1,,6.134999999999309,84.54565631170176,26.749361478482847,-8.93294932596406,4.898645078933079,0.7984751554904044
6,5728858,3149,2613286680,1,duel_regain,1H,267.896,0,opponent_on_ball,pass,1.8909999999999627,0.0057240000000433,Germany - Spain,1.8909999999999627,1.8909999999999627,1,0,0,0,0,3.238999999999976,3.238999999999976,2,0,0,0,0,5.798999999999978,5.798999999999978,2,0,1,0,0,5.798999999999978,5.798999999999978,2,0,1,0,0,5.798999999999978,5.798999999999978,2,0,1,0,0,41.42608002339111,middle_third,65.01619215955306,56.523500922654584,49.392288941619576,8.492691236898473,7.966208918228467,0.9443751552540744,4.565963030590543,41.42608002339111,middle_third,65.01619215955306,36.92528969583273,68.07852934065318,28.09090246372033,26.652449317262068,0.9825040214095382,8.723882752708256,41.42608002339111,middle_third,65.01619215955306,22.480383849850593,82.85947622757888,42.53580830970246,41.43339620418777,0.988376489561728,7.359136385761707,41.42608002339111,middle_third,65.01619215955306,22.480383849850593,82.85947622757888,42.53580830970246,41.43339620418777,0.988376489561728,7.359136385761707,41.42608002339111,middle_third,65.01619215955306,22.480383849850593,82.85947622757888,42.53580830970246,41.43339620418777,0.988376489561728,7.359136385761707,-11.073919976608892,13.6184412373684,0.9993204,0.66,1,Germany,germany,Germany - Spain,spain,0,1,False,0,0,0,1,0,opponent_on_ball,0,2613282695,7.428999999999974,79.8,25.64561560969048,38.37391997660889,39.37057654986258,5.299579559814607
6,5728858,3149,2613282863,1,interception,1H,895.979,0,opponent_on_ball,pass,1.4109999999999443,0.0087240000000292,Germany - Spain,1.937999999999988,1.937999999999988,1,1,0,0,0,4.714999999999918,4.714999999999918,2,2,0,0,0,7.824999999999932,7.824999999999932,2,2,0,0,1,7.824999999999932,7.824999999999932,2,2,0,0,1,7.824999999999932,7.824999999999932,2,2,0,0,1,50.63156350496985,middle_third,57.47599925620895,48.087428427954045,57.09882086959522,9.388570828254906,6.467257364625375,1.0,4.889880639716202,50.63156350496985,middle_third,57.47599925620895,28.657196425163797,78.64658636355102,28.81880283104515,28.015022858581176,1.0,6.131660176818059,50.63156350496985,middle_third,57.47599925620895,17.06766007501026,87.15268044884391,40.40833918119869,38.04918562351476,0.9471396618674623,5.180556305281914,50.63156350496985,middle_third,57.47599925620895,17.06766007501026,87.15268044884391,40.40833918119869,38.04918562351476,0.9471396618674623,5.180556305281914,50.63156350496985,middle_third,57.47599925620895,17.06766007501026,87.15268044884391,40.40833918119869,38.04918562351476,0.9471396618674623,5.180556305281914,-1.8684364950301529,18.643057785288462,0.9991365,0.66,1,Germany,germany,Germany - Spain,spain,0,1,False,1,1,1,1,1,shot,0,2613282871,7.824999999999932,85.05,20.510000000000005,34.41843649503015,36.965999256208946,4.724089361815881
6,5728858,3149,2613283095,1,duel_regain,1H,2123.897,0,opponent_on_ball,duel,1.6350000000002185,0.0067239999998491,Germany - Spain,1.6350000000002185,1.6350000000002185,0,0,1,0,0,3.467999999999847,3.467999999999847,1,0,1,0,0,5.746999999999844,5.746999999999844,2,0,1,0,0,5.746999999999844,5.746999999999844,2,0,1,0,0,5.746999999999844,5.746999999999844,2,0,1,0,0,13.67106222429932,defensive_third,94.60925000537404,90.9686042566567,17.25919726021064,3.6406457487173327,3.5881350359113213,1.0,2.247312190566406,13.67106222429932,defensive_third,94.60925000537404,81.39635822902729,29.503018457101167,13.212891776346751,15.831956232801849,1.0,3.8409569117286457,13.67106222429932,defensive_third,94.60925000537404,60.09103317627162,52.810215943182406,34.518216829102414,39.13915371888309,1.0,6.034653291801332,13.67106222429932,defensive_third,94.60925000537404,60.09103317627162,52.810215943182406,34.518216829102414,39.13915371888309,1.0,6.034653291801332,13.67106222429932,defensive_third,94.60925000537404,60.09103317627162,52.810215943182406,34.518216829102414,39.13915371888309,1.0,6.034653291801332,-38.82893777570068,24.696868452124875,0.9694381,0.66,1,Germany,germany,Germany - Spain,spain,0,1,False,0,0,0,0,0,opponent_on_ball,0,2613283327,9.827999999999975,85.05,25.77488894253475,71.37893777570068,68.83436106283929,7.0039032420471585
6,5728858,1599,2613283348,1,duel_regain,1H,2227.021,1,window_end,pass,3.592999999999847,0.0092759999997724,Germany - Spain,2.0,2.0,0,0,0,0,0,3.592999999999847,3.592999999999847,1,0,0,0,0,5.55199999999968,5.55199999999968,1,0,0,0,0,5.55199999999968,5.55199999999968,1,0,0,0,0,5.55199999999968,5.55199999999968,1,0,0,0,0,68.47747114831056,middle_third,38.730035594143864,33.044414288989564,75.18080253414652,5.685621305154299,6.703331385835966,1.0,2.8715259116940643,68.47747114831056,middle_third,38.730035594143864,23.672490455276723,85.50469415902022,15.05754513886714,17.027223010709662,1.0,4.20601819521437,68.47747114831056,middle_third,38.730035594143864,17.175212205926154,94.06701353133973,21.55482338821771,25.80397551009284,0.966871383584087,3.890762344443655,68.47747114831056,middle_third,38.730035594143864,17.175212205926154,94.06701353133973,21.55482338821771,25.80397551009284,0.966871383584087,3.890762344443655,68.47747114831056,middle_third,38.730035594143864,17.175212205926154,94.06701353133973,21.55482338821771,25.80397551009284,0.966871383584087,3.890762344443655,-15.977471148310556,12.888775868994044,0.9960097,0.66,1,Spain,spain,Germany - Spain,spain,0,1,True,0,0,1,1,0,window_end_20s,1,,5.55199999999968,94.06701353133971,17.913760774086267,25.589542383029155,20.816274820057597,3.7493290381950284
6,5728858,1599,2613283847,1,duel_regain,2H,3613.05,1,opponent_on_ball,pass,1.9669999999996437,0.0002759999997579,Germany - Spain,1.9669999999996437,1.9669999999996437,1,0,0,0,0,3.9159999999997126,3.9159999999997126,3,0,0,0,0,7.5649999999996,7.5649999999996,4,0,0,0,0,12.772999999999683,12.772999999999683,6,0,0,0,0,12.772999999999683,12.772999999999683,6,0,0,0,0,28.051914721118592,defensive_third,81.31516609941443,75.40314655561106,34.81452311498257,5.912019543803368,6.762608393863978,0.9841559814055996,3.0163365019404376,28.051914721118592,defensive_third,81.31516609941443,72.36887122554594,33.95679633865866,8.946294873868482,8.959297870130726,0.860185728372621,2.2939217625303265,28.051914721118592,defensive_third,81.31516609941443,51.18392600786421,53.82897855275957,30.131240091550215,25.77706383164098,0.9131194735976904,3.9856137687236024,28.051914721118592,defensive_third,81.31516609941443,25.67568560063227,89.27354898687881,55.63948049878216,61.221634265760215,0.95099858200061,4.360460854136458,28.051914721118592,defensive_third,81.31516609941443,25.67568560063227,89.27354898687881,55.63948049878216,61.221634265760215,0.95099858200061,4.360460854136458,24.448085278881408,26.289701589963933,0.99845517,0.66,1,Spain,spain,Germany - Spain,spain,0,1,True,0,0,0,1,0,opponent_on_ball,0,2613283561,14.667999999999665,92.4,24.5586318837186,64.34808527888141,56.75653421569582,3.8694119318037306
6,5728858,1599,2613284052,1,duel_regain,2H,4306.34,1,opponent_on_ball,pass,2.344000000000051,0.0102759999999761,Germany - Spain,0.2730000000001382,0.2730000000001382,0,0,0,0,0,2.344000000000051,2.344000000000051,1,0,0,0,0,9.175000000000182,9.175000000000182,3,0,1,0,0,9.175000000000182,9.175000000000182,3,0,1,0,0,9.175000000000182,9.175000000000182,3,0,1,0,0,55.60133281925338,middle_third,49.50632584700257,48.53640558362706,56.50681422290978,0.9699202633755136,0.9054814036564024,1.0,3.7304625514542,55.60133281925338,middle_third,49.50632584700257,46.69111981717568,59.31584670370968,2.8152060298268893,3.714513884456302,0.7384160300809558,1.2134508749255355,55.60133281925338,middle_third,49.50632584700257,5.82925596289659,103.17326400431536,43.67706988410598,47.57193118506199,0.9643648133930254,4.768239070317323,55.60133281925338,middle_third,49.50632584700257,5.82925596289659,103.17326400431536,43.67706988410598,47.57193118506199,0.9643648133930254,4.768239070317323,55.60133281925338,middle_third,49.50632584700257,5.82925596289659,103.17326400431536,43.67706988410598,47.57193118506199,0.9643648133930254,4.768239070317323,-3.101332819253379,-3.2631242139123344,0.9995883,0.66,1,Spain,spain,Germany - Spain,spain,0,1,True,0,0,1,1,0,opponent_on_ball,0,2613283732,11.048999999999978,101.85,6.286183261725675,46.248667180746615,43.220142585276896,3.911679118949858
6,5728858,1599,2613284063,1,interception,2H,4346.569,1,opponent_on_ball,pass,3.5449999999991633,0.0012759999999616,Germany - Spain,2.0,2.0,0,0,0,0,0,3.5449999999991633,3.5449999999991633,1,0,0,0,0,7.128999999999905,7.128999999999905,2,1,0,0,0,7.128999999999905,7.128999999999905,2,1,0,0,0,7.128999999999905,7.128999999999905,2,1,0,0,0,73.5803450540189,attacking_third,38.6543215948486,38.6543215948486,70.28133198946834,0.0,0.0,0.0,0.0,73.5803450540189,attacking_third,38.6543215948486,38.6543215948486,64.90781512040381,0.0,0.0,0.0,0.0,73.5803450540189,attacking_third,38.6543215948486,16.12081808593598,88.88884338346513,22.533503508912617,15.308498329446223,0.7057519722051642,3.1648179085551913,73.5803450540189,attacking_third,38.6543215948486,16.12081808593598,88.88884338346513,22.533503508912617,15.308498329446223,0.7057519722051642,3.1648179085551913,73.5803450540189,attacking_third,38.6543215948486,16.12081808593598,88.88884338346513,22.533503508912617,15.308498329446223,0.7057519722051642,3.1648179085551913,-21.080345054018903,-22.515813576983277,0.98310834,0.66,1,Spain,spain,Germany - Spain,spain,0,1,True,0,0,1,1,0,opponent_on_ball,0,2613283743,9.981999999999971,90.3,14.949528420655954,16.71965494598109,23.704793174192645,2.3747538743931793
6,5728858,1599,2613284491,1,duel_regain,1E,5453.148,1,opponent_on_ball,pass,1.9749999999994543,0.0022760000001653,Germany - Spain,1.9749999999994543,1.9749999999994543,1,0,0,0,0,3.2020000000002256,3.2020000000002256,1,0,1,0,0,3.2020000000002256,3.2020000000002256,1,0,1,0,0,3.2020000000002256,3.2020000000002256,1,0,1,0,0,3.2020000000002256,3.2020000000002256,1,0,1,0,0,69.23042895661972,middle_third,47.929297855088166,38.97780734209832,76.89500559011778,8.95149051298985,8.321340175065544,0.9321123973396492,4.567086996423308,69.23042895661972,middle_third,47.929297855088166,36.01787273811048,75.37068490800443,11.911425116977682,8.321340175065544,0.9481067288219832,3.7457311688616346,69.23042895661972,middle_third,47.929297855088166,36.01787273811048,75.37068490800443,11.911425116977682,8.321340175065544,0.9481067288219832,3.7457311688616346,69.23042895661972,middle_third,47.929297855088166,36.01787273811048,75.37068490800443,11.911425116977682,8.321340175065544,0.9481067288219832,3.7457311688616346,69.23042895661972,middle_third,47.929297855088166,36.01787273811048,75.37068490800443,11.911425116977682,8.321340175065544,0.9481067288219832,3.7457311688616346,-16.73042895661972,-31.902278605991924,0.9772748,0.66,1,Spain,spain,Germany - Spain,spain,0,1,True,0,0,0,0,0,opponent_on_ball,0,2613284038,4.960000000000036,73.5,41.61838536031882,4.269571043380282,6.310912494769347,1.272361390074456
6,5728858,3149,2613284036,1,duel_regain,1E,5456.551,0,opponent_on_ball,pass,1.556999999999789,0.0007240000004458,Germany - Spain,1.556999999999789,1.556999999999789,1,0,0,0,0,3.470999999999549,3.470999999999549,2,0,0,0,0,8.168999999999869,8.168999999999869,3,1,1,0,0,12.765999999999622,12.765999999999622,4,2,2,0,0,12.765999999999622,12.765999999999622,4,2,2,0,0,30.038521352688523,defensive_third,77.26518563375743,74.33131946437061,31.6423584516914,2.9338661693868175,1.6038370990028774,1.0,1.930175111439296,30.038521352688523,defensive_third,77.26518563375743,63.54878862669394,41.60300258836823,13.716397007063485,11.564481235679704,1.0,3.987324711356128,30.038521352688523,defensive_third,77.26518563375743,34.00829629627198,74.65770142718102,43.25688933748545,44.619180074492505,1.0,5.314114169224636,30.038521352688523,defensive_third,77.26518563375743,13.909535242678514,94.52417013002736,63.35565039107891,64.48564877733885,0.9783159348157964,4.9729709883108315,30.038521352688523,defensive_third,77.26518563375743,13.909535242678514,94.52417013002736,63.35565039107891,64.48564877733885,0.9783159348157964,4.9729709883108315,-22.461478647311477,-18.726602201885413,0.99979407,0.66,1,Germany,germany,Germany - Spain,spain,0,1,False,0,0,1,1,0,opponent_on_ball,0,2613284374,14.016999999999825,93.45,19.442533271155792,63.41147864731148,57.82265236260163,4.125180306956007
6,5728858,1599,2613284512,1,duel_regain,1E,5589.758,1,opponent_on_ball,duel,0.4310000000004947,0.0077240000000529,Germany - Spain,1.7070000000003347,1.7070000000003347,0,0,2,0,0,4.345000000000255,4.345000000000255,1,0,3,0,0,4.345000000000255,4.345000000000255,1,0,3,0,0,4.345000000000255,4.345000000000255,1,0,3,0,0,4.345000000000255,4.345000000000255,1,0,3,0,0,57.77702849635265,middle_third,55.07004377284453,42.36499229563744,67.71063816046623,12.705051477207084,9.933609664113582,1.0,7.562530641197478,57.77702849635265,middle_third,55.07004377284453,30.970146505621777,72.34400601614554,24.09989726722275,18.510377111346877,0.7083611097134802,5.578679922968606,57.77702849635265,middle_third,55.07004377284453,30.970146505621777,72.34400601614554,24.09989726722275,18.510377111346877,0.7083611097134802,5.578679922968606,57.77702849635265,middle_third,55.07004377284453,30.970146505621777,72.34400601614554,24.09989726722275,18.510377111346877,0.7083611097134802,5.578679922968606,57.77702849635265,middle_third,55.07004377284453,30.970146505621777,72.34400601614554,24.09989726722275,18.510377111346877,0.7083611097134802,5.578679922968606,-5.277028496352649,-28.33197281356741,0.99787796,0.66,1,Spain,spain,Germany - Spain,spain,0,1,True,0,0,0,1,0,opponent_on_ball,0,2613284000,7.73700000000008,38.849999999999994,72.88472062099162,-18.927028496352655,-17.814676848147087,0.0
6,5728858,1599,2613284520,1,duel_regain,1E,5635.972,1,opponent_on_ball,pass,1.7290000000002692,0.00172399999974,Germany - Spain,1.7290000000002692,1.7290000000002692,1,0,0,0,0,4.3770000000004075,4.3770000000004075,2,0,1,0,0,9.537000000000262,9.537000000000262,3,1,2,0,0,9.537000000000262,9.537000000000262,3,1,2,0,0,9.537000000000262,9.537000000000262,3,1,2,0,0,42.84271496953271,middle_third,62.57669007833238,58.82516798683007,45.843638835877314,3.751522091502317,3.544133551678456,0.7170862844081431,2.2067777008839515,42.84271496953271,middle_third,62.57669007833238,49.85057318371046,57.986147761394605,12.726116894621924,15.143432791861898,0.7556262317868044,2.9322849987613284,42.84271496953271,middle_third,62.57669007833238,13.788847186939988,93.6044882266796,48.787842891392394,50.91096670968335,0.9150764068395598,5.135562409620252,42.84271496953271,middle_third,62.57669007833238,13.788847186939988,93.6044882266796,48.787842891392394,50.91096670968335,0.9150764068395598,5.135562409620252,42.84271496953271,middle_third,62.57669007833238,13.788847186939988,93.6044882266796,48.787842891392394,50.91096670968335,0.9150764068395598,5.135562409620252,9.657285030467293,7.232845830024942,0.9994648,0.66,1,Spain,spain,Germany - Spain,spain,0,1,True,0,0,1,1,0,opponent_on_ball,0,2613284097,11.407000000000153,93.45,13.403078004697278,50.607285030467295,49.173612073635105,4.310827743809455
6,5728858,1599,2613284552,1,duel_regain,1E,5983.775,1,game_interruption,pass,1.1400000000003274,0.0047239999994417,Germany - Spain,1.1400000000003274,1.1400000000003274,1,0,0,0,0,3.504000000000815,3.504000000000815,3,0,0,0,0,7.682000000000699,7.682000000000699,4,0,0,0,0,12.22900000000027,11.375276000000667,5,0,0,0,1,12.22900000000027,11.375276000000667,5,0,0,0,1,30.58429778931904,defensive_third,74.98393039124387,70.97124797562114,34.24470213791069,4.012682415622734,3.660404348591655,0.6220168586747135,3.5827521568034526,30.58429778931904,defensive_third,74.98393039124387,50.348528174606,56.97163000843106,24.63540221663787,26.387332219112025,0.9099350523291324,7.0791385679984264,30.58429778931904,defensive_third,74.98393039124387,32.62360484481348,78.99402959550736,42.3603255464304,48.40973180618832,0.8963555505364943,5.530068609194673,30.58429778931904,defensive_third,74.98393039124387,7.122445351624677,110.30108506704694,67.8614850396192,79.7167872777279,0.8080616314710235,5.589908158123341,30.58429778931904,defensive_third,74.98393039124387,7.122445351624677,110.30108506704694,67.8614850396192,79.7167872777279,0.8080616314710235,5.589908158123341,21.91570221068096,9.213744158058752,0.998543,0.66,1,Spain,spain,Germany - Spain,spain,0,1,True,1,1,1,1,1,shot,0,2613284558,12.22900000000027,96.6,8.50938305636784,66.01570221068096,66.47454733487604,5.435812195181501
6,5728858,1599,2613284676,1,interception,2E,6746.496,1,window_end,pass,0.7579999999998108,0.0057240000005549,Germany - Spain,0.7579999999998108,0.7579999999998108,1,0,0,0,0,0.7579999999998108,0.7579999999998108,1,0,0,0,0,9.378999999999904,6.914275999999518,2,0,0,0,1,9.378999999999904,6.914275999999518,2,0,0,0,1,9.378999999999904,6.914275999999518,2,0,0,0,1,80.19825491068893,attacking_third,37.61355788892731,37.43826554734637,78.72713138249671,0.1752923415809419,0.0,0.9975204647899478,0.2368815426770185,80.19825491068893,attacking_third,37.61355788892731,37.43826554734637,78.72713138249671,0.1752923415809419,0.0,0.9975204647899478,0.2368815426770185,80.19825491068893,attacking_third,37.61355788892731,0.4960814888930743,107.01490973179222,37.117476400034235,27.13778222414099,0.8561891848854575,3.965542350431147,80.19825491068893,attacking_third,37.61355788892731,0.4960814888930743,107.01490973179222,37.117476400034235,27.13778222414099,0.8561891848854575,3.965542350431147,80.19825491068893,attacking_third,37.61355788892731,0.4960814888930743,107.01490973179222,37.117476400034235,27.13778222414099,0.8561891848854575,3.965542350431147,-27.69825491068893,-28.278139570850833,0.9979937,0.66,1,Spain,spain,Germany - Spain,spain,0,1,True,1,1,1,1,1,shot,0,2613284679,8.114999999999782,99.75,13.318412067510152,19.55174508931107,24.295145821417158,2.9938565399159347
6,5728858,1599,2613284714,1,duel_regain,2E,7104.67,1,opponent_on_ball,duel,2.475000000000364,0.0002759999997579,Germany - Spain,2.0,2.0,0,0,0,0,0,4.2830000000003565,4.2830000000003565,1,0,1,0,0,6.867000000000189,6.867000000000189,1,0,2,0,0,6.867000000000189,6.867000000000189,1,0,2,0,0,6.867000000000189,6.867000000000189,1,0,2,0,0,35.80214197289508,middle_third,70.08362604168927,64.59384323139939,43.05484122866667,5.489782810289881,7.252699255771589,1.0,2.772617580955097,35.80214197289508,middle_third,70.08362604168927,42.27003005267818,63.59993955150341,27.81359598901109,27.797797578608332,1.0,6.498503735750641,35.80214197289508,middle_third,70.08362604168927,31.78392994772597,74.68675976058972,38.299696093963306,38.88461778769464,1.0,5.583046077837483,35.80214197289508,middle_third,70.08362604168927,31.78392994772597,74.68675976058972,38.299696093963306,38.88461778769464,1.0,5.583046077837483,35.80214197289508,middle_third,70.08362604168927,31.78392994772597,74.68675976058972,38.299696093963306,38.88461778769464,1.0,5.583046077837483,16.69785802710492,-11.107253648493767,0.99760926,0.66,1,Spain,spain,Germany - Spain,spain,0,1,True,0,0,0,1,0,opponent_on_ball,0,2613284449,12.639000000000124,77.7,38.53738444679399,41.897858027104924,31.546241594895278,2.4959444255791574
6,5728860,1599,2617117240,1,duel_regain,1H,2308.732,1,opponent_on_ball,duel,3.048000000000229,0.0085979999998926,England - Spain,2.0,2.0,0,0,0,0,0,3.775000000000091,3.775000000000091,0,0,1,0,1,3.775000000000091,3.775000000000091,0,0,1,0,1,3.775000000000091,3.775000000000091,0,0,1,0,1,3.775000000000091,3.775000000000091,0,0,1,0,1,79.90139051960239,attacking_third,31.7507025832026,23.931062369658395,87.24095994606495,7.819640213544204,7.33956942646256,1.0,3.949313239163703,79.90139051960239,attacking_third,31.7507025832026,16.479795074632154,92.48509510751978,15.270907508570446,14.144164563685436,0.9166888531462236,4.0614115714285655,79.90139051960239,attacking_third,31.7507025832026,16.479795074632154,92.48509510751978,15.270907508570446,14.144164563685436,0.9166888531462236,4.0614115714285655,79.90139051960239,attacking_third,31.7507025832026,16.479795074632154,92.48509510751978,15.270907508570446,14.144164563685436,0.9166888531462236,4.0614115714285655,79.90139051960239,attacking_third,31.7507025832026,16.479795074632154,92.48509510751978,15.270907508570446,14.144164563685436,0.9166888531462236,4.0614115714285655,-27.401390519602387,-19.446514255194508,0.9901551,0.66,1,Spain,spain,England - Spain,draw,1,1,False,1,1,1,1,1,shot,0,2617117242,3.775000000000091,90.3,20.49410646990983,10.39860948039761,11.256596113292769,2.9818797651105955
6,5728860,1599,2617117253,1,duel_regain,1H,2436.872,1,game_interruption,pass,1.155999999999949,0.0085979999998926,England - Spain,1.155999999999949,1.155999999999949,1,0,0,0,0,3.4010000000002947,3.4010000000002947,1,1,0,0,0,7.550999999999931,7.2714020000003075,2,1,0,0,1,7.550999999999931,7.2714020000003075,2,1,0,0,1,7.550999999999931,7.2714020000003075,2,1,0,0,1,68.37378613979803,middle_third,41.631289750784184,38.11059938933278,73.39453470604201,3.5206903614514005,5.020748566243981,1.0,3.088324878466486,68.37378613979803,middle_third,41.631289750784184,34.502608298094984,82.70436352710082,7.1286814526892,14.330577387302796,0.9947669580466106,2.109077352866559,68.37378613979803,middle_third,41.631289750784184,5.196432860178848,107.69326057099336,36.43485689060534,39.31947443119532,0.9935287601639644,4.8450607567294455,68.37378613979803,middle_third,41.631289750784184,5.196432860178848,107.69326057099336,36.43485689060534,39.31947443119532,0.9935287601639644,4.8450607567294455,68.37378613979803,middle_third,41.631289750784184,5.196432860178848,107.69326057099336,36.43485689060534,39.31947443119532,0.9935287601639644,4.8450607567294455,-15.873786139798028,-19.79102687028891,0.99975616,0.66,1,Spain,spain,England - Spain,draw,1,1,False,1,1,1,1,1,shot,0,2617117261,7.550999999999931,97.65,8.406479643703417,29.276213860201977,33.22481010708077,4.400054311625093
6,5728860,2414,2617118021,1,duel_regain,2H,3921.303,0,opponent_on_ball,pass,4.2280000000000655,0.0008210000000872,England - Spain,2.0,2.0,0,0,0,0,0,4.2280000000000655,4.2280000000000655,1,0,0,0,0,5.6840000000001965,5.6840000000001965,1,1,0,0,0,5.6840000000001965,5.6840000000001965,1,1,0,0,0,5.6840000000001965,5.6840000000001965,1,1,0,0,0,26.463295856547383,defensive_third,79.97959535647291,77.77066351070422,29.45322800720593,2.2089318457686886,2.989932150658543,0.5347989527944914,1.1156221443276102,26.463295856547383,defensive_third,79.97959535647291,63.38502294621474,44.792172961373616,16.594572410258174,18.328877104826233,0.8962269921166796,3.95108866910926,26.463295856547383,defensive_third,79.97959535647291,44.10943004488863,65.86013308017127,35.87016531158428,39.39683722362388,0.9491563376819976,6.337485037382544,26.463295856547383,defensive_third,79.97959535647291,44.10943004488863,65.86013308017127,35.87016531158428,39.39683722362388,0.9491563376819976,6.337485037382544,26.463295856547383,defensive_third,79.97959535647291,44.10943004488863,65.86013308017127,35.87016531158428,39.39683722362388,0.9491563376819976,6.337485037382544,-26.036704143452617,15.123550365867658,0.9993143,0.66,1,England,england,England - Spain,draw,1,1,False,0,0,0,0,0,opponent_on_ball,0,2617117680,12.396999999999935,82.95,37.71687288204048,56.48670414345262,42.26272247443244,3.4091088549191464
6,5728860,1599,2617117686,1,duel_regain,2H,3967.269,1,game_interruption,touch,1.7450000000003456,0.0068209999999453,England - Spain,1.7450000000003456,1.7450000000003456,0,1,0,0,0,2.417000000000371,2.417000000000371,0,1,0,0,0,9.001000000000204,8.973179000000073,1,1,0,0,1,9.001000000000204,8.973179000000073,1,1,0,0,1,9.001000000000204,8.973179000000073,1,1,0,0,1,53.12973615384306,middle_third,51.93748759877711,46.341066476605235,59.58147356025603,5.596421122171876,6.451737406412974,1.0,3.253733210564562,53.12973615384306,middle_third,51.93748759877711,44.01225314933806,62.267675642609575,7.925234449439053,9.137939488766513,1.0,3.3021810205994804,53.12973615384306,middle_third,51.93748759877711,8.541778782098413,105.27389089910922,43.3957088166787,52.14415474526616,1.0000000000000004,4.8324842780265715,53.12973615384306,middle_third,51.93748759877711,8.541778782098413,105.27389089910922,43.3957088166787,52.14415474526616,1.0000000000000004,4.8324842780265715,53.12973615384306,middle_third,51.93748759877711,8.541778782098413,105.27389089910922,43.3957088166787,52.14415474526616,1.0000000000000004,4.8324842780265715,-0.6297361538430621,-2.641656034231332,0.9997274,0.66,1,Spain,spain,England - Spain,draw,1,1,False,1,1,1,1,1,shot,0,2617117695,9.001000000000204,99.75,15.854466247717077,46.62026384615694,36.08302135106003,4.00877917465384
6,5728860,1599,2617117765,1,interception,2H,4266.94,1,opponent_on_ball,pass,1.149000000000342,0.0021790000000692,England - Spain,1.149000000000342,1.149000000000342,1,0,0,0,0,4.280999999999949,4.280999999999949,2,0,1,0,0,5.414000000000669,5.414000000000669,3,0,1,0,0,5.414000000000669,5.414000000000669,3,0,1,0,0,5.414000000000669,5.414000000000669,3,0,1,0,0,35.27380505282906,middle_third,76.81425262361896,71.78112263785995,39.11732724739933,5.033129985759004,4.706534242132278,0.9467383276864516,4.415026303296104,35.27380505282906,middle_third,76.81425262361896,53.27206335491776,57.33387218632251,23.542189268701193,22.060278607653828,0.8871114142575098,5.526335509084504,35.27380505282906,middle_third,76.81425262361896,52.70837815996192,58.96266373002682,24.10587446365703,23.688858677197757,0.8668363564400416,4.464050826603454,35.27380505282906,middle_third,76.81425262361896,52.70837815996192,58.96266373002682,24.10587446365703,23.688858677197757,0.8668363564400416,4.464050826603454,35.27380505282906,middle_third,76.81425262361896,52.70837815996192,58.96266373002682,24.10587446365703,23.688858677197757,0.8668363564400416,4.464050826603454,17.22619494717094,32.228669601990475,0.9955369,0.66,1,Spain,spain,England - Spain,draw,1,1,False,0,0,0,0,0,opponent_on_ball,0,2617118139,6.557999999999993,61.95,50.92290741896027,26.67619494717094,25.891345204658684,3.9480550784779984
6,5728860,2414,2617118226,0,duel_regain,2H,4610.701,0,opponent_on_ball,pass,1.83600000000024,0.0011789999998654,England - Spain,1.83600000000024,1.83600000000024,1,0,0,0,0,1.83600000000024,1.83600000000024,1,0,0,0,0,9.164999999999964,9.164999999999964,2,0,1,0,0,9.164999999999964,9.164999999999964,2,0,1,0,0,9.164999999999964,9.164999999999964,2,0,1,0,0,52.1232607958092,middle_third,53.77712965100521,44.86764499418381,61.513129539135825,8.909484656821398,9.389868743326623,0.8764630548025486,4.89532124001254,52.1232607958092,middle_third,53.77712965100521,44.86764499418381,61.513129539135825,8.909484656821398,9.389868743326623,0.8764630548025486,4.89532124001254,52.1232607958092,middle_third,53.77712965100521,23.118253617193712,84.14464015945067,30.6588760338115,37.98248498164425,0.826183278475167,3.3470388683200856,52.1232607958092,middle_third,53.77712965100521,23.118253617193712,84.14464015945067,30.6588760338115,37.98248498164425,0.826183278475167,3.3470388683200856,52.1232607958092,middle_third,53.77712965100521,23.118253617193712,84.14464015945067,30.6588760338115,37.98248498164425,0.826183278475167,3.3470388683200856,-0.3767392041907982,9.799496141792986,0.9928363,0.66,1,England,england,England - Spain,draw,1,1,False,0,0,0,1,0,opponent_on_ball,0,2617117817,9.948999999999614,80.85,26.215691865750948,28.726739204190793,27.561437785254263,2.770272166575066
6,5728860,1599,2617117823,1,interception,2H,4676.601,1,opponent_on_ball,duel,0.7380000000002838,0.0011789999998654,England - Spain,0.7380000000002838,0.7380000000002838,0,0,1,0,0,3.29700000000048,3.29700000000048,0,0,1,0,0,9.838999999999942,9.838999999999942,2,0,1,0,0,13.28400000000056,13.28400000000056,3,0,1,0,0,13.28400000000056,13.28400000000056,3,0,1,0,0,39.821494408026254,middle_third,70.53363615331799,68.87531148815496,41.13113021553498,1.658324665163022,1.3096358075087269,1.0,2.3032287016144934,39.821494408026254,middle_third,70.53363615331799,64.85050928931233,48.67528722636537,5.683126864005658,8.853792818339116,0.9983398822375048,1.7326606292696718,39.821494408026254,middle_third,70.53363615331799,24.574185572707087,83.98362392103654,45.9594505806109,44.162129513010285,0.9997944186536144,4.680188450163748,39.821494408026254,middle_third,70.53363615331799,13.064273291734828,101.59628743007607,57.46936286158316,61.77479302204982,0.9996773225934642,4.327512263673217,39.821494408026254,middle_third,70.53363615331799,13.064273291734828,101.59628743007607,57.46936286158316,61.77479302204982,0.9996773225934642,4.327512263673217,12.678505591973746,26.95841682676661,0.9998596,0.66,1,Spain,spain,England - Spain,draw,1,1,False,0,0,1,1,0,opponent_on_ball,0,2617118266,14.318000000000211,102.9,11.08081224459651,63.07850559197375,59.45282390872148,4.152313445224236
6,5728860,1599,2617117934,1,interception,2H,5234.236,1,opponent_on_ball,pass,0.9350000000004002,0.0061789999999746,England - Spain,0.9350000000004002,0.9350000000004002,1,0,0,0,0,2.886999999999716,2.886999999999716,2,0,0,0,0,8.069000000000415,8.069000000000415,3,1,0,0,0,14.278000000000247,14.278000000000247,4,1,1,0,0,18.152000000000044,18.152000000000044,5,1,2,0,0,27.019468090785153,defensive_third,81.98614571798895,80.66927283192854,28.319714869959384,1.316872886060409,1.3002467791742305,0.4728325680647535,1.4313835718046792,27.019468090785153,defensive_third,81.98614571798895,69.56073456764261,36.95569195842434,12.425411150346337,9.936223867639184,0.8943255675872109,4.314378871647869,27.019468090785153,defensive_third,81.98614571798895,31.23909483864432,77.17347779789678,50.74705087934463,50.154009707111626,0.9718817892856156,6.296160158727309,27.019468090785153,defensive_third,81.98614571798895,17.507138692068306,90.4026439409989,64.47900702592064,67.68463140955106,0.9081545494377118,4.5216694969091,27.019468090785153,defensive_third,81.98614571798895,17.507138692068306,88.20566182606814,64.47900702592064,67.68463140955106,0.809437302592067,3.5545207842292985,25.480531909214847,25.31333112901661,0.9879483,0.66,1,Spain,spain,England - Spain,draw,1,1,False,0,0,1,1,0,window_end_20s,1,,18.152000000000044,88.20566182606814,19.116724521436257,61.186193735282984,62.86942119655269,3.4634983030273547
6,5728860,2414,2617118712,1,duel_regain,2E,6508.953,0,opponent_on_ball,pass,3.516999999999826,0.0052369999984875,England - Spain,2.0,2.0,0,0,0,0,0,3.516999999999826,3.516999999999826,1,0,0,0,0,3.516999999999826,3.516999999999826,1,0,0,0,0,3.516999999999826,3.516999999999826,1,0,0,0,0,3.516999999999826,3.516999999999826,1,0,0,0,0,85.28801512167314,attacking_third,37.65055474258078,30.446161117272844,95.38250877824296,7.204393625307937,10.094493656569824,1.0,3.6385826390435434,85.28801512167314,attacking_third,37.65055474258078,17.870343423237898,98.46016115817729,19.78021131934288,14.336200833441069,1.0,5.6514889483836805,85.28801512167314,attacking_third,37.65055474258078,17.870343423237898,98.46016115817729,19.78021131934288,14.336200833441069,1.0,5.6514889483836805,85.28801512167314,attacking_third,37.65055474258078,17.870343423237898,98.46016115817729,19.78021131934288,14.336200833441069,1.0,5.6514889483836805,85.28801512167314,attacking_third,37.65055474258078,17.870343423237898,98.46016115817729,19.78021131934288,14.336200833441069,1.0,5.6514889483836805,32.78801512167314,32.078059863100904,0.9962857,0.66,1,England,england,England - Spain,draw,1,1,False,0,0,1,1,0,opponent_on_ball,0,2617118412,5.781999999999243,93.45,17.84271560049086,8.161984878326862,19.80783914208992,3.4257763995317387
